{
"type": "FeatureCollection",
"name": "grid",
"crs": { "type": "name", "properties": { "name": "urn:ogc:def:crs:OGC:1.3:CRS84" } },
"features": [
{ "type": "Feature", "properties": { }, "geometry": { "type": "Polygon", "coordinates": [ [ [ 6.484548318414117, 62.483095773967229 ], [ 6.48595318196573, 62.483038273898167 ], [ 6.484877, 62.483759 ], [ 6.484548318414117, 62.483095773967229 ] ] ] } },
{ "type": "Feature", "properties": { }, "geometry": { "type": "Polygon", "coordinates": [ [ [ 6.48595318196573, 62.483038273898167 ], [ 6.48585, 62.483723 ], [ 6.484877, 62.483759 ], [ 6.48595318196573, 62.483038273898167 ] ] ] } },
{ "type": "Feature", "properties": { }, "geometry": { "type": "Polygon", "coordinates": [ [ [ 6.484548318414117, 62.483095773967229 ], [ 6.484877, 62.483759 ], [ 6.484482, 62.483833 ], [ 6.484548318414117, 62.483095773967229 ] ] ] } },
{ "type": "Feature", "properties": { }, "geometry": { "type": "Polygon", "coordinates": [ [ [ 6.48595318196573, 62.483038273898167 ], [ 6.486223, 62.483676 ], [ 6.48585, 62.483723 ], [ 6.48595318196573, 62.483038273898167 ] ] ] } },
{ "type": "Feature", "properties": { }, "geometry": { "type": "Polygon", "coordinates": [ [ [ 6.48595318196573, 62.483038273898167 ], [ 6.486873820868154, 62.483024699414372 ], [ 6.486223, 62.483676 ], [ 6.48595318196573, 62.483038273898167 ] ] ] } },
{ "type": "Feature", "properties": { }, "geometry": { "type": "Polygon", "coordinates": [ [ [ 6.486873820868154, 62.483024699414372 ], [ 6.487545, 62.483655 ], [ 6.486223, 62.483676 ], [ 6.486873820868154, 62.483024699414372 ] ] ] } },
{ "type": "Feature", "properties": { }, "geometry": { "type": "Polygon", "coordinates": [ [ [ 6.487908546208607, 62.482595371036389 ], [ 6.488424, 62.48359 ], [ 6.487545, 62.483655 ], [ 6.487908546208607, 62.482595371036389 ] ] ] } },
{ "type": "Feature", "properties": { }, "geometry": { "type": "Polygon", "coordinates": [ [ [ 6.486873820868154, 62.483024699414372 ], [ 6.487908546208607, 62.482595371036389 ], [ 6.487545, 62.483655 ], [ 6.486873820868154, 62.483024699414372 ] ] ] } },
{ "type": "Feature", "properties": { }, "geometry": { "type": "Polygon", "coordinates": [ [ [ 6.487908546208607, 62.482595371036389 ], [ 6.489584, 62.483378 ], [ 6.488424, 62.48359 ], [ 6.487908546208607, 62.482595371036389 ] ] ] } },
{ "type": "Feature", "properties": { }, "geometry": { "type": "Polygon", "coordinates": [ [ [ 6.48945004017467, 62.481694376265608 ], [ 6.489584, 62.483378 ], [ 6.487908546208607, 62.482595371036389 ], [ 6.48945004017467, 62.481694376265608 ] ] ] } },
{ "type": "Feature", "properties": { }, "geometry": { "type": "Polygon", "coordinates": [ [ [ 6.48945004017467, 62.481694376265608 ], [ 6.490239136517459, 62.482727228208191 ], [ 6.489584, 62.483378 ], [ 6.48945004017467, 62.481694376265608 ] ] ] } },
{ "type": "Feature", "properties": { }, "geometry": { "type": "Polygon", "coordinates": [ [ [ 6.490239136517459, 62.482727228208191 ], [ 6.490177, 62.48328 ], [ 6.489584, 62.483378 ], [ 6.490239136517459, 62.482727228208191 ] ] ] } },
{ "type": "Feature", "properties": { }, "geometry": { "type": "Polygon", "coordinates": [ [ [ 6.490239136517459, 62.482727228208191 ], [ 6.490475, 62.483231 ], [ 6.490177, 62.48328 ], [ 6.490239136517459, 62.482727228208191 ] ] ] } },
{ "type": "Feature", "properties": { }, "geometry": { "type": "Polygon", "coordinates": [ [ [ 6.490239136517459, 62.482727228208191 ], [ 6.491093524960512, 62.482721459893483 ], [ 6.490475, 62.483231 ], [ 6.490239136517459, 62.482727228208191 ] ] ] } },
{ "type": "Feature", "properties": { }, "geometry": { "type": "Polygon", "coordinates": [ [ [ 6.491093524960512, 62.482721459893483 ], [ 6.491524, 62.483187 ], [ 6.490475, 62.483231 ], [ 6.491093524960512, 62.482721459893483 ] ] ] } },
{ "type": "Feature", "properties": { }, "geometry": { "type": "Polygon", "coordinates": [ [ [ 6.491721227690235, 62.482811045793575 ], [ 6.491903, 62.483069 ], [ 6.491524, 62.483187 ], [ 6.491721227690235, 62.482811045793575 ] ] ] } },
{ "type": "Feature", "properties": { }, "geometry": { "type": "Polygon", "coordinates": [ [ [ 6.491093524960512, 62.482721459893483 ], [ 6.491721227690235, 62.482811045793575 ], [ 6.491524, 62.483187 ], [ 6.491093524960512, 62.482721459893483 ] ] ] } },
{ "type": "Feature", "properties": { }, "geometry": { "type": "Polygon", "coordinates": [ [ [ 6.491721227690235, 62.482811045793575 ], [ 6.492011, 62.482936 ], [ 6.491903, 62.483069 ], [ 6.491721227690235, 62.482811045793575 ] ] ] } },
{ "type": "Feature", "properties": { }, "geometry": { "type": "Polygon", "coordinates": [ [ [ 6.492014637296557, 62.482529092846704 ], [ 6.492011, 62.482936 ], [ 6.491721227690235, 62.482811045793575 ], [ 6.492014637296557, 62.482529092846704 ] ] ] } },
{ "type": "Feature", "properties": { }, "geometry": { "type": "Polygon", "coordinates": [ [ [ 6.492014637296557, 62.482529092846704 ], [ 6.492335, 62.48278 ], [ 6.492011, 62.482936 ], [ 6.492014637296557, 62.482529092846704 ] ] ] } },
{ "type": "Feature", "properties": { }, "geometry": { "type": "Polygon", "coordinates": [ [ [ 6.492499157610818, 62.482240424683468 ], [ 6.492932, 62.482602 ], [ 6.492335, 62.48278 ], [ 6.492499157610818, 62.482240424683468 ] ] ] } },
{ "type": "Feature", "properties": { }, "geometry": { "type": "Polygon", "coordinates": [ [ [ 6.492499157610818, 62.482240424683468 ], [ 6.492335, 62.48278 ], [ 6.492014637296557, 62.482529092846704 ], [ 6.492499157610818, 62.482240424683468 ] ] ] } },
{ "type": "Feature", "properties": { }, "geometry": { "type": "Polygon", "coordinates": [ [ [ 6.492499157610818, 62.482240424683468 ], [ 6.493128156081765, 62.482174533549276 ], [ 6.492932, 62.482602 ], [ 6.492499157610818, 62.482240424683468 ] ] ] } },
{ "type": "Feature", "properties": { }, "geometry": { "type": "Polygon", "coordinates": [ [ [ 6.493128156081765, 62.482174533549276 ], [ 6.49326, 62.482626 ], [ 6.492932, 62.482602 ], [ 6.493128156081765, 62.482174533549276 ] ] ] } },
{ "type": "Feature", "properties": { }, "geometry": { "type": "Polygon", "coordinates": [ [ [ 6.493527999654694, 62.482422182276501 ], [ 6.493406, 62.482736 ], [ 6.49326, 62.482626 ], [ 6.493527999654694, 62.482422182276501 ] ] ] } },
{ "type": "Feature", "properties": { }, "geometry": { "type": "Polygon", "coordinates": [ [ [ 6.493128156081765, 62.482174533549276 ], [ 6.493527999654694, 62.482422182276501 ], [ 6.49326, 62.482626 ], [ 6.493128156081765, 62.482174533549276 ] ] ] } },
{ "type": "Feature", "properties": { }, "geometry": { "type": "Polygon", "coordinates": [ [ [ 6.493527999654694, 62.482422182276501 ], [ 6.493774808969644, 62.482698754899282 ], [ 6.493406, 62.482736 ], [ 6.493527999654694, 62.482422182276501 ] ] ] } },
{ "type": "Feature", "properties": { }, "geometry": { "type": "Polygon", "coordinates": [ [ [ 6.494538189745849, 62.482352961856421 ], [ 6.494816, 62.482824 ], [ 6.494144, 62.482732 ], [ 6.494538189745849, 62.482352961856421 ] ] ] } },
{ "type": "Feature", "properties": { }, "geometry": { "type": "Polygon", "coordinates": [ [ [ 6.494001485613475, 62.482248061216247 ], [ 6.494144, 62.482732 ], [ 6.493774808969644, 62.482698754899282 ], [ 6.494001485613475, 62.482248061216247 ] ] ] } },
{ "type": "Feature", "properties": { }, "geometry": { "type": "Polygon", "coordinates": [ [ [ 6.494001485613475, 62.482248061216247 ], [ 6.494538189745849, 62.482352961856421 ], [ 6.494144, 62.482732 ], [ 6.494001485613475, 62.482248061216247 ] ] ] } },
{ "type": "Feature", "properties": { }, "geometry": { "type": "Polygon", "coordinates": [ [ [ 6.495138828335341, 62.482316158416133 ], [ 6.495408, 62.482934 ], [ 6.494816, 62.482824 ], [ 6.495138828335341, 62.482316158416133 ] ] ] } },
{ "type": "Feature", "properties": { }, "geometry": { "type": "Polygon", "coordinates": [ [ [ 6.494538189745849, 62.482352961856421 ], [ 6.495138828335341, 62.482316158416133 ], [ 6.494816, 62.482824 ], [ 6.494538189745849, 62.482352961856421 ] ] ] } },
{ "type": "Feature", "properties": { }, "geometry": { "type": "Polygon", "coordinates": [ [ [ 6.495718408792695, 62.48247804634606 ], [ 6.495692, 62.483029 ], [ 6.495408, 62.482934 ], [ 6.495718408792695, 62.48247804634606 ] ] ] } },
{ "type": "Feature", "properties": { }, "geometry": { "type": "Polygon", "coordinates": [ [ [ 6.495138828335341, 62.482316158416133 ], [ 6.495718408792695, 62.48247804634606 ], [ 6.495408, 62.482934 ], [ 6.495138828335341, 62.482316158416133 ] ] ] } },
{ "type": "Feature", "properties": { }, "geometry": { "type": "Polygon", "coordinates": [ [ [ 6.495718408792695, 62.48247804634606 ], [ 6.496272, 62.483048 ], [ 6.495692, 62.483029 ], [ 6.495718408792695, 62.48247804634606 ] ] ] } },
{ "type": "Feature", "properties": { }, "geometry": { "type": "Polygon", "coordinates": [ [ [ 6.495718408792695, 62.48247804634606 ], [ 6.496643710220002, 62.482561402456064 ], [ 6.496272, 62.483048 ], [ 6.495718408792695, 62.48247804634606 ] ] ] } },
{ "type": "Feature", "properties": { }, "geometry": { "type": "Polygon", "coordinates": [ [ [ 6.496643710220002, 62.482561402456064 ], [ 6.496847, 62.483139 ], [ 6.496272, 62.483048 ], [ 6.496643710220002, 62.482561402456064 ] ] ] } },
{ "type": "Feature", "properties": { }, "geometry": { "type": "Polygon", "coordinates": [ [ [ 6.496643710220002, 62.482561402456064 ], [ 6.49739, 62.48314 ], [ 6.496847, 62.483139 ], [ 6.496643710220002, 62.482561402456064 ] ] ] } },
{ "type": "Feature", "properties": { }, "geometry": { "type": "Polygon", "coordinates": [ [ [ 6.497120272724129, 62.482176910795459 ], [ 6.497925737176116, 62.482615524732779 ], [ 6.49739, 62.48314 ], [ 6.497120272724129, 62.482176910795459 ] ] ] } },
{ "type": "Feature", "properties": { }, "geometry": { "type": "Polygon", "coordinates": [ [ [ 6.497925737176116, 62.482615524732779 ], [ 6.498111, 62.483342 ], [ 6.49739, 62.48314 ], [ 6.497925737176116, 62.482615524732779 ] ] ] } },
{ "type": "Feature", "properties": { }, "geometry": { "type": "Polygon", "coordinates": [ [ [ 6.496643710220002, 62.482561402456064 ], [ 6.497120272724129, 62.482176910795459 ], [ 6.49739, 62.48314 ], [ 6.496643710220002, 62.482561402456064 ] ] ] } },
{ "type": "Feature", "properties": { }, "geometry": { "type": "Polygon", "coordinates": [ [ [ 6.497925737176116, 62.482615524732779 ], [ 6.498585361562601, 62.482259176172299 ], [ 6.498111, 62.483342 ], [ 6.497925737176116, 62.482615524732779 ] ] ] } },
{ "type": "Feature", "properties": { }, "geometry": { "type": "Polygon", "coordinates": [ [ [ 6.498585361562601, 62.482259176172299 ], [ 6.499090994611276, 62.483221886525641 ], [ 6.498111, 62.483342 ], [ 6.498585361562601, 62.482259176172299 ] ] ] } },
{ "type": "Feature", "properties": { }, "geometry": { "type": "Polygon", "coordinates": [ [ [ 6.498111, 62.483342 ], [ 6.499090994611276, 62.483221886525641 ], [ 6.499463, 62.483653 ], [ 6.498111, 62.483342 ] ] ] } },
{ "type": "Feature", "properties": { }, "geometry": { "type": "Polygon", "coordinates": [ [ [ 6.499090994611276, 62.483221886525641 ], [ 6.499633444774702, 62.483395076182404 ], [ 6.499463, 62.483653 ], [ 6.499090994611276, 62.483221886525641 ] ] ] } },
{ "type": "Feature", "properties": { }, "geometry": { "type": "Polygon", "coordinates": [ [ [ 6.499633444774702, 62.483395076182404 ], [ 6.499622894482588, 62.483704049981036 ], [ 6.499463, 62.483653 ], [ 6.499633444774702, 62.483395076182404 ] ] ] } },
{ "type": "Feature", "properties": { }, "geometry": { "type": "Polygon", "coordinates": [ [ [ 6.499889868169274, 62.483793289389716 ], [ 6.4999723802863, 62.48379715710697 ], [ 6.5, 62.48383 ], [ 6.499889868169274, 62.483793289389716 ] ] ] } },
{ "type": "Feature", "properties": { }, "geometry": { "type": "Polygon", "coordinates": [ [ [ 6.4999723802863, 62.48379715710697 ], [ 6.500013090896542, 62.483810727310399 ], [ 6.5, 62.48383 ], [ 6.4999723802863, 62.48379715710697 ] ] ] } },
{ "type": "Feature", "properties": { }, "geometry": { "type": "Polygon", "coordinates": [ [ [ 6.500013090896542, 62.483810727310399 ], [ 6.500012, 62.483834 ], [ 6.5, 62.48383 ], [ 6.500013090896542, 62.483810727310399 ] ] ] } },
{ "type": "Feature", "properties": { }, "geometry": { "type": "Polygon", "coordinates": [ [ [ 6.500013090896542, 62.483810727310399 ], [ 6.500053801506784, 62.483824297513827 ], [ 6.500012, 62.483834 ], [ 6.500013090896542, 62.483810727310399 ] ] ] } },
{ "type": "Feature", "properties": { }, "geometry": { "type": "Polygon", "coordinates": [ [ [ 6.500460639645104, 62.483713928649216 ], [ 6.500866082065596, 62.483586462273955 ], [ 6.500587, 62.483907 ], [ 6.500460639645104, 62.483713928649216 ] ] ] } },
{ "type": "Feature", "properties": { }, "geometry": { "type": "Polygon", "coordinates": [ [ [ 6.500866082065596, 62.483586462273955 ], [ 6.501065, 62.483996 ], [ 6.500587, 62.483907 ], [ 6.500866082065596, 62.483586462273955 ] ] ] } },
{ "type": "Feature", "properties": { }, "geometry": { "type": "Polygon", "coordinates": [ [ [ 6.500460639645104, 62.483713928649216 ], [ 6.500587, 62.483907 ], [ 6.500266503641389, 62.483838647123569 ], [ 6.500460639645104, 62.483713928649216 ] ] ] } },
{ "type": "Feature", "properties": { }, "geometry": { "type": "Polygon", "coordinates": [ [ [ 6.501563082243906, 62.483500997402999 ], [ 6.502467, 62.483949 ], [ 6.501065, 62.483996 ], [ 6.501563082243906, 62.483500997402999 ] ] ] } },
{ "type": "Feature", "properties": { }, "geometry": { "type": "Polygon", "coordinates": [ [ [ 6.500866082065596, 62.483586462273955 ], [ 6.501563082243906, 62.483500997402999 ], [ 6.501065, 62.483996 ], [ 6.500866082065596, 62.483586462273955 ] ] ] } },
{ "type": "Feature", "properties": { }, "geometry": { "type": "Polygon", "coordinates": [ [ [ 6.502141654144626, 62.483469536433844 ], [ 6.502716625389333, 62.483541253270396 ], [ 6.502467, 62.483949 ], [ 6.502141654144626, 62.483469536433844 ] ] ] } },
{ "type": "Feature", "properties": { }, "geometry": { "type": "Polygon", "coordinates": [ [ [ 6.502716625389333, 62.483541253270396 ], [ 6.503055, 62.483879 ], [ 6.502467, 62.483949 ], [ 6.502716625389333, 62.483541253270396 ] ] ] } },
{ "type": "Feature", "properties": { }, "geometry": { "type": "Polygon", "coordinates": [ [ [ 6.501563082243906, 62.483500997402999 ], [ 6.502141654144626, 62.483469536433844 ], [ 6.502467, 62.483949 ], [ 6.501563082243906, 62.483500997402999 ] ] ] } },
{ "type": "Feature", "properties": { }, "geometry": { "type": "Polygon", "coordinates": [ [ [ 6.503190338788765, 62.483476709907457 ], [ 6.503448, 62.483814 ], [ 6.503055, 62.483879 ], [ 6.503190338788765, 62.483476709907457 ] ] ] } },
{ "type": "Feature", "properties": { }, "geometry": { "type": "Polygon", "coordinates": [ [ [ 6.502716625389333, 62.483541253270396 ], [ 6.503190338788765, 62.483476709907457 ], [ 6.503055, 62.483879 ], [ 6.502716625389333, 62.483541253270396 ] ] ] } },
{ "type": "Feature", "properties": { }, "geometry": { "type": "Polygon", "coordinates": [ [ [ 6.503190338788765, 62.483476709907457 ], [ 6.503499000207175, 62.48318536469111 ], [ 6.503448, 62.483814 ], [ 6.503190338788765, 62.483476709907457 ] ] ] } },
{ "type": "Feature", "properties": { }, "geometry": { "type": "Polygon", "coordinates": [ [ [ 6.503499000207175, 62.48318536469111 ], [ 6.503784, 62.483748 ], [ 6.503448, 62.483814 ], [ 6.503499000207175, 62.48318536469111 ] ] ] } },
{ "type": "Feature", "properties": { }, "geometry": { "type": "Polygon", "coordinates": [ [ [ 6.503499000207175, 62.48318536469111 ], [ 6.504133, 62.483521 ], [ 6.503784, 62.483748 ], [ 6.503499000207175, 62.48318536469111 ] ] ] } },
{ "type": "Feature", "properties": { }, "geometry": { "type": "Polygon", "coordinates": [ [ [ 6.503933935975051, 62.482722956719883 ], [ 6.504133, 62.483521 ], [ 6.503499000207175, 62.48318536469111 ], [ 6.503933935975051, 62.482722956719883 ] ] ] } },
{ "type": "Feature", "properties": { }, "geometry": { "type": "Polygon", "coordinates": [ [ [ 6.503933935975051, 62.482722956719883 ], [ 6.50456, 62.482828 ], [ 6.504133, 62.483521 ], [ 6.503933935975051, 62.482722956719883 ] ] ] } },
{ "type": "Feature", "properties": { }, "geometry": { "type": "Polygon", "coordinates": [ [ [ 6.504499209124898, 62.482434068298353 ], [ 6.504848, 62.482627 ], [ 6.50456, 62.482828 ], [ 6.504499209124898, 62.482434068298353 ] ] ] } },
{ "type": "Feature", "properties": { }, "geometry": { "type": "Polygon", "coordinates": [ [ [ 6.504499209124898, 62.482434068298353 ], [ 6.50456, 62.482828 ], [ 6.503933935975051, 62.482722956719883 ], [ 6.504499209124898, 62.482434068298353 ] ] ] } },
{ "type": "Feature", "properties": { }, "geometry": { "type": "Polygon", "coordinates": [ [ [ 6.504770454897034, 62.482142000759673 ], [ 6.50509, 62.482515 ], [ 6.504848, 62.482627 ], [ 6.504770454897034, 62.482142000759673 ] ] ] } },
{ "type": "Feature", "properties": { }, "geometry": { "type": "Polygon", "coordinates": [ [ [ 6.504770454897034, 62.482142000759673 ], [ 6.504848, 62.482627 ], [ 6.504499209124898, 62.482434068298353 ], [ 6.504770454897034, 62.482142000759673 ] ] ] } },
{ "type": "Feature", "properties": { }, "geometry": { "type": "Polygon", "coordinates": [ [ [ 6.505294896004693, 62.482016092099244 ], [ 6.505929, 62.482467 ], [ 6.50509, 62.482515 ], [ 6.505294896004693, 62.482016092099244 ] ] ] } },
{ "type": "Feature", "properties": { }, "geometry": { "type": "Polygon", "coordinates": [ [ [ 6.504770454897034, 62.482142000759673 ], [ 6.505294896004693, 62.482016092099244 ], [ 6.50509, 62.482515 ], [ 6.504770454897034, 62.482142000759673 ] ] ] } },
{ "type": "Feature", "properties": { }, "geometry": { "type": "Polygon", "coordinates": [ [ [ 6.505833602749599, 62.481989890779339 ], [ 6.506215, 62.482292 ], [ 6.505929, 62.482467 ], [ 6.505833602749599, 62.481989890779339 ] ] ] } },
{ "type": "Feature", "properties": { }, "geometry": { "type": "Polygon", "coordinates": [ [ [ 6.505294896004693, 62.482016092099244 ], [ 6.505833602749599, 62.481989890779339 ], [ 6.505929, 62.482467 ], [ 6.505294896004693, 62.482016092099244 ] ] ] } },
{ "type": "Feature", "properties": { }, "geometry": { "type": "Polygon", "coordinates": [ [ [ 6.506246500207176, 62.481732500932324 ], [ 6.506512, 62.482226 ], [ 6.506215, 62.482292 ], [ 6.506246500207176, 62.481732500932324 ] ] ] } },
{ "type": "Feature", "properties": { }, "geometry": { "type": "Polygon", "coordinates": [ [ [ 6.505833602749599, 62.481989890779339 ], [ 6.506246500207176, 62.481732500932324 ], [ 6.506215, 62.482292 ], [ 6.505833602749599, 62.481989890779339 ] ] ] } },
{ "type": "Feature", "properties": { }, "geometry": { "type": "Polygon", "coordinates": [ [ [ 6.506246500207176, 62.481732500932324 ], [ 6.50658298843648, 62.481869640360053 ], [ 6.506512, 62.482226 ], [ 6.506246500207176, 62.481732500932324 ] ] ] } },
{ "type": "Feature", "properties": { }, "geometry": { "type": "Polygon", "coordinates": [ [ [ 6.50658298843648, 62.481869640360053 ], [ 6.506851, 62.482115 ], [ 6.506512, 62.482226 ], [ 6.50658298843648, 62.481869640360053 ] ] ] } },
{ "type": "Feature", "properties": { }, "geometry": { "type": "Polygon", "coordinates": [ [ [ 6.507085778026721, 62.481589489766954 ], [ 6.506851, 62.482115 ], [ 6.50658298843648, 62.481869640360053 ], [ 6.507085778026721, 62.481589489766954 ] ] ] } },
{ "type": "Feature", "properties": { }, "geometry": { "type": "Polygon", "coordinates": [ [ [ 6.507085778026721, 62.481589489766954 ], [ 6.507857, 62.48216 ], [ 6.506851, 62.482115 ], [ 6.507085778026721, 62.481589489766954 ] ] ] } },
{ "type": "Feature", "properties": { }, "geometry": { "type": "Polygon", "coordinates": [ [ [ 6.507085778026721, 62.481589489766954 ], [ 6.508349518436091, 62.48155830515757 ], [ 6.507857, 62.48216 ], [ 6.507085778026721, 62.481589489766954 ] ] ] } },
{ "type": "Feature", "properties": { }, "geometry": { "type": "Polygon", "coordinates": [ [ [ 6.508349518436091, 62.48155830515757 ], [ 6.508388, 62.482313 ], [ 6.507857, 62.48216 ], [ 6.508349518436091, 62.48155830515757 ] ] ] } },
{ "type": "Feature", "properties": { }, "geometry": { "type": "Polygon", "coordinates": [ [ [ 6.508759420653915, 62.481990988922632 ], [ 6.509226, 62.482499 ], [ 6.508388, 62.482313 ], [ 6.508759420653915, 62.481990988922632 ] ] ] } },
{ "type": "Feature", "properties": { }, "geometry": { "type": "Polygon", "coordinates": [ [ [ 6.508349518436091, 62.48155830515757 ], [ 6.508759420653915, 62.481990988922632 ], [ 6.508388, 62.482313 ], [ 6.508349518436091, 62.48155830515757 ] ] ] } },
{ "type": "Feature", "properties": { }, "geometry": { "type": "Polygon", "coordinates": [ [ [ 6.508759420653915, 62.481990988922632 ], [ 6.509181954240953, 62.48173977227524 ], [ 6.509226, 62.482499 ], [ 6.508759420653915, 62.481990988922632 ] ] ] } },
{ "type": "Feature", "properties": { }, "geometry": { "type": "Polygon", "coordinates": [ [ [ 6.509181954240953, 62.48173977227524 ], [ 6.510292, 62.482051 ], [ 6.509226, 62.482499 ], [ 6.509181954240953, 62.48173977227524 ] ] ] } },
{ "type": "Feature", "properties": { }, "geometry": { "type": "Polygon", "coordinates": [ [ [ 6.510292, 62.482051 ], [ 6.510092, 62.482586 ], [ 6.509226, 62.482499 ], [ 6.510292, 62.482051 ] ] ] } },
{ "type": "Feature", "properties": { }, "geometry": { "type": "Polygon", "coordinates": [ [ [ 6.510292, 62.482051 ], [ 6.511005, 62.482584 ], [ 6.510092, 62.482586 ], [ 6.510292, 62.482051 ] ] ] } },
{ "type": "Feature", "properties": { }, "geometry": { "type": "Polygon", "coordinates": [ [ [ 6.510292, 62.482051 ], [ 6.511063, 62.482118 ], [ 6.511005, 62.482584 ], [ 6.510292, 62.482051 ] ] ] } },
{ "type": "Feature", "properties": { }, "geometry": { "type": "Polygon", "coordinates": [ [ [ 6.511063, 62.482118 ], [ 6.511444, 62.482673 ], [ 6.511005, 62.482584 ], [ 6.511063, 62.482118 ] ] ] } },
{ "type": "Feature", "properties": { }, "geometry": { "type": "Polygon", "coordinates": [ [ [ 6.512337947514395, 62.482222034766977 ], [ 6.512024, 62.482701 ], [ 6.511444, 62.482673 ], [ 6.512337947514395, 62.482222034766977 ] ] ] } },
{ "type": "Feature", "properties": { }, "geometry": { "type": "Polygon", "coordinates": [ [ [ 6.511063, 62.482118 ], [ 6.512337947514395, 62.482222034766977 ], [ 6.511444, 62.482673 ], [ 6.511063, 62.482118 ] ] ] } },
{ "type": "Feature", "properties": { }, "geometry": { "type": "Polygon", "coordinates": [ [ [ 6.512337947514395, 62.482222034766977 ], [ 6.512523, 62.482764 ], [ 6.512024, 62.482701 ], [ 6.512337947514395, 62.482222034766977 ] ] ] } },
{ "type": "Feature", "properties": { }, "geometry": { "type": "Polygon", "coordinates": [ [ [ 6.512928884324255, 62.482325362839617 ], [ 6.513507307512232, 62.48247560018104 ], [ 6.512523, 62.482764 ], [ 6.512928884324255, 62.482325362839617 ] ] ] } },
{ "type": "Feature", "properties": { }, "geometry": { "type": "Polygon", "coordinates": [ [ [ 6.513507307512232, 62.48247560018104 ], [ 6.514025136172154, 62.482642317861625 ], [ 6.512523, 62.482764 ], [ 6.513507307512232, 62.48247560018104 ] ] ] } },
{ "type": "Feature", "properties": { }, "geometry": { "type": "Polygon", "coordinates": [ [ [ 6.514025136172154, 62.482642317861625 ], [ 6.514307, 62.482787 ], [ 6.512523, 62.482764 ], [ 6.514025136172154, 62.482642317861625 ] ] ] } },
{ "type": "Feature", "properties": { }, "geometry": { "type": "Polygon", "coordinates": [ [ [ 6.512337947514395, 62.482222034766977 ], [ 6.512928884324255, 62.482325362839617 ], [ 6.512523, 62.482764 ], [ 6.512337947514395, 62.482222034766977 ] ] ] } },
{ "type": "Feature", "properties": { }, "geometry": { "type": "Polygon", "coordinates": [ [ [ 6.514265, 62.482588 ], [ 6.514472290297077, 62.482648182449864 ], [ 6.514307, 62.482787 ], [ 6.514265, 62.482588 ] ] ] } },
{ "type": "Feature", "properties": { }, "geometry": { "type": "Polygon", "coordinates": [ [ [ 6.514472290297077, 62.482648182449864 ], [ 6.514614, 62.482811 ], [ 6.514307, 62.482787 ], [ 6.514472290297077, 62.482648182449864 ] ] ] } },
{ "type": "Feature", "properties": { }, "geometry": { "type": "Polygon", "coordinates": [ [ [ 6.514025136172154, 62.482642317861625 ], [ 6.514265, 62.482588 ], [ 6.514307, 62.482787 ], [ 6.514025136172154, 62.482642317861625 ] ] ] } },
{ "type": "Feature", "properties": { }, "geometry": { "type": "Polygon", "coordinates": [ [ [ 6.514472290297077, 62.482648182449864 ], [ 6.514844, 62.482635 ], [ 6.514614, 62.482811 ], [ 6.514472290297077, 62.482648182449864 ] ] ] } },
{ "type": "Feature", "properties": { }, "geometry": { "type": "Polygon", "coordinates": [ [ [ 6.514844, 62.482635 ], [ 6.514886, 62.482833 ], [ 6.514614, 62.482811 ], [ 6.514844, 62.482635 ] ] ] } },
{ "type": "Feature", "properties": { }, "geometry": { "type": "Polygon", "coordinates": [ [ [ 6.514844, 62.482635 ], [ 6.515025780221086, 62.482739446570783 ], [ 6.514886, 62.482833 ], [ 6.514844, 62.482635 ] ] ] } },
{ "type": "Feature", "properties": { }, "geometry": { "type": "Polygon", "coordinates": [ [ [ 6.515025780221086, 62.482739446570783 ], [ 6.515178, 62.482811 ], [ 6.514886, 62.482833 ], [ 6.515025780221086, 62.482739446570783 ] ] ] } },
{ "type": "Feature", "properties": { }, "geometry": { "type": "Polygon", "coordinates": [ [ [ 6.515025780221086, 62.482739446570783 ], [ 6.515188, 62.482695 ], [ 6.515178, 62.482811 ], [ 6.515025780221086, 62.482739446570783 ] ] ] } },
{ "type": "Feature", "properties": { }, "geometry": { "type": "Polygon", "coordinates": [ [ [ 6.513968, 62.482431 ], [ 6.514265, 62.482588 ], [ 6.514025136172154, 62.482642317861625 ], [ 6.513968, 62.482431 ] ] ] } },
{ "type": "Feature", "properties": { }, "geometry": { "type": "Polygon", "coordinates": [ [ [ 6.513808863827847, 62.482280682138374 ], [ 6.513866, 62.482492 ], [ 6.513507307512232, 62.48247560018104 ], [ 6.513808863827847, 62.482280682138374 ] ] ] } },
{ "type": "Feature", "properties": { }, "geometry": { "type": "Polygon", "coordinates": [ [ [ 6.513808863827847, 62.482280682138374 ], [ 6.513968, 62.482431 ], [ 6.513866, 62.482492 ], [ 6.513808863827847, 62.482280682138374 ] ] ] } },
{ "type": "Feature", "properties": { }, "geometry": { "type": "Polygon", "coordinates": [ [ [ 6.513866, 62.482492 ], [ 6.513968, 62.482431 ], [ 6.514025136172154, 62.482642317861625 ], [ 6.513866, 62.482492 ] ] ] } },
{ "type": "Feature", "properties": { }, "geometry": { "type": "Polygon", "coordinates": [ [ [ 6.513507307512232, 62.48247560018104 ], [ 6.513866, 62.482492 ], [ 6.514025136172154, 62.482642317861625 ], [ 6.513507307512232, 62.48247560018104 ] ] ] } },
{ "type": "Feature", "properties": { }, "geometry": { "type": "Polygon", "coordinates": [ [ [ 6.514117887336305, 62.482112924776985 ], [ 6.513968, 62.482431 ], [ 6.513808863827847, 62.482280682138374 ], [ 6.514117887336305, 62.482112924776985 ] ] ] } },
{ "type": "Feature", "properties": { }, "geometry": { "type": "Polygon", "coordinates": [ [ [ 6.514117887336305, 62.482112924776985 ], [ 6.514362, 62.482366 ], [ 6.513968, 62.482431 ], [ 6.514117887336305, 62.482112924776985 ] ] ] } },
{ "type": "Feature", "properties": { }, "geometry": { "type": "Polygon", "coordinates": [ [ [ 6.514362765043972, 62.482084380700073 ], [ 6.514549463901027, 62.482245388130998 ], [ 6.514362, 62.482366 ], [ 6.514362765043972, 62.482084380700073 ] ] ] } },
{ "type": "Feature", "properties": { }, "geometry": { "type": "Polygon", "coordinates": [ [ [ 6.514549463901027, 62.482245388130998 ], [ 6.514732294027429, 62.482405742289501 ], [ 6.514362, 62.482366 ], [ 6.514549463901027, 62.482245388130998 ] ] ] } },
{ "type": "Feature", "properties": { }, "geometry": { "type": "Polygon", "coordinates": [ [ [ 6.514117887336305, 62.482112924776985 ], [ 6.514362765043972, 62.482084380700073 ], [ 6.514362, 62.482366 ], [ 6.514117887336305, 62.482112924776985 ] ] ] } },
{ "type": "Feature", "properties": { }, "geometry": { "type": "Polygon", "coordinates": [ [ [ 6.515069987732659, 62.482372296152782 ], [ 6.515277179880785, 62.482275644260824 ], [ 6.515224, 62.482498 ], [ 6.515069987732659, 62.482372296152782 ] ] ] } },
{ "type": "Feature", "properties": { }, "geometry": { "type": "Polygon", "coordinates": [ [ [ 6.515277179880785, 62.482275644260824 ], [ 6.515515083196112, 62.482450079862637 ], [ 6.515224, 62.482498 ], [ 6.515277179880785, 62.482275644260824 ] ] ] } },
{ "type": "Feature", "properties": { }, "geometry": { "type": "Polygon", "coordinates": [ [ [ 6.515677, 62.482183 ], [ 6.515905, 62.482249 ], [ 6.515806, 62.482499 ], [ 6.515677, 62.482183 ] ] ] } },
{ "type": "Feature", "properties": { }, "geometry": { "type": "Polygon", "coordinates": [ [ [ 6.515905, 62.482249 ], [ 6.516055, 62.482539 ], [ 6.515806, 62.482499 ], [ 6.515905, 62.482249 ] ] ] } },
{ "type": "Feature", "properties": { }, "geometry": { "type": "Polygon", "coordinates": [ [ [ 6.515677, 62.482183 ], [ 6.515806, 62.482499 ], [ 6.515515083196112, 62.482450079862637 ], [ 6.515677, 62.482183 ] ] ] } },
{ "type": "Feature", "properties": { }, "geometry": { "type": "Polygon", "coordinates": [ [ [ 6.515905, 62.482249 ], [ 6.516413, 62.482541 ], [ 6.516055, 62.482539 ], [ 6.515905, 62.482249 ] ] ] } },
{ "type": "Feature", "properties": { }, "geometry": { "type": "Polygon", "coordinates": [ [ [ 6.517409, 62.482366 ], [ 6.517556, 62.482458 ], [ 6.517045639024816, 62.482426205253944 ], [ 6.517409, 62.482366 ] ] ] } },
{ "type": "Feature", "properties": { }, "geometry": { "type": "Polygon", "coordinates": [ [ [ 6.515277179880785, 62.482275644260824 ], [ 6.515677, 62.482183 ], [ 6.515515083196112, 62.482450079862637 ], [ 6.515277179880785, 62.482275644260824 ] ] ] } },
{ "type": "Feature", "properties": { }, "geometry": { "type": "Polygon", "coordinates": [ [ [ 6.515141, 62.482092 ], [ 6.515677, 62.482183 ], [ 6.515277179880785, 62.482275644260824 ], [ 6.515141, 62.482092 ] ] ] } },
{ "type": "Feature", "properties": { }, "geometry": { "type": "Polygon", "coordinates": [ [ [ 6.515141, 62.482092 ], [ 6.515277179880785, 62.482275644260824 ], [ 6.515069987732659, 62.482372296152782 ], [ 6.515141, 62.482092 ] ] ] } },
{ "type": "Feature", "properties": { }, "geometry": { "type": "Polygon", "coordinates": [ [ [ 6.515141, 62.482092 ], [ 6.515069987732659, 62.482372296152782 ], [ 6.514923909379705, 62.482237454206427 ], [ 6.515141, 62.482092 ] ] ] } },
{ "type": "Feature", "properties": { }, "geometry": { "type": "Polygon", "coordinates": [ [ [ 6.515033, 62.482 ], [ 6.515141, 62.482092 ], [ 6.514923909379705, 62.482237454206427 ], [ 6.515033, 62.482 ] ] ] } },
{ "type": "Feature", "properties": { }, "geometry": { "type": "Polygon", "coordinates": [ [ [ 6.514745, 62.481959 ], [ 6.515033, 62.482 ], [ 6.514751616793934, 62.482151451210562 ], [ 6.514745, 62.481959 ] ] ] } },
{ "type": "Feature", "properties": { }, "geometry": { "type": "Polygon", "coordinates": [ [ [ 6.515033, 62.482 ], [ 6.514923909379705, 62.482237454206427 ], [ 6.514751616793934, 62.482151451210562 ], [ 6.515033, 62.482 ] ] ] } },
{ "type": "Feature", "properties": { }, "geometry": { "type": "Polygon", "coordinates": [ [ [ 6.514603, 62.482029 ], [ 6.514745, 62.481959 ], [ 6.514751616793934, 62.482151451210562 ], [ 6.514603, 62.482029 ] ] ] } },
{ "type": "Feature", "properties": { }, "geometry": { "type": "Polygon", "coordinates": [ [ [ 6.514362765043972, 62.482084380700073 ], [ 6.514603, 62.482029 ], [ 6.514549463901027, 62.482245388130998 ], [ 6.514362765043972, 62.482084380700073 ] ] ] } },
{ "type": "Feature", "properties": { }, "geometry": { "type": "Polygon", "coordinates": [ [ [ 6.514603, 62.482029 ], [ 6.514751616793934, 62.482151451210562 ], [ 6.514549463901027, 62.482245388130998 ], [ 6.514603, 62.482029 ] ] ] } },
{ "type": "Feature", "properties": { }, "geometry": { "type": "Polygon", "coordinates": [ [ [ 6.513489, 62.482117 ], [ 6.514117887336305, 62.482112924776985 ], [ 6.513808863827847, 62.482280682138374 ], [ 6.513489, 62.482117 ] ] ] } },
{ "type": "Feature", "properties": { }, "geometry": { "type": "Polygon", "coordinates": [ [ [ 6.513489, 62.482117 ], [ 6.513808863827847, 62.482280682138374 ], [ 6.513507307512232, 62.48247560018104 ], [ 6.513489, 62.482117 ] ] ] } },
{ "type": "Feature", "properties": { }, "geometry": { "type": "Polygon", "coordinates": [ [ [ 6.513489, 62.482117 ], [ 6.513507307512232, 62.48247560018104 ], [ 6.512928884324255, 62.482325362839617 ], [ 6.513489, 62.482117 ] ] ] } },
{ "type": "Feature", "properties": { }, "geometry": { "type": "Polygon", "coordinates": [ [ [ 6.508938, 62.481533 ], [ 6.509181954240953, 62.48173977227524 ], [ 6.508759420653915, 62.481990988922632 ], [ 6.508938, 62.481533 ] ] ] } },
{ "type": "Feature", "properties": { }, "geometry": { "type": "Polygon", "coordinates": [ [ [ 6.508349518436091, 62.48155830515757 ], [ 6.508938, 62.481533 ], [ 6.508759420653915, 62.481990988922632 ], [ 6.508349518436091, 62.48155830515757 ] ] ] } },
{ "type": "Feature", "properties": { }, "geometry": { "type": "Polygon", "coordinates": [ [ [ 6.508838045759047, 62.481229227724761 ], [ 6.508938, 62.481533 ], [ 6.508349518436091, 62.48155830515757 ], [ 6.508838045759047, 62.481229227724761 ] ] ] } },
{ "type": "Feature", "properties": { }, "geometry": { "type": "Polygon", "coordinates": [ [ [ 6.508838045759047, 62.481229227724761 ], [ 6.509082, 62.481436 ], [ 6.508938, 62.481533 ], [ 6.508838045759047, 62.481229227724761 ] ] ] } },
{ "type": "Feature", "properties": { }, "geometry": { "type": "Polygon", "coordinates": [ [ [ 6.50931161058255, 62.480917803360732 ], [ 6.50985, 62.481306 ], [ 6.509082, 62.481436 ], [ 6.50931161058255, 62.480917803360732 ] ] ] } },
{ "type": "Feature", "properties": { }, "geometry": { "type": "Polygon", "coordinates": [ [ [ 6.50931161058255, 62.480917803360732 ], [ 6.509082, 62.481436 ], [ 6.508838045759047, 62.481229227724761 ], [ 6.50931161058255, 62.480917803360732 ] ] ] } },
{ "type": "Feature", "properties": { }, "geometry": { "type": "Polygon", "coordinates": [ [ [ 6.50987654868957, 62.480963560456424 ], [ 6.510105555889177, 62.481219539706458 ], [ 6.50985, 62.481306 ], [ 6.50987654868957, 62.480963560456424 ] ] ] } },
{ "type": "Feature", "properties": { }, "geometry": { "type": "Polygon", "coordinates": [ [ [ 6.50931161058255, 62.480917803360732 ], [ 6.50987654868957, 62.480963560456424 ], [ 6.50985, 62.481306 ], [ 6.50931161058255, 62.480917803360732 ] ] ] } },
{ "type": "Feature", "properties": { }, "geometry": { "type": "Polygon", "coordinates": [ [ [ 6.510591277012169, 62.48122928931128 ], [ 6.510638772724129, 62.481232681862124 ], [ 6.51063, 62.481257 ], [ 6.510591277012169, 62.48122928931128 ] ] ] } },
{ "type": "Feature", "properties": { }, "geometry": { "type": "Polygon", "coordinates": [ [ [ 6.510638772724129, 62.481232681862124 ], [ 6.510644, 62.481258 ], [ 6.51063, 62.481257 ], [ 6.510638772724129, 62.481232681862124 ] ] ] } },
{ "type": "Feature", "properties": { }, "geometry": { "type": "Polygon", "coordinates": [ [ [ 6.510591277012169, 62.48122928931128 ], [ 6.51063, 62.481257 ], [ 6.510501512864121, 62.481247822347463 ], [ 6.510591277012169, 62.48122928931128 ] ] ] } },
{ "type": "Feature", "properties": { }, "geometry": { "type": "Polygon", "coordinates": [ [ [ 6.510686268436089, 62.481236074412969 ], [ 6.510772487135879, 62.481267177652533 ], [ 6.510644, 62.481258 ], [ 6.510686268436089, 62.481236074412969 ] ] ] } },
{ "type": "Feature", "properties": { }, "geometry": { "type": "Polygon", "coordinates": [ [ [ 6.510638772724129, 62.481232681862124 ], [ 6.510686268436089, 62.481236074412969 ], [ 6.510644, 62.481258 ], [ 6.510638772724129, 62.481232681862124 ] ] ] } },
{ "type": "Feature", "properties": { }, "geometry": { "type": "Polygon", "coordinates": [ [ [ 6.511413346251241, 62.480993755450442 ], [ 6.511556, 62.481328 ], [ 6.511216771383194, 62.481299415117711 ], [ 6.511413346251241, 62.480993755450442 ] ] ] } },
{ "type": "Feature", "properties": { }, "geometry": { "type": "Polygon", "coordinates": [ [ [ 6.511413346251241, 62.480993755450442 ], [ 6.511929, 62.481281 ], [ 6.511556, 62.481328 ], [ 6.511413346251241, 62.480993755450442 ] ] ] } },
{ "type": "Feature", "properties": { }, "geometry": { "type": "Polygon", "coordinates": [ [ [ 6.51158741844802, 62.48065298048909 ], [ 6.512695046979207, 62.480681058246809 ], [ 6.511929, 62.481281 ], [ 6.51158741844802, 62.48065298048909 ] ] ] } },
{ "type": "Feature", "properties": { }, "geometry": { "type": "Polygon", "coordinates": [ [ [ 6.512695046979207, 62.480681058246809 ], [ 6.51344, 62.481307 ], [ 6.511929, 62.481281 ], [ 6.512695046979207, 62.480681058246809 ] ] ] } },
{ "type": "Feature", "properties": { }, "geometry": { "type": "Polygon", "coordinates": [ [ [ 6.51158741844802, 62.48065298048909 ], [ 6.511929, 62.481281 ], [ 6.511413346251241, 62.480993755450442 ], [ 6.51158741844802, 62.48065298048909 ] ] ] } },
{ "type": "Feature", "properties": { }, "geometry": { "type": "Polygon", "coordinates": [ [ [ 6.513658454413612, 62.480817455449525 ], [ 6.513728, 62.481349 ], [ 6.51344, 62.481307 ], [ 6.513658454413612, 62.480817455449525 ] ] ] } },
{ "type": "Feature", "properties": { }, "geometry": { "type": "Polygon", "coordinates": [ [ [ 6.512695046979207, 62.480681058246809 ], [ 6.513658454413612, 62.480817455449525 ], [ 6.51344, 62.481307 ], [ 6.512695046979207, 62.480681058246809 ] ] ] } },
{ "type": "Feature", "properties": { }, "geometry": { "type": "Polygon", "coordinates": [ [ [ 6.513658454413612, 62.480817455449525 ], [ 6.514321171728253, 62.481164817555204 ], [ 6.513728, 62.481349 ], [ 6.513658454413612, 62.480817455449525 ] ] ] } },
{ "type": "Feature", "properties": { }, "geometry": { "type": "Polygon", "coordinates": [ [ [ 6.516915727552106, 62.481113818448648 ], [ 6.517031, 62.481309 ], [ 6.516353, 62.481288 ], [ 6.516915727552106, 62.481113818448648 ] ] ] } },
{ "type": "Feature", "properties": { }, "geometry": { "type": "Polygon", "coordinates": [ [ [ 6.516524659910572, 62.480451655109945 ], [ 6.516353, 62.481288 ], [ 6.515778603290624, 62.48125096249742 ], [ 6.516524659910572, 62.480451655109945 ] ] ] } },
{ "type": "Feature", "properties": { }, "geometry": { "type": "Polygon", "coordinates": [ [ [ 6.516524659910572, 62.480451655109945 ], [ 6.516915727552106, 62.481113818448648 ], [ 6.516353, 62.481288 ], [ 6.516524659910572, 62.480451655109945 ] ] ] } },
{ "type": "Feature", "properties": { }, "geometry": { "type": "Polygon", "coordinates": [ [ [ 6.516915727552106, 62.481113818448648 ], [ 6.517116, 62.48122 ], [ 6.517031, 62.481309 ], [ 6.516915727552106, 62.481113818448648 ] ] ] } },
{ "type": "Feature", "properties": { }, "geometry": { "type": "Polygon", "coordinates": [ [ [ 6.517204094374677, 62.480811881422646 ], [ 6.517116, 62.48122 ], [ 6.516915727552106, 62.481113818448648 ], [ 6.517204094374677, 62.480811881422646 ] ] ] } },
{ "type": "Feature", "properties": { }, "geometry": { "type": "Polygon", "coordinates": [ [ [ 6.517204094374677, 62.480811881422646 ], [ 6.517512, 62.481129 ], [ 6.517116, 62.48122 ], [ 6.517204094374677, 62.480811881422646 ] ] ] } },
{ "type": "Feature", "properties": { }, "geometry": { "type": "Polygon", "coordinates": [ [ [ 6.51763465174725, 62.480701872087259 ], [ 6.518344, 62.481152 ], [ 6.517512, 62.481129 ], [ 6.51763465174725, 62.480701872087259 ] ] ] } },
{ "type": "Feature", "properties": { }, "geometry": { "type": "Polygon", "coordinates": [ [ [ 6.517204094374677, 62.480811881422646 ], [ 6.51763465174725, 62.480701872087259 ], [ 6.517512, 62.481129 ], [ 6.517204094374677, 62.480811881422646 ] ] ] } },
{ "type": "Feature", "properties": { }, "geometry": { "type": "Polygon", "coordinates": [ [ [ 6.518068297918764, 62.480604749984309 ], [ 6.518668034178119, 62.480760674861337 ], [ 6.518344, 62.481152 ], [ 6.518068297918764, 62.480604749984309 ] ] ] } },
{ "type": "Feature", "properties": { }, "geometry": { "type": "Polygon", "coordinates": [ [ [ 6.518668034178119, 62.480760674861337 ], [ 6.518596237517821, 62.481263644793152 ], [ 6.518344, 62.481152 ], [ 6.518668034178119, 62.480760674861337 ] ] ] } },
{ "type": "Feature", "properties": { }, "geometry": { "type": "Polygon", "coordinates": [ [ [ 6.518344, 62.481152 ], [ 6.518596237517821, 62.481263644793152 ], [ 6.518329, 62.481332 ], [ 6.518344, 62.481152 ] ] ] } },
{ "type": "Feature", "properties": { }, "geometry": { "type": "Polygon", "coordinates": [ [ [ 6.51763465174725, 62.480701872087259 ], [ 6.518068297918764, 62.480604749984309 ], [ 6.518344, 62.481152 ], [ 6.51763465174725, 62.480701872087259 ] ] ] } },
{ "type": "Feature", "properties": { }, "geometry": { "type": "Polygon", "coordinates": [ [ [ 6.518329, 62.481332 ], [ 6.518596237517821, 62.481263644793152 ], [ 6.518433, 62.481486 ], [ 6.518329, 62.481332 ] ] ] } },
{ "type": "Feature", "properties": { }, "geometry": { "type": "Polygon", "coordinates": [ [ [ 6.518596237517821, 62.481263644793152 ], [ 6.518619, 62.481579 ], [ 6.518433, 62.481486 ], [ 6.518596237517821, 62.481263644793152 ] ] ] } },
{ "type": "Feature", "properties": { }, "geometry": { "type": "Polygon", "coordinates": [ [ [ 6.518596237517821, 62.481263644793152 ], [ 6.518868383340761, 62.481402500290528 ], [ 6.518619, 62.481579 ], [ 6.518596237517821, 62.481263644793152 ] ] ] } },
{ "type": "Feature", "properties": { }, "geometry": { "type": "Polygon", "coordinates": [ [ [ 6.518868383340761, 62.481402500290528 ], [ 6.518765, 62.48169 ], [ 6.518619, 62.481579 ], [ 6.518868383340761, 62.481402500290528 ] ] ] } },
{ "type": "Feature", "properties": { }, "geometry": { "type": "Polygon", "coordinates": [ [ [ 6.518868383340761, 62.481402500290528 ], [ 6.519255, 62.481644 ], [ 6.518765, 62.48169 ], [ 6.518868383340761, 62.481402500290528 ] ] ] } },
{ "type": "Feature", "properties": { }, "geometry": { "type": "Polygon", "coordinates": [ [ [ 6.519241747040918, 62.481234999670818 ], [ 6.519736, 62.481689 ], [ 6.519255, 62.481644 ], [ 6.519241747040918, 62.481234999670818 ] ] ] } },
{ "type": "Feature", "properties": { }, "geometry": { "type": "Polygon", "coordinates": [ [ [ 6.518868383340761, 62.481402500290528 ], [ 6.519241747040918, 62.481234999670818 ], [ 6.519255, 62.481644 ], [ 6.518868383340761, 62.481402500290528 ] ] ] } },
{ "type": "Feature", "properties": { }, "geometry": { "type": "Polygon", "coordinates": [ [ [ 6.519241747040918, 62.481234999670818 ], [ 6.520100454480739, 62.480981178163681 ], [ 6.519736, 62.481689 ], [ 6.519241747040918, 62.481234999670818 ] ] ] } },
{ "type": "Feature", "properties": { }, "geometry": { "type": "Polygon", "coordinates": [ [ [ 6.520100454480739, 62.480981178163681 ], [ 6.520227, 62.481626 ], [ 6.519736, 62.481689 ], [ 6.520100454480739, 62.480981178163681 ] ] ] } },
{ "type": "Feature", "properties": { }, "geometry": { "type": "Polygon", "coordinates": [ [ [ 6.520100454480739, 62.480981178163681 ], [ 6.520545291019946, 62.481464840672487 ], [ 6.520227, 62.481626 ], [ 6.520100454480739, 62.480981178163681 ] ] ] } },
{ "type": "Feature", "properties": { }, "geometry": { "type": "Polygon", "coordinates": [ [ [ 6.520545291019946, 62.481464840672487 ], [ 6.520702, 62.481647 ], [ 6.520227, 62.481626 ], [ 6.520545291019946, 62.481464840672487 ] ] ] } },
{ "type": "Feature", "properties": { }, "geometry": { "type": "Polygon", "coordinates": [ [ [ 6.520774088453956, 62.481538267229134 ], [ 6.520821, 62.48166 ], [ 6.520702, 62.481647 ], [ 6.520774088453956, 62.481538267229134 ] ] ] } },
{ "type": "Feature", "properties": { }, "geometry": { "type": "Polygon", "coordinates": [ [ [ 6.520545291019946, 62.481464840672487 ], [ 6.520774088453956, 62.481538267229134 ], [ 6.520702, 62.481647 ], [ 6.520545291019946, 62.481464840672487 ] ] ] } },
{ "type": "Feature", "properties": { }, "geometry": { "type": "Polygon", "coordinates": [ [ [ 6.520774088453956, 62.481538267229134 ], [ 6.520904419631857, 62.481544041718017 ], [ 6.520821, 62.48166 ], [ 6.520774088453956, 62.481538267229134 ] ] ] } },
{ "type": "Feature", "properties": { }, "geometry": { "type": "Polygon", "coordinates": [ [ [ 6.520904419631857, 62.481544041718017 ], [ 6.520933, 62.481684 ], [ 6.520821, 62.48166 ], [ 6.520904419631857, 62.481544041718017 ] ] ] } },
{ "type": "Feature", "properties": { }, "geometry": { "type": "Polygon", "coordinates": [ [ [ 6.521042404329932, 62.481580992783449 ], [ 6.521003, 62.481726 ], [ 6.520933, 62.481684 ], [ 6.521042404329932, 62.481580992783449 ] ] ] } },
{ "type": "Feature", "properties": { }, "geometry": { "type": "Polygon", "coordinates": [ [ [ 6.520904419631857, 62.481544041718017 ], [ 6.521042404329932, 62.481580992783449 ], [ 6.520933, 62.481684 ], [ 6.520904419631857, 62.481544041718017 ] ] ] } },
{ "type": "Feature", "properties": { }, "geometry": { "type": "Polygon", "coordinates": [ [ [ 6.521042404329932, 62.481580992783449 ], [ 6.521107304810353, 62.481716520351533 ], [ 6.521003, 62.481726 ], [ 6.521042404329932, 62.481580992783449 ] ] ] } },
{ "type": "Feature", "properties": { }, "geometry": { "type": "Polygon", "coordinates": [ [ [ 6.521003, 62.481726 ], [ 6.521107304810353, 62.481716520351533 ], [ 6.521024, 62.48178 ], [ 6.521003, 62.481726 ] ] ] } },
{ "type": "Feature", "properties": { }, "geometry": { "type": "Polygon", "coordinates": [ [ [ 6.521107304810353, 62.481716520351533 ], [ 6.5211, 62.481821 ], [ 6.521024, 62.48178 ], [ 6.521107304810353, 62.481716520351533 ] ] ] } },
{ "type": "Feature", "properties": { }, "geometry": { "type": "Polygon", "coordinates": [ [ [ 6.521107304810353, 62.481716520351533 ], [ 6.521227399004315, 62.481777412056317 ], [ 6.5211, 62.481821 ], [ 6.521107304810353, 62.481716520351533 ] ] ] } },
{ "type": "Feature", "properties": { }, "geometry": { "type": "Polygon", "coordinates": [ [ [ 6.5211, 62.481821 ], [ 6.521227399004315, 62.481777412056317 ], [ 6.521293, 62.481895 ], [ 6.5211, 62.481821 ] ] ] } },
{ "type": "Feature", "properties": { }, "geometry": { "type": "Polygon", "coordinates": [ [ [ 6.521227399004315, 62.481777412056317 ], [ 6.521375159024148, 62.481772071399476 ], [ 6.521293, 62.481895 ], [ 6.521227399004315, 62.481777412056317 ] ] ] } },
{ "type": "Feature", "properties": { }, "geometry": { "type": "Polygon", "coordinates": [ [ [ 6.521375159024148, 62.481772071399476 ], [ 6.521448, 62.481981 ], [ 6.521293, 62.481895 ], [ 6.521375159024148, 62.481772071399476 ] ] ] } },
{ "type": "Feature", "properties": { }, "geometry": { "type": "Polygon", "coordinates": [ [ [ 6.521375159024148, 62.481772071399476 ], [ 6.521522954517213, 62.481776318552235 ], [ 6.521448, 62.481981 ], [ 6.521375159024148, 62.481772071399476 ] ] ] } },
{ "type": "Feature", "properties": { }, "geometry": { "type": "Polygon", "coordinates": [ [ [ 6.521522954517213, 62.481776318552235 ], [ 6.521566, 62.48199 ], [ 6.521448, 62.481981 ], [ 6.521522954517213, 62.481776318552235 ] ] ] } },
{ "type": "Feature", "properties": { }, "geometry": { "type": "Polygon", "coordinates": [ [ [ 6.521929061810711, 62.481836308611022 ], [ 6.522179, 62.481997 ], [ 6.521566, 62.48199 ], [ 6.521929061810711, 62.481836308611022 ] ] ] } },
{ "type": "Feature", "properties": { }, "geometry": { "type": "Polygon", "coordinates": [ [ [ 6.521522954517213, 62.481776318552235 ], [ 6.521929061810711, 62.481836308611022 ], [ 6.521566, 62.48199 ], [ 6.521522954517213, 62.481776318552235 ] ] ] } },
{ "type": "Feature", "properties": { }, "geometry": { "type": "Polygon", "coordinates": [ [ [ 6.521929061810711, 62.481836308611022 ], [ 6.522218454586259, 62.4817689094833 ], [ 6.522179, 62.481997 ], [ 6.521929061810711, 62.481836308611022 ] ] ] } },
{ "type": "Feature", "properties": { }, "geometry": { "type": "Polygon", "coordinates": [ [ [ 6.522218454586259, 62.4817689094833 ], [ 6.522304, 62.481984 ], [ 6.522179, 62.481997 ], [ 6.522218454586259, 62.4817689094833 ] ] ] } },
{ "type": "Feature", "properties": { }, "geometry": { "type": "Polygon", "coordinates": [ [ [ 6.522218454586259, 62.4817689094833 ], [ 6.522430394017031, 62.481766323182612 ], [ 6.522304, 62.481984 ], [ 6.522218454586259, 62.4817689094833 ] ] ] } },
{ "type": "Feature", "properties": { }, "geometry": { "type": "Polygon", "coordinates": [ [ [ 6.522430394017031, 62.481766323182612 ], [ 6.522608, 62.481882 ], [ 6.522304, 62.481984 ], [ 6.522430394017031, 62.481766323182612 ] ] ] } },
{ "type": "Feature", "properties": { }, "geometry": { "type": "Polygon", "coordinates": [ [ [ 6.522619681896659, 62.481670954897034 ], [ 6.52272, 62.481857 ], [ 6.522608, 62.481882 ], [ 6.522619681896659, 62.481670954897034 ] ] ] } },
{ "type": "Feature", "properties": { }, "geometry": { "type": "Polygon", "coordinates": [ [ [ 6.522430394017031, 62.481766323182612 ], [ 6.522619681896659, 62.481670954897034 ], [ 6.522608, 62.481882 ], [ 6.522430394017031, 62.481766323182612 ] ] ] } },
{ "type": "Feature", "properties": { }, "geometry": { "type": "Polygon", "coordinates": [ [ [ 6.522913107381885, 62.481651723179368 ], [ 6.523095, 62.481867 ], [ 6.52272, 62.481857 ], [ 6.522913107381885, 62.481651723179368 ] ] ] } },
{ "type": "Feature", "properties": { }, "geometry": { "type": "Polygon", "coordinates": [ [ [ 6.522619681896659, 62.481670954897034 ], [ 6.522913107381885, 62.481651723179368 ], [ 6.52272, 62.481857 ], [ 6.522619681896659, 62.481670954897034 ] ] ] } },
{ "type": "Feature", "properties": { }, "geometry": { "type": "Polygon", "coordinates": [ [ [ 6.522913107381885, 62.481651723179368 ], [ 6.52319427265507, 62.481671091276368 ], [ 6.523095, 62.481867 ], [ 6.522913107381885, 62.481651723179368 ] ] ] } },
{ "type": "Feature", "properties": { }, "geometry": { "type": "Polygon", "coordinates": [ [ [ 6.52319427265507, 62.481671091276368 ], [ 6.523212, 62.48189 ], [ 6.523095, 62.481867 ], [ 6.52319427265507, 62.481671091276368 ] ] ] } },
{ "type": "Feature", "properties": { }, "geometry": { "type": "Polygon", "coordinates": [ [ [ 6.52319427265507, 62.481671091276368 ], [ 6.523399295495302, 62.481764660564394 ], [ 6.523212, 62.48189 ], [ 6.52319427265507, 62.481671091276368 ] ] ] } },
{ "type": "Feature", "properties": { }, "geometry": { "type": "Polygon", "coordinates": [ [ [ 6.523399295495302, 62.481764660564394 ], [ 6.523525, 62.481982 ], [ 6.523212, 62.48189 ], [ 6.523399295495302, 62.481764660564394 ] ] ] } },
{ "type": "Feature", "properties": { }, "geometry": { "type": "Polygon", "coordinates": [ [ [ 6.523623272655071, 62.481789636724635 ], [ 6.52371039070087, 62.481891201481133 ], [ 6.523525, 62.481982 ], [ 6.523623272655071, 62.481789636724635 ] ] ] } },
{ "type": "Feature", "properties": { }, "geometry": { "type": "Polygon", "coordinates": [ [ [ 6.52371039070087, 62.481891201481133 ], [ 6.52364, 62.482005 ], [ 6.523525, 62.481982 ], [ 6.52371039070087, 62.481891201481133 ] ] ] } },
{ "type": "Feature", "properties": { }, "geometry": { "type": "Polygon", "coordinates": [ [ [ 6.523399295495302, 62.481764660564394 ], [ 6.523623272655071, 62.481789636724635 ], [ 6.523525, 62.481982 ], [ 6.523399295495302, 62.481764660564394 ] ] ] } },
{ "type": "Feature", "properties": { }, "geometry": { "type": "Polygon", "coordinates": [ [ [ 6.52371039070087, 62.481891201481133 ], [ 6.52377, 62.482011 ], [ 6.52364, 62.482005 ], [ 6.52371039070087, 62.481891201481133 ] ] ] } },
{ "type": "Feature", "properties": { }, "geometry": { "type": "Polygon", "coordinates": [ [ [ 6.52371039070087, 62.481891201481133 ], [ 6.523901956630484, 62.4818706116275 ], [ 6.52377, 62.482011 ], [ 6.52371039070087, 62.481891201481133 ] ] ] } },
{ "type": "Feature", "properties": { }, "geometry": { "type": "Polygon", "coordinates": [ [ [ 6.523901956630484, 62.4818706116275 ], [ 6.524108, 62.482082 ], [ 6.52377, 62.482011 ], [ 6.523901956630484, 62.4818706116275 ] ] ] } },
{ "type": "Feature", "properties": { }, "geometry": { "type": "Polygon", "coordinates": [ [ [ 6.524040126540868, 62.481728862676263 ], [ 6.524233542086827, 62.481770982931408 ], [ 6.524108, 62.482082 ], [ 6.524040126540868, 62.481728862676263 ] ] ] } },
{ "type": "Feature", "properties": { }, "geometry": { "type": "Polygon", "coordinates": [ [ [ 6.524233542086827, 62.481770982931408 ], [ 6.524378790807884, 62.482022735302536 ], [ 6.524108, 62.482082 ], [ 6.524233542086827, 62.481770982931408 ] ] ] } },
{ "type": "Feature", "properties": { }, "geometry": { "type": "Polygon", "coordinates": [ [ [ 6.524108, 62.482082 ], [ 6.524378790807884, 62.482022735302536 ], [ 6.524404, 62.482181 ], [ 6.524108, 62.482082 ] ] ] } },
{ "type": "Feature", "properties": { }, "geometry": { "type": "Polygon", "coordinates": [ [ [ 6.523901956630484, 62.4818706116275 ], [ 6.524040126540868, 62.481728862676263 ], [ 6.524108, 62.482082 ], [ 6.523901956630484, 62.4818706116275 ] ] ] } },
{ "type": "Feature", "properties": { }, "geometry": { "type": "Polygon", "coordinates": [ [ [ 6.524378790807884, 62.482022735302536 ], [ 6.524523, 62.482184 ], [ 6.524404, 62.482181 ], [ 6.524378790807884, 62.482022735302536 ] ] ] } },
{ "type": "Feature", "properties": { }, "geometry": { "type": "Polygon", "coordinates": [ [ [ 6.524378790807884, 62.482022735302536 ], [ 6.524534721431706, 62.481985737216327 ], [ 6.524523, 62.482184 ], [ 6.524378790807884, 62.482022735302536 ] ] ] } },
{ "type": "Feature", "properties": { }, "geometry": { "type": "Polygon", "coordinates": [ [ [ 6.524534721431706, 62.481985737216327 ], [ 6.52463, 62.48216 ], [ 6.524523, 62.482184 ], [ 6.524534721431706, 62.481985737216327 ] ] ] } },
{ "type": "Feature", "properties": { }, "geometry": { "type": "Polygon", "coordinates": [ [ [ 6.524534721431706, 62.481985737216327 ], [ 6.524725325696394, 62.482011460615475 ], [ 6.52463, 62.48216 ], [ 6.524534721431706, 62.481985737216327 ] ] ] } },
{ "type": "Feature", "properties": { }, "geometry": { "type": "Polygon", "coordinates": [ [ [ 6.524725325696394, 62.482011460615475 ], [ 6.525015, 62.482023 ], [ 6.52463, 62.48216 ], [ 6.524725325696394, 62.482011460615475 ] ] ] } },
{ "type": "Feature", "properties": { }, "geometry": { "type": "Polygon", "coordinates": [ [ [ 6.524822579645856, 62.481864176514286 ], [ 6.525015, 62.482023 ], [ 6.524725325696394, 62.482011460615475 ], [ 6.524822579645856, 62.481864176514286 ] ] ] } },
{ "type": "Feature", "properties": { }, "geometry": { "type": "Polygon", "coordinates": [ [ [ 6.524822579645856, 62.481864176514286 ], [ 6.524967727413988, 62.481885272931315 ], [ 6.525015, 62.482023 ], [ 6.524822579645856, 62.481864176514286 ] ] ] } },
{ "type": "Feature", "properties": { }, "geometry": { "type": "Polygon", "coordinates": [ [ [ 6.524967727413988, 62.481885272931315 ], [ 6.52508, 62.481978 ], [ 6.525015, 62.482023 ], [ 6.524967727413988, 62.481885272931315 ] ] ] } },
{ "type": "Feature", "properties": { }, "geometry": { "type": "Polygon", "coordinates": [ [ [ 6.525181984374997, 62.4818755 ], [ 6.525255, 62.481903 ], [ 6.52508, 62.481978 ], [ 6.525181984374997, 62.4818755 ] ] ] } },
{ "type": "Feature", "properties": { }, "geometry": { "type": "Polygon", "coordinates": [ [ [ 6.524967727413988, 62.481885272931315 ], [ 6.525181984374997, 62.4818755 ], [ 6.52508, 62.481978 ], [ 6.524967727413988, 62.481885272931315 ] ] ] } },
{ "type": "Feature", "properties": { }, "geometry": { "type": "Polygon", "coordinates": [ [ [ 6.525255, 62.481848 ], [ 6.525255, 62.481903 ], [ 6.525181984374997, 62.4818755 ], [ 6.525255, 62.481848 ] ] ] } },
{ "type": "Feature", "properties": { }, "geometry": { "type": "Polygon", "coordinates": [ [ [ 6.525191, 62.481798 ], [ 6.525255, 62.481848 ], [ 6.525181984374997, 62.4818755 ], [ 6.525191, 62.481798 ] ] ] } },
{ "type": "Feature", "properties": { }, "geometry": { "type": "Polygon", "coordinates": [ [ [ 6.525104, 62.481758 ], [ 6.525191, 62.481798 ], [ 6.525181984374997, 62.4818755 ], [ 6.525104, 62.481758 ] ] ] } },
{ "type": "Feature", "properties": { }, "geometry": { "type": "Polygon", "coordinates": [ [ [ 6.525104, 62.481758 ], [ 6.525181984374997, 62.4818755 ], [ 6.524967727413988, 62.481885272931315 ], [ 6.525104, 62.481758 ] ] ] } },
{ "type": "Feature", "properties": { }, "geometry": { "type": "Polygon", "coordinates": [ [ [ 6.524993, 62.48174 ], [ 6.525104, 62.481758 ], [ 6.524967727413988, 62.481885272931315 ], [ 6.524993, 62.48174 ] ] ] } },
{ "type": "Feature", "properties": { }, "geometry": { "type": "Polygon", "coordinates": [ [ [ 6.524993, 62.48174 ], [ 6.524967727413988, 62.481885272931315 ], [ 6.524822579645856, 62.481864176514286 ], [ 6.524993, 62.48174 ] ] ] } },
{ "type": "Feature", "properties": { }, "geometry": { "type": "Polygon", "coordinates": [ [ [ 6.524755, 62.481734 ], [ 6.524993, 62.48174 ], [ 6.524822579645856, 62.481864176514286 ], [ 6.524755, 62.481734 ] ] ] } },
{ "type": "Feature", "properties": { }, "geometry": { "type": "Polygon", "coordinates": [ [ [ 6.524755, 62.481734 ], [ 6.524822579645856, 62.481864176514286 ], [ 6.524677667104298, 62.481841520638575 ], [ 6.524755, 62.481734 ] ] ] } },
{ "type": "Feature", "properties": { }, "geometry": { "type": "Polygon", "coordinates": [ [ [ 6.52465, 62.481712 ], [ 6.524755, 62.481734 ], [ 6.524677667104298, 62.481841520638575 ], [ 6.52465, 62.481712 ] ] ] } },
{ "type": "Feature", "properties": { }, "geometry": { "type": "Polygon", "coordinates": [ [ [ 6.52465, 62.481712 ], [ 6.524677667104298, 62.481841520638575 ], [ 6.524556382278328, 62.48178831297497 ], [ 6.52465, 62.481712 ] ] ] } },
{ "type": "Feature", "properties": { }, "geometry": { "type": "Polygon", "coordinates": [ [ [ 6.524567, 62.481668 ], [ 6.52465, 62.481712 ], [ 6.524556382278328, 62.48178831297497 ], [ 6.524567, 62.481668 ] ] ] } },
{ "type": "Feature", "properties": { }, "geometry": { "type": "Polygon", "coordinates": [ [ [ 6.524567, 62.481668 ], [ 6.524556382278328, 62.48178831297497 ], [ 6.524449318345059, 62.481732408930817 ], [ 6.524567, 62.481668 ] ] ] } },
{ "type": "Feature", "properties": { }, "geometry": { "type": "Polygon", "coordinates": [ [ [ 6.524516, 62.481616 ], [ 6.524567, 62.481668 ], [ 6.524449318345059, 62.481732408930817 ], [ 6.524516, 62.481616 ] ] ] } },
{ "type": "Feature", "properties": { }, "geometry": { "type": "Polygon", "coordinates": [ [ [ 6.524451409241588, 62.481519318310525 ], [ 6.524557, 62.481568 ], [ 6.524516, 62.481616 ], [ 6.524451409241588, 62.481519318310525 ] ] ] } },
{ "type": "Feature", "properties": { }, "geometry": { "type": "Polygon", "coordinates": [ [ [ 6.52439736062991, 62.481625343540856 ], [ 6.524516, 62.481616 ], [ 6.524449318345059, 62.481732408930817 ], [ 6.52439736062991, 62.481625343540856 ] ] ] } },
{ "type": "Feature", "properties": { }, "geometry": { "type": "Polygon", "coordinates": [ [ [ 6.524451409241588, 62.481519318310525 ], [ 6.524516, 62.481616 ], [ 6.52439736062991, 62.481625343540856 ], [ 6.524451409241588, 62.481519318310525 ] ] ] } },
{ "type": "Feature", "properties": { }, "geometry": { "type": "Polygon", "coordinates": [ [ [ 6.524566916706973, 62.481407636416279 ], [ 6.524686, 62.481559 ], [ 6.524557, 62.481568 ], [ 6.524566916706973, 62.481407636416279 ] ] ] } },
{ "type": "Feature", "properties": { }, "geometry": { "type": "Polygon", "coordinates": [ [ [ 6.524566916706973, 62.481407636416279 ], [ 6.524557, 62.481568 ], [ 6.524451409241588, 62.481519318310525 ], [ 6.524566916706973, 62.481407636416279 ] ] ] } },
{ "type": "Feature", "properties": { }, "geometry": { "type": "Polygon", "coordinates": [ [ [ 6.524566916706973, 62.481407636416279 ], [ 6.524719727310401, 62.481358000345303 ], [ 6.524686, 62.481559 ], [ 6.524566916706973, 62.481407636416279 ] ] ] } },
{ "type": "Feature", "properties": { }, "geometry": { "type": "Polygon", "coordinates": [ [ [ 6.524719727310401, 62.481358000345303 ], [ 6.524796, 62.481547 ], [ 6.524686, 62.481559 ], [ 6.524719727310401, 62.481358000345303 ] ] ] } },
{ "type": "Feature", "properties": { }, "geometry": { "type": "Polygon", "coordinates": [ [ [ 6.524719727310401, 62.481358000345303 ], [ 6.524972, 62.481513 ], [ 6.524796, 62.481547 ], [ 6.524719727310401, 62.481358000345303 ] ] ] } },
{ "type": "Feature", "properties": { }, "geometry": { "type": "Polygon", "coordinates": [ [ [ 6.525158831523814, 62.481268804894555 ], [ 6.525312309018777, 62.481484911801644 ], [ 6.524972, 62.481513 ], [ 6.525158831523814, 62.481268804894555 ] ] ] } },
{ "type": "Feature", "properties": { }, "geometry": { "type": "Polygon", "coordinates": [ [ [ 6.524719727310401, 62.481358000345303 ], [ 6.525158831523814, 62.481268804894555 ], [ 6.524972, 62.481513 ], [ 6.524719727310401, 62.481358000345303 ] ] ] } },
{ "type": "Feature", "properties": { }, "geometry": { "type": "Polygon", "coordinates": [ [ [ 6.52561866820093, 62.48110478508881 ], [ 6.526750726999624, 62.480973455622177 ], [ 6.526425, 62.481538 ], [ 6.52561866820093, 62.48110478508881 ] ] ] } },
{ "type": "Feature", "properties": { }, "geometry": { "type": "Polygon", "coordinates": [ [ [ 6.526750726999624, 62.480973455622177 ], [ 6.526768, 62.481625 ], [ 6.526425, 62.481538 ], [ 6.526750726999624, 62.480973455622177 ] ] ] } },
{ "type": "Feature", "properties": { }, "geometry": { "type": "Polygon", "coordinates": [ [ [ 6.52561866820093, 62.48110478508881 ], [ 6.526425, 62.481538 ], [ 6.525312309018777, 62.481484911801644 ], [ 6.52561866820093, 62.48110478508881 ] ] ] } },
{ "type": "Feature", "properties": { }, "geometry": { "type": "Polygon", "coordinates": [ [ [ 6.526750726999624, 62.480973455622177 ], [ 6.527203525331638, 62.481251223380667 ], [ 6.526768, 62.481625 ], [ 6.526750726999624, 62.480973455622177 ] ] ] } },
{ "type": "Feature", "properties": { }, "geometry": { "type": "Polygon", "coordinates": [ [ [ 6.527203525331638, 62.481251223380667 ], [ 6.5275, 62.481692 ], [ 6.526768, 62.481625 ], [ 6.527203525331638, 62.481251223380667 ] ] ] } },
{ "type": "Feature", "properties": { }, "geometry": { "type": "Polygon", "coordinates": [ [ [ 6.527203525331638, 62.481251223380667 ], [ 6.527946181551353, 62.481541000587022 ], [ 6.5275, 62.481692 ], [ 6.527203525331638, 62.481251223380667 ] ] ] } },
{ "type": "Feature", "properties": { }, "geometry": { "type": "Polygon", "coordinates": [ [ [ 6.527946181551353, 62.481541000587022 ], [ 6.527702, 62.48183 ], [ 6.5275, 62.481692 ], [ 6.527946181551353, 62.481541000587022 ] ] ] } },
{ "type": "Feature", "properties": { }, "geometry": { "type": "Polygon", "coordinates": [ [ [ 6.527946181551353, 62.481541000587022 ], [ 6.527889, 62.481915 ], [ 6.527702, 62.48183 ], [ 6.527946181551353, 62.481541000587022 ] ] ] } },
{ "type": "Feature", "properties": { }, "geometry": { "type": "Polygon", "coordinates": [ [ [ 6.527946181551353, 62.481541000587022 ], [ 6.528275, 62.481939 ], [ 6.527889, 62.481915 ], [ 6.527946181551353, 62.481541000587022 ] ] ] } },
{ "type": "Feature", "properties": { }, "geometry": { "type": "Polygon", "coordinates": [ [ [ 6.52855319624346, 62.481374329293665 ], [ 6.528962, 62.481853 ], [ 6.528275, 62.481939 ], [ 6.52855319624346, 62.481374329293665 ] ] ] } },
{ "type": "Feature", "properties": { }, "geometry": { "type": "Polygon", "coordinates": [ [ [ 6.527946181551353, 62.481541000587022 ], [ 6.52855319624346, 62.481374329293665 ], [ 6.528275, 62.481939 ], [ 6.527946181551353, 62.481541000587022 ] ] ] } },
{ "type": "Feature", "properties": { }, "geometry": { "type": "Polygon", "coordinates": [ [ [ 6.52855319624346, 62.481374329293665 ], [ 6.529278800858171, 62.481168536850717 ], [ 6.528962, 62.481853 ], [ 6.52855319624346, 62.481374329293665 ] ] ] } },
{ "type": "Feature", "properties": { }, "geometry": { "type": "Polygon", "coordinates": [ [ [ 6.529278800858171, 62.481168536850717 ], [ 6.529643, 62.481829 ], [ 6.528962, 62.481853 ], [ 6.529278800858171, 62.481168536850717 ] ] ] } },
{ "type": "Feature", "properties": { }, "geometry": { "type": "Polygon", "coordinates": [ [ [ 6.529278800858171, 62.481168536850717 ], [ 6.530168659028129, 62.481377600207175 ], [ 6.529643, 62.481829 ], [ 6.529278800858171, 62.481168536850717 ] ] ] } },
{ "type": "Feature", "properties": { }, "geometry": { "type": "Polygon", "coordinates": [ [ [ 6.530168659028129, 62.481377600207175 ], [ 6.530652, 62.481829 ], [ 6.529643, 62.481829 ], [ 6.530168659028129, 62.481377600207175 ] ] ] } },
{ "type": "Feature", "properties": { }, "geometry": { "type": "Polygon", "coordinates": [ [ [ 6.530816636241212, 62.48150990969048 ], [ 6.530843, 62.481868 ], [ 6.530652, 62.481829 ], [ 6.530816636241212, 62.48150990969048 ] ] ] } },
{ "type": "Feature", "properties": { }, "geometry": { "type": "Polygon", "coordinates": [ [ [ 6.530168659028129, 62.481377600207175 ], [ 6.530816636241212, 62.48150990969048 ], [ 6.530652, 62.481829 ], [ 6.530168659028129, 62.481377600207175 ] ] ] } },
{ "type": "Feature", "properties": { }, "geometry": { "type": "Polygon", "coordinates": [ [ [ 6.530816636241212, 62.48150990969048 ], [ 6.531219916638476, 62.481660234539341 ], [ 6.530843, 62.481868 ], [ 6.530816636241212, 62.48150990969048 ] ] ] } },
{ "type": "Feature", "properties": { }, "geometry": { "type": "Polygon", "coordinates": [ [ [ 6.531219916638476, 62.481660234539341 ], [ 6.531578, 62.481899 ], [ 6.530843, 62.481868 ], [ 6.531219916638476, 62.481660234539341 ] ] ] } },
{ "type": "Feature", "properties": { }, "geometry": { "type": "Polygon", "coordinates": [ [ [ 6.531219916638476, 62.481660234539341 ], [ 6.531724065887587, 62.481490348457974 ], [ 6.531578, 62.481899 ], [ 6.531219916638476, 62.481660234539341 ] ] ] } },
{ "type": "Feature", "properties": { }, "geometry": { "type": "Polygon", "coordinates": [ [ [ 6.531724065887587, 62.481490348457974 ], [ 6.531925, 62.481875 ], [ 6.531578, 62.481899 ], [ 6.531724065887587, 62.481490348457974 ] ] ] } },
{ "type": "Feature", "properties": { }, "geometry": { "type": "Polygon", "coordinates": [ [ [ 6.532060909172517, 62.481216728415369 ], [ 6.532289, 62.481849 ], [ 6.531925, 62.481875 ], [ 6.532060909172517, 62.481216728415369 ] ] ] } },
{ "type": "Feature", "properties": { }, "geometry": { "type": "Polygon", "coordinates": [ [ [ 6.531724065887587, 62.481490348457974 ], [ 6.532060909172517, 62.481216728415369 ], [ 6.531925, 62.481875 ], [ 6.531724065887587, 62.481490348457974 ] ] ] } },
{ "type": "Feature", "properties": { }, "geometry": { "type": "Polygon", "coordinates": [ [ [ 6.533026634031534, 62.481236121768262 ], [ 6.533842, 62.481741 ], [ 6.532289, 62.481849 ], [ 6.533026634031534, 62.481236121768262 ] ] ] } },
{ "type": "Feature", "properties": { }, "geometry": { "type": "Polygon", "coordinates": [ [ [ 6.532060909172517, 62.481216728415369 ], [ 6.533026634031534, 62.481236121768262 ], [ 6.532289, 62.481849 ], [ 6.532060909172517, 62.481216728415369 ] ] ] } },
{ "type": "Feature", "properties": { }, "geometry": { "type": "Polygon", "coordinates": [ [ [ 6.533984032589424, 62.481180339219307 ], [ 6.534295, 62.481668 ], [ 6.533842, 62.481741 ], [ 6.533984032589424, 62.481180339219307 ] ] ] } },
{ "type": "Feature", "properties": { }, "geometry": { "type": "Polygon", "coordinates": [ [ [ 6.533026634031534, 62.481236121768262 ], [ 6.533984032589424, 62.481180339219307 ], [ 6.533842, 62.481741 ], [ 6.533026634031534, 62.481236121768262 ] ] ] } },
{ "type": "Feature", "properties": { }, "geometry": { "type": "Polygon", "coordinates": [ [ [ 6.533984032589424, 62.481180339219307 ], [ 6.534532318103341, 62.480996228484429 ], [ 6.534295, 62.481668 ], [ 6.533984032589424, 62.481180339219307 ] ] ] } },
{ "type": "Feature", "properties": { }, "geometry": { "type": "Polygon", "coordinates": [ [ [ 6.534532318103341, 62.480996228484429 ], [ 6.534681, 62.481693 ], [ 6.534295, 62.481668 ], [ 6.534532318103341, 62.480996228484429 ] ] ] } },
{ "type": "Feature", "properties": { }, "geometry": { "type": "Polygon", "coordinates": [ [ [ 6.534532318103341, 62.480996228484429 ], [ 6.535056830294525, 62.481363562739027 ], [ 6.534681, 62.481693 ], [ 6.534532318103341, 62.480996228484429 ] ] ] } },
{ "type": "Feature", "properties": { }, "geometry": { "type": "Polygon", "coordinates": [ [ [ 6.535056830294525, 62.481363562739027 ], [ 6.535153, 62.481854 ], [ 6.534681, 62.481693 ], [ 6.535056830294525, 62.481363562739027 ] ] ] } },
{ "type": "Feature", "properties": { }, "geometry": { "type": "Polygon", "coordinates": [ [ [ 6.535056830294525, 62.481363562739027 ], [ 6.535697, 62.481846 ], [ 6.535153, 62.481854 ], [ 6.535056830294525, 62.481363562739027 ] ] ] } },
{ "type": "Feature", "properties": { }, "geometry": { "type": "Polygon", "coordinates": [ [ [ 6.536482999723753, 62.48138591034656 ], [ 6.536127, 62.482051 ], [ 6.535697, 62.481846 ], [ 6.536482999723753, 62.48138591034656 ] ] ] } },
{ "type": "Feature", "properties": { }, "geometry": { "type": "Polygon", "coordinates": [ [ [ 6.535056830294525, 62.481363562739027 ], [ 6.535412685938696, 62.481012643831427 ], [ 6.535697, 62.481846 ], [ 6.535056830294525, 62.481363562739027 ] ] ] } },
{ "type": "Feature", "properties": { }, "geometry": { "type": "Polygon", "coordinates": [ [ [ 6.535412685938696, 62.481012643831427 ], [ 6.536482999723753, 62.48138591034656 ], [ 6.535697, 62.481846 ], [ 6.535412685938696, 62.481012643831427 ] ] ] } },
{ "type": "Feature", "properties": { }, "geometry": { "type": "Polygon", "coordinates": [ [ [ 6.536482999723753, 62.48138591034656 ], [ 6.536527, 62.482139 ], [ 6.536127, 62.482051 ], [ 6.536482999723753, 62.48138591034656 ] ] ] } },
{ "type": "Feature", "properties": { }, "geometry": { "type": "Polygon", "coordinates": [ [ [ 6.536527, 62.482139 ], [ 6.537777521503017, 62.481688106384276 ], [ 6.538308, 62.482907 ], [ 6.536527, 62.482139 ] ] ] } },
{ "type": "Feature", "properties": { }, "geometry": { "type": "Polygon", "coordinates": [ [ [ 6.536482999723753, 62.48138591034656 ], [ 6.537777521503017, 62.481688106384276 ], [ 6.536527, 62.482139 ], [ 6.536482999723753, 62.48138591034656 ] ] ] } },
{ "type": "Feature", "properties": { }, "geometry": { "type": "Polygon", "coordinates": [ [ [ 6.539661125810459, 62.480766246804087 ], [ 6.539962, 62.483089 ], [ 6.538308, 62.482907 ], [ 6.539661125810459, 62.480766246804087 ] ] ] } },
{ "type": "Feature", "properties": { }, "geometry": { "type": "Polygon", "coordinates": [ [ [ 6.537777521503017, 62.481688106384276 ], [ 6.539661125810459, 62.480766246804087 ], [ 6.538308, 62.482907 ], [ 6.537777521503017, 62.481688106384276 ] ] ] } },
{ "type": "Feature", "properties": { }, "geometry": { "type": "Polygon", "coordinates": [ [ [ 6.541423947645094, 62.481758702349978 ], [ 6.540986, 62.483152 ], [ 6.539962, 62.483089 ], [ 6.541423947645094, 62.481758702349978 ] ] ] } },
{ "type": "Feature", "properties": { }, "geometry": { "type": "Polygon", "coordinates": [ [ [ 6.539661125810459, 62.480766246804087 ], [ 6.541423947645094, 62.481758702349978 ], [ 6.539962, 62.483089 ], [ 6.539661125810459, 62.480766246804087 ] ] ] } },
{ "type": "Feature", "properties": { }, "geometry": { "type": "Polygon", "coordinates": [ [ [ 6.541423947645094, 62.481758702349978 ], [ 6.541667811300859, 62.482761662556506 ], [ 6.540986, 62.483152 ], [ 6.541423947645094, 62.481758702349978 ] ] ] } },
{ "type": "Feature", "properties": { }, "geometry": { "type": "Polygon", "coordinates": [ [ [ 6.541667811300859, 62.482761662556506 ], [ 6.541947, 62.483267 ], [ 6.540986, 62.483152 ], [ 6.541667811300859, 62.482761662556506 ] ] ] } },
{ "type": "Feature", "properties": { }, "geometry": { "type": "Polygon", "coordinates": [ [ [ 6.542169908827224, 62.483046636828227 ], [ 6.542095, 62.483351 ], [ 6.541947, 62.483267 ], [ 6.542169908827224, 62.483046636828227 ] ] ] } },
{ "type": "Feature", "properties": { }, "geometry": { "type": "Polygon", "coordinates": [ [ [ 6.541667811300859, 62.482761662556506 ], [ 6.542169908827224, 62.483046636828227 ], [ 6.541947, 62.483267 ], [ 6.541667811300859, 62.482761662556506 ] ] ] } },
{ "type": "Feature", "properties": { }, "geometry": { "type": "Polygon", "coordinates": [ [ [ 6.542169908827224, 62.483046636828227 ], [ 6.542437580574931, 62.483273915025727 ], [ 6.542095, 62.483351 ], [ 6.542169908827224, 62.483046636828227 ] ] ] } },
{ "type": "Feature", "properties": { }, "geometry": { "type": "Polygon", "coordinates": [ [ [ 6.542437580574931, 62.483273915025727 ], [ 6.542772, 62.483381 ], [ 6.542095, 62.483351 ], [ 6.542437580574931, 62.483273915025727 ] ] ] } },
{ "type": "Feature", "properties": { }, "geometry": { "type": "Polygon", "coordinates": [ [ [ 6.542794622405707, 62.482734624127303 ], [ 6.543361, 62.483535 ], [ 6.542772, 62.483381 ], [ 6.542794622405707, 62.482734624127303 ] ] ] } },
{ "type": "Feature", "properties": { }, "geometry": { "type": "Polygon", "coordinates": [ [ [ 6.542500944150511, 62.482928028743316 ], [ 6.542772, 62.483381 ], [ 6.542437580574931, 62.483273915025727 ], [ 6.542500944150511, 62.482928028743316 ] ] ] } },
{ "type": "Feature", "properties": { }, "geometry": { "type": "Polygon", "coordinates": [ [ [ 6.542500944150511, 62.482928028743316 ], [ 6.542794622405707, 62.482734624127303 ], [ 6.542772, 62.483381 ], [ 6.542500944150511, 62.482928028743316 ] ] ] } },
{ "type": "Feature", "properties": { }, "geometry": { "type": "Polygon", "coordinates": [ [ [ 6.542794622405707, 62.482734624127303 ], [ 6.543702317827094, 62.483091591794327 ], [ 6.543361, 62.483535 ], [ 6.542794622405707, 62.482734624127303 ] ] ] } },
{ "type": "Feature", "properties": { }, "geometry": { "type": "Polygon", "coordinates": [ [ [ 6.543702317827094, 62.483091591794327 ], [ 6.543643, 62.483648 ], [ 6.543361, 62.483535 ], [ 6.543702317827094, 62.483091591794327 ] ] ] } },
{ "type": "Feature", "properties": { }, "geometry": { "type": "Polygon", "coordinates": [ [ [ 6.543702317827094, 62.483091591794327 ], [ 6.544217091544071, 62.483427837026525 ], [ 6.543643, 62.483648 ], [ 6.543702317827094, 62.483091591794327 ] ] ] } },
{ "type": "Feature", "properties": { }, "geometry": { "type": "Polygon", "coordinates": [ [ [ 6.544217091544071, 62.483427837026525 ], [ 6.544719, 62.483783 ], [ 6.543643, 62.483648 ], [ 6.544217091544071, 62.483427837026525 ] ] ] } },
{ "type": "Feature", "properties": { }, "geometry": { "type": "Polygon", "coordinates": [ [ [ 6.545699050583556, 62.483315068181362 ], [ 6.546172, 62.484051 ], [ 6.544719, 62.483783 ], [ 6.545699050583556, 62.483315068181362 ] ] ] } },
{ "type": "Feature", "properties": { }, "geometry": { "type": "Polygon", "coordinates": [ [ [ 6.544869036298016, 62.483038747574099 ], [ 6.544719, 62.483783 ], [ 6.544217091544071, 62.483427837026525 ], [ 6.544869036298016, 62.483038747574099 ] ] ] } },
{ "type": "Feature", "properties": { }, "geometry": { "type": "Polygon", "coordinates": [ [ [ 6.544869036298016, 62.483038747574099 ], [ 6.545699050583556, 62.483315068181362 ], [ 6.544719, 62.483783 ], [ 6.544869036298016, 62.483038747574099 ] ] ] } },
{ "type": "Feature", "properties": { }, "geometry": { "type": "Polygon", "coordinates": [ [ [ 6.546565363275366, 62.483436637553368 ], [ 6.546551, 62.484166 ], [ 6.546172, 62.484051 ], [ 6.546565363275366, 62.483436637553368 ] ] ] } },
{ "type": "Feature", "properties": { }, "geometry": { "type": "Polygon", "coordinates": [ [ [ 6.545699050583556, 62.483315068181362 ], [ 6.546565363275366, 62.483436637553368 ], [ 6.546172, 62.484051 ], [ 6.545699050583556, 62.483315068181362 ] ] ] } },
{ "type": "Feature", "properties": { }, "geometry": { "type": "Polygon", "coordinates": [ [ [ 6.546565363275366, 62.483436637553368 ], [ 6.547416084790697, 62.483818213393732 ], [ 6.546551, 62.484166 ], [ 6.546565363275366, 62.483436637553368 ] ] ] } },
{ "type": "Feature", "properties": { }, "geometry": { "type": "Polygon", "coordinates": [ [ [ 6.547416084790697, 62.483818213393732 ], [ 6.548099, 62.484453 ], [ 6.546551, 62.484166 ], [ 6.547416084790697, 62.483818213393732 ] ] ] } },
{ "type": "Feature", "properties": { }, "geometry": { "type": "Polygon", "coordinates": [ [ [ 6.548771772085659, 62.483652474632585 ], [ 6.548969, 62.484496 ], [ 6.548099, 62.484453 ], [ 6.548771772085659, 62.483652474632585 ] ] ] } },
{ "type": "Feature", "properties": { }, "geometry": { "type": "Polygon", "coordinates": [ [ [ 6.547416084790697, 62.483818213393732 ], [ 6.548771772085659, 62.483652474632585 ], [ 6.548099, 62.484453 ], [ 6.547416084790697, 62.483818213393732 ] ] ] } },
{ "type": "Feature", "properties": { }, "geometry": { "type": "Polygon", "coordinates": [ [ [ 6.549380703134049, 62.484268621428384 ], [ 6.549614, 62.484677 ], [ 6.548969, 62.484496 ], [ 6.549380703134049, 62.484268621428384 ] ] ] } },
{ "type": "Feature", "properties": { }, "geometry": { "type": "Polygon", "coordinates": [ [ [ 6.548771772085659, 62.483652474632585 ], [ 6.549380703134049, 62.484268621428384 ], [ 6.548969, 62.484496 ], [ 6.548771772085659, 62.483652474632585 ] ] ] } },
{ "type": "Feature", "properties": { }, "geometry": { "type": "Polygon", "coordinates": [ [ [ 6.549380703134049, 62.484268621428384 ], [ 6.549820524650593, 62.484435227307635 ], [ 6.549614, 62.484677 ], [ 6.549380703134049, 62.484268621428384 ] ] ] } },
{ "type": "Feature", "properties": { }, "geometry": { "type": "Polygon", "coordinates": [ [ [ 6.549820524650593, 62.484435227307635 ], [ 6.55, 62.484751 ], [ 6.549614, 62.484677 ], [ 6.549820524650593, 62.484435227307635 ] ] ] } },
{ "type": "Feature", "properties": { }, "geometry": { "type": "Polygon", "coordinates": [ [ [ 6.549820524650593, 62.484435227307635 ], [ 6.550138, 62.484453 ], [ 6.55, 62.484751 ], [ 6.549820524650593, 62.484435227307635 ] ] ] } },
{ "type": "Feature", "properties": { }, "geometry": { "type": "Polygon", "coordinates": [ [ [ 6.550138, 62.484453 ], [ 6.550188, 62.484786 ], [ 6.55, 62.484751 ], [ 6.550138, 62.484453 ] ] ] } },
{ "type": "Feature", "properties": { }, "geometry": { "type": "Polygon", "coordinates": [ [ [ 6.550138, 62.484453 ], [ 6.550307227552118, 62.484637954689859 ], [ 6.550188, 62.484786 ], [ 6.550138, 62.484453 ] ] ] } },
{ "type": "Feature", "properties": { }, "geometry": { "type": "Polygon", "coordinates": [ [ [ 6.550307227552118, 62.484637954689859 ], [ 6.550442, 62.484764 ], [ 6.550188, 62.484786 ], [ 6.550307227552118, 62.484637954689859 ] ] ] } },
{ "type": "Feature", "properties": { }, "geometry": { "type": "Polygon", "coordinates": [ [ [ 6.550307227552118, 62.484637954689859 ], [ 6.550488, 62.484675 ], [ 6.550442, 62.484764 ], [ 6.550307227552118, 62.484637954689859 ] ] ] } },
{ "type": "Feature", "properties": { }, "geometry": { "type": "Polygon", "coordinates": [ [ [ 6.550094, 62.484273 ], [ 6.550138, 62.484453 ], [ 6.549820524650593, 62.484435227307635 ], [ 6.550094, 62.484273 ] ] ] } },
{ "type": "Feature", "properties": { }, "geometry": { "type": "Polygon", "coordinates": [ [ [ 6.54980886427674, 62.483899773207561 ], [ 6.550247, 62.484069 ], [ 6.550094, 62.484273 ], [ 6.54980886427674, 62.483899773207561 ] ] ] } },
{ "type": "Feature", "properties": { }, "geometry": { "type": "Polygon", "coordinates": [ [ [ 6.54980886427674, 62.483899773207561 ], [ 6.550094, 62.484273 ], [ 6.549820524650593, 62.484435227307635 ], [ 6.54980886427674, 62.483899773207561 ] ] ] } },
{ "type": "Feature", "properties": { }, "geometry": { "type": "Polygon", "coordinates": [ [ [ 6.550472253391032, 62.483856807032147 ], [ 6.550714, 62.48405 ], [ 6.550247, 62.484069 ], [ 6.550472253391032, 62.483856807032147 ] ] ] } },
{ "type": "Feature", "properties": { }, "geometry": { "type": "Polygon", "coordinates": [ [ [ 6.550130269817926, 62.483719429781026 ], [ 6.550247, 62.484069 ], [ 6.54980886427674, 62.483899773207561 ], [ 6.550130269817926, 62.483719429781026 ] ] ] } },
{ "type": "Feature", "properties": { }, "geometry": { "type": "Polygon", "coordinates": [ [ [ 6.550130269817926, 62.483719429781026 ], [ 6.550472253391032, 62.483856807032147 ], [ 6.550247, 62.484069 ], [ 6.550130269817926, 62.483719429781026 ] ] ] } },
{ "type": "Feature", "properties": { }, "geometry": { "type": "Polygon", "coordinates": [ [ [ 6.550472253391032, 62.483856807032147 ], [ 6.550767681862129, 62.483764682311026 ], [ 6.550714, 62.48405 ], [ 6.550472253391032, 62.483856807032147 ] ] ] } },
{ "type": "Feature", "properties": { }, "geometry": { "type": "Polygon", "coordinates": [ [ [ 6.550767681862129, 62.483764682311026 ], [ 6.550871, 62.484036 ], [ 6.550714, 62.48405 ], [ 6.550767681862129, 62.483764682311026 ] ] ] } },
{ "type": "Feature", "properties": { }, "geometry": { "type": "Polygon", "coordinates": [ [ [ 6.551142642136125, 62.483777227625382 ], [ 6.551457, 62.483982 ], [ 6.550871, 62.484036 ], [ 6.551142642136125, 62.483777227625382 ] ] ] } },
{ "type": "Feature", "properties": { }, "geometry": { "type": "Polygon", "coordinates": [ [ [ 6.550767681862129, 62.483764682311026 ], [ 6.551142642136125, 62.483777227625382 ], [ 6.550871, 62.484036 ], [ 6.550767681862129, 62.483764682311026 ] ] ] } },
{ "type": "Feature", "properties": { }, "geometry": { "type": "Polygon", "coordinates": [ [ [ 6.55154597093886, 62.483501734971746 ], [ 6.551457, 62.483982 ], [ 6.551142642136125, 62.483777227625382 ], [ 6.55154597093886, 62.483501734971746 ] ] ] } },
{ "type": "Feature", "properties": { }, "geometry": { "type": "Polygon", "coordinates": [ [ [ 6.55154597093886, 62.483501734971746 ], [ 6.551943, 62.483982 ], [ 6.551457, 62.483982 ], [ 6.55154597093886, 62.483501734971746 ] ] ] } },
{ "type": "Feature", "properties": { }, "geometry": { "type": "Polygon", "coordinates": [ [ [ 6.55203197469199, 62.483550424572954 ], [ 6.552278, 62.483916 ], [ 6.551943, 62.483982 ], [ 6.55203197469199, 62.483550424572954 ] ] ] } },
{ "type": "Feature", "properties": { }, "geometry": { "type": "Polygon", "coordinates": [ [ [ 6.55154597093886, 62.483501734971746 ], [ 6.55203197469199, 62.483550424572954 ], [ 6.551943, 62.483982 ], [ 6.55154597093886, 62.483501734971746 ] ] ] } },
{ "type": "Feature", "properties": { }, "geometry": { "type": "Polygon", "coordinates": [ [ [ 6.55203197469199, 62.483550424572954 ], [ 6.552462885564584, 62.483642563950646 ], [ 6.552278, 62.483916 ], [ 6.55203197469199, 62.483550424572954 ] ] ] } },
{ "type": "Feature", "properties": { }, "geometry": { "type": "Polygon", "coordinates": [ [ [ 6.552462885564584, 62.483642563950646 ], [ 6.552606, 62.48394 ], [ 6.552278, 62.483916 ], [ 6.552462885564584, 62.483642563950646 ] ] ] } },
{ "type": "Feature", "properties": { }, "geometry": { "type": "Polygon", "coordinates": [ [ [ 6.552462885564584, 62.483642563950646 ], [ 6.552792045275624, 62.483667136897289 ], [ 6.552606, 62.48394 ], [ 6.552462885564584, 62.483642563950646 ] ] ] } },
{ "type": "Feature", "properties": { }, "geometry": { "type": "Polygon", "coordinates": [ [ [ 6.552792045275624, 62.483667136897289 ], [ 6.552776, 62.483997 ], [ 6.552606, 62.48394 ], [ 6.552792045275624, 62.483667136897289 ] ] ] } },
{ "type": "Feature", "properties": { }, "geometry": { "type": "Polygon", "coordinates": [ [ [ 6.552792045275624, 62.483667136897289 ], [ 6.553003, 62.484072 ], [ 6.552776, 62.483997 ], [ 6.552792045275624, 62.483667136897289 ] ] ] } },
{ "type": "Feature", "properties": { }, "geometry": { "type": "Polygon", "coordinates": [ [ [ 6.552792045275624, 62.483667136897289 ], [ 6.553298699378105, 62.483660534510733 ], [ 6.553003, 62.484072 ], [ 6.552792045275624, 62.483667136897289 ] ] ] } },
{ "type": "Feature", "properties": { }, "geometry": { "type": "Polygon", "coordinates": [ [ [ 6.553298699378105, 62.483660534510733 ], [ 6.553384, 62.48416 ], [ 6.553003, 62.484072 ], [ 6.553298699378105, 62.483660534510733 ] ] ] } },
{ "type": "Feature", "properties": { }, "geometry": { "type": "Polygon", "coordinates": [ [ [ 6.554139368666023, 62.483502301973402 ], [ 6.553971, 62.484341 ], [ 6.553384, 62.48416 ], [ 6.554139368666023, 62.483502301973402 ] ] ] } },
{ "type": "Feature", "properties": { }, "geometry": { "type": "Polygon", "coordinates": [ [ [ 6.553298699378105, 62.483660534510733 ], [ 6.554139368666023, 62.483502301973402 ], [ 6.553384, 62.48416 ], [ 6.553298699378105, 62.483660534510733 ] ] ] } },
{ "type": "Feature", "properties": { }, "geometry": { "type": "Polygon", "coordinates": [ [ [ 6.554139368666023, 62.483502301973402 ], [ 6.5545, 62.484278 ], [ 6.553971, 62.484341 ], [ 6.554139368666023, 62.483502301973402 ] ] ] } },
{ "type": "Feature", "properties": { }, "geometry": { "type": "Polygon", "coordinates": [ [ [ 6.554994091069176, 62.483899727897416 ], [ 6.554985, 62.484278 ], [ 6.5545, 62.484278 ], [ 6.554994091069176, 62.483899727897416 ] ] ] } },
{ "type": "Feature", "properties": { }, "geometry": { "type": "Polygon", "coordinates": [ [ [ 6.554139368666023, 62.483502301973402 ], [ 6.554994091069176, 62.483899727897416 ], [ 6.5545, 62.484278 ], [ 6.554139368666023, 62.483502301973402 ] ] ] } },
{ "type": "Feature", "properties": { }, "geometry": { "type": "Polygon", "coordinates": [ [ [ 6.554994091069176, 62.483899727897416 ], [ 6.555184, 62.484227 ], [ 6.554985, 62.484278 ], [ 6.554994091069176, 62.483899727897416 ] ] ] } },
{ "type": "Feature", "properties": { }, "geometry": { "type": "Polygon", "coordinates": [ [ [ 6.554994091069176, 62.483899727897416 ], [ 6.555669208689086, 62.483726707803854 ], [ 6.555184, 62.484227 ], [ 6.554994091069176, 62.483899727897416 ] ] ] } },
{ "type": "Feature", "properties": { }, "geometry": { "type": "Polygon", "coordinates": [ [ [ 6.555669208689086, 62.483726707803854 ], [ 6.555819531491808, 62.484431519116775 ], [ 6.555184, 62.484227 ], [ 6.555669208689086, 62.483726707803854 ] ] ] } },
{ "type": "Feature", "properties": { }, "geometry": { "type": "Polygon", "coordinates": [ [ [ 6.557641701057585, 62.484115285848276 ], [ 6.559315, 62.48474 ], [ 6.556449, 62.484654 ], [ 6.557641701057585, 62.484115285848276 ] ] ] } },
{ "type": "Feature", "properties": { }, "geometry": { "type": "Polygon", "coordinates": [ [ [ 6.556343285726424, 62.483951376184613 ], [ 6.556449, 62.484654 ], [ 6.555819531491808, 62.484431519116775 ], [ 6.556343285726424, 62.483951376184613 ] ] ] } },
{ "type": "Feature", "properties": { }, "geometry": { "type": "Polygon", "coordinates": [ [ [ 6.556343285726424, 62.483951376184613 ], [ 6.557641701057585, 62.484115285848276 ], [ 6.556449, 62.484654 ], [ 6.556343285726424, 62.483951376184613 ] ] ] } },
{ "type": "Feature", "properties": { }, "geometry": { "type": "Polygon", "coordinates": [ [ [ 6.559998567958803, 62.483709118657544 ], [ 6.560673, 62.484746 ], [ 6.559315, 62.48474 ], [ 6.559998567958803, 62.483709118657544 ] ] ] } },
{ "type": "Feature", "properties": { }, "geometry": { "type": "Polygon", "coordinates": [ [ [ 6.557641701057585, 62.484115285848276 ], [ 6.559998567958803, 62.483709118657544 ], [ 6.559315, 62.48474 ], [ 6.557641701057585, 62.484115285848276 ] ] ] } },
{ "type": "Feature", "properties": { }, "geometry": { "type": "Polygon", "coordinates": [ [ [ 6.561115792936699, 62.484239957470457 ], [ 6.56101, 62.484904 ], [ 6.560673, 62.484746 ], [ 6.561115792936699, 62.484239957470457 ] ] ] } },
{ "type": "Feature", "properties": { }, "geometry": { "type": "Polygon", "coordinates": [ [ [ 6.559998567958803, 62.483709118657544 ], [ 6.561115792936699, 62.484239957470457 ], [ 6.560673, 62.484746 ], [ 6.559998567958803, 62.483709118657544 ] ] ] } },
{ "type": "Feature", "properties": { }, "geometry": { "type": "Polygon", "coordinates": [ [ [ 6.561115792936699, 62.484239957470457 ], [ 6.5616455454828, 62.484654091345426 ], [ 6.56101, 62.484904 ], [ 6.561115792936699, 62.484239957470457 ] ] ] } },
{ "type": "Feature", "properties": { }, "geometry": { "type": "Polygon", "coordinates": [ [ [ 6.5616455454828, 62.484654091345426 ], [ 6.561592, 62.484905 ], [ 6.56101, 62.484904 ], [ 6.5616455454828, 62.484654091345426 ] ] ] } },
{ "type": "Feature", "properties": { }, "geometry": { "type": "Polygon", "coordinates": [ [ [ 6.5616455454828, 62.484654091345426 ], [ 6.561731, 62.484896 ], [ 6.561592, 62.484905 ], [ 6.5616455454828, 62.484654091345426 ] ] ] } },
{ "type": "Feature", "properties": { }, "geometry": { "type": "Polygon", "coordinates": [ [ [ 6.5616455454828, 62.484654091345426 ], [ 6.561924, 62.484884 ], [ 6.561731, 62.484896 ], [ 6.5616455454828, 62.484654091345426 ] ] ] } },
{ "type": "Feature", "properties": { }, "geometry": { "type": "Polygon", "coordinates": [ [ [ 6.562192337361887, 62.484275422629963 ], [ 6.561924, 62.484884 ], [ 6.5616455454828, 62.484654091345426 ], [ 6.562192337361887, 62.484275422629963 ] ] ] } },
{ "type": "Feature", "properties": { }, "geometry": { "type": "Polygon", "coordinates": [ [ [ 6.562192337361887, 62.484275422629963 ], [ 6.562648, 62.484816 ], [ 6.561924, 62.484884 ], [ 6.562192337361887, 62.484275422629963 ] ] ] } },
{ "type": "Feature", "properties": { }, "geometry": { "type": "Polygon", "coordinates": [ [ [ 6.562192337361887, 62.484275422629963 ], [ 6.562960305794109, 62.483947182736046 ], [ 6.562648, 62.484816 ], [ 6.562192337361887, 62.484275422629963 ] ] ] } },
{ "type": "Feature", "properties": { }, "geometry": { "type": "Polygon", "coordinates": [ [ [ 6.562960305794109, 62.483947182736046 ], [ 6.563968, 62.484812 ], [ 6.562648, 62.484816 ], [ 6.562960305794109, 62.483947182736046 ] ] ] } },
{ "type": "Feature", "properties": { }, "geometry": { "type": "Polygon", "coordinates": [ [ [ 6.563882882301075, 62.483273447663301 ], [ 6.564924741838462, 62.483725416854099 ], [ 6.563968, 62.484812 ], [ 6.563882882301075, 62.483273447663301 ] ] ] } },
{ "type": "Feature", "properties": { }, "geometry": { "type": "Polygon", "coordinates": [ [ [ 6.564924741838462, 62.483725416854099 ], [ 6.565330660779759, 62.484694549095941 ], [ 6.563968, 62.484812 ], [ 6.564924741838462, 62.483725416854099 ] ] ] } },
{ "type": "Feature", "properties": { }, "geometry": { "type": "Polygon", "coordinates": [ [ [ 6.562960305794109, 62.483947182736046 ], [ 6.563882882301075, 62.483273447663301 ], [ 6.563968, 62.484812 ], [ 6.562960305794109, 62.483947182736046 ] ] ] } },
{ "type": "Feature", "properties": { }, "geometry": { "type": "Polygon", "coordinates": [ [ [ 6.566351818586765, 62.484256910035789 ], [ 6.56643, 62.484855 ], [ 6.565330660779759, 62.484694549095941 ], [ 6.566351818586765, 62.484256910035789 ] ] ] } },
{ "type": "Feature", "properties": { }, "geometry": { "type": "Polygon", "coordinates": [ [ [ 6.566351818586765, 62.484256910035789 ], [ 6.566731, 62.484726 ], [ 6.56643, 62.484855 ], [ 6.566351818586765, 62.484256910035789 ] ] ] } },
{ "type": "Feature", "properties": { }, "geometry": { "type": "Polygon", "coordinates": [ [ [ 6.566351818586765, 62.484256910035789 ], [ 6.567140228041009, 62.484319163011115 ], [ 6.566731, 62.484726 ], [ 6.566351818586765, 62.484256910035789 ] ] ] } },
{ "type": "Feature", "properties": { }, "geometry": { "type": "Polygon", "coordinates": [ [ [ 6.567140228041009, 62.484319163011115 ], [ 6.567937, 62.484702 ], [ 6.566731, 62.484726 ], [ 6.567140228041009, 62.484319163011115 ] ] ] } },
{ "type": "Feature", "properties": { }, "geometry": { "type": "Polygon", "coordinates": [ [ [ 6.5675, 62.483868 ], [ 6.568041, 62.484614 ], [ 6.567937, 62.484702 ], [ 6.5675, 62.483868 ] ] ] } },
{ "type": "Feature", "properties": { }, "geometry": { "type": "Polygon", "coordinates": [ [ [ 6.5675, 62.483868 ], [ 6.567937, 62.484702 ], [ 6.567140228041009, 62.484319163011115 ], [ 6.5675, 62.483868 ] ] ] } },
{ "type": "Feature", "properties": { }, "geometry": { "type": "Polygon", "coordinates": [ [ [ 6.567069228035541, 62.4837465 ], [ 6.5675, 62.483868 ], [ 6.567140228041009, 62.484319163011115 ], [ 6.567069228035541, 62.4837465 ] ] ] } },
{ "type": "Feature", "properties": { }, "geometry": { "type": "Polygon", "coordinates": [ [ [ 6.5675, 62.483625 ], [ 6.5675, 62.483868 ], [ 6.567069228035541, 62.4837465 ], [ 6.5675, 62.483625 ] ] ] } },
{ "type": "Feature", "properties": { }, "geometry": { "type": "Polygon", "coordinates": [ [ [ 6.567681125774381, 62.483116402834376 ], [ 6.568187, 62.483305 ], [ 6.5675, 62.483625 ], [ 6.567681125774381, 62.483116402834376 ] ] ] } },
{ "type": "Feature", "properties": { }, "geometry": { "type": "Polygon", "coordinates": [ [ [ 6.567151668569252, 62.483214398789926 ], [ 6.5675, 62.483625 ], [ 6.567069228035541, 62.4837465 ], [ 6.567151668569252, 62.483214398789926 ] ] ] } },
{ "type": "Feature", "properties": { }, "geometry": { "type": "Polygon", "coordinates": [ [ [ 6.567151668569252, 62.483214398789926 ], [ 6.567681125774381, 62.483116402834376 ], [ 6.5675, 62.483625 ], [ 6.567151668569252, 62.483214398789926 ] ] ] } },
{ "type": "Feature", "properties": { }, "geometry": { "type": "Polygon", "coordinates": [ [ [ 6.56818, 62.48291 ], [ 6.568187, 62.483305 ], [ 6.567681125774381, 62.483116402834376 ], [ 6.56818, 62.48291 ] ] ] } },
{ "type": "Feature", "properties": { }, "geometry": { "type": "Polygon", "coordinates": [ [ [ 6.567602, 62.48237 ], [ 6.56818, 62.48291 ], [ 6.567681125774381, 62.483116402834376 ], [ 6.567602, 62.48237 ] ] ] } },
{ "type": "Feature", "properties": { }, "geometry": { "type": "Polygon", "coordinates": [ [ [ 6.567251176428948, 62.482725184043204 ], [ 6.567602, 62.48237 ], [ 6.567681125774381, 62.483116402834376 ], [ 6.567251176428948, 62.482725184043204 ] ] ] } },
{ "type": "Feature", "properties": { }, "geometry": { "type": "Polygon", "coordinates": [ [ [ 6.567206, 62.482228 ], [ 6.567602, 62.48237 ], [ 6.567251176428948, 62.482725184043204 ], [ 6.567206, 62.482228 ] ] ] } },
{ "type": "Feature", "properties": { }, "geometry": { "type": "Polygon", "coordinates": [ [ [ 6.565713, 62.482211 ], [ 6.567206, 62.482228 ], [ 6.566455773053886, 62.482546813561633 ], [ 6.565713, 62.482211 ] ] ] } },
{ "type": "Feature", "properties": { }, "geometry": { "type": "Polygon", "coordinates": [ [ [ 6.567206, 62.482228 ], [ 6.567251176428948, 62.482725184043204 ], [ 6.566455773053886, 62.482546813561633 ], [ 6.567206, 62.482228 ] ] ] } },
{ "type": "Feature", "properties": { }, "geometry": { "type": "Polygon", "coordinates": [ [ [ 6.564778, 62.482258 ], [ 6.565713, 62.482211 ], [ 6.565270570991919, 62.482733252711583 ], [ 6.564778, 62.482258 ] ] ] } },
{ "type": "Feature", "properties": { }, "geometry": { "type": "Polygon", "coordinates": [ [ [ 6.565713, 62.482211 ], [ 6.566455773053886, 62.482546813561633 ], [ 6.565270570991919, 62.482733252711583 ], [ 6.565713, 62.482211 ] ] ] } },
{ "type": "Feature", "properties": { }, "geometry": { "type": "Polygon", "coordinates": [ [ [ 6.564778, 62.482258 ], [ 6.565270570991919, 62.482733252711583 ], [ 6.564586111225405, 62.482730772798682 ], [ 6.564778, 62.482258 ] ] ] } },
{ "type": "Feature", "properties": { }, "geometry": { "type": "Polygon", "coordinates": [ [ [ 6.564308, 62.482303 ], [ 6.564778, 62.482258 ], [ 6.564586111225405, 62.482730772798682 ], [ 6.564308, 62.482303 ] ] ] } },
{ "type": "Feature", "properties": { }, "geometry": { "type": "Polygon", "coordinates": [ [ [ 6.564308, 62.482303 ], [ 6.564586111225405, 62.482730772798682 ], [ 6.564078529899473, 62.482678843822661 ], [ 6.564308, 62.482303 ] ] ] } },
{ "type": "Feature", "properties": { }, "geometry": { "type": "Polygon", "coordinates": [ [ [ 6.563559079707393, 62.482368758273019 ], [ 6.564308, 62.482303 ], [ 6.564078529899473, 62.482678843822661 ], [ 6.563559079707393, 62.482368758273019 ] ] ] } },
{ "type": "Feature", "properties": { }, "geometry": { "type": "Polygon", "coordinates": [ [ [ 6.563278, 62.482321 ], [ 6.563559079707393, 62.482368758273019 ], [ 6.563399203554201, 62.482458682275961 ], [ 6.563278, 62.482321 ] ] ] } },
{ "type": "Feature", "properties": { }, "geometry": { "type": "Polygon", "coordinates": [ [ [ 6.563278, 62.482321 ], [ 6.563399203554201, 62.482458682275961 ], [ 6.563216353391317, 62.482473260636588 ], [ 6.563278, 62.482321 ] ] ] } },
{ "type": "Feature", "properties": { }, "geometry": { "type": "Polygon", "coordinates": [ [ [ 6.563161028704161, 62.48231859071447 ], [ 6.563278, 62.482321 ], [ 6.563216353391317, 62.482473260636588 ], [ 6.563161028704161, 62.48231859071447 ] ] ] } },
{ "type": "Feature", "properties": { }, "geometry": { "type": "Polygon", "coordinates": [ [ [ 6.563114, 62.482246 ], [ 6.563278, 62.482321 ], [ 6.563161028704161, 62.48231859071447 ], [ 6.563114, 62.482246 ] ] ] } },
{ "type": "Feature", "properties": { }, "geometry": { "type": "Polygon", "coordinates": [ [ [ 6.563083000034529, 62.482281272655072 ], [ 6.563114, 62.482246 ], [ 6.563161028704161, 62.48231859071447 ], [ 6.563083000034529, 62.482281272655072 ] ] ] } },
{ "type": "Feature", "properties": { }, "geometry": { "type": "Polygon", "coordinates": [ [ [ 6.563091, 62.482235 ], [ 6.563114, 62.482246 ], [ 6.563083000034529, 62.482281272655072 ], [ 6.563091, 62.482235 ] ] ] } },
{ "type": "Feature", "properties": { }, "geometry": { "type": "Polygon", "coordinates": [ [ [ 6.563035, 62.482209 ], [ 6.563091, 62.482235 ], [ 6.563083000034529, 62.482281272655072 ], [ 6.563035, 62.482209 ] ] ] } },
{ "type": "Feature", "properties": { }, "geometry": { "type": "Polygon", "coordinates": [ [ [ 6.562853091104802, 62.482158088841047 ], [ 6.563035, 62.482209 ], [ 6.562930880537415, 62.482330227147159 ], [ 6.562853091104802, 62.482158088841047 ] ] ] } },
{ "type": "Feature", "properties": { }, "geometry": { "type": "Polygon", "coordinates": [ [ [ 6.562991, 62.482029 ], [ 6.563035, 62.482209 ], [ 6.562853091104802, 62.482158088841047 ], [ 6.562991, 62.482029 ] ] ] } },
{ "type": "Feature", "properties": { }, "geometry": { "type": "Polygon", "coordinates": [ [ [ 6.563035, 62.482209 ], [ 6.563083000034529, 62.482281272655072 ], [ 6.562930880537415, 62.482330227147159 ], [ 6.563035, 62.482209 ] ] ] } },
{ "type": "Feature", "properties": { }, "geometry": { "type": "Polygon", "coordinates": [ [ [ 6.563213390046672, 62.481572113649349 ], [ 6.563533, 62.48158 ], [ 6.562991, 62.482029 ], [ 6.563213390046672, 62.481572113649349 ] ] ] } },
{ "type": "Feature", "properties": { }, "geometry": { "type": "Polygon", "coordinates": [ [ [ 6.562762019581467, 62.481922584601882 ], [ 6.562991, 62.482029 ], [ 6.562853091104802, 62.482158088841047 ], [ 6.562762019581467, 62.481922584601882 ] ] ] } },
{ "type": "Feature", "properties": { }, "geometry": { "type": "Polygon", "coordinates": [ [ [ 6.562952218717808, 62.481756510649788 ], [ 6.562991, 62.482029 ], [ 6.562762019581467, 62.481922584601882 ], [ 6.562952218717808, 62.481756510649788 ] ] ] } },
{ "type": "Feature", "properties": { }, "geometry": { "type": "Polygon", "coordinates": [ [ [ 6.562952218717808, 62.481756510649788 ], [ 6.563213390046672, 62.481572113649349 ], [ 6.562991, 62.482029 ], [ 6.562952218717808, 62.481756510649788 ] ] ] } },
{ "type": "Feature", "properties": { }, "geometry": { "type": "Polygon", "coordinates": [ [ [ 6.563387175347462, 62.481009476547072 ], [ 6.563914, 62.481425 ], [ 6.563533, 62.48158 ], [ 6.563387175347462, 62.481009476547072 ] ] ] } },
{ "type": "Feature", "properties": { }, "geometry": { "type": "Polygon", "coordinates": [ [ [ 6.563387175347462, 62.481009476547072 ], [ 6.563533, 62.48158 ], [ 6.563213390046672, 62.481572113649349 ], [ 6.563387175347462, 62.481009476547072 ] ] ] } },
{ "type": "Feature", "properties": { }, "geometry": { "type": "Polygon", "coordinates": [ [ [ 6.563387175347462, 62.481009476547072 ], [ 6.56383998049225, 62.480725090573443 ], [ 6.563914, 62.481425 ], [ 6.563387175347462, 62.481009476547072 ] ] ] } },
{ "type": "Feature", "properties": { }, "geometry": { "type": "Polygon", "coordinates": [ [ [ 6.56383998049225, 62.480725090573443 ], [ 6.564298, 62.481001 ], [ 6.563914, 62.481425 ], [ 6.56383998049225, 62.480725090573443 ] ] ] } },
{ "type": "Feature", "properties": { }, "geometry": { "type": "Polygon", "coordinates": [ [ [ 6.56383998049225, 62.480725090573443 ], [ 6.564352, 62.480571 ], [ 6.564298, 62.481001 ], [ 6.56383998049225, 62.480725090573443 ] ] ] } },
{ "type": "Feature", "properties": { }, "geometry": { "type": "Polygon", "coordinates": [ [ [ 6.564018, 62.479676 ], [ 6.564572273069435, 62.480000363482546 ], [ 6.564352, 62.480571 ], [ 6.564018, 62.479676 ] ] ] } },
{ "type": "Feature", "properties": { }, "geometry": { "type": "Polygon", "coordinates": [ [ [ 6.564572273069435, 62.480000363482546 ], [ 6.564738, 62.480371 ], [ 6.564352, 62.480571 ], [ 6.564572273069435, 62.480000363482546 ] ] ] } },
{ "type": "Feature", "properties": { }, "geometry": { "type": "Polygon", "coordinates": [ [ [ 6.564018, 62.479676 ], [ 6.564352, 62.480571 ], [ 6.56383998049225, 62.480725090573443 ], [ 6.564018, 62.479676 ] ] ] } },
{ "type": "Feature", "properties": { }, "geometry": { "type": "Polygon", "coordinates": [ [ [ 6.564572273069435, 62.480000363482546 ], [ 6.56479, 62.479968 ], [ 6.564738, 62.480371 ], [ 6.564572273069435, 62.480000363482546 ] ] ] } },
{ "type": "Feature", "properties": { }, "geometry": { "type": "Polygon", "coordinates": [ [ [ 6.564741, 62.479859 ], [ 6.56479, 62.479968 ], [ 6.564572273069435, 62.480000363482546 ], [ 6.564741, 62.479859 ] ] ] } },
{ "type": "Feature", "properties": { }, "geometry": { "type": "Polygon", "coordinates": [ [ [ 6.564503, 62.479676 ], [ 6.564741, 62.479859 ], [ 6.564572273069435, 62.480000363482546 ], [ 6.564503, 62.479676 ] ] ] } },
{ "type": "Feature", "properties": { }, "geometry": { "type": "Polygon", "coordinates": [ [ [ 6.564018, 62.479676 ], [ 6.564503, 62.479676 ], [ 6.564572273069435, 62.480000363482546 ], [ 6.564018, 62.479676 ] ] ] } },
{ "type": "Feature", "properties": { }, "geometry": { "type": "Polygon", "coordinates": [ [ [ 6.564018, 62.479676 ], [ 6.56383998049225, 62.480725090573443 ], [ 6.563300691296178, 62.480369099099441 ], [ 6.564018, 62.479676 ] ] ] } },
{ "type": "Feature", "properties": { }, "geometry": { "type": "Polygon", "coordinates": [ [ [ 6.562933909932199, 62.479837089515314 ], [ 6.564018, 62.479676 ], [ 6.563300691296178, 62.480369099099441 ], [ 6.562933909932199, 62.479837089515314 ] ] ] } },
{ "type": "Feature", "properties": { }, "geometry": { "type": "Polygon", "coordinates": [ [ [ 6.563631, 62.479184 ], [ 6.564018, 62.479676 ], [ 6.562933909932199, 62.479837089515314 ], [ 6.563631, 62.479184 ] ] ] } },
{ "type": "Feature", "properties": { }, "geometry": { "type": "Polygon", "coordinates": [ [ [ 6.563187, 62.478916 ], [ 6.563631, 62.479184 ], [ 6.562933909932199, 62.479837089515314 ], [ 6.563187, 62.478916 ] ] ] } },
{ "type": "Feature", "properties": { }, "geometry": { "type": "Polygon", "coordinates": [ [ [ 6.562317, 62.478641 ], [ 6.563187, 62.478916 ], [ 6.562933909932199, 62.479837089515314 ], [ 6.562317, 62.478641 ] ] ] } },
{ "type": "Feature", "properties": { }, "geometry": { "type": "Polygon", "coordinates": [ [ [ 6.562317, 62.478641 ], [ 6.562933909932199, 62.479837089515314 ], [ 6.561883636621034, 62.479621089100952 ], [ 6.562317, 62.478641 ] ] ] } },
{ "type": "Feature", "properties": { }, "geometry": { "type": "Polygon", "coordinates": [ [ [ 6.561741, 62.478559 ], [ 6.562317, 62.478641 ], [ 6.561883636621034, 62.479621089100952 ], [ 6.561741, 62.478559 ] ] ] } },
{ "type": "Feature", "properties": { }, "geometry": { "type": "Polygon", "coordinates": [ [ [ 6.560657, 62.478531 ], [ 6.561741, 62.478559 ], [ 6.561883636621034, 62.479621089100952 ], [ 6.560657, 62.478531 ] ] ] } },
{ "type": "Feature", "properties": { }, "geometry": { "type": "Polygon", "coordinates": [ [ [ 6.560657, 62.478531 ], [ 6.561883636621034, 62.479621089100952 ], [ 6.559883525426867, 62.480398044890656 ], [ 6.560657, 62.478531 ] ] ] } },
{ "type": "Feature", "properties": { }, "geometry": { "type": "Polygon", "coordinates": [ [ [ 6.559304, 62.478462 ], [ 6.560657, 62.478531 ], [ 6.559883525426867, 62.480398044890656 ], [ 6.559304, 62.478462 ] ] ] } },
{ "type": "Feature", "properties": { }, "geometry": { "type": "Polygon", "coordinates": [ [ [ 6.559304, 62.478462 ], [ 6.559883525426867, 62.480398044890656 ], [ 6.557789571862231, 62.480500885953873 ], [ 6.559304, 62.478462 ] ] ] } },
{ "type": "Feature", "properties": { }, "geometry": { "type": "Polygon", "coordinates": [ [ [ 6.557463, 62.47843 ], [ 6.559304, 62.478462 ], [ 6.557789571862231, 62.480500885953873 ], [ 6.557463, 62.47843 ] ] ] } },
{ "type": "Feature", "properties": { }, "geometry": { "type": "Polygon", "coordinates": [ [ [ 6.557463, 62.47843 ], [ 6.557789571862231, 62.480500885953873 ], [ 6.55567124462497, 62.480719399654092 ], [ 6.557463, 62.47843 ] ] ] } },
{ "type": "Feature", "properties": { }, "geometry": { "type": "Polygon", "coordinates": [ [ [ 6.555049, 62.478756 ], [ 6.557463, 62.47843 ], [ 6.55567124462497, 62.480719399654092 ], [ 6.555049, 62.478756 ] ] ] } },
{ "type": "Feature", "properties": { }, "geometry": { "type": "Polygon", "coordinates": [ [ [ 6.553196, 62.478867 ], [ 6.555049, 62.478756 ], [ 6.554190811208862, 62.479951866396547 ], [ 6.553196, 62.478867 ] ] ] } },
{ "type": "Feature", "properties": { }, "geometry": { "type": "Polygon", "coordinates": [ [ [ 6.555049, 62.478756 ], [ 6.55567124462497, 62.480719399654092 ], [ 6.554190811208862, 62.479951866396547 ], [ 6.555049, 62.478756 ] ] ] } },
{ "type": "Feature", "properties": { }, "geometry": { "type": "Polygon", "coordinates": [ [ [ 6.553196, 62.478867 ], [ 6.554190811208862, 62.479951866396547 ], [ 6.552719418809003, 62.47999172671846 ], [ 6.553196, 62.478867 ] ] ] } },
{ "type": "Feature", "properties": { }, "geometry": { "type": "Polygon", "coordinates": [ [ [ 6.551939, 62.479052 ], [ 6.553196, 62.478867 ], [ 6.552719418809003, 62.47999172671846 ], [ 6.551939, 62.479052 ] ] ] } },
{ "type": "Feature", "properties": { }, "geometry": { "type": "Polygon", "coordinates": [ [ [ 6.551939, 62.479052 ], [ 6.552719418809003, 62.47999172671846 ], [ 6.551508679989015, 62.479829704088544 ], [ 6.551939, 62.479052 ] ] ] } },
{ "type": "Feature", "properties": { }, "geometry": { "type": "Polygon", "coordinates": [ [ [ 6.550815, 62.479274 ], [ 6.551939, 62.479052 ], [ 6.551508679989015, 62.479829704088544 ], [ 6.550815, 62.479274 ] ] ] } },
{ "type": "Feature", "properties": { }, "geometry": { "type": "Polygon", "coordinates": [ [ [ 6.550815, 62.479274 ], [ 6.551508679989015, 62.479829704088544 ], [ 6.550623997584692, 62.479744053608869 ], [ 6.550815, 62.479274 ] ] ] } },
{ "type": "Feature", "properties": { }, "geometry": { "type": "Polygon", "coordinates": [ [ [ 6.550197, 62.47947 ], [ 6.550815, 62.479274 ], [ 6.550623997584692, 62.479744053608869 ], [ 6.550197, 62.47947 ] ] ] } },
{ "type": "Feature", "properties": { }, "geometry": { "type": "Polygon", "coordinates": [ [ [ 6.550197, 62.47947 ], [ 6.550623997584692, 62.479744053608869 ], [ 6.550123318137871, 62.479826226654318 ], [ 6.550197, 62.47947 ] ] ] } },
{ "type": "Feature", "properties": { }, "geometry": { "type": "Polygon", "coordinates": [ [ [ 6.55, 62.479484 ], [ 6.550197, 62.47947 ], [ 6.550123318137871, 62.479826226654318 ], [ 6.55, 62.479484 ] ] ] } },
{ "type": "Feature", "properties": { }, "geometry": { "type": "Polygon", "coordinates": [ [ [ 6.55, 62.479484 ], [ 6.550123318137871, 62.479826226654318 ], [ 6.549755562558365, 62.479765412309476 ], [ 6.55, 62.479484 ] ] ] } },
{ "type": "Feature", "properties": { }, "geometry": { "type": "Polygon", "coordinates": [ [ [ 6.549475, 62.47952 ], [ 6.55, 62.479484 ], [ 6.549755562558365, 62.479765412309476 ], [ 6.549475, 62.47952 ] ] ] } },
{ "type": "Feature", "properties": { }, "geometry": { "type": "Polygon", "coordinates": [ [ [ 6.549475, 62.47952 ], [ 6.549755562558365, 62.479765412309476 ], [ 6.549180232955495, 62.480140066172936 ], [ 6.549475, 62.47952 ] ] ] } },
{ "type": "Feature", "properties": { }, "geometry": { "type": "Polygon", "coordinates": [ [ [ 6.548775327322138, 62.479567485879059 ], [ 6.549475, 62.47952 ], [ 6.549180232955495, 62.480140066172936 ], [ 6.548775327322138, 62.479567485879059 ] ] ] } },
{ "type": "Feature", "properties": { }, "geometry": { "type": "Polygon", "coordinates": [ [ [ 6.54699, 62.479521 ], [ 6.548775327322138, 62.479567485879059 ], [ 6.54796275323344, 62.480571562014077 ], [ 6.54699, 62.479521 ] ] ] } },
{ "type": "Feature", "properties": { }, "geometry": { "type": "Polygon", "coordinates": [ [ [ 6.54699, 62.479521 ], [ 6.54796275323344, 62.480571562014077 ], [ 6.546425142830529, 62.480813618597715 ], [ 6.54699, 62.479521 ] ] ] } },
{ "type": "Feature", "properties": { }, "geometry": { "type": "Polygon", "coordinates": [ [ [ 6.545825, 62.479537 ], [ 6.54699, 62.479521 ], [ 6.546425142830529, 62.480813618597715 ], [ 6.545825, 62.479537 ] ] ] } },
{ "type": "Feature", "properties": { }, "geometry": { "type": "Polygon", "coordinates": [ [ [ 6.545825, 62.479537 ], [ 6.546425142830529, 62.480813618597715 ], [ 6.54483522530476, 62.480781670429025 ], [ 6.545825, 62.479537 ] ] ] } },
{ "type": "Feature", "properties": { }, "geometry": { "type": "Polygon", "coordinates": [ [ [ 6.542536, 62.479407 ], [ 6.545825, 62.479537 ], [ 6.54483522530476, 62.480781670429025 ], [ 6.542536, 62.479407 ] ] ] } },
{ "type": "Feature", "properties": { }, "geometry": { "type": "Polygon", "coordinates": [ [ [ 6.542536, 62.479407 ], [ 6.54483522530476, 62.480781670429025 ], [ 6.542915288880665, 62.481478333181713 ], [ 6.542536, 62.479407 ] ] ] } },
{ "type": "Feature", "properties": { }, "geometry": { "type": "Polygon", "coordinates": [ [ [ 6.541128851914828, 62.480297687646214 ], [ 6.542536, 62.479407 ], [ 6.542915288880665, 62.481478333181713 ], [ 6.541128851914828, 62.480297687646214 ] ] ] } },
{ "type": "Feature", "properties": { }, "geometry": { "type": "Polygon", "coordinates": [ [ [ 6.540587, 62.479274 ], [ 6.542536, 62.479407 ], [ 6.541128851914828, 62.480297687646214 ], [ 6.540587, 62.479274 ] ] ] } },
{ "type": "Feature", "properties": { }, "geometry": { "type": "Polygon", "coordinates": [ [ [ 6.540131947178446, 62.479708009054775 ], [ 6.540587, 62.479274 ], [ 6.541128851914828, 62.480297687646214 ], [ 6.540131947178446, 62.479708009054775 ] ] ] } },
{ "type": "Feature", "properties": { }, "geometry": { "type": "Polygon", "coordinates": [ [ [ 6.53982, 62.479162 ], [ 6.540587, 62.479274 ], [ 6.540131947178446, 62.479708009054775 ], [ 6.53982, 62.479162 ] ] ] } },
{ "type": "Feature", "properties": { }, "geometry": { "type": "Polygon", "coordinates": [ [ [ 6.53982, 62.479162 ], [ 6.540131947178446, 62.479708009054775 ], [ 6.539509591207305, 62.479617953653943 ], [ 6.53982, 62.479162 ] ] ] } },
{ "type": "Feature", "properties": { }, "geometry": { "type": "Polygon", "coordinates": [ [ [ 6.539536, 62.479067 ], [ 6.53982, 62.479162 ], [ 6.539509591207305, 62.479617953653943 ], [ 6.539536, 62.479067 ] ] ] } },
{ "type": "Feature", "properties": { }, "geometry": { "type": "Polygon", "coordinates": [ [ [ 6.539152727897411, 62.479075636172148 ], [ 6.539536, 62.479067 ], [ 6.539509591207305, 62.479617953653943 ], [ 6.539152727897411, 62.479075636172148 ] ] ] } },
{ "type": "Feature", "properties": { }, "geometry": { "type": "Polygon", "coordinates": [ [ [ 6.539475, 62.478868 ], [ 6.539536, 62.479067 ], [ 6.539152727897411, 62.479075636172148 ], [ 6.539475, 62.478868 ] ] ] } },
{ "type": "Feature", "properties": { }, "geometry": { "type": "Polygon", "coordinates": [ [ [ 6.539277, 62.478685 ], [ 6.539475, 62.478868 ], [ 6.539152727897411, 62.479075636172148 ], [ 6.539277, 62.478685 ] ] ] } },
{ "type": "Feature", "properties": { }, "geometry": { "type": "Polygon", "coordinates": [ [ [ 6.538725040703826, 62.478724491849597 ], [ 6.539277, 62.478685 ], [ 6.539152727897411, 62.479075636172148 ], [ 6.538725040703826, 62.478724491849597 ] ] ] } },
{ "type": "Feature", "properties": { }, "geometry": { "type": "Polygon", "coordinates": [ [ [ 6.538314, 62.478354 ], [ 6.539277, 62.478685 ], [ 6.538725040703826, 62.478724491849597 ], [ 6.538314, 62.478354 ] ] ] } },
{ "type": "Feature", "properties": { }, "geometry": { "type": "Polygon", "coordinates": [ [ [ 6.538314, 62.478354 ], [ 6.538725040703826, 62.478724491849597 ], [ 6.538098345088451, 62.479006517139858 ], [ 6.538314, 62.478354 ] ] ] } },
{ "type": "Feature", "properties": { }, "geometry": { "type": "Polygon", "coordinates": [ [ [ 6.537568098092152, 62.478469376922355 ], [ 6.538314, 62.478354 ], [ 6.538098345088451, 62.479006517139858 ], [ 6.537568098092152, 62.478469376922355 ] ] ] } },
{ "type": "Feature", "properties": { }, "geometry": { "type": "Polygon", "coordinates": [ [ [ 6.537153, 62.477839 ], [ 6.538314, 62.478354 ], [ 6.537568098092152, 62.478469376922355 ], [ 6.537153, 62.477839 ] ] ] } },
{ "type": "Feature", "properties": { }, "geometry": { "type": "Polygon", "coordinates": [ [ [ 6.537153, 62.477839 ], [ 6.537568098092152, 62.478469376922355 ], [ 6.536390046380587, 62.478542407584129 ], [ 6.537153, 62.477839 ] ] ] } },
{ "type": "Feature", "properties": { }, "geometry": { "type": "Polygon", "coordinates": [ [ [ 6.536673, 62.477544 ], [ 6.537153, 62.477839 ], [ 6.536390046380587, 62.478542407584129 ], [ 6.536673, 62.477544 ] ] ] } },
{ "type": "Feature", "properties": { }, "geometry": { "type": "Polygon", "coordinates": [ [ [ 6.53575, 62.477204 ], [ 6.536673, 62.477544 ], [ 6.535341818517706, 62.477925180446384 ], [ 6.53575, 62.477204 ] ] ] } },
{ "type": "Feature", "properties": { }, "geometry": { "type": "Polygon", "coordinates": [ [ [ 6.535341818517706, 62.477925180446384 ], [ 6.536673, 62.477544 ], [ 6.536390046380587, 62.478542407584129 ], [ 6.535341818517706, 62.477925180446384 ] ] ] } },
{ "type": "Feature", "properties": { }, "geometry": { "type": "Polygon", "coordinates": [ [ [ 6.535313, 62.477097 ], [ 6.53575, 62.477204 ], [ 6.535341818517706, 62.477925180446384 ], [ 6.535313, 62.477097 ] ] ] } },
{ "type": "Feature", "properties": { }, "geometry": { "type": "Polygon", "coordinates": [ [ [ 6.534674, 62.477077 ], [ 6.535313, 62.477097 ], [ 6.535341818517706, 62.477925180446384 ], [ 6.534674, 62.477077 ] ] ] } },
{ "type": "Feature", "properties": { }, "geometry": { "type": "Polygon", "coordinates": [ [ [ 6.534674, 62.477077 ], [ 6.535341818517706, 62.477925180446384 ], [ 6.533778952219344, 62.478468714827073 ], [ 6.534674, 62.477077 ] ] ] } },
{ "type": "Feature", "properties": { }, "geometry": { "type": "Polygon", "coordinates": [ [ [ 6.532348, 62.477279 ], [ 6.534674, 62.477077 ], [ 6.533778952219344, 62.478468714827073 ], [ 6.532348, 62.477279 ] ] ] } },
{ "type": "Feature", "properties": { }, "geometry": { "type": "Polygon", "coordinates": [ [ [ 6.532348, 62.477279 ], [ 6.533778952219344, 62.478468714827073 ], [ 6.531527529718908, 62.478687492298171 ], [ 6.532348, 62.477279 ] ] ] } },
{ "type": "Feature", "properties": { }, "geometry": { "type": "Polygon", "coordinates": [ [ [ 6.530759, 62.47725 ], [ 6.532348, 62.477279 ], [ 6.531527529718908, 62.478687492298171 ], [ 6.530759, 62.47725 ] ] ] } },
{ "type": "Feature", "properties": { }, "geometry": { "type": "Polygon", "coordinates": [ [ [ 6.530759, 62.47725 ], [ 6.531527529718908, 62.478687492298171 ], [ 6.529405894384076, 62.478397265766183 ], [ 6.530759, 62.47725 ] ] ] } },
{ "type": "Feature", "properties": { }, "geometry": { "type": "Polygon", "coordinates": [ [ [ 6.529838, 62.477117 ], [ 6.530759, 62.47725 ], [ 6.529405894384076, 62.478397265766183 ], [ 6.529838, 62.477117 ] ] ] } },
{ "type": "Feature", "properties": { }, "geometry": { "type": "Polygon", "coordinates": [ [ [ 6.528965, 62.47712 ], [ 6.529838, 62.477117 ], [ 6.529405894384076, 62.478397265766183 ], [ 6.528965, 62.47712 ] ] ] } },
{ "type": "Feature", "properties": { }, "geometry": { "type": "Polygon", "coordinates": [ [ [ 6.527694, 62.477232 ], [ 6.528965, 62.47712 ], [ 6.529405894384076, 62.478397265766183 ], [ 6.527694, 62.477232 ] ] ] } },
{ "type": "Feature", "properties": { }, "geometry": { "type": "Polygon", "coordinates": [ [ [ 6.527694, 62.477232 ], [ 6.529405894384076, 62.478397265766183 ], [ 6.528613514139706, 62.479491765306477 ], [ 6.527694, 62.477232 ] ] ] } },
{ "type": "Feature", "properties": { }, "geometry": { "type": "Polygon", "coordinates": [ [ [ 6.527694, 62.477232 ], [ 6.528613514139706, 62.479491765306477 ], [ 6.526652918409137, 62.479007717135381 ], [ 6.527694, 62.477232 ] ] ] } },
{ "type": "Feature", "properties": { }, "geometry": { "type": "Polygon", "coordinates": [ [ [ 6.526098, 62.477294 ], [ 6.527694, 62.477232 ], [ 6.526652918409137, 62.479007717135381 ], [ 6.526098, 62.477294 ] ] ] } },
{ "type": "Feature", "properties": { }, "geometry": { "type": "Polygon", "coordinates": [ [ [ 6.526098, 62.477294 ], [ 6.526652918409137, 62.479007717135381 ], [ 6.52513923664259, 62.479273540041476 ], [ 6.526098, 62.477294 ] ] ] } },
{ "type": "Feature", "properties": { }, "geometry": { "type": "Polygon", "coordinates": [ [ [ 6.52498, 62.477202 ], [ 6.526098, 62.477294 ], [ 6.52513923664259, 62.479273540041476 ], [ 6.52498, 62.477202 ] ] ] } },
{ "type": "Feature", "properties": { }, "geometry": { "type": "Polygon", "coordinates": [ [ [ 6.524121681758541, 62.478101680411847 ], [ 6.52498, 62.477202 ], [ 6.52513923664259, 62.479273540041476 ], [ 6.524121681758541, 62.478101680411847 ] ] ] } },
{ "type": "Feature", "properties": { }, "geometry": { "type": "Polygon", "coordinates": [ [ [ 6.524312, 62.477298 ], [ 6.52498, 62.477202 ], [ 6.524121681758541, 62.478101680411847 ], [ 6.524312, 62.477298 ] ] ] } },
{ "type": "Feature", "properties": { }, "geometry": { "type": "Polygon", "coordinates": [ [ [ 6.523864, 62.477317 ], [ 6.524312, 62.477298 ], [ 6.524121681758541, 62.478101680411847 ], [ 6.523864, 62.477317 ] ] ] } },
{ "type": "Feature", "properties": { }, "geometry": { "type": "Polygon", "coordinates": [ [ [ 6.523864, 62.477317 ], [ 6.524121681758541, 62.478101680411847 ], [ 6.523297454448141, 62.477959908171137 ], [ 6.523864, 62.477317 ] ] ] } },
{ "type": "Feature", "properties": { }, "geometry": { "type": "Polygon", "coordinates": [ [ [ 6.523389, 62.477425 ], [ 6.523864, 62.477317 ], [ 6.523297454448141, 62.477959908171137 ], [ 6.523389, 62.477425 ] ] ] } },
{ "type": "Feature", "properties": { }, "geometry": { "type": "Polygon", "coordinates": [ [ [ 6.523096, 62.477456 ], [ 6.523389, 62.477425 ], [ 6.523297454448141, 62.477959908171137 ], [ 6.523096, 62.477456 ] ] ] } },
{ "type": "Feature", "properties": { }, "geometry": { "type": "Polygon", "coordinates": [ [ [ 6.523096, 62.477456 ], [ 6.523297454448141, 62.477959908171137 ], [ 6.522581759666232, 62.477953808304818 ], [ 6.523096, 62.477456 ] ] ] } },
{ "type": "Feature", "properties": { }, "geometry": { "type": "Polygon", "coordinates": [ [ [ 6.522212, 62.477341 ], [ 6.523096, 62.477456 ], [ 6.522581759666232, 62.477953808304818 ], [ 6.522212, 62.477341 ] ] ] } },
{ "type": "Feature", "properties": { }, "geometry": { "type": "Polygon", "coordinates": [ [ [ 6.522212, 62.477341 ], [ 6.522581759666232, 62.477953808304818 ], [ 6.521689228743635, 62.478074390582911 ], [ 6.522212, 62.477341 ] ] ] } },
{ "type": "Feature", "properties": { }, "geometry": { "type": "Polygon", "coordinates": [ [ [ 6.521205, 62.477315 ], [ 6.522212, 62.477341 ], [ 6.521689228743635, 62.478074390582911 ], [ 6.521205, 62.477315 ] ] ] } },
{ "type": "Feature", "properties": { }, "geometry": { "type": "Polygon", "coordinates": [ [ [ 6.521205, 62.477315 ], [ 6.521689228743635, 62.478074390582911 ], [ 6.520597272516953, 62.477909544585003 ], [ 6.521205, 62.477315 ] ] ] } },
{ "type": "Feature", "properties": { }, "geometry": { "type": "Polygon", "coordinates": [ [ [ 6.520617, 62.477385 ], [ 6.521205, 62.477315 ], [ 6.520597272516953, 62.477909544585003 ], [ 6.520617, 62.477385 ] ] ] } },
{ "type": "Feature", "properties": { }, "geometry": { "type": "Polygon", "coordinates": [ [ [ 6.52034, 62.477452 ], [ 6.520617, 62.477385 ], [ 6.520597272516953, 62.477909544585003 ], [ 6.52034, 62.477452 ] ] ] } },
{ "type": "Feature", "properties": { }, "geometry": { "type": "Polygon", "coordinates": [ [ [ 6.52034, 62.477452 ], [ 6.520597272516953, 62.477909544585003 ], [ 6.519955778616151, 62.477969146760927 ], [ 6.52034, 62.477452 ] ] ] } },
{ "type": "Feature", "properties": { }, "geometry": { "type": "Polygon", "coordinates": [ [ [ 6.519746, 62.47736 ], [ 6.52034, 62.477452 ], [ 6.519955778616151, 62.477969146760927 ], [ 6.519746, 62.47736 ] ] ] } },
{ "type": "Feature", "properties": { }, "geometry": { "type": "Polygon", "coordinates": [ [ [ 6.519746, 62.47736 ], [ 6.519955778616151, 62.477969146760927 ], [ 6.518858769775439, 62.478207738043203 ], [ 6.519746, 62.47736 ] ] ] } },
{ "type": "Feature", "properties": { }, "geometry": { "type": "Polygon", "coordinates": [ [ [ 6.51824, 62.477271 ], [ 6.519746, 62.47736 ], [ 6.518858769775439, 62.478207738043203 ], [ 6.51824, 62.477271 ] ] ] } },
{ "type": "Feature", "properties": { }, "geometry": { "type": "Polygon", "coordinates": [ [ [ 6.517608, 62.477161 ], [ 6.51824, 62.477271 ], [ 6.517829352314288, 62.477759793976098 ], [ 6.517608, 62.477161 ] ] ] } },
{ "type": "Feature", "properties": { }, "geometry": { "type": "Polygon", "coordinates": [ [ [ 6.51824, 62.477271 ], [ 6.518858769775439, 62.478207738043203 ], [ 6.517829352314288, 62.477759793976098 ], [ 6.51824, 62.477271 ] ] ] } },
{ "type": "Feature", "properties": { }, "geometry": { "type": "Polygon", "coordinates": [ [ [ 6.517280891791268, 62.477433079838761 ], [ 6.517608, 62.477161 ], [ 6.517829352314288, 62.477759793976098 ], [ 6.517280891791268, 62.477433079838761 ] ] ] } },
{ "type": "Feature", "properties": { }, "geometry": { "type": "Polygon", "coordinates": [ [ [ 6.517032, 62.477088 ], [ 6.517608, 62.477161 ], [ 6.517280891791268, 62.477433079838761 ], [ 6.517032, 62.477088 ] ] ] } },
{ "type": "Feature", "properties": { }, "geometry": { "type": "Polygon", "coordinates": [ [ [ 6.517032, 62.477088 ], [ 6.517280891791268, 62.477433079838761 ], [ 6.516862136517447, 62.477357772206176 ], [ 6.517032, 62.477088 ] ] ] } },
{ "type": "Feature", "properties": { }, "geometry": { "type": "Polygon", "coordinates": [ [ [ 6.516866, 62.477039 ], [ 6.517032, 62.477088 ], [ 6.516862136517447, 62.477357772206176 ], [ 6.516866, 62.477039 ] ] ] } },
{ "type": "Feature", "properties": { }, "geometry": { "type": "Polygon", "coordinates": [ [ [ 6.516445, 62.476915 ], [ 6.516866, 62.477039 ], [ 6.516862136517447, 62.477357772206176 ], [ 6.516445, 62.476915 ] ] ] } },
{ "type": "Feature", "properties": { }, "geometry": { "type": "Polygon", "coordinates": [ [ [ 6.516445, 62.476915 ], [ 6.516862136517447, 62.477357772206176 ], [ 6.51592009146455, 62.477827395952581 ], [ 6.516445, 62.476915 ] ] ] } },
{ "type": "Feature", "properties": { }, "geometry": { "type": "Polygon", "coordinates": [ [ [ 6.515678, 62.476803 ], [ 6.516445, 62.476915 ], [ 6.51592009146455, 62.477827395952581 ], [ 6.515678, 62.476803 ] ] ] } },
{ "type": "Feature", "properties": { }, "geometry": { "type": "Polygon", "coordinates": [ [ [ 6.514175, 62.476911 ], [ 6.515678, 62.476803 ], [ 6.51592009146455, 62.477827395952581 ], [ 6.514175, 62.476911 ] ] ] } },
{ "type": "Feature", "properties": { }, "geometry": { "type": "Polygon", "coordinates": [ [ [ 6.514175, 62.476911 ], [ 6.51592009146455, 62.477827395952581 ], [ 6.515111794191736, 62.479435073944018 ], [ 6.514175, 62.476911 ] ] ] } },
{ "type": "Feature", "properties": { }, "geometry": { "type": "Polygon", "coordinates": [ [ [ 6.513102006227805, 62.477918054912116 ], [ 6.514175, 62.476911 ], [ 6.515111794191736, 62.479435073944018 ], [ 6.513102006227805, 62.477918054912116 ] ] ] } },
{ "type": "Feature", "properties": { }, "geometry": { "type": "Polygon", "coordinates": [ [ [ 6.512325, 62.476752 ], [ 6.514175, 62.476911 ], [ 6.513102006227805, 62.477918054912116 ], [ 6.512325, 62.476752 ] ] ] } },
{ "type": "Feature", "properties": { }, "geometry": { "type": "Polygon", "coordinates": [ [ [ 6.511830212849494, 62.477329867578852 ], [ 6.512325, 62.476752 ], [ 6.513102006227805, 62.477918054912116 ], [ 6.511830212849494, 62.477329867578852 ] ] ] } },
{ "type": "Feature", "properties": { }, "geometry": { "type": "Polygon", "coordinates": [ [ [ 6.511356, 62.476735 ], [ 6.512325, 62.476752 ], [ 6.511830212849494, 62.477329867578852 ], [ 6.511356, 62.476735 ] ] ] } },
{ "type": "Feature", "properties": { }, "geometry": { "type": "Polygon", "coordinates": [ [ [ 6.511356, 62.476735 ], [ 6.511830212849494, 62.477329867578852 ], [ 6.511071818345059, 62.477389726067301 ], [ 6.511356, 62.476735 ] ] ] } },
{ "type": "Feature", "properties": { }, "geometry": { "type": "Polygon", "coordinates": [ [ [ 6.510972, 62.476683 ], [ 6.511356, 62.476735 ], [ 6.511071818345059, 62.477389726067301 ], [ 6.510972, 62.476683 ] ] ] } },
{ "type": "Feature", "properties": { }, "geometry": { "type": "Polygon", "coordinates": [ [ [ 6.510972, 62.476683 ], [ 6.511071818345059, 62.477389726067301 ], [ 6.510300999654694, 62.477387089722498 ], [ 6.510972, 62.476683 ] ] ] } },
{ "type": "Feature", "properties": { }, "geometry": { "type": "Polygon", "coordinates": [ [ [ 6.510295, 62.476662 ], [ 6.510972, 62.476683 ], [ 6.510300999654694, 62.477387089722498 ], [ 6.510295, 62.476662 ] ] ] } },
{ "type": "Feature", "properties": { }, "geometry": { "type": "Polygon", "coordinates": [ [ [ 6.509917, 62.476772 ], [ 6.510295, 62.476662 ], [ 6.510300999654694, 62.477387089722498 ], [ 6.509917, 62.476772 ] ] ] } },
{ "type": "Feature", "properties": { }, "geometry": { "type": "Polygon", "coordinates": [ [ [ 6.509917, 62.476772 ], [ 6.510300999654694, 62.477387089722498 ], [ 6.50942829274279, 62.477504509343426 ], [ 6.509917, 62.476772 ] ] ] } },
{ "type": "Feature", "properties": { }, "geometry": { "type": "Polygon", "coordinates": [ [ [ 6.508693, 62.47702 ], [ 6.509917, 62.476772 ], [ 6.50942829274279, 62.477504509343426 ], [ 6.508693, 62.47702 ] ] ] } },
{ "type": "Feature", "properties": { }, "geometry": { "type": "Polygon", "coordinates": [ [ [ 6.508693, 62.47702 ], [ 6.50942829274279, 62.477504509343426 ], [ 6.508201744965358, 62.478565725862119 ], [ 6.508693, 62.47702 ] ] ] } },
{ "type": "Feature", "properties": { }, "geometry": { "type": "Polygon", "coordinates": [ [ [ 6.50704, 62.477062 ], [ 6.508693, 62.47702 ], [ 6.508201744965358, 62.478565725862119 ], [ 6.50704, 62.477062 ] ] ] } },
{ "type": "Feature", "properties": { }, "geometry": { "type": "Polygon", "coordinates": [ [ [ 6.50704, 62.477062 ], [ 6.508201744965358, 62.478565725862119 ], [ 6.5065421819312, 62.478582724547962 ], [ 6.50704, 62.477062 ] ] ] } },
{ "type": "Feature", "properties": { }, "geometry": { "type": "Polygon", "coordinates": [ [ [ 6.506172, 62.477026 ], [ 6.50704, 62.477062 ], [ 6.5065421819312, 62.478582724547962 ], [ 6.506172, 62.477026 ] ] ] } },
{ "type": "Feature", "properties": { }, "geometry": { "type": "Polygon", "coordinates": [ [ [ 6.506172, 62.477026 ], [ 6.5065421819312, 62.478582724547962 ], [ 6.5046856364656, 62.477946385098626 ], [ 6.506172, 62.477026 ] ] ] } },
{ "type": "Feature", "properties": { }, "geometry": { "type": "Polygon", "coordinates": [ [ [ 6.504332, 62.476951 ], [ 6.506172, 62.477026 ], [ 6.5046856364656, 62.477946385098626 ], [ 6.504332, 62.476951 ] ] ] } },
{ "type": "Feature", "properties": { }, "geometry": { "type": "Polygon", "coordinates": [ [ [ 6.503863996712161, 62.477282488751342 ], [ 6.504332, 62.476951 ], [ 6.5046856364656, 62.477946385098626 ], [ 6.503863996712161, 62.477282488751342 ] ] ] } },
{ "type": "Feature", "properties": { }, "geometry": { "type": "Polygon", "coordinates": [ [ [ 6.503651, 62.47675 ], [ 6.504332, 62.476951 ], [ 6.503863996712161, 62.477282488751342 ], [ 6.503651, 62.47675 ] ] ] } },
{ "type": "Feature", "properties": { }, "geometry": { "type": "Polygon", "coordinates": [ [ [ 6.503458, 62.476729 ], [ 6.503651, 62.47675 ], [ 6.5033851818276, 62.476966817758033 ], [ 6.503458, 62.476729 ] ] ] } },
{ "type": "Feature", "properties": { }, "geometry": { "type": "Polygon", "coordinates": [ [ [ 6.5033851818276, 62.476966817758033 ], [ 6.503651, 62.47675 ], [ 6.503863996712161, 62.477282488751342 ], [ 6.5033851818276, 62.476966817758033 ] ] ] } },
{ "type": "Feature", "properties": { }, "geometry": { "type": "Polygon", "coordinates": [ [ [ 6.503323, 62.476726 ], [ 6.503458, 62.476729 ], [ 6.5033851818276, 62.476966817758033 ], [ 6.503323, 62.476726 ] ] ] } },
{ "type": "Feature", "properties": { }, "geometry": { "type": "Polygon", "coordinates": [ [ [ 6.503323, 62.476726 ], [ 6.5033851818276, 62.476966817758033 ], [ 6.502927187462336, 62.47695664010547 ], [ 6.503323, 62.476726 ] ] ] } },
{ "type": "Feature", "properties": { }, "geometry": { "type": "Polygon", "coordinates": [ [ [ 6.50244434468021, 62.476706474326228 ], [ 6.503323, 62.476726 ], [ 6.502927187462336, 62.47695664010547 ], [ 6.50244434468021, 62.476706474326228 ] ] ] } },
{ "type": "Feature", "properties": { }, "geometry": { "type": "Polygon", "coordinates": [ [ [ 6.5, 62.476446 ], [ 6.501919, 62.476566 ], [ 6.50092357978775, 62.477080424060929 ], [ 6.5, 62.476446 ] ] ] } },
{ "type": "Feature", "properties": { }, "geometry": { "type": "Polygon", "coordinates": [ [ [ 6.501919, 62.476566 ], [ 6.50244434468021, 62.476706474326228 ], [ 6.502447703958212, 62.477291038817761 ], [ 6.501919, 62.476566 ] ] ] } },
{ "type": "Feature", "properties": { }, "geometry": { "type": "Polygon", "coordinates": [ [ [ 6.501919, 62.476566 ], [ 6.502447703958212, 62.477291038817761 ], [ 6.501932650111847, 62.477567528356175 ], [ 6.501919, 62.476566 ] ] ] } },
{ "type": "Feature", "properties": { }, "geometry": { "type": "Polygon", "coordinates": [ [ [ 6.501919, 62.476566 ], [ 6.501932650111847, 62.477567528356175 ], [ 6.50092357978775, 62.477080424060929 ], [ 6.501919, 62.476566 ] ] ] } },
{ "type": "Feature", "properties": { }, "geometry": { "type": "Polygon", "coordinates": [ [ [ 6.5, 62.476446 ], [ 6.50092357978775, 62.477080424060929 ], [ 6.499451227448517, 62.478011678996104 ], [ 6.5, 62.476446 ] ] ] } },
{ "type": "Feature", "properties": { }, "geometry": { "type": "Polygon", "coordinates": [ [ [ 6.499101, 62.47639 ], [ 6.5, 62.476446 ], [ 6.499451227448517, 62.478011678996104 ], [ 6.499101, 62.47639 ] ] ] } },
{ "type": "Feature", "properties": { }, "geometry": { "type": "Polygon", "coordinates": [ [ [ 6.499101, 62.47639 ], [ 6.499451227448517, 62.478011678996104 ], [ 6.497980762596183, 62.478022881829759 ], [ 6.499101, 62.47639 ] ] ] } },
{ "type": "Feature", "properties": { }, "geometry": { "type": "Polygon", "coordinates": [ [ [ 6.497994362603351, 62.476552437194542 ], [ 6.499101, 62.47639 ], [ 6.497980762596183, 62.478022881829759 ], [ 6.497994362603351, 62.476552437194542 ] ] ] } },
{ "type": "Feature", "properties": { }, "geometry": { "type": "Polygon", "coordinates": [ [ [ 6.496188, 62.47641 ], [ 6.497994362603351, 62.476552437194542 ], [ 6.496956021757272, 62.47696822615206 ], [ 6.496188, 62.47641 ] ] ] } },
{ "type": "Feature", "properties": { }, "geometry": { "type": "Polygon", "coordinates": [ [ [ 6.496188, 62.47641 ], [ 6.496956021757272, 62.47696822615206 ], [ 6.496009500069059, 62.476893590033271 ], [ 6.496188, 62.47641 ] ] ] } },
{ "type": "Feature", "properties": { }, "geometry": { "type": "Polygon", "coordinates": [ [ [ 6.495909, 62.476388 ], [ 6.496188, 62.47641 ], [ 6.496009500069059, 62.476893590033271 ], [ 6.495909, 62.476388 ] ] ] } },
{ "type": "Feature", "properties": { }, "geometry": { "type": "Polygon", "coordinates": [ [ [ 6.495263, 62.476339 ], [ 6.495909, 62.476388 ], [ 6.496009500069059, 62.476893590033271 ], [ 6.495263, 62.476339 ] ] ] } },
{ "type": "Feature", "properties": { }, "geometry": { "type": "Polygon", "coordinates": [ [ [ 6.495263, 62.476339 ], [ 6.496009500069059, 62.476893590033271 ], [ 6.494834918537881, 62.477694918831894 ], [ 6.495263, 62.476339 ] ] ] } },
{ "type": "Feature", "properties": { }, "geometry": { "type": "Polygon", "coordinates": [ [ [ 6.494488, 62.476316 ], [ 6.495263, 62.476339 ], [ 6.494834918537881, 62.477694918831894 ], [ 6.494488, 62.476316 ] ] ] } },
{ "type": "Feature", "properties": { }, "geometry": { "type": "Polygon", "coordinates": [ [ [ 6.494488, 62.476316 ], [ 6.494834918537881, 62.477694918831894 ], [ 6.493903546243543, 62.477196140747239 ], [ 6.494488, 62.476316 ] ] ] } },
{ "type": "Feature", "properties": { }, "geometry": { "type": "Polygon", "coordinates": [ [ [ 6.493527, 62.476209 ], [ 6.494488, 62.476316 ], [ 6.493903546243543, 62.477196140747239 ], [ 6.493527, 62.476209 ] ] ] } },
{ "type": "Feature", "properties": { }, "geometry": { "type": "Polygon", "coordinates": [ [ [ 6.493527, 62.476209 ], [ 6.493903546243543, 62.477196140747239 ], [ 6.492727864276753, 62.477658133616899 ], [ 6.493527, 62.476209 ] ] ] } },
{ "type": "Feature", "properties": { }, "geometry": { "type": "Polygon", "coordinates": [ [ [ 6.492652, 62.476005 ], [ 6.493527, 62.476209 ], [ 6.492727864276753, 62.477658133616899 ], [ 6.492652, 62.476005 ] ] ] } },
{ "type": "Feature", "properties": { }, "geometry": { "type": "Polygon", "coordinates": [ [ [ 6.491243, 62.475908 ], [ 6.492652, 62.476005 ], [ 6.492727864276753, 62.477658133616899 ], [ 6.491243, 62.475908 ] ] ] } },
{ "type": "Feature", "properties": { }, "geometry": { "type": "Polygon", "coordinates": [ [ [ 6.490278, 62.475845 ], [ 6.491243, 62.475908 ], [ 6.489767500345305, 62.476908588928296 ], [ 6.490278, 62.475845 ] ] ] } },
{ "type": "Feature", "properties": { }, "geometry": { "type": "Polygon", "coordinates": [ [ [ 6.491243, 62.475908 ], [ 6.492727864276753, 62.477658133616899 ], [ 6.489767500345305, 62.476908588928296 ], [ 6.491243, 62.475908 ] ] ] } },
{ "type": "Feature", "properties": { }, "geometry": { "type": "Polygon", "coordinates": [ [ [ 6.489647, 62.475735 ], [ 6.490278, 62.475845 ], [ 6.489767500345305, 62.476908588928296 ], [ 6.489647, 62.475735 ] ] ] } },
{ "type": "Feature", "properties": { }, "geometry": { "type": "Polygon", "coordinates": [ [ [ 6.489647, 62.475735 ], [ 6.489767500345305, 62.476908588928296 ], [ 6.488649704783185, 62.47643037983125 ], [ 6.489647, 62.475735 ] ] ] } },
{ "type": "Feature", "properties": { }, "geometry": { "type": "Polygon", "coordinates": [ [ [ 6.488525, 62.475221 ], [ 6.489647, 62.475735 ], [ 6.488649704783185, 62.47643037983125 ], [ 6.488525, 62.475221 ] ] ] } },
{ "type": "Feature", "properties": { }, "geometry": { "type": "Polygon", "coordinates": [ [ [ 6.48795, 62.474681 ], [ 6.488525, 62.475221 ], [ 6.487280228967857, 62.475970316376817 ], [ 6.48795, 62.474681 ] ] ] } },
{ "type": "Feature", "properties": { }, "geometry": { "type": "Polygon", "coordinates": [ [ [ 6.488525, 62.475221 ], [ 6.488649704783185, 62.47643037983125 ], [ 6.487280228967857, 62.475970316376817 ], [ 6.488525, 62.475221 ] ] ] } },
{ "type": "Feature", "properties": { }, "geometry": { "type": "Polygon", "coordinates": [ [ [ 6.48708, 62.474414 ], [ 6.48795, 62.474681 ], [ 6.487280228967857, 62.475970316376817 ], [ 6.48708, 62.474414 ] ] ] } },
{ "type": "Feature", "properties": { }, "geometry": { "type": "Polygon", "coordinates": [ [ [ 6.485637, 62.473804 ], [ 6.48708, 62.474414 ], [ 6.486078090806528, 62.47477232863308 ], [ 6.485637, 62.473804 ] ] ] } },
{ "type": "Feature", "properties": { }, "geometry": { "type": "Polygon", "coordinates": [ [ [ 6.486078090806528, 62.47477232863308 ], [ 6.48708, 62.474414 ], [ 6.487280228967857, 62.475970316376817 ], [ 6.486078090806528, 62.47477232863308 ] ] ] } },
{ "type": "Feature", "properties": { }, "geometry": { "type": "Polygon", "coordinates": [ [ [ 6.485637, 62.473804 ], [ 6.486078090806528, 62.47477232863308 ], [ 6.485052109460375, 62.474490222768921 ], [ 6.485637, 62.473804 ] ] ] } },
{ "type": "Feature", "properties": { }, "geometry": { "type": "Polygon", "coordinates": [ [ [ 6.484897, 62.473602 ], [ 6.485637, 62.473804 ], [ 6.485052109460375, 62.474490222768921 ], [ 6.484897, 62.473602 ] ] ] } },
{ "type": "Feature", "properties": { }, "geometry": { "type": "Polygon", "coordinates": [ [ [ 6.484134, 62.473445 ], [ 6.484897, 62.473602 ], [ 6.484237182311023, 62.47487608851393 ], [ 6.484134, 62.473445 ] ] ] } },
{ "type": "Feature", "properties": { }, "geometry": { "type": "Polygon", "coordinates": [ [ [ 6.484897, 62.473602 ], [ 6.485052109460375, 62.474490222768921 ], [ 6.484237182311023, 62.47487608851393 ], [ 6.484897, 62.473602 ] ] ] } },
{ "type": "Feature", "properties": { }, "geometry": { "type": "Polygon", "coordinates": [ [ [ 6.484134, 62.473445 ], [ 6.484237182311023, 62.47487608851393 ], [ 6.482459366734822, 62.474657607067968 ], [ 6.484134, 62.473445 ] ] ] } },
{ "type": "Feature", "properties": { }, "geometry": { "type": "Polygon", "coordinates": [ [ [ 6.483016, 62.473128 ], [ 6.484134, 62.473445 ], [ 6.482459366734822, 62.474657607067968 ], [ 6.483016, 62.473128 ] ] ] } },
{ "type": "Feature", "properties": { }, "geometry": { "type": "Polygon", "coordinates": [ [ [ 6.481987463866792, 62.473297067700045 ], [ 6.483016, 62.473128 ], [ 6.482459366734822, 62.474657607067968 ], [ 6.481987463866792, 62.473297067700045 ] ] ] } },
{ "type": "Feature", "properties": { }, "geometry": { "type": "Polygon", "coordinates": [ [ [ 6.481365, 62.472461 ], [ 6.483016, 62.473128 ], [ 6.481987463866792, 62.473297067700045 ], [ 6.481365, 62.472461 ] ] ] } },
{ "type": "Feature", "properties": { }, "geometry": { "type": "Polygon", "coordinates": [ [ [ 6.481365, 62.472461 ], [ 6.481987463866792, 62.473297067700045 ], [ 6.480973143582565, 62.473057015985788 ], [ 6.481365, 62.472461 ] ] ] } },
{ "type": "Feature", "properties": { }, "geometry": { "type": "Polygon", "coordinates": [ [ [ 6.480589, 62.472456 ], [ 6.481365, 62.472461 ], [ 6.480973143582565, 62.473057015985788 ], [ 6.480589, 62.472456 ] ] ] } },
{ "type": "Feature", "properties": { }, "geometry": { "type": "Polygon", "coordinates": [ [ [ 6.480589, 62.472456 ], [ 6.480973143582565, 62.473057015985788 ], [ 6.480261931605955, 62.473002573065919 ], [ 6.480589, 62.472456 ] ] ] } },
{ "type": "Feature", "properties": { }, "geometry": { "type": "Polygon", "coordinates": [ [ [ 6.48011, 62.472384 ], [ 6.480589, 62.472456 ], [ 6.480261931605955, 62.473002573065919 ], [ 6.48011, 62.472384 ] ] ] } },
{ "type": "Feature", "properties": { }, "geometry": { "type": "Polygon", "coordinates": [ [ [ 6.48011, 62.472384 ], [ 6.480261931605955, 62.473002573065919 ], [ 6.479629018712314, 62.473074246769841 ], [ 6.48011, 62.472384 ] ] ] } },
{ "type": "Feature", "properties": { }, "geometry": { "type": "Polygon", "coordinates": [ [ [ 6.479238, 62.472368 ], [ 6.48011, 62.472384 ], [ 6.479629018712314, 62.473074246769841 ], [ 6.479238, 62.472368 ] ] ] } },
{ "type": "Feature", "properties": { }, "geometry": { "type": "Polygon", "coordinates": [ [ [ 6.478926590862, 62.472676408550974 ], [ 6.479238, 62.472368 ], [ 6.479629018712314, 62.473074246769841 ], [ 6.478926590862, 62.472676408550974 ] ] ] } },
{ "type": "Feature", "properties": { }, "geometry": { "type": "Polygon", "coordinates": [ [ [ 6.478986, 62.472364 ], [ 6.479238, 62.472368 ], [ 6.478926590862, 62.472676408550974 ], [ 6.478986, 62.472364 ] ] ] } },
{ "type": "Feature", "properties": { }, "geometry": { "type": "Polygon", "coordinates": [ [ [ 6.478814, 62.472379 ], [ 6.478986, 62.472364 ], [ 6.478926590862, 62.472676408550974 ], [ 6.478814, 62.472379 ] ] ] } },
{ "type": "Feature", "properties": { }, "geometry": { "type": "Polygon", "coordinates": [ [ [ 6.478419, 62.472407 ], [ 6.478814, 62.472379 ], [ 6.478926590862, 62.472676408550974 ], [ 6.478419, 62.472407 ] ] ] } },
{ "type": "Feature", "properties": { }, "geometry": { "type": "Polygon", "coordinates": [ [ [ 6.478419, 62.472407 ], [ 6.478926590862, 62.472676408550974 ], [ 6.478242995098156, 62.473351488228687 ], [ 6.478419, 62.472407 ] ] ] } },
{ "type": "Feature", "properties": { }, "geometry": { "type": "Polygon", "coordinates": [ [ [ 6.478419, 62.472407 ], [ 6.478242995098156, 62.473351488228687 ], [ 6.477282291428513, 62.473342312241527 ], [ 6.478419, 62.472407 ] ] ] } },
{ "type": "Feature", "properties": { }, "geometry": { "type": "Polygon", "coordinates": [ [ [ 6.476622, 62.472546 ], [ 6.478419, 62.472407 ], [ 6.477282291428513, 62.473342312241527 ], [ 6.476622, 62.472546 ] ] ] } },
{ "type": "Feature", "properties": { }, "geometry": { "type": "Polygon", "coordinates": [ [ [ 6.476622, 62.472546 ], [ 6.477282291428513, 62.473342312241527 ], [ 6.476303214442828, 62.473008386781771 ], [ 6.476622, 62.472546 ] ] ] } },
{ "type": "Feature", "properties": { }, "geometry": { "type": "Polygon", "coordinates": [ [ [ 6.476622, 62.472546 ], [ 6.476303214442828, 62.473008386781771 ], [ 6.475786654240355, 62.472787952381914 ], [ 6.476622, 62.472546 ] ] ] } },
{ "type": "Feature", "properties": { }, "geometry": { "type": "Polygon", "coordinates": [ [ [ 6.475523078373989, 62.472623457420454 ], [ 6.476622, 62.472546 ], [ 6.475786654240355, 62.472787952381914 ], [ 6.475523078373989, 62.472623457420454 ] ] ] } },
{ "type": "Feature", "properties": { }, "geometry": { "type": "Polygon", "coordinates": [ [ [ 6.475419, 62.472613 ], [ 6.475435235478392, 62.472618971069821 ], [ 6.475418272724129, 62.472622363620665 ], [ 6.475419, 62.472613 ] ] ] } },
{ "type": "Feature", "properties": { }, "geometry": { "type": "Polygon", "coordinates": [ [ [ 6.475414, 62.472614 ], [ 6.475419, 62.472613 ], [ 6.475418272724129, 62.472622363620665 ], [ 6.475414, 62.472614 ] ] ] } },
{ "type": "Feature", "properties": { }, "geometry": { "type": "Polygon", "coordinates": [ [ [ 6.475414, 62.472614 ], [ 6.475418272724129, 62.472622363620665 ], [ 6.475401309969866, 62.47262575617151 ], [ 6.475414, 62.472614 ] ] ] } },
{ "type": "Feature", "properties": { }, "geometry": { "type": "Polygon", "coordinates": [ [ [ 6.475414, 62.472614 ], [ 6.475401309969866, 62.47262575617151 ], [ 6.475368111737213, 62.472623177652537 ], [ 6.475414, 62.472614 ] ] ] } },
{ "type": "Feature", "properties": { }, "geometry": { "type": "Polygon", "coordinates": [ [ [ 6.474638, 62.472609 ], [ 6.47521136760829, 62.472654526478244 ], [ 6.475083040044591, 62.472822816880431 ], [ 6.474638, 62.472609 ] ] ] } },
{ "type": "Feature", "properties": { }, "geometry": { "type": "Polygon", "coordinates": [ [ [ 6.474638, 62.472609 ], [ 6.475083040044591, 62.472822816880431 ], [ 6.474875542423302, 62.47329354247465 ], [ 6.474638, 62.472609 ] ] ] } },
{ "type": "Feature", "properties": { }, "geometry": { "type": "Polygon", "coordinates": [ [ [ 6.474638, 62.472609 ], [ 6.474875542423302, 62.47329354247465 ], [ 6.474140375849246, 62.473022337899323 ], [ 6.474638, 62.472609 ] ] ] } },
{ "type": "Feature", "properties": { }, "geometry": { "type": "Polygon", "coordinates": [ [ [ 6.473691, 62.472557 ], [ 6.474638, 62.472609 ], [ 6.474140375849246, 62.473022337899323 ], [ 6.473691, 62.472557 ] ] ] } },
{ "type": "Feature", "properties": { }, "geometry": { "type": "Polygon", "coordinates": [ [ [ 6.473691, 62.472557 ], [ 6.474140375849246, 62.473022337899323 ], [ 6.473501136413859, 62.47312158989515 ], [ 6.473691, 62.472557 ] ] ] } },
{ "type": "Feature", "properties": { }, "geometry": { "type": "Polygon", "coordinates": [ [ [ 6.473368, 62.472541 ], [ 6.473691, 62.472557 ], [ 6.473501136413859, 62.47312158989515 ], [ 6.473368, 62.472541 ] ] ] } },
{ "type": "Feature", "properties": { }, "geometry": { "type": "Polygon", "coordinates": [ [ [ 6.473368, 62.472541 ], [ 6.473501136413859, 62.47312158989515 ], [ 6.472817079840992, 62.472972892635248 ], [ 6.473368, 62.472541 ] ] ] } },
{ "type": "Feature", "properties": { }, "geometry": { "type": "Polygon", "coordinates": [ [ [ 6.472405, 62.472407 ], [ 6.473368, 62.472541 ], [ 6.472817079840992, 62.472972892635248 ], [ 6.472405, 62.472407 ] ] ] } },
{ "type": "Feature", "properties": { }, "geometry": { "type": "Polygon", "coordinates": [ [ [ 6.472405, 62.472407 ], [ 6.472817079840992, 62.472972892635248 ], [ 6.471607868388963, 62.473420450196713 ], [ 6.472405, 62.472407 ] ] ] } },
{ "type": "Feature", "properties": { }, "geometry": { "type": "Polygon", "coordinates": [ [ [ 6.47109, 62.471889 ], [ 6.472405, 62.472407 ], [ 6.471607868388963, 62.473420450196713 ], [ 6.47109, 62.471889 ] ] ] } },
{ "type": "Feature", "properties": { }, "geometry": { "type": "Polygon", "coordinates": [ [ [ 6.47109, 62.471889 ], [ 6.471607868388963, 62.473420450196713 ], [ 6.470587868012128, 62.472912083854517 ], [ 6.47109, 62.471889 ] ] ] } },
{ "type": "Feature", "properties": { }, "geometry": { "type": "Polygon", "coordinates": [ [ [ 6.470262, 62.47182 ], [ 6.47109, 62.471889 ], [ 6.470587868012128, 62.472912083854517 ], [ 6.470262, 62.47182 ] ] ] } },
{ "type": "Feature", "properties": { }, "geometry": { "type": "Polygon", "coordinates": [ [ [ 6.4693, 62.471713 ], [ 6.470262, 62.47182 ], [ 6.470587868012128, 62.472912083854517 ], [ 6.4693, 62.471713 ] ] ] } },
{ "type": "Feature", "properties": { }, "geometry": { "type": "Polygon", "coordinates": [ [ [ 6.4693, 62.471713 ], [ 6.470587868012128, 62.472912083854517 ], [ 6.468773818345047, 62.473225724547959 ], [ 6.4693, 62.471713 ] ] ] } },
{ "type": "Feature", "properties": { }, "geometry": { "type": "Polygon", "coordinates": [ [ [ 6.468432, 62.471661 ], [ 6.4693, 62.471713 ], [ 6.468773818345047, 62.473225724547959 ], [ 6.468432, 62.471661 ] ] ] } },
{ "type": "Feature", "properties": { }, "geometry": { "type": "Polygon", "coordinates": [ [ [ 6.468432, 62.471661 ], [ 6.468773818345047, 62.473225724547959 ], [ 6.467815224623436, 62.472615434112015 ], [ 6.468432, 62.471661 ] ] ] } },
{ "type": "Feature", "properties": { }, "geometry": { "type": "Polygon", "coordinates": [ [ [ 6.467412, 62.471553 ], [ 6.468432, 62.471661 ], [ 6.467815224623436, 62.472615434112015 ], [ 6.467412, 62.471553 ] ] ] } },
{ "type": "Feature", "properties": { }, "geometry": { "type": "Polygon", "coordinates": [ [ [ 6.467412, 62.471553 ], [ 6.467815224623436, 62.472615434112015 ], [ 6.466694546035281, 62.47284145210007 ], [ 6.467412, 62.471553 ] ] ] } },
{ "type": "Feature", "properties": { }, "geometry": { "type": "Polygon", "coordinates": [ [ [ 6.466633, 62.471368 ], [ 6.467412, 62.471553 ], [ 6.466694546035281, 62.47284145210007 ], [ 6.466633, 62.471368 ] ] ] } },
{ "type": "Feature", "properties": { }, "geometry": { "type": "Polygon", "coordinates": [ [ [ 6.465562, 62.471187 ], [ 6.466633, 62.471368 ], [ 6.466694546035281, 62.47284145210007 ], [ 6.465562, 62.471187 ] ] ] } },
{ "type": "Feature", "properties": { }, "geometry": { "type": "Polygon", "coordinates": [ [ [ 6.465562, 62.471187 ], [ 6.466694546035281, 62.47284145210007 ], [ 6.464542578636268, 62.47309970436924 ], [ 6.465562, 62.471187 ] ] ] } },
{ "type": "Feature", "properties": { }, "geometry": { "type": "Polygon", "coordinates": [ [ [ 6.46436, 62.47094 ], [ 6.465562, 62.471187 ], [ 6.464542578636268, 62.47309970436924 ], [ 6.46436, 62.47094 ] ] ] } },
{ "type": "Feature", "properties": { }, "geometry": { "type": "Polygon", "coordinates": [ [ [ 6.46436, 62.47094 ], [ 6.464542578636268, 62.47309970436924 ], [ 6.463418602951908, 62.472107154164988 ], [ 6.46436, 62.47094 ] ] ] } },
{ "type": "Feature", "properties": { }, "geometry": { "type": "Polygon", "coordinates": [ [ [ 6.462906, 62.470698 ], [ 6.46436, 62.47094 ], [ 6.463418602951908, 62.472107154164988 ], [ 6.462906, 62.470698 ] ] ] } },
{ "type": "Feature", "properties": { }, "geometry": { "type": "Polygon", "coordinates": [ [ [ 6.462906, 62.470698 ], [ 6.463418602951908, 62.472107154164988 ], [ 6.460882954620788, 62.472139042720364 ], [ 6.462906, 62.470698 ] ] ] } },
{ "type": "Feature", "properties": { }, "geometry": { "type": "Polygon", "coordinates": [ [ [ 6.461361, 62.470607 ], [ 6.462906, 62.470698 ], [ 6.460882954620788, 62.472139042720364 ], [ 6.461361, 62.470607 ] ] ] } },
{ "type": "Feature", "properties": { }, "geometry": { "type": "Polygon", "coordinates": [ [ [ 6.46049, 62.470583 ], [ 6.461361, 62.470607 ], [ 6.460882954620788, 62.472139042720364 ], [ 6.46049, 62.470583 ] ] ] } },
{ "type": "Feature", "properties": { }, "geometry": { "type": "Polygon", "coordinates": [ [ [ 6.45903, 62.47087 ], [ 6.46049, 62.470583 ], [ 6.460882954620788, 62.472139042720364 ], [ 6.45903, 62.47087 ] ] ] } },
{ "type": "Feature", "properties": { }, "geometry": { "type": "Polygon", "coordinates": [ [ [ 6.45903, 62.47087 ], [ 6.460882954620788, 62.472139042720364 ], [ 6.458783363344423, 62.472375451961945 ], [ 6.45903, 62.47087 ] ] ] } },
{ "type": "Feature", "properties": { }, "geometry": { "type": "Polygon", "coordinates": [ [ [ 6.458207, 62.470963 ], [ 6.45903, 62.47087 ], [ 6.458783363344423, 62.472375451961945 ], [ 6.458207, 62.470963 ] ] ] } },
{ "type": "Feature", "properties": { }, "geometry": { "type": "Polygon", "coordinates": [ [ [ 6.457124000276247, 62.471588635170768 ], [ 6.458207, 62.470963 ], [ 6.458783363344423, 62.472375451961945 ], [ 6.457124000276247, 62.471588635170768 ] ] ] } },
{ "type": "Feature", "properties": { }, "geometry": { "type": "Polygon", "coordinates": [ [ [ 6.45747, 62.470959 ], [ 6.458207, 62.470963 ], [ 6.457124000276247, 62.471588635170768 ], [ 6.45747, 62.470959 ] ] ] } },
{ "type": "Feature", "properties": { }, "geometry": { "type": "Polygon", "coordinates": [ [ [ 6.45709, 62.470871 ], [ 6.45747, 62.470959 ], [ 6.457124000276247, 62.471588635170768 ], [ 6.45709, 62.470871 ] ] ] } },
{ "type": "Feature", "properties": { }, "geometry": { "type": "Polygon", "coordinates": [ [ [ 6.456468983095412, 62.471003948762089 ], [ 6.45709, 62.470871 ], [ 6.457124000276247, 62.471588635170768 ], [ 6.456468983095412, 62.471003948762089 ] ] ] } },
{ "type": "Feature", "properties": { }, "geometry": { "type": "Polygon", "coordinates": [ [ [ 6.456175, 62.470441 ], [ 6.45709, 62.470871 ], [ 6.456468983095412, 62.471003948762089 ], [ 6.456175, 62.470441 ] ] ] } },
{ "type": "Feature", "properties": { }, "geometry": { "type": "Polygon", "coordinates": [ [ [ 6.456175, 62.470441 ], [ 6.456468983095412, 62.471003948762089 ], [ 6.455696168935199, 62.470849118753137 ], [ 6.456175, 62.470441 ] ] ] } },
{ "type": "Feature", "properties": { }, "geometry": { "type": "Polygon", "coordinates": [ [ [ 6.455731, 62.470424 ], [ 6.456175, 62.470441 ], [ 6.455696168935199, 62.470849118753137 ], [ 6.455731, 62.470424 ] ] ] } },
{ "type": "Feature", "properties": { }, "geometry": { "type": "Polygon", "coordinates": [ [ [ 6.455503727413988, 62.470468454310016 ], [ 6.455731, 62.470424 ], [ 6.455696168935199, 62.470849118753137 ], [ 6.455503727413988, 62.470468454310016 ] ] ] } },
{ "type": "Feature", "properties": { }, "geometry": { "type": "Polygon", "coordinates": [ [ [ 6.455621, 62.470358 ], [ 6.455731, 62.470424 ], [ 6.455503727413988, 62.470468454310016 ], [ 6.455621, 62.470358 ] ] ] } },
{ "type": "Feature", "properties": { }, "geometry": { "type": "Polygon", "coordinates": [ [ [ 6.455546, 62.470313 ], [ 6.455621, 62.470358 ], [ 6.455503727413988, 62.470468454310016 ], [ 6.455546, 62.470313 ] ] ] } },
{ "type": "Feature", "properties": { }, "geometry": { "type": "Polygon", "coordinates": [ [ [ 6.455304228416948, 62.47033072994892 ], [ 6.455546, 62.470313 ], [ 6.455503727413988, 62.470468454310016 ], [ 6.455304228416948, 62.47033072994892 ] ] ] } },
{ "type": "Feature", "properties": { }, "geometry": { "type": "Polygon", "coordinates": [ [ [ 6.455121, 62.470172 ], [ 6.455546, 62.470313 ], [ 6.455304228416948, 62.47033072994892 ], [ 6.455121, 62.470172 ] ] ] } },
{ "type": "Feature", "properties": { }, "geometry": { "type": "Polygon", "coordinates": [ [ [ 6.454999, 62.470132 ], [ 6.455121, 62.470172 ], [ 6.454989091034659, 62.470368272344295 ], [ 6.454999, 62.470132 ] ] ] } },
{ "type": "Feature", "properties": { }, "geometry": { "type": "Polygon", "coordinates": [ [ [ 6.455121, 62.470172 ], [ 6.455304228416948, 62.47033072994892 ], [ 6.454989091034659, 62.470368272344295 ], [ 6.455121, 62.470172 ] ] ] } },
{ "type": "Feature", "properties": { }, "geometry": { "type": "Polygon", "coordinates": [ [ [ 6.45477, 62.470083 ], [ 6.454999, 62.470132 ], [ 6.454989091034659, 62.470368272344295 ], [ 6.45477, 62.470083 ] ] ] } },
{ "type": "Feature", "properties": { }, "geometry": { "type": "Polygon", "coordinates": [ [ [ 6.45477, 62.470083 ], [ 6.454989091034659, 62.470368272344295 ], [ 6.454774441590501, 62.470723924114374 ], [ 6.45477, 62.470083 ] ] ] } },
{ "type": "Feature", "properties": { }, "geometry": { "type": "Polygon", "coordinates": [ [ [ 6.45477, 62.470083 ], [ 6.454774441590501, 62.470723924114374 ], [ 6.454373836347955, 62.470614024136744 ], [ 6.45477, 62.470083 ] ] ] } },
{ "type": "Feature", "properties": { }, "geometry": { "type": "Polygon", "coordinates": [ [ [ 6.45379, 62.469975 ], [ 6.45477, 62.470083 ], [ 6.454373836347955, 62.470614024136744 ], [ 6.45379, 62.469975 ] ] ] } },
{ "type": "Feature", "properties": { }, "geometry": { "type": "Polygon", "coordinates": [ [ [ 6.45379, 62.469975 ], [ 6.454373836347955, 62.470614024136744 ], [ 6.453426355006828, 62.470994649031525 ], [ 6.45379, 62.469975 ] ] ] } },
{ "type": "Feature", "properties": { }, "geometry": { "type": "Polygon", "coordinates": [ [ [ 6.45307, 62.469774 ], [ 6.45379, 62.469975 ], [ 6.453426355006828, 62.470994649031525 ], [ 6.45307, 62.469774 ] ] ] } },
{ "type": "Feature", "properties": { }, "geometry": { "type": "Polygon", "coordinates": [ [ [ 6.45307, 62.469774 ], [ 6.453426355006828, 62.470994649031525 ], [ 6.452505909655953, 62.470552634825459 ], [ 6.45307, 62.469774 ] ] ] } },
{ "type": "Feature", "properties": { }, "geometry": { "type": "Polygon", "coordinates": [ [ [ 6.45258, 62.469594 ], [ 6.45307, 62.469774 ], [ 6.452505909655953, 62.470552634825459 ], [ 6.45258, 62.469594 ] ] ] } },
{ "type": "Feature", "properties": { }, "geometry": { "type": "Polygon", "coordinates": [ [ [ 6.451575, 62.469549 ], [ 6.45258, 62.469594 ], [ 6.452505909655953, 62.470552634825459 ], [ 6.451575, 62.469549 ] ] ] } },
{ "type": "Feature", "properties": { }, "geometry": { "type": "Polygon", "coordinates": [ [ [ 6.450884, 62.469698 ], [ 6.451575, 62.469549 ], [ 6.451368324019419, 62.470267308036362 ], [ 6.450884, 62.469698 ] ] ] } },
{ "type": "Feature", "properties": { }, "geometry": { "type": "Polygon", "coordinates": [ [ [ 6.451575, 62.469549 ], [ 6.452505909655953, 62.470552634825459 ], [ 6.451368324019419, 62.470267308036362 ], [ 6.451575, 62.469549 ] ] ] } },
{ "type": "Feature", "properties": { }, "geometry": { "type": "Polygon", "coordinates": [ [ [ 6.450884, 62.469698 ], [ 6.451368324019419, 62.470267308036362 ], [ 6.450687863551599, 62.470576589377195 ], [ 6.450884, 62.469698 ] ] ] } },
{ "type": "Feature", "properties": { }, "geometry": { "type": "Polygon", "coordinates": [ [ [ 6.450396, 62.469725 ], [ 6.450884, 62.469698 ], [ 6.450687863551599, 62.470576589377195 ], [ 6.450396, 62.469725 ] ] ] } },
{ "type": "Feature", "properties": { }, "geometry": { "type": "Polygon", "coordinates": [ [ [ 6.449819272896788, 62.469872363102709 ], [ 6.450396, 62.469725 ], [ 6.450687863551599, 62.470576589377195 ], [ 6.449819272896788, 62.469872363102709 ] ] ] } },
{ "type": "Feature", "properties": { }, "geometry": { "type": "Polygon", "coordinates": [ [ [ 6.45, 62.469598 ], [ 6.450396, 62.469725 ], [ 6.449819272896788, 62.469872363102709 ], [ 6.45, 62.469598 ] ] ] } },
{ "type": "Feature", "properties": { }, "geometry": { "type": "Polygon", "coordinates": [ [ [ 6.44983, 62.469544 ], [ 6.45, 62.469598 ], [ 6.449819272896788, 62.469872363102709 ], [ 6.44983, 62.469544 ] ] ] } },
{ "type": "Feature", "properties": { }, "geometry": { "type": "Polygon", "coordinates": [ [ [ 6.449389, 62.469473 ], [ 6.44983, 62.469544 ], [ 6.449819272896788, 62.469872363102709 ], [ 6.449389, 62.469473 ] ] ] } },
{ "type": "Feature", "properties": { }, "geometry": { "type": "Polygon", "coordinates": [ [ [ 6.449389, 62.469473 ], [ 6.449819272896788, 62.469872363102709 ], [ 6.449086209785303, 62.47023069455792 ], [ 6.449389, 62.469473 ] ] ] } },
{ "type": "Feature", "properties": { }, "geometry": { "type": "Polygon", "coordinates": [ [ [ 6.448326, 62.469426 ], [ 6.449389, 62.469473 ], [ 6.449086209785303, 62.47023069455792 ], [ 6.448326, 62.469426 ] ] ] } },
{ "type": "Feature", "properties": { }, "geometry": { "type": "Polygon", "coordinates": [ [ [ 6.448326, 62.469426 ], [ 6.449086209785303, 62.47023069455792 ], [ 6.448270317896165, 62.470240862273982 ], [ 6.448326, 62.469426 ] ] ] } },
{ "type": "Feature", "properties": { }, "geometry": { "type": "Polygon", "coordinates": [ [ [ 6.447892, 62.469517 ], [ 6.448326, 62.469426 ], [ 6.448270317896165, 62.470240862273982 ], [ 6.447892, 62.469517 ] ] ] } },
{ "type": "Feature", "properties": { }, "geometry": { "type": "Polygon", "coordinates": [ [ [ 6.447251, 62.469515 ], [ 6.447892, 62.469517 ], [ 6.447569533303849, 62.470146326115717 ], [ 6.447251, 62.469515 ] ] ] } },
{ "type": "Feature", "properties": { }, "geometry": { "type": "Polygon", "coordinates": [ [ [ 6.447892, 62.469517 ], [ 6.448270317896165, 62.470240862273982 ], [ 6.447569533303849, 62.470146326115717 ], [ 6.447892, 62.469517 ] ] ] } },
{ "type": "Feature", "properties": { }, "geometry": { "type": "Polygon", "coordinates": [ [ [ 6.447251, 62.469515 ], [ 6.447569533303849, 62.470146326115717 ], [ 6.446648259014755, 62.470215131249788 ], [ 6.447251, 62.469515 ] ] ] } },
{ "type": "Feature", "properties": { }, "geometry": { "type": "Polygon", "coordinates": [ [ [ 6.446132, 62.469449 ], [ 6.447251, 62.469515 ], [ 6.446648259014755, 62.470215131249788 ], [ 6.446132, 62.469449 ] ] ] } },
{ "type": "Feature", "properties": { }, "geometry": { "type": "Polygon", "coordinates": [ [ [ 6.445076, 62.469313 ], [ 6.446132, 62.469449 ], [ 6.445465680904819, 62.470455007092006 ], [ 6.445076, 62.469313 ] ] ] } },
{ "type": "Feature", "properties": { }, "geometry": { "type": "Polygon", "coordinates": [ [ [ 6.446132, 62.469449 ], [ 6.446648259014755, 62.470215131249788 ], [ 6.445465680904819, 62.470455007092006 ], [ 6.446132, 62.469449 ] ] ] } },
{ "type": "Feature", "properties": { }, "geometry": { "type": "Polygon", "coordinates": [ [ [ 6.445076, 62.469313 ], [ 6.445465680904819, 62.470455007092006 ], [ 6.444056252867858, 62.470298450699829 ], [ 6.445076, 62.469313 ] ] ] } },
{ "type": "Feature", "properties": { }, "geometry": { "type": "Polygon", "coordinates": [ [ [ 6.443082, 62.469268 ], [ 6.445076, 62.469313 ], [ 6.444056252867858, 62.470298450699829 ], [ 6.443082, 62.469268 ] ] ] } },
{ "type": "Feature", "properties": { }, "geometry": { "type": "Polygon", "coordinates": [ [ [ 6.443082, 62.469268 ], [ 6.444056252867858, 62.470298450699829 ], [ 6.442337363931447, 62.47127026909844 ], [ 6.443082, 62.469268 ] ] ] } },
{ "type": "Feature", "properties": { }, "geometry": { "type": "Polygon", "coordinates": [ [ [ 6.441926, 62.469174 ], [ 6.443082, 62.469268 ], [ 6.442337363931447, 62.47127026909844 ], [ 6.441926, 62.469174 ] ] ] } },
{ "type": "Feature", "properties": { }, "geometry": { "type": "Polygon", "coordinates": [ [ [ 6.440689545759047, 62.469727816929307 ], [ 6.441926, 62.469174 ], [ 6.442337363931447, 62.47127026909844 ], [ 6.440689545759047, 62.469727816929307 ] ] ] } },
{ "type": "Feature", "properties": { }, "geometry": { "type": "Polygon", "coordinates": [ [ [ 6.441061, 62.469069 ], [ 6.441926, 62.469174 ], [ 6.440689545759047, 62.469727816929307 ], [ 6.441061, 62.469069 ] ] ] } },
{ "type": "Feature", "properties": { }, "geometry": { "type": "Polygon", "coordinates": [ [ [ 6.440662, 62.468972 ], [ 6.441061, 62.469069 ], [ 6.440689545759047, 62.469727816929307 ], [ 6.440662, 62.468972 ] ] ] } },
{ "type": "Feature", "properties": { }, "geometry": { "type": "Polygon", "coordinates": [ [ [ 6.440088, 62.46888 ], [ 6.440662, 62.468972 ], [ 6.440689545759047, 62.469727816929307 ], [ 6.440088, 62.46888 ] ] ] } },
{ "type": "Feature", "properties": { }, "geometry": { "type": "Polygon", "coordinates": [ [ [ 6.439079773000376, 62.469268771653688 ], [ 6.440088, 62.46888 ], [ 6.440689545759047, 62.469727816929307 ], [ 6.439079773000376, 62.469268771653688 ] ] ] } },
{ "type": "Feature", "properties": { }, "geometry": { "type": "Polygon", "coordinates": [ [ [ 6.439405, 62.468706 ], [ 6.440088, 62.46888 ], [ 6.439079773000376, 62.469268771653688 ], [ 6.439405, 62.468706 ] ] ] } },
{ "type": "Feature", "properties": { }, "geometry": { "type": "Polygon", "coordinates": [ [ [ 6.439063, 62.468619 ], [ 6.439405, 62.468706 ], [ 6.439079773000376, 62.469268771653688 ], [ 6.439063, 62.468619 ] ] ] } },
{ "type": "Feature", "properties": { }, "geometry": { "type": "Polygon", "coordinates": [ [ [ 6.439063, 62.468619 ], [ 6.439079773000376, 62.469268771653688 ], [ 6.438356516702828, 62.468962339250155 ], [ 6.439063, 62.468619 ] ] ] } },
{ "type": "Feature", "properties": { }, "geometry": { "type": "Polygon", "coordinates": [ [ [ 6.437801, 62.468407 ], [ 6.439063, 62.468619 ], [ 6.438356516702828, 62.468962339250155 ], [ 6.437801, 62.468407 ] ] ] } },
{ "type": "Feature", "properties": { }, "geometry": { "type": "Polygon", "coordinates": [ [ [ 6.437801, 62.468407 ], [ 6.438356516702828, 62.468962339250155 ], [ 6.437094295060331, 62.469669447490794 ], [ 6.437801, 62.468407 ] ] ] } },
{ "type": "Feature", "properties": { }, "geometry": { "type": "Polygon", "coordinates": [ [ [ 6.436944, 62.468212 ], [ 6.437801, 62.468407 ], [ 6.437094295060331, 62.469669447490794 ], [ 6.436944, 62.468212 ] ] ] } },
{ "type": "Feature", "properties": { }, "geometry": { "type": "Polygon", "coordinates": [ [ [ 6.435918, 62.468184 ], [ 6.436944, 62.468212 ], [ 6.437094295060331, 62.469669447490794 ], [ 6.435918, 62.468184 ] ] ] } },
{ "type": "Feature", "properties": { }, "geometry": { "type": "Polygon", "coordinates": [ [ [ 6.435918, 62.468184 ], [ 6.437094295060331, 62.469669447490794 ], [ 6.434964446816767, 62.469233278196675 ], [ 6.435918, 62.468184 ] ] ] } },
{ "type": "Feature", "properties": { }, "geometry": { "type": "Polygon", "coordinates": [ [ [ 6.434568, 62.467872 ], [ 6.435918, 62.468184 ], [ 6.434964446816767, 62.469233278196675 ], [ 6.434568, 62.467872 ] ] ] } },
{ "type": "Feature", "properties": { }, "geometry": { "type": "Polygon", "coordinates": [ [ [ 6.434568, 62.467872 ], [ 6.434964446816767, 62.469233278196675 ], [ 6.433546766610029, 62.469254044484011 ], [ 6.434568, 62.467872 ] ] ] } },
{ "type": "Feature", "properties": { }, "geometry": { "type": "Polygon", "coordinates": [ [ [ 6.433018, 62.467619 ], [ 6.434568, 62.467872 ], [ 6.433546766610029, 62.469254044484011 ], [ 6.433018, 62.467619 ] ] ] } },
{ "type": "Feature", "properties": { }, "geometry": { "type": "Polygon", "coordinates": [ [ [ 6.433018, 62.467619 ], [ 6.433546766610029, 62.469254044484011 ], [ 6.431945942208693, 62.469878805101089 ], [ 6.433018, 62.467619 ] ] ] } },
{ "type": "Feature", "properties": { }, "geometry": { "type": "Polygon", "coordinates": [ [ [ 6.431466, 62.467617 ], [ 6.433018, 62.467619 ], [ 6.431945942208693, 62.469878805101089 ], [ 6.431466, 62.467617 ] ] ] } },
{ "type": "Feature", "properties": { }, "geometry": { "type": "Polygon", "coordinates": [ [ [ 6.430354864000493, 62.468201134998118 ], [ 6.431466, 62.467617 ], [ 6.431945942208693, 62.469878805101089 ], [ 6.430354864000493, 62.468201134998118 ] ] ] } },
{ "type": "Feature", "properties": { }, "geometry": { "type": "Polygon", "coordinates": [ [ [ 6.430778, 62.467488 ], [ 6.431466, 62.467617 ], [ 6.430354864000493, 62.468201134998118 ], [ 6.430778, 62.467488 ] ] ] } },
{ "type": "Feature", "properties": { }, "geometry": { "type": "Polygon", "coordinates": [ [ [ 6.430343, 62.467372 ], [ 6.430778, 62.467488 ], [ 6.430354864000493, 62.468201134998118 ], [ 6.430343, 62.467372 ] ] ] } },
{ "type": "Feature", "properties": { }, "geometry": { "type": "Polygon", "coordinates": [ [ [ 6.429669, 62.467306 ], [ 6.430343, 62.467372 ], [ 6.430354864000493, 62.468201134998118 ], [ 6.429669, 62.467306 ] ] ] } },
{ "type": "Feature", "properties": { }, "geometry": { "type": "Polygon", "coordinates": [ [ [ 6.429669, 62.467306 ], [ 6.430354864000493, 62.468201134998118 ], [ 6.429322500276247, 62.467937407894901 ], [ 6.429669, 62.467306 ] ] ] } },
{ "type": "Feature", "properties": { }, "geometry": { "type": "Polygon", "coordinates": [ [ [ 6.429288, 62.467218 ], [ 6.429669, 62.467306 ], [ 6.429322500276247, 62.467937407894901 ], [ 6.429288, 62.467218 ] ] ] } },
{ "type": "Feature", "properties": { }, "geometry": { "type": "Polygon", "coordinates": [ [ [ 6.429288, 62.467218 ], [ 6.429322500276247, 62.467937407894901 ], [ 6.428029938400938, 62.467638863419772 ], [ 6.429288, 62.467218 ] ] ] } },
{ "type": "Feature", "properties": { }, "geometry": { "type": "Polygon", "coordinates": [ [ [ 6.426418, 62.46721 ], [ 6.429288, 62.467218 ], [ 6.428029938400938, 62.467638863419772 ], [ 6.426418, 62.46721 ] ] ] } },
{ "type": "Feature", "properties": { }, "geometry": { "type": "Polygon", "coordinates": [ [ [ 6.426418, 62.46721 ], [ 6.428029938400938, 62.467638863419772 ], [ 6.426890488146795, 62.468677863202572 ], [ 6.426418, 62.46721 ] ] ] } },
{ "type": "Feature", "properties": { }, "geometry": { "type": "Polygon", "coordinates": [ [ [ 6.426418, 62.46721 ], [ 6.426890488146795, 62.468677863202572 ], [ 6.42469919991442, 62.469345587040713 ], [ 6.426418, 62.46721 ] ] ] } },
{ "type": "Feature", "properties": { }, "geometry": { "type": "Polygon", "coordinates": [ [ [ 6.423284, 62.467323 ], [ 6.426418, 62.46721 ], [ 6.42469919991442, 62.469345587040713 ], [ 6.423284, 62.467323 ] ] ] } },
{ "type": "Feature", "properties": { }, "geometry": { "type": "Polygon", "coordinates": [ [ [ 6.423284, 62.467323 ], [ 6.42469919991442, 62.469345587040713 ], [ 6.422435703533373, 62.468360582843758 ], [ 6.423284, 62.467323 ] ] ] } },
{ "type": "Feature", "properties": { }, "geometry": { "type": "Polygon", "coordinates": [ [ [ 6.421428, 62.467477 ], [ 6.423284, 62.467323 ], [ 6.422435703533373, 62.468360582843758 ], [ 6.421428, 62.467477 ] ] ] } },
{ "type": "Feature", "properties": { }, "geometry": { "type": "Polygon", "coordinates": [ [ [ 6.421428, 62.467477 ], [ 6.422435703533373, 62.468360582843758 ], [ 6.4211126818276, 62.468574588962831 ], [ 6.421428, 62.467477 ] ] ] } },
{ "type": "Feature", "properties": { }, "geometry": { "type": "Polygon", "coordinates": [ [ [ 6.420808, 62.467474 ], [ 6.421428, 62.467477 ], [ 6.4211126818276, 62.468574588962831 ], [ 6.420808, 62.467474 ] ] ] } },
{ "type": "Feature", "properties": { }, "geometry": { "type": "Polygon", "coordinates": [ [ [ 6.420808, 62.467474 ], [ 6.4211126818276, 62.468574588962831 ], [ 6.419621089577489, 62.468395046468345 ], [ 6.420808, 62.467474 ] ] ] } },
{ "type": "Feature", "properties": { }, "geometry": { "type": "Polygon", "coordinates": [ [ [ 6.418675, 62.467228 ], [ 6.420808, 62.467474 ], [ 6.419621089577489, 62.468395046468345 ], [ 6.418675, 62.467228 ] ] ] } },
{ "type": "Feature", "properties": { }, "geometry": { "type": "Polygon", "coordinates": [ [ [ 6.418675, 62.467228 ], [ 6.419621089577489, 62.468395046468345 ], [ 6.417792909794082, 62.468835542409586 ], [ 6.418675, 62.467228 ] ] ] } },
{ "type": "Feature", "properties": { }, "geometry": { "type": "Polygon", "coordinates": [ [ [ 6.417705, 62.467004 ], [ 6.418675, 62.467228 ], [ 6.417792909794082, 62.468835542409586 ], [ 6.417705, 62.467004 ] ] ] } },
{ "type": "Feature", "properties": { }, "geometry": { "type": "Polygon", "coordinates": [ [ [ 6.417705, 62.467004 ], [ 6.417792909794082, 62.468835542409586 ], [ 6.416579698852353, 62.467975892787116 ], [ 6.417705, 62.467004 ] ] ] } },
{ "type": "Feature", "properties": { }, "geometry": { "type": "Polygon", "coordinates": [ [ [ 6.416585, 62.466489 ], [ 6.417705, 62.467004 ], [ 6.416579698852353, 62.467975892787116 ], [ 6.416585, 62.466489 ] ] ] } },
{ "type": "Feature", "properties": { }, "geometry": { "type": "Polygon", "coordinates": [ [ [ 6.416585, 62.466489 ], [ 6.416579698852353, 62.467975892787116 ], [ 6.415102365623434, 62.467450634100324 ], [ 6.416585, 62.466489 ] ] ] } },
{ "type": "Feature", "properties": { }, "geometry": { "type": "Polygon", "coordinates": [ [ [ 6.415864, 62.465856 ], [ 6.416585, 62.466489 ], [ 6.415102365623434, 62.467450634100324 ], [ 6.415864, 62.465856 ] ] ] } },
{ "type": "Feature", "properties": { }, "geometry": { "type": "Polygon", "coordinates": [ [ [ 6.414898, 62.465362 ], [ 6.415864, 62.465856 ], [ 6.415102365623434, 62.467450634100324 ], [ 6.414898, 62.465362 ] ] ] } },
{ "type": "Feature", "properties": { }, "geometry": { "type": "Polygon", "coordinates": [ [ [ 6.41378107880803, 62.465853921894372 ], [ 6.414898, 62.465362 ], [ 6.415102365623434, 62.467450634100324 ], [ 6.41378107880803, 62.465853921894372 ] ] ] } },
{ "type": "Feature", "properties": { }, "geometry": { "type": "Polygon", "coordinates": [ [ [ 6.413059, 62.46487 ], [ 6.414898, 62.465362 ], [ 6.41378107880803, 62.465853921894372 ], [ 6.413059, 62.46487 ] ] ] } },
{ "type": "Feature", "properties": { }, "geometry": { "type": "Polygon", "coordinates": [ [ [ 6.412231, 62.464801 ], [ 6.413059, 62.46487 ], [ 6.412576460174688, 62.465657977903788 ], [ 6.412231, 62.464801 ] ] ] } },
{ "type": "Feature", "properties": { }, "geometry": { "type": "Polygon", "coordinates": [ [ [ 6.413059, 62.46487 ], [ 6.41378107880803, 62.465853921894372 ], [ 6.412576460174688, 62.465657977903788 ], [ 6.413059, 62.46487 ] ] ] } },
{ "type": "Feature", "properties": { }, "geometry": { "type": "Polygon", "coordinates": [ [ [ 6.411457, 62.464777 ], [ 6.412231, 62.464801 ], [ 6.411801454620788, 62.466161088479403 ], [ 6.411457, 62.464777 ] ] ] } },
{ "type": "Feature", "properties": { }, "geometry": { "type": "Polygon", "coordinates": [ [ [ 6.412231, 62.464801 ], [ 6.412576460174688, 62.465657977903788 ], [ 6.411801454620788, 62.466161088479403 ], [ 6.412231, 62.464801 ] ] ] } },
{ "type": "Feature", "properties": { }, "geometry": { "type": "Polygon", "coordinates": [ [ [ 6.410454, 62.46493 ], [ 6.411457, 62.464777 ], [ 6.411801454620788, 62.466161088479403 ], [ 6.410454, 62.46493 ] ] ] } },
{ "type": "Feature", "properties": { }, "geometry": { "type": "Polygon", "coordinates": [ [ [ 6.410454, 62.46493 ], [ 6.411801454620788, 62.466161088479403 ], [ 6.410154975416083, 62.466610243533701 ], [ 6.410454, 62.46493 ] ] ] } },
{ "type": "Feature", "properties": { }, "geometry": { "type": "Polygon", "coordinates": [ [ [ 6.40923, 62.465176 ], [ 6.410454, 62.46493 ], [ 6.410154975416083, 62.466610243533701 ], [ 6.40923, 62.465176 ] ] ] } },
{ "type": "Feature", "properties": { }, "geometry": { "type": "Polygon", "coordinates": [ [ [ 6.40923, 62.465176 ], [ 6.410154975416083, 62.466610243533701 ], [ 6.408063636206682, 62.466432543307384 ], [ 6.40923, 62.465176 ] ] ] } },
{ "type": "Feature", "properties": { }, "geometry": { "type": "Polygon", "coordinates": [ [ [ 6.408317, 62.465195 ], [ 6.40923, 62.465176 ], [ 6.408063636206682, 62.466432543307384 ], [ 6.408317, 62.465195 ] ] ] } },
{ "type": "Feature", "properties": { }, "geometry": { "type": "Polygon", "coordinates": [ [ [ 6.407633, 62.465245 ], [ 6.408317, 62.465195 ], [ 6.408063636206682, 62.466432543307384 ], [ 6.407633, 62.465245 ] ] ] } },
{ "type": "Feature", "properties": { }, "geometry": { "type": "Polygon", "coordinates": [ [ [ 6.406574, 62.465378 ], [ 6.407633, 62.465245 ], [ 6.408063636206682, 62.466432543307384 ], [ 6.406574, 62.465378 ] ] ] } },
{ "type": "Feature", "properties": { }, "geometry": { "type": "Polygon", "coordinates": [ [ [ 6.406574, 62.465378 ], [ 6.408063636206682, 62.466432543307384 ], [ 6.406382660999161, 62.46654211987957 ], [ 6.406574, 62.465378 ] ] ] } },
{ "type": "Feature", "properties": { }, "geometry": { "type": "Polygon", "coordinates": [ [ [ 6.405847, 62.465491 ], [ 6.406574, 62.465378 ], [ 6.406382660999161, 62.46654211987957 ], [ 6.405847, 62.465491 ] ] ] } },
{ "type": "Feature", "properties": { }, "geometry": { "type": "Polygon", "coordinates": [ [ [ 6.405847, 62.465491 ], [ 6.406382660999161, 62.46654211987957 ], [ 6.405205266592913, 62.466467768555539 ], [ 6.405847, 62.465491 ] ] ] } },
{ "type": "Feature", "properties": { }, "geometry": { "type": "Polygon", "coordinates": [ [ [ 6.404621, 62.465755 ], [ 6.405847, 62.465491 ], [ 6.405205266592913, 62.466467768555539 ], [ 6.404621, 62.465755 ] ] ] } },
{ "type": "Feature", "properties": { }, "geometry": { "type": "Polygon", "coordinates": [ [ [ 6.404621, 62.465755 ], [ 6.405205266592913, 62.466467768555539 ], [ 6.404334664211543, 62.466165348386056 ], [ 6.404621, 62.465755 ] ] ] } },
{ "type": "Feature", "properties": { }, "geometry": { "type": "Polygon", "coordinates": [ [ [ 6.403996, 62.465797 ], [ 6.404621, 62.465755 ], [ 6.404334664211543, 62.466165348386056 ], [ 6.403996, 62.465797 ] ] ] } },
{ "type": "Feature", "properties": { }, "geometry": { "type": "Polygon", "coordinates": [ [ [ 6.403996, 62.465797 ], [ 6.404334664211543, 62.466165348386056 ], [ 6.403839266503068, 62.466235740801331 ], [ 6.403996, 62.465797 ] ] ] } },
{ "type": "Feature", "properties": { }, "geometry": { "type": "Polygon", "coordinates": [ [ [ 6.403584, 62.465846 ], [ 6.403996, 62.465797 ], [ 6.403839266503068, 62.466235740801331 ], [ 6.403584, 62.465846 ] ] ] } },
{ "type": "Feature", "properties": { }, "geometry": { "type": "Polygon", "coordinates": [ [ [ 6.403584, 62.465846 ], [ 6.403839266503068, 62.466235740801331 ], [ 6.403475999861883, 62.466527453377701 ], [ 6.403584, 62.465846 ] ] ] } },
{ "type": "Feature", "properties": { }, "geometry": { "type": "Polygon", "coordinates": [ [ [ 6.403212, 62.46589 ], [ 6.403584, 62.465846 ], [ 6.403475999861883, 62.466527453377701 ], [ 6.403212, 62.46589 ] ] ] } },
{ "type": "Feature", "properties": { }, "geometry": { "type": "Polygon", "coordinates": [ [ [ 6.403212, 62.46589 ], [ 6.403475999861883, 62.466527453377701 ], [ 6.402657813138447, 62.466391263778867 ], [ 6.403212, 62.46589 ] ] ] } },
{ "type": "Feature", "properties": { }, "geometry": { "type": "Polygon", "coordinates": [ [ [ 6.402149, 62.465844 ], [ 6.403212, 62.46589 ], [ 6.402657813138447, 62.466391263778867 ], [ 6.402149, 62.465844 ] ] ] } },
{ "type": "Feature", "properties": { }, "geometry": { "type": "Polygon", "coordinates": [ [ [ 6.402149, 62.465844 ], [ 6.402657813138447, 62.466391263778867 ], [ 6.401917000172659, 62.466293362791937 ], [ 6.402149, 62.465844 ] ] ] } },
{ "type": "Feature", "properties": { }, "geometry": { "type": "Polygon", "coordinates": [ [ [ 6.40188, 62.465789 ], [ 6.402149, 62.465844 ], [ 6.401917000172659, 62.466293362791937 ], [ 6.40188, 62.465789 ] ] ] } },
{ "type": "Feature", "properties": { }, "geometry": { "type": "Polygon", "coordinates": [ [ [ 6.40188, 62.465789 ], [ 6.401917000172659, 62.466293362791937 ], [ 6.40135501863453, 62.466081051322689 ], [ 6.40188, 62.465789 ] ] ] } },
{ "type": "Feature", "properties": { }, "geometry": { "type": "Polygon", "coordinates": [ [ [ 6.400986, 62.465607 ], [ 6.40188, 62.465789 ], [ 6.40135501863453, 62.466081051322689 ], [ 6.400986, 62.465607 ] ] ] } },
{ "type": "Feature", "properties": { }, "geometry": { "type": "Polygon", "coordinates": [ [ [ 6.400429555084156, 62.465817727298621 ], [ 6.400986, 62.465607 ], [ 6.40135501863453, 62.466081051322689 ], [ 6.400429555084156, 62.465817727298621 ] ] ] } },
{ "type": "Feature", "properties": { }, "geometry": { "type": "Polygon", "coordinates": [ [ [ 6.4, 62.465406 ], [ 6.400986, 62.465607 ], [ 6.400429555084156, 62.465817727298621 ], [ 6.4, 62.465406 ] ] ] } },
{ "type": "Feature", "properties": { }, "geometry": { "type": "Polygon", "coordinates": [ [ [ 6.4, 62.465406 ], [ 6.400429555084156, 62.465817727298621 ], [ 6.399846409207059, 62.465699499447517 ], [ 6.4, 62.465406 ] ] ] } },
{ "type": "Feature", "properties": { }, "geometry": { "type": "Polygon", "coordinates": [ [ [ 6.399824, 62.465369 ], [ 6.4, 62.465406 ], [ 6.399846409207059, 62.465699499447517 ], [ 6.399824, 62.465369 ] ] ] } },
{ "type": "Feature", "properties": { }, "geometry": { "type": "Polygon", "coordinates": [ [ [ 6.399341, 62.465342 ], [ 6.399824, 62.465369 ], [ 6.399846409207059, 62.465699499447517 ], [ 6.399341, 62.465342 ] ] ] } },
{ "type": "Feature", "properties": { }, "geometry": { "type": "Polygon", "coordinates": [ [ [ 6.399341, 62.465342 ], [ 6.399846409207059, 62.465699499447517 ], [ 6.399118544619102, 62.466192499659662 ], [ 6.399341, 62.465342 ] ] ] } },
{ "type": "Feature", "properties": { }, "geometry": { "type": "Polygon", "coordinates": [ [ [ 6.398714, 62.465412 ], [ 6.399341, 62.465342 ], [ 6.399118544619102, 62.466192499659662 ], [ 6.398714, 62.465412 ] ] ] } },
{ "type": "Feature", "properties": { }, "geometry": { "type": "Polygon", "coordinates": [ [ [ 6.398714, 62.465412 ], [ 6.399118544619102, 62.466192499659662 ], [ 6.398247583865817, 62.466212409881706 ], [ 6.398714, 62.465412 ] ] ] } },
{ "type": "Feature", "properties": { }, "geometry": { "type": "Polygon", "coordinates": [ [ [ 6.397899, 62.465414 ], [ 6.398714, 62.465412 ], [ 6.398247583865817, 62.466212409881706 ], [ 6.397899, 62.465414 ] ] ] } },
{ "type": "Feature", "properties": { }, "geometry": { "type": "Polygon", "coordinates": [ [ [ 6.397899, 62.465414 ], [ 6.398247583865817, 62.466212409881706 ], [ 6.397389409806003, 62.466062388770624 ], [ 6.397899, 62.465414 ] ] ] } },
{ "type": "Feature", "properties": { }, "geometry": { "type": "Polygon", "coordinates": [ [ [ 6.397075, 62.4653 ], [ 6.397899, 62.465414 ], [ 6.397389409806003, 62.466062388770624 ], [ 6.397075, 62.4653 ] ] ] } },
{ "type": "Feature", "properties": { }, "geometry": { "type": "Polygon", "coordinates": [ [ [ 6.397075, 62.4653 ], [ 6.397389409806003, 62.466062388770624 ], [ 6.396572509779788, 62.465949408635836 ], [ 6.397075, 62.4653 ] ] ] } },
{ "type": "Feature", "properties": { }, "geometry": { "type": "Polygon", "coordinates": [ [ [ 6.396107, 62.465273 ], [ 6.397075, 62.4653 ], [ 6.396572509779788, 62.465949408635836 ], [ 6.396107, 62.465273 ] ] ] } },
{ "type": "Feature", "properties": { }, "geometry": { "type": "Polygon", "coordinates": [ [ [ 6.396107, 62.465273 ], [ 6.396572509779788, 62.465949408635836 ], [ 6.395751500276234, 62.465936316929302 ], [ 6.396107, 62.465273 ] ] ] } },
{ "type": "Feature", "properties": { }, "geometry": { "type": "Polygon", "coordinates": [ [ [ 6.395521446689861, 62.465572718964268 ], [ 6.396107, 62.465273 ], [ 6.395751500276234, 62.465936316929302 ], [ 6.395521446689861, 62.465572718964268 ] ] ] } },
{ "type": "Feature", "properties": { }, "geometry": { "type": "Polygon", "coordinates": [ [ [ 6.395708, 62.465185 ], [ 6.396107, 62.465273 ], [ 6.395521446689861, 62.465572718964268 ], [ 6.395708, 62.465185 ] ] ] } },
{ "type": "Feature", "properties": { }, "geometry": { "type": "Polygon", "coordinates": [ [ [ 6.395281000207189, 62.465215908620038 ], [ 6.395708, 62.465185 ], [ 6.395521446689861, 62.465572718964268 ], [ 6.395281000207189, 62.465215908620038 ] ] ] } },
{ "type": "Feature", "properties": { }, "geometry": { "type": "Polygon", "coordinates": [ [ [ 6.395473, 62.464983 ], [ 6.395708, 62.465185 ], [ 6.395281000207189, 62.465215908620038 ], [ 6.395473, 62.464983 ] ] ] } },
{ "type": "Feature", "properties": { }, "geometry": { "type": "Polygon", "coordinates": [ [ [ 6.395323, 62.464917 ], [ 6.395473, 62.464983 ], [ 6.395281000207189, 62.465215908620038 ], [ 6.395323, 62.464917 ] ] ] } },
{ "type": "Feature", "properties": { }, "geometry": { "type": "Polygon", "coordinates": [ [ [ 6.395091, 62.464913 ], [ 6.395323, 62.464917 ], [ 6.395281000207189, 62.465215908620038 ], [ 6.395091, 62.464913 ] ] ] } },
{ "type": "Feature", "properties": { }, "geometry": { "type": "Polygon", "coordinates": [ [ [ 6.395091, 62.464913 ], [ 6.395281000207189, 62.465215908620038 ], [ 6.394856083464466, 62.465271395366308 ], [ 6.395091, 62.464913 ] ] ] } },
{ "type": "Feature", "properties": { }, "geometry": { "type": "Polygon", "coordinates": [ [ [ 6.394656, 62.464779 ], [ 6.395091, 62.464913 ], [ 6.394856083464466, 62.465271395366308 ], [ 6.394656, 62.464779 ] ] ] } },
{ "type": "Feature", "properties": { }, "geometry": { "type": "Polygon", "coordinates": [ [ [ 6.394656, 62.464779 ], [ 6.394856083464466, 62.465271395366308 ], [ 6.394428545586388, 62.465300453584881 ], [ 6.394656, 62.464779 ] ] ] } },
{ "type": "Feature", "properties": { }, "geometry": { "type": "Polygon", "coordinates": [ [ [ 6.39435, 62.464737 ], [ 6.394656, 62.464779 ], [ 6.394428545586388, 62.465300453584881 ], [ 6.39435, 62.464737 ] ] ] } },
{ "type": "Feature", "properties": { }, "geometry": { "type": "Polygon", "coordinates": [ [ [ 6.394026, 62.464893 ], [ 6.39435, 62.464737 ], [ 6.394428545586388, 62.465300453584881 ], [ 6.394026, 62.464893 ] ] ] } },
{ "type": "Feature", "properties": { }, "geometry": { "type": "Polygon", "coordinates": [ [ [ 6.394026, 62.464893 ], [ 6.394428545586388, 62.465300453584881 ], [ 6.393971576287846, 62.46534934329528 ], [ 6.394026, 62.464893 ] ] ] } },
{ "type": "Feature", "properties": { }, "geometry": { "type": "Polygon", "coordinates": [ [ [ 6.393729, 62.464959 ], [ 6.394026, 62.464893 ], [ 6.393971576287846, 62.46534934329528 ], [ 6.393729, 62.464959 ] ] ] } },
{ "type": "Feature", "properties": { }, "geometry": { "type": "Polygon", "coordinates": [ [ [ 6.393729, 62.464959 ], [ 6.393971576287846, 62.46534934329528 ], [ 6.39340508105312, 62.46543084268238 ], [ 6.393729, 62.464959 ] ] ] } },
{ "type": "Feature", "properties": { }, "geometry": { "type": "Polygon", "coordinates": [ [ [ 6.393291, 62.46487 ], [ 6.393729, 62.464959 ], [ 6.39340508105312, 62.46543084268238 ], [ 6.393291, 62.46487 ] ] ] } },
{ "type": "Feature", "properties": { }, "geometry": { "type": "Polygon", "coordinates": [ [ [ 6.393291, 62.46487 ], [ 6.39340508105312, 62.46543084268238 ], [ 6.392560134907145, 62.465206724756975 ], [ 6.393291, 62.46487 ] ] ] } },
{ "type": "Feature", "properties": { }, "geometry": { "type": "Polygon", "coordinates": [ [ [ 6.392954, 62.464505 ], [ 6.393291, 62.46487 ], [ 6.392560134907145, 62.465206724756975 ], [ 6.392954, 62.464505 ] ] ] } },
{ "type": "Feature", "properties": { }, "geometry": { "type": "Polygon", "coordinates": [ [ [ 6.392319, 62.464439 ], [ 6.392954, 62.464505 ], [ 6.392560134907145, 62.465206724756975 ], [ 6.392319, 62.464439 ] ] ] } },
{ "type": "Feature", "properties": { }, "geometry": { "type": "Polygon", "coordinates": [ [ [ 6.391597, 62.464488 ], [ 6.392319, 62.464439 ], [ 6.392560134907145, 62.465206724756975 ], [ 6.391597, 62.464488 ] ] ] } },
{ "type": "Feature", "properties": { }, "geometry": { "type": "Polygon", "coordinates": [ [ [ 6.390668, 62.464686 ], [ 6.391597, 62.464488 ], [ 6.391385841410664, 62.465775657426825 ], [ 6.390668, 62.464686 ] ] ] } },
{ "type": "Feature", "properties": { }, "geometry": { "type": "Polygon", "coordinates": [ [ [ 6.391597, 62.464488 ], [ 6.392560134907145, 62.465206724756975 ], [ 6.391385841410664, 62.465775657426825 ], [ 6.391597, 62.464488 ] ] ] } },
{ "type": "Feature", "properties": { }, "geometry": { "type": "Polygon", "coordinates": [ [ [ 6.390668, 62.464686 ], [ 6.391385841410664, 62.465775657426825 ], [ 6.389746402975884, 62.46566406692618 ], [ 6.390668, 62.464686 ] ] ] } },
{ "type": "Feature", "properties": { }, "geometry": { "type": "Polygon", "coordinates": [ [ [ 6.389512, 62.465042 ], [ 6.390668, 62.464686 ], [ 6.389746402975884, 62.46566406692618 ], [ 6.389512, 62.465042 ] ] ] } },
{ "type": "Feature", "properties": { }, "geometry": { "type": "Polygon", "coordinates": [ [ [ 6.389124, 62.465268 ], [ 6.389512, 62.465042 ], [ 6.389746402975884, 62.46566406692618 ], [ 6.389124, 62.465268 ] ] ] } },
{ "type": "Feature", "properties": { }, "geometry": { "type": "Polygon", "coordinates": [ [ [ 6.389124, 62.465268 ], [ 6.389746402975884, 62.46566406692618 ], [ 6.389122, 62.465735 ], [ 6.389124, 62.465268 ] ] ] } },
{ "type": "Feature", "properties": { }, "geometry": { "type": "Polygon", "coordinates": [ [ [ 6.389122, 62.465735 ], [ 6.389746402975884, 62.46566406692618 ], [ 6.389251090551224, 62.466050817723506 ], [ 6.389122, 62.465735 ] ] ] } },
{ "type": "Feature", "properties": { }, "geometry": { "type": "Polygon", "coordinates": [ [ [ 6.388976, 62.465849 ], [ 6.389122, 62.465735 ], [ 6.389251090551224, 62.466050817723506 ], [ 6.388976, 62.465849 ] ] ] } },
{ "type": "Feature", "properties": { }, "geometry": { "type": "Polygon", "coordinates": [ [ [ 6.388976, 62.465849 ], [ 6.389251090551224, 62.466050817723506 ], [ 6.388683, 62.466095 ], [ 6.388976, 62.465849 ] ] ] } },
{ "type": "Feature", "properties": { }, "geometry": { "type": "Polygon", "coordinates": [ [ [ 6.388683, 62.466095 ], [ 6.389251090551224, 62.466050817723506 ], [ 6.389045368263435, 62.467079976691977 ], [ 6.388683, 62.466095 ] ] ] } },
{ "type": "Feature", "properties": { }, "geometry": { "type": "Polygon", "coordinates": [ [ [ 6.387815, 62.466474 ], [ 6.388683, 62.466095 ], [ 6.389045368263435, 62.467079976691977 ], [ 6.387815, 62.466474 ] ] ] } },
{ "type": "Feature", "properties": { }, "geometry": { "type": "Polygon", "coordinates": [ [ [ 6.387815, 62.466474 ], [ 6.389045368263435, 62.467079976691977 ], [ 6.388526, 62.468338 ], [ 6.387815, 62.466474 ] ] ] } },
{ "type": "Feature", "properties": { }, "geometry": { "type": "Polygon", "coordinates": [ [ [ 6.387815, 62.466474 ], [ 6.388526, 62.468338 ], [ 6.386938, 62.467419 ], [ 6.387815, 62.466474 ] ] ] } },
{ "type": "Feature", "properties": { }, "geometry": { "type": "Polygon", "coordinates": [ [ [ 6.387363, 62.466547 ], [ 6.387815, 62.466474 ], [ 6.386938, 62.467419 ], [ 6.387363, 62.466547 ] ] ] } },
{ "type": "Feature", "properties": { }, "geometry": { "type": "Polygon", "coordinates": [ [ [ 6.387076, 62.466721 ], [ 6.387363, 62.466547 ], [ 6.386938, 62.467419 ], [ 6.387076, 62.466721 ] ] ] } },
{ "type": "Feature", "properties": { }, "geometry": { "type": "Polygon", "coordinates": [ [ [ 6.387076, 62.466721 ], [ 6.386938, 62.467419 ], [ 6.386885, 62.46713 ], [ 6.387076, 62.466721 ] ] ] } },
{ "type": "Feature", "properties": { }, "geometry": { "type": "Polygon", "coordinates": [ [ [ 6.389045368263435, 62.467079976691977 ], [ 6.389543681516824, 62.468027501070445 ], [ 6.388526, 62.468338 ], [ 6.389045368263435, 62.467079976691977 ] ] ] } },
{ "type": "Feature", "properties": { }, "geometry": { "type": "Polygon", "coordinates": [ [ [ 6.389543681516824, 62.468027501070445 ], [ 6.389203, 62.468584 ], [ 6.388526, 62.468338 ], [ 6.389543681516824, 62.468027501070445 ] ] ] } },
{ "type": "Feature", "properties": { }, "geometry": { "type": "Polygon", "coordinates": [ [ [ 6.389543681516824, 62.468027501070445 ], [ 6.389544, 62.46868 ], [ 6.389203, 62.468584 ], [ 6.389543681516824, 62.468027501070445 ] ] ] } },
{ "type": "Feature", "properties": { }, "geometry": { "type": "Polygon", "coordinates": [ [ [ 6.389543681516824, 62.468027501070445 ], [ 6.390431817965212, 62.468481819139257 ], [ 6.389544, 62.46868 ], [ 6.389543681516824, 62.468027501070445 ] ] ] } },
{ "type": "Feature", "properties": { }, "geometry": { "type": "Polygon", "coordinates": [ [ [ 6.389544, 62.46868 ], [ 6.390431817965212, 62.468481819139257 ], [ 6.390157, 62.468988 ], [ 6.389544, 62.46868 ] ] ] } },
{ "type": "Feature", "properties": { }, "geometry": { "type": "Polygon", "coordinates": [ [ [ 6.390431817965212, 62.468481819139257 ], [ 6.390462, 62.469057 ], [ 6.390157, 62.468988 ], [ 6.390431817965212, 62.468481819139257 ] ] ] } },
{ "type": "Feature", "properties": { }, "geometry": { "type": "Polygon", "coordinates": [ [ [ 6.391243214021821, 62.46872762426689 ], [ 6.391964, 62.469174 ], [ 6.390462, 62.469057 ], [ 6.391243214021821, 62.46872762426689 ] ] ] } },
{ "type": "Feature", "properties": { }, "geometry": { "type": "Polygon", "coordinates": [ [ [ 6.390431817965212, 62.468481819139257 ], [ 6.391243214021821, 62.46872762426689 ], [ 6.390462, 62.469057 ], [ 6.390431817965212, 62.468481819139257 ] ] ] } },
{ "type": "Feature", "properties": { }, "geometry": { "type": "Polygon", "coordinates": [ [ [ 6.392348703403949, 62.467747666458948 ], [ 6.391964, 62.469174 ], [ 6.391243214021821, 62.46872762426689 ], [ 6.392348703403949, 62.467747666458948 ] ] ] } },
{ "type": "Feature", "properties": { }, "geometry": { "type": "Polygon", "coordinates": [ [ [ 6.392348703403949, 62.467747666458948 ], [ 6.393730560354993, 62.468433743690341 ], [ 6.391964, 62.469174 ], [ 6.392348703403949, 62.467747666458948 ] ] ] } },
{ "type": "Feature", "properties": { }, "geometry": { "type": "Polygon", "coordinates": [ [ [ 6.393730560354993, 62.468433743690341 ], [ 6.394705, 62.469567 ], [ 6.391964, 62.469174 ], [ 6.393730560354993, 62.468433743690341 ] ] ] } },
{ "type": "Feature", "properties": { }, "geometry": { "type": "Polygon", "coordinates": [ [ [ 6.395220036706416, 62.468557285924774 ], [ 6.395592, 62.469628 ], [ 6.394705, 62.469567 ], [ 6.395220036706416, 62.468557285924774 ] ] ] } },
{ "type": "Feature", "properties": { }, "geometry": { "type": "Polygon", "coordinates": [ [ [ 6.393730560354993, 62.468433743690341 ], [ 6.395220036706416, 62.468557285924774 ], [ 6.394705, 62.469567 ], [ 6.393730560354993, 62.468433743690341 ] ] ] } },
{ "type": "Feature", "properties": { }, "geometry": { "type": "Polygon", "coordinates": [ [ [ 6.396256597582415, 62.469015900003285 ], [ 6.396461, 62.469896 ], [ 6.395592, 62.469628 ], [ 6.396256597582415, 62.469015900003285 ] ] ] } },
{ "type": "Feature", "properties": { }, "geometry": { "type": "Polygon", "coordinates": [ [ [ 6.395220036706416, 62.468557285924774 ], [ 6.396256597582415, 62.469015900003285 ], [ 6.395592, 62.469628 ], [ 6.395220036706416, 62.468557285924774 ] ] ] } },
{ "type": "Feature", "properties": { }, "geometry": { "type": "Polygon", "coordinates": [ [ [ 6.396256597582415, 62.469015900003285 ], [ 6.39708719848081, 62.469371510042677 ], [ 6.396461, 62.469896 ], [ 6.396256597582415, 62.469015900003285 ] ] ] } },
{ "type": "Feature", "properties": { }, "geometry": { "type": "Polygon", "coordinates": [ [ [ 6.39708719848081, 62.469371510042677 ], [ 6.397134, 62.470187 ], [ 6.396461, 62.469896 ], [ 6.39708719848081, 62.469371510042677 ] ] ] } },
{ "type": "Feature", "properties": { }, "geometry": { "type": "Polygon", "coordinates": [ [ [ 6.39708719848081, 62.469371510042677 ], [ 6.397886474434627, 62.469539950543592 ], [ 6.397134, 62.470187 ], [ 6.39708719848081, 62.469371510042677 ] ] ] } },
{ "type": "Feature", "properties": { }, "geometry": { "type": "Polygon", "coordinates": [ [ [ 6.397886474434627, 62.469539950543592 ], [ 6.3985, 62.47032 ], [ 6.397134, 62.470187 ], [ 6.397886474434627, 62.469539950543592 ] ] ] } },
{ "type": "Feature", "properties": { }, "geometry": { "type": "Polygon", "coordinates": [ [ [ 6.398868310321571, 62.469684481041817 ], [ 6.399177, 62.470351 ], [ 6.3985, 62.47032 ], [ 6.398868310321571, 62.469684481041817 ] ] ] } },
{ "type": "Feature", "properties": { }, "geometry": { "type": "Polygon", "coordinates": [ [ [ 6.397886474434627, 62.469539950543592 ], [ 6.398868310321571, 62.469684481041817 ], [ 6.3985, 62.47032 ], [ 6.397886474434627, 62.469539950543592 ] ] ] } },
{ "type": "Feature", "properties": { }, "geometry": { "type": "Polygon", "coordinates": [ [ [ 6.398868310321571, 62.469684481041817 ], [ 6.399510777030878, 62.470040533519153 ], [ 6.399177, 62.470351 ], [ 6.398868310321571, 62.469684481041817 ] ] ] } },
{ "type": "Feature", "properties": { }, "geometry": { "type": "Polygon", "coordinates": [ [ [ 6.399510777030878, 62.470040533519153 ], [ 6.399612, 62.470485 ], [ 6.399177, 62.470351 ], [ 6.399510777030878, 62.470040533519153 ] ] ] } },
{ "type": "Feature", "properties": { }, "geometry": { "type": "Polygon", "coordinates": [ [ [ 6.399898371695402, 62.47028046458864 ], [ 6.399858075957604, 62.470630063982149 ], [ 6.399612, 62.470485 ], [ 6.399898371695402, 62.47028046458864 ] ] ] } },
{ "type": "Feature", "properties": { }, "geometry": { "type": "Polygon", "coordinates": [ [ [ 6.399612, 62.470485 ], [ 6.399858075957604, 62.470630063982149 ], [ 6.399904, 62.470912 ], [ 6.399612, 62.470485 ] ] ] } },
{ "type": "Feature", "properties": { }, "geometry": { "type": "Polygon", "coordinates": [ [ [ 6.399510777030878, 62.470040533519153 ], [ 6.399898371695402, 62.47028046458864 ], [ 6.399612, 62.470485 ], [ 6.399510777030878, 62.470040533519153 ] ] ] } },
{ "type": "Feature", "properties": { }, "geometry": { "type": "Polygon", "coordinates": [ [ [ 6.399858075957604, 62.470630063982149 ], [ 6.400099136103095, 62.470783318483178 ], [ 6.399904, 62.470912 ], [ 6.399858075957604, 62.470630063982149 ] ] ] } },
{ "type": "Feature", "properties": { }, "geometry": { "type": "Polygon", "coordinates": [ [ [ 6.400099136103095, 62.470783318483178 ], [ 6.4, 62.470995 ], [ 6.399904, 62.470912 ], [ 6.400099136103095, 62.470783318483178 ] ] ] } },
{ "type": "Feature", "properties": { }, "geometry": { "type": "Polygon", "coordinates": [ [ [ 6.400099136103095, 62.470783318483178 ], [ 6.400139, 62.471114 ], [ 6.4, 62.470995 ], [ 6.400099136103095, 62.470783318483178 ] ] ] } },
{ "type": "Feature", "properties": { }, "geometry": { "type": "Polygon", "coordinates": [ [ [ 6.400509089117117, 62.470901641919006 ], [ 6.400626, 62.471312 ], [ 6.400139, 62.471114 ], [ 6.400509089117117, 62.470901641919006 ] ] ] } },
{ "type": "Feature", "properties": { }, "geometry": { "type": "Polygon", "coordinates": [ [ [ 6.400099136103095, 62.470783318483178 ], [ 6.400509089117117, 62.470901641919006 ], [ 6.400139, 62.471114 ], [ 6.400099136103095, 62.470783318483178 ] ] ] } },
{ "type": "Feature", "properties": { }, "geometry": { "type": "Polygon", "coordinates": [ [ [ 6.401142722328084, 62.470942953001334 ], [ 6.401581, 62.471491 ], [ 6.400626, 62.471312 ], [ 6.401142722328084, 62.470942953001334 ] ] ] } },
{ "type": "Feature", "properties": { }, "geometry": { "type": "Polygon", "coordinates": [ [ [ 6.400509089117117, 62.470901641919006 ], [ 6.401142722328084, 62.470942953001334 ], [ 6.400626, 62.471312 ], [ 6.400509089117117, 62.470901641919006 ] ] ] } },
{ "type": "Feature", "properties": { }, "geometry": { "type": "Polygon", "coordinates": [ [ [ 6.401142722328084, 62.470942953001334 ], [ 6.4017775453792, 62.470957000966855 ], [ 6.401581, 62.471491 ], [ 6.401142722328084, 62.470942953001334 ] ] ] } },
{ "type": "Feature", "properties": { }, "geometry": { "type": "Polygon", "coordinates": [ [ [ 6.4017775453792, 62.470957000966855 ], [ 6.401889, 62.471515 ], [ 6.401581, 62.471491 ], [ 6.4017775453792, 62.470957000966855 ] ] ] } },
{ "type": "Feature", "properties": { }, "geometry": { "type": "Polygon", "coordinates": [ [ [ 6.4017775453792, 62.470957000966855 ], [ 6.402453155842518, 62.471112185140306 ], [ 6.401889, 62.471515 ], [ 6.4017775453792, 62.470957000966855 ] ] ] } },
{ "type": "Feature", "properties": { }, "geometry": { "type": "Polygon", "coordinates": [ [ [ 6.402453155842518, 62.471112185140306 ], [ 6.402603, 62.471789 ], [ 6.401889, 62.471515 ], [ 6.402453155842518, 62.471112185140306 ] ] ] } },
{ "type": "Feature", "properties": { }, "geometry": { "type": "Polygon", "coordinates": [ [ [ 6.402453155842518, 62.471112185140306 ], [ 6.403248817343671, 62.471310910173912 ], [ 6.402603, 62.471789 ], [ 6.402453155842518, 62.471112185140306 ] ] ] } },
{ "type": "Feature", "properties": { }, "geometry": { "type": "Polygon", "coordinates": [ [ [ 6.403248817343671, 62.471310910173912 ], [ 6.402948, 62.472056 ], [ 6.402603, 62.471789 ], [ 6.403248817343671, 62.471310910173912 ] ] ] } },
{ "type": "Feature", "properties": { }, "geometry": { "type": "Polygon", "coordinates": [ [ [ 6.403248817343671, 62.471310910173912 ], [ 6.403536362682038, 62.472115345449033 ], [ 6.402948, 62.472056 ], [ 6.403248817343671, 62.471310910173912 ] ] ] } },
{ "type": "Feature", "properties": { }, "geometry": { "type": "Polygon", "coordinates": [ [ [ 6.402948, 62.472056 ], [ 6.403536362682038, 62.472115345449033 ], [ 6.403955, 62.472533 ], [ 6.402948, 62.472056 ] ] ] } },
{ "type": "Feature", "properties": { }, "geometry": { "type": "Polygon", "coordinates": [ [ [ 6.403536362682038, 62.472115345449033 ], [ 6.404119136241212, 62.472215682414614 ], [ 6.403955, 62.472533 ], [ 6.403536362682038, 62.472115345449033 ] ] ] } },
{ "type": "Feature", "properties": { }, "geometry": { "type": "Polygon", "coordinates": [ [ [ 6.404119136241212, 62.472215682414614 ], [ 6.404145, 62.472572 ], [ 6.403955, 62.472533 ], [ 6.404119136241212, 62.472215682414614 ] ] ] } },
{ "type": "Feature", "properties": { }, "geometry": { "type": "Polygon", "coordinates": [ [ [ 6.404119136241212, 62.472215682414614 ], [ 6.404763720903443, 62.472347991897919 ], [ 6.404145, 62.472572 ], [ 6.404119136241212, 62.472215682414614 ] ] ] } },
{ "type": "Feature", "properties": { }, "geometry": { "type": "Polygon", "coordinates": [ [ [ 6.404145, 62.472572 ], [ 6.404763720903443, 62.472347991897919 ], [ 6.405074, 62.473047 ], [ 6.404145, 62.472572 ] ] ] } },
{ "type": "Feature", "properties": { }, "geometry": { "type": "Polygon", "coordinates": [ [ [ 6.404763720903443, 62.472347991897919 ], [ 6.405494308015268, 62.47258949838902 ], [ 6.405074, 62.473047 ], [ 6.404763720903443, 62.472347991897919 ] ] ] } },
{ "type": "Feature", "properties": { }, "geometry": { "type": "Polygon", "coordinates": [ [ [ 6.405494308015268, 62.47258949838902 ], [ 6.405604, 62.473201 ], [ 6.405074, 62.473047 ], [ 6.405494308015268, 62.47258949838902 ] ] ] } },
{ "type": "Feature", "properties": { }, "geometry": { "type": "Polygon", "coordinates": [ [ [ 6.405494308015268, 62.47258949838902 ], [ 6.406115544895777, 62.472595092139635 ], [ 6.405604, 62.473201 ], [ 6.405494308015268, 62.47258949838902 ] ] ] } },
{ "type": "Feature", "properties": { }, "geometry": { "type": "Polygon", "coordinates": [ [ [ 6.406115544895777, 62.472595092139635 ], [ 6.405996, 62.473379 ], [ 6.405604, 62.473201 ], [ 6.406115544895777, 62.472595092139635 ] ] ] } },
{ "type": "Feature", "properties": { }, "geometry": { "type": "Polygon", "coordinates": [ [ [ 6.406115544895777, 62.472595092139635 ], [ 6.406524, 62.473559 ], [ 6.405996, 62.473379 ], [ 6.406115544895777, 62.472595092139635 ] ] ] } },
{ "type": "Feature", "properties": { }, "geometry": { "type": "Polygon", "coordinates": [ [ [ 6.407000285785707, 62.472034680418389 ], [ 6.407699592208938, 62.472814294596077 ], [ 6.406524, 62.473559 ], [ 6.407000285785707, 62.472034680418389 ] ] ] } },
{ "type": "Feature", "properties": { }, "geometry": { "type": "Polygon", "coordinates": [ [ [ 6.407699592208938, 62.472814294596077 ], [ 6.407645, 62.473832 ], [ 6.406524, 62.473559 ], [ 6.407699592208938, 62.472814294596077 ] ] ] } },
{ "type": "Feature", "properties": { }, "geometry": { "type": "Polygon", "coordinates": [ [ [ 6.406115544895777, 62.472595092139635 ], [ 6.407000285785707, 62.472034680418389 ], [ 6.406524, 62.473559 ], [ 6.406115544895777, 62.472595092139635 ] ] ] } },
{ "type": "Feature", "properties": { }, "geometry": { "type": "Polygon", "coordinates": [ [ [ 6.407699592208938, 62.472814294596077 ], [ 6.408528508435261, 62.473407255377403 ], [ 6.407645, 62.473832 ], [ 6.407699592208938, 62.472814294596077 ] ] ] } },
{ "type": "Feature", "properties": { }, "geometry": { "type": "Polygon", "coordinates": [ [ [ 6.408528508435261, 62.473407255377403 ], [ 6.408221, 62.473905 ], [ 6.407645, 62.473832 ], [ 6.408528508435261, 62.473407255377403 ] ] ] } },
{ "type": "Feature", "properties": { }, "geometry": { "type": "Polygon", "coordinates": [ [ [ 6.408528508435261, 62.473407255377403 ], [ 6.408801, 62.473925 ], [ 6.408221, 62.473905 ], [ 6.408528508435261, 62.473407255377403 ] ] ] } },
{ "type": "Feature", "properties": { }, "geometry": { "type": "Polygon", "coordinates": [ [ [ 6.408528508435261, 62.473407255377403 ], [ 6.409070156397784, 62.473628453550496 ], [ 6.408801, 62.473925 ], [ 6.408528508435261, 62.473407255377403 ] ] ] } },
{ "type": "Feature", "properties": { }, "geometry": { "type": "Polygon", "coordinates": [ [ [ 6.409070156397784, 62.473628453550496 ], [ 6.409182, 62.474013 ], [ 6.408801, 62.473925 ], [ 6.409070156397784, 62.473628453550496 ] ] ] } },
{ "type": "Feature", "properties": { }, "geometry": { "type": "Polygon", "coordinates": [ [ [ 6.409470636068553, 62.473627455311401 ], [ 6.409426, 62.474107 ], [ 6.409182, 62.474013 ], [ 6.409470636068553, 62.473627455311401 ] ] ] } },
{ "type": "Feature", "properties": { }, "geometry": { "type": "Polygon", "coordinates": [ [ [ 6.409070156397784, 62.473628453550496 ], [ 6.409470636068553, 62.473627455311401 ], [ 6.409182, 62.474013 ], [ 6.409070156397784, 62.473628453550496 ] ] ] } },
{ "type": "Feature", "properties": { }, "geometry": { "type": "Polygon", "coordinates": [ [ [ 6.409470636068553, 62.473627455311401 ], [ 6.409864115521739, 62.474065465025284 ], [ 6.409426, 62.474107 ], [ 6.409470636068553, 62.473627455311401 ] ] ] } },
{ "type": "Feature", "properties": { }, "geometry": { "type": "Polygon", "coordinates": [ [ [ 6.410299898284345, 62.473764891014156 ], [ 6.410497807184311, 62.474095278960235 ], [ 6.410296, 62.47415 ], [ 6.410299898284345, 62.473764891014156 ] ] ] } },
{ "type": "Feature", "properties": { }, "geometry": { "type": "Polygon", "coordinates": [ [ [ 6.410296, 62.47415 ], [ 6.410497807184311, 62.474095278960235 ], [ 6.410624, 62.474262 ], [ 6.410296, 62.47415 ] ] ] } },
{ "type": "Feature", "properties": { }, "geometry": { "type": "Polygon", "coordinates": [ [ [ 6.410299898284345, 62.473764891014156 ], [ 6.410296, 62.47415 ], [ 6.409864115521739, 62.474065465025284 ], [ 6.410299898284345, 62.473764891014156 ] ] ] } },
{ "type": "Feature", "properties": { }, "geometry": { "type": "Polygon", "coordinates": [ [ [ 6.410497807184311, 62.474095278960235 ], [ 6.410698272655071, 62.474154727483054 ], [ 6.410624, 62.474262 ], [ 6.410497807184311, 62.474095278960235 ] ] ] } },
{ "type": "Feature", "properties": { }, "geometry": { "type": "Polygon", "coordinates": [ [ [ 6.410698272655071, 62.474154727483054 ], [ 6.410691, 62.474285 ], [ 6.410624, 62.474262 ], [ 6.410698272655071, 62.474154727483054 ] ] ] } },
{ "type": "Feature", "properties": { }, "geometry": { "type": "Polygon", "coordinates": [ [ [ 6.410698272655071, 62.474154727483054 ], [ 6.410925573562274, 62.474232756152688 ], [ 6.410691, 62.474285 ], [ 6.410698272655071, 62.474154727483054 ] ] ] } },
{ "type": "Feature", "properties": { }, "geometry": { "type": "Polygon", "coordinates": [ [ [ 6.410691, 62.474285 ], [ 6.410925573562274, 62.474232756152688 ], [ 6.411408, 62.47453 ], [ 6.410691, 62.474285 ] ] ] } },
{ "type": "Feature", "properties": { }, "geometry": { "type": "Polygon", "coordinates": [ [ [ 6.411408, 62.47453 ], [ 6.41224712130521, 62.474135748367388 ], [ 6.411804, 62.475112 ], [ 6.411408, 62.47453 ] ] ] } },
{ "type": "Feature", "properties": { }, "geometry": { "type": "Polygon", "coordinates": [ [ [ 6.410925573562274, 62.474232756152688 ], [ 6.411325661151365, 62.474033424862988 ], [ 6.411408, 62.47453 ], [ 6.410925573562274, 62.474232756152688 ] ] ] } },
{ "type": "Feature", "properties": { }, "geometry": { "type": "Polygon", "coordinates": [ [ [ 6.411325661151365, 62.474033424862988 ], [ 6.41224712130521, 62.474135748367388 ], [ 6.411408, 62.47453 ], [ 6.411325661151365, 62.474033424862988 ] ] ] } },
{ "type": "Feature", "properties": { }, "geometry": { "type": "Polygon", "coordinates": [ [ [ 6.411804, 62.475112 ], [ 6.413106961128543, 62.474861896829978 ], [ 6.413046, 62.475558 ], [ 6.411804, 62.475112 ] ] ] } },
{ "type": "Feature", "properties": { }, "geometry": { "type": "Polygon", "coordinates": [ [ [ 6.41224712130521, 62.474135748367388 ], [ 6.413106961128543, 62.474861896829978 ], [ 6.411804, 62.475112 ], [ 6.41224712130521, 62.474135748367388 ] ] ] } },
{ "type": "Feature", "properties": { }, "geometry": { "type": "Polygon", "coordinates": [ [ [ 6.413106961128543, 62.474861896829978 ], [ 6.413690698825215, 62.475245988204513 ], [ 6.413046, 62.475558 ], [ 6.413106961128543, 62.474861896829978 ] ] ] } },
{ "type": "Feature", "properties": { }, "geometry": { "type": "Polygon", "coordinates": [ [ [ 6.413690698825215, 62.475245988204513 ], [ 6.41368, 62.475857 ], [ 6.413046, 62.475558 ], [ 6.413690698825215, 62.475245988204513 ] ] ] } },
{ "type": "Feature", "properties": { }, "geometry": { "type": "Polygon", "coordinates": [ [ [ 6.413690698825215, 62.475245988204513 ], [ 6.414213192691434, 62.475562926745631 ], [ 6.41368, 62.475857 ], [ 6.413690698825215, 62.475245988204513 ] ] ] } },
{ "type": "Feature", "properties": { }, "geometry": { "type": "Polygon", "coordinates": [ [ [ 6.414213192691434, 62.475562926745631 ], [ 6.414263, 62.476065 ], [ 6.41368, 62.475857 ], [ 6.414213192691434, 62.475562926745631 ] ] ] } },
{ "type": "Feature", "properties": { }, "geometry": { "type": "Polygon", "coordinates": [ [ [ 6.414213192691434, 62.475562926745631 ], [ 6.414518009801722, 62.475964977550895 ], [ 6.414263, 62.476065 ], [ 6.414213192691434, 62.475562926745631 ] ] ] } },
{ "type": "Feature", "properties": { }, "geometry": { "type": "Polygon", "coordinates": [ [ [ 6.414263, 62.476065 ], [ 6.414518009801722, 62.475964977550895 ], [ 6.414618, 62.47622 ], [ 6.414263, 62.476065 ] ] ] } },
{ "type": "Feature", "properties": { }, "geometry": { "type": "Polygon", "coordinates": [ [ [ 6.414518009801722, 62.475964977550895 ], [ 6.414777906975448, 62.476051510483288 ], [ 6.414618, 62.47622 ], [ 6.414518009801722, 62.475964977550895 ] ] ] } },
{ "type": "Feature", "properties": { }, "geometry": { "type": "Polygon", "coordinates": [ [ [ 6.414777906975448, 62.476051510483288 ], [ 6.414872256510548, 62.476263777115769 ], [ 6.414618, 62.47622 ], [ 6.414777906975448, 62.476051510483288 ] ] ] } },
{ "type": "Feature", "properties": { }, "geometry": { "type": "Polygon", "coordinates": [ [ [ 6.414618, 62.47622 ], [ 6.414872256510548, 62.476263777115769 ], [ 6.41494, 62.476361 ], [ 6.414618, 62.47622 ] ] ] } },
{ "type": "Feature", "properties": { }, "geometry": { "type": "Polygon", "coordinates": [ [ [ 6.414872256510548, 62.476263777115769 ], [ 6.41498081813787, 62.476311272827722 ], [ 6.41494, 62.476361 ], [ 6.414872256510548, 62.476263777115769 ] ] ] } },
{ "type": "Feature", "properties": { }, "geometry": { "type": "Polygon", "coordinates": [ [ [ 6.41498081813787, 62.476311272827722 ], [ 6.414972, 62.476375 ], [ 6.41494, 62.476361 ], [ 6.41498081813787, 62.476311272827722 ] ] ] } },
{ "type": "Feature", "properties": { }, "geometry": { "type": "Polygon", "coordinates": [ [ [ 6.41498081813787, 62.476311272827722 ], [ 6.415089379765193, 62.476358768539676 ], [ 6.414972, 62.476375 ], [ 6.41498081813787, 62.476311272827722 ] ] ] } },
{ "type": "Feature", "properties": { }, "geometry": { "type": "Polygon", "coordinates": [ [ [ 6.414972, 62.476375 ], [ 6.415089379765193, 62.476358768539676 ], [ 6.415273, 62.476506 ], [ 6.414972, 62.476375 ] ] ] } },
{ "type": "Feature", "properties": { }, "geometry": { "type": "Polygon", "coordinates": [ [ [ 6.415304666588296, 62.476278389861008 ], [ 6.415648766105704, 62.476442271101135 ], [ 6.415273, 62.476506 ], [ 6.415304666588296, 62.476278389861008 ] ] ] } },
{ "type": "Feature", "properties": { }, "geometry": { "type": "Polygon", "coordinates": [ [ [ 6.415273, 62.476506 ], [ 6.415648766105704, 62.476442271101135 ], [ 6.415915, 62.476715 ], [ 6.415273, 62.476506 ] ] ] } },
{ "type": "Feature", "properties": { }, "geometry": { "type": "Polygon", "coordinates": [ [ [ 6.415089379765193, 62.476358768539676 ], [ 6.415304666588296, 62.476278389861008 ], [ 6.415273, 62.476506 ], [ 6.415089379765193, 62.476358768539676 ] ] ] } },
{ "type": "Feature", "properties": { }, "geometry": { "type": "Polygon", "coordinates": [ [ [ 6.416265356153796, 62.476106676300965 ], [ 6.415915, 62.476715 ], [ 6.415648766105704, 62.476442271101135 ], [ 6.416265356153796, 62.476106676300965 ] ] ] } },
{ "type": "Feature", "properties": { }, "geometry": { "type": "Polygon", "coordinates": [ [ [ 6.416265356153796, 62.476106676300965 ], [ 6.416546, 62.476826 ], [ 6.415915, 62.476715 ], [ 6.416265356153796, 62.476106676300965 ] ] ] } },
{ "type": "Feature", "properties": { }, "geometry": { "type": "Polygon", "coordinates": [ [ [ 6.416265356153796, 62.476106676300965 ], [ 6.417241250405798, 62.476140339949012 ], [ 6.416546, 62.476826 ], [ 6.416265356153796, 62.476106676300965 ] ] ] } },
{ "type": "Feature", "properties": { }, "geometry": { "type": "Polygon", "coordinates": [ [ [ 6.417241250405798, 62.476140339949012 ], [ 6.417897, 62.477138 ], [ 6.416546, 62.476826 ], [ 6.417241250405798, 62.476140339949012 ] ] ] } },
{ "type": "Feature", "properties": { }, "geometry": { "type": "Polygon", "coordinates": [ [ [ 6.417241250405798, 62.476140339949012 ], [ 6.418213227172282, 62.47623395617466 ], [ 6.417897, 62.477138 ], [ 6.417241250405798, 62.476140339949012 ] ] ] } },
{ "type": "Feature", "properties": { }, "geometry": { "type": "Polygon", "coordinates": [ [ [ 6.418213227172282, 62.47623395617466 ], [ 6.418416, 62.47717 ], [ 6.417897, 62.477138 ], [ 6.418213227172282, 62.47623395617466 ] ] ] } },
{ "type": "Feature", "properties": { }, "geometry": { "type": "Polygon", "coordinates": [ [ [ 6.418213227172282, 62.47623395617466 ], [ 6.418917904407275, 62.476599884579976 ], [ 6.418416, 62.47717 ], [ 6.418213227172282, 62.47623395617466 ] ] ] } },
{ "type": "Feature", "properties": { }, "geometry": { "type": "Polygon", "coordinates": [ [ [ 6.418917904407275, 62.476599884579976 ], [ 6.419345, 62.477228 ], [ 6.418416, 62.47717 ], [ 6.418917904407275, 62.476599884579976 ] ] ] } },
{ "type": "Feature", "properties": { }, "geometry": { "type": "Polygon", "coordinates": [ [ [ 6.418917904407275, 62.476599884579976 ], [ 6.419664408792695, 62.476740137311651 ], [ 6.419345, 62.477228 ], [ 6.418917904407275, 62.476599884579976 ] ] ] } },
{ "type": "Feature", "properties": { }, "geometry": { "type": "Polygon", "coordinates": [ [ [ 6.419664408792695, 62.476740137311651 ], [ 6.419647, 62.477323 ], [ 6.419345, 62.477228 ], [ 6.419664408792695, 62.476740137311651 ] ] ] } },
{ "type": "Feature", "properties": { }, "geometry": { "type": "Polygon", "coordinates": [ [ [ 6.419664408792695, 62.476740137311651 ], [ 6.420688959150553, 62.477062429642771 ], [ 6.419647, 62.477323 ], [ 6.419664408792695, 62.476740137311651 ] ] ] } },
{ "type": "Feature", "properties": { }, "geometry": { "type": "Polygon", "coordinates": [ [ [ 6.421747887192056, 62.47628194902866 ], [ 6.422252, 62.477497 ], [ 6.420688959150553, 62.477062429642771 ], [ 6.421747887192056, 62.47628194902866 ] ] ] } },
{ "type": "Feature", "properties": { }, "geometry": { "type": "Polygon", "coordinates": [ [ [ 6.421747887192056, 62.47628194902866 ], [ 6.423606, 62.477549 ], [ 6.422252, 62.477497 ], [ 6.421747887192056, 62.47628194902866 ] ] ] } },
{ "type": "Feature", "properties": { }, "geometry": { "type": "Polygon", "coordinates": [ [ [ 6.424087609489225, 62.474846752400417 ], [ 6.423606, 62.477549 ], [ 6.421747887192056, 62.47628194902866 ], [ 6.424087609489225, 62.474846752400417 ] ] ] } },
{ "type": "Feature", "properties": { }, "geometry": { "type": "Polygon", "coordinates": [ [ [ 6.424087609489225, 62.474846752400417 ], [ 6.426565, 62.477442 ], [ 6.423606, 62.477549 ], [ 6.424087609489225, 62.474846752400417 ] ] ] } },
{ "type": "Feature", "properties": { }, "geometry": { "type": "Polygon", "coordinates": [ [ [ 6.426931273242081, 62.475030640488455 ], [ 6.427879, 62.477278 ], [ 6.426565, 62.477442 ], [ 6.426931273242081, 62.475030640488455 ] ] ] } },
{ "type": "Feature", "properties": { }, "geometry": { "type": "Polygon", "coordinates": [ [ [ 6.424087609489225, 62.474846752400417 ], [ 6.426931273242081, 62.475030640488455 ], [ 6.426565, 62.477442 ], [ 6.424087609489225, 62.474846752400417 ] ] ] } },
{ "type": "Feature", "properties": { }, "geometry": { "type": "Polygon", "coordinates": [ [ [ 6.429799168768096, 62.475445064389262 ], [ 6.429528, 62.47729 ], [ 6.427879, 62.477278 ], [ 6.429799168768096, 62.475445064389262 ] ] ] } },
{ "type": "Feature", "properties": { }, "geometry": { "type": "Polygon", "coordinates": [ [ [ 6.426931273242081, 62.475030640488455 ], [ 6.429799168768096, 62.475445064389262 ], [ 6.427879, 62.477278 ], [ 6.426931273242081, 62.475030640488455 ] ] ] } },
{ "type": "Feature", "properties": { }, "geometry": { "type": "Polygon", "coordinates": [ [ [ 6.429528, 62.47729 ], [ 6.430488770318378, 62.477071525654729 ], [ 6.430198, 62.477626 ], [ 6.429528, 62.47729 ] ] ] } },
{ "type": "Feature", "properties": { }, "geometry": { "type": "Polygon", "coordinates": [ [ [ 6.429799168768096, 62.475445064389262 ], [ 6.430488770318378, 62.477071525654729 ], [ 6.429528, 62.47729 ], [ 6.429799168768096, 62.475445064389262 ] ] ] } },
{ "type": "Feature", "properties": { }, "geometry": { "type": "Polygon", "coordinates": [ [ [ 6.430488770318378, 62.477071525654729 ], [ 6.43074, 62.477645 ], [ 6.430198, 62.477626 ], [ 6.430488770318378, 62.477071525654729 ] ] ] } },
{ "type": "Feature", "properties": { }, "geometry": { "type": "Polygon", "coordinates": [ [ [ 6.430488770318378, 62.477071525654729 ], [ 6.431093515311105, 62.477233614122511 ], [ 6.43074, 62.477645 ], [ 6.430488770318378, 62.477071525654729 ] ] ] } },
{ "type": "Feature", "properties": { }, "geometry": { "type": "Polygon", "coordinates": [ [ [ 6.431093515311105, 62.477233614122511 ], [ 6.431031, 62.47765 ], [ 6.43074, 62.477645 ], [ 6.431093515311105, 62.477233614122511 ] ] ] } },
{ "type": "Feature", "properties": { }, "geometry": { "type": "Polygon", "coordinates": [ [ [ 6.431093515311105, 62.477233614122511 ], [ 6.431327, 62.477584 ], [ 6.431031, 62.47765 ], [ 6.431093515311105, 62.477233614122511 ] ] ] } },
{ "type": "Feature", "properties": { }, "geometry": { "type": "Polygon", "coordinates": [ [ [ 6.431093515311105, 62.477233614122511 ], [ 6.431512908965341, 62.477196273449273 ], [ 6.431327, 62.477584 ], [ 6.431093515311105, 62.477233614122511 ] ] ] } },
{ "type": "Feature", "properties": { }, "geometry": { "type": "Polygon", "coordinates": [ [ [ 6.431512908965341, 62.477196273449273 ], [ 6.431557, 62.477624 ], [ 6.431327, 62.477584 ], [ 6.431512908965341, 62.477196273449273 ] ] ] } },
{ "type": "Feature", "properties": { }, "geometry": { "type": "Polygon", "coordinates": [ [ [ 6.431512908965341, 62.477196273449273 ], [ 6.432003, 62.477623 ], [ 6.431557, 62.477624 ], [ 6.431512908965341, 62.477196273449273 ] ] ] } },
{ "type": "Feature", "properties": { }, "geometry": { "type": "Polygon", "coordinates": [ [ [ 6.431512908965341, 62.477196273449273 ], [ 6.43241211739703, 62.476918079275492 ], [ 6.432003, 62.477623 ], [ 6.431512908965341, 62.477196273449273 ] ] ] } },
{ "type": "Feature", "properties": { }, "geometry": { "type": "Polygon", "coordinates": [ [ [ 6.43241211739703, 62.476918079275492 ], [ 6.432771, 62.477494 ], [ 6.432003, 62.477623 ], [ 6.43241211739703, 62.476918079275492 ] ] ] } },
{ "type": "Feature", "properties": { }, "geometry": { "type": "Polygon", "coordinates": [ [ [ 6.43241211739703, 62.476918079275492 ], [ 6.433019045586388, 62.477221591345426 ], [ 6.432771, 62.477494 ], [ 6.43241211739703, 62.476918079275492 ] ] ] } },
{ "type": "Feature", "properties": { }, "geometry": { "type": "Polygon", "coordinates": [ [ [ 6.433019045586388, 62.477221591345426 ], [ 6.433024, 62.477489 ], [ 6.432771, 62.477494 ], [ 6.433019045586388, 62.477221591345426 ] ] ] } },
{ "type": "Feature", "properties": { }, "geometry": { "type": "Polygon", "coordinates": [ [ [ 6.433019045586388, 62.477221591345426 ], [ 6.433163, 62.477447 ], [ 6.433024, 62.477489 ], [ 6.433019045586388, 62.477221591345426 ] ] ] } },
{ "type": "Feature", "properties": { }, "geometry": { "type": "Polygon", "coordinates": [ [ [ 6.433019045586388, 62.477221591345426 ], [ 6.433365177337981, 62.477159210306937 ], [ 6.433163, 62.477447 ], [ 6.433019045586388, 62.477221591345426 ] ] ] } },
{ "type": "Feature", "properties": { }, "geometry": { "type": "Polygon", "coordinates": [ [ [ 6.433365177337981, 62.477159210306937 ], [ 6.433656, 62.477357 ], [ 6.433163, 62.477447 ], [ 6.433365177337981, 62.477159210306937 ] ] ] } },
{ "type": "Feature", "properties": { }, "geometry": { "type": "Polygon", "coordinates": [ [ [ 6.433861215231256, 62.476742556801909 ], [ 6.433656, 62.477357 ], [ 6.433365177337981, 62.477159210306937 ], [ 6.433861215231256, 62.476742556801909 ] ] ] } },
{ "type": "Feature", "properties": { }, "geometry": { "type": "Polygon", "coordinates": [ [ [ 6.433861215231256, 62.476742556801909 ], [ 6.434562, 62.477428 ], [ 6.433656, 62.477357 ], [ 6.433861215231256, 62.476742556801909 ] ] ] } },
{ "type": "Feature", "properties": { }, "geometry": { "type": "Polygon", "coordinates": [ [ [ 6.43497128200923, 62.4767405822694 ], [ 6.435156, 62.477519 ], [ 6.434562, 62.477428 ], [ 6.43497128200923, 62.4767405822694 ] ] ] } },
{ "type": "Feature", "properties": { }, "geometry": { "type": "Polygon", "coordinates": [ [ [ 6.433861215231256, 62.476742556801909 ], [ 6.43497128200923, 62.4767405822694 ], [ 6.434562, 62.477428 ], [ 6.433861215231256, 62.476742556801909 ] ] ] } },
{ "type": "Feature", "properties": { }, "geometry": { "type": "Polygon", "coordinates": [ [ [ 6.43497128200923, 62.4767405822694 ], [ 6.435595636413859, 62.477240818690355 ], [ 6.435156, 62.477519 ], [ 6.43497128200923, 62.4767405822694 ] ] ] } },
{ "type": "Feature", "properties": { }, "geometry": { "type": "Polygon", "coordinates": [ [ [ 6.435595636413859, 62.477240818690355 ], [ 6.435543, 62.477536 ], [ 6.435156, 62.477519 ], [ 6.435595636413859, 62.477240818690355 ] ] ] } },
{ "type": "Feature", "properties": { }, "geometry": { "type": "Polygon", "coordinates": [ [ [ 6.435595636413859, 62.477240818690355 ], [ 6.435705, 62.47752 ], [ 6.435543, 62.477536 ], [ 6.435595636413859, 62.477240818690355 ] ] ] } },
{ "type": "Feature", "properties": { }, "geometry": { "type": "Polygon", "coordinates": [ [ [ 6.435595636413859, 62.477240818690355 ], [ 6.436145229652183, 62.47718653787669 ], [ 6.435705, 62.47752 ], [ 6.435595636413859, 62.477240818690355 ] ] ] } },
{ "type": "Feature", "properties": { }, "geometry": { "type": "Polygon", "coordinates": [ [ [ 6.436145229652183, 62.47718653787669 ], [ 6.437089, 62.477384 ], [ 6.435705, 62.47752 ], [ 6.436145229652183, 62.47718653787669 ] ] ] } },
{ "type": "Feature", "properties": { }, "geometry": { "type": "Polygon", "coordinates": [ [ [ 6.437043591414493, 62.476452592415875 ], [ 6.437089, 62.477384 ], [ 6.436145229652183, 62.47718653787669 ], [ 6.437043591414493, 62.476452592415875 ] ] ] } },
{ "type": "Feature", "properties": { }, "geometry": { "type": "Polygon", "coordinates": [ [ [ 6.437043591414493, 62.476452592415875 ], [ 6.437569, 62.477223 ], [ 6.437089, 62.477384 ], [ 6.437043591414493, 62.476452592415875 ] ] ] } },
{ "type": "Feature", "properties": { }, "geometry": { "type": "Polygon", "coordinates": [ [ [ 6.438235545793576, 62.476398092277748 ], [ 6.438209, 62.477225 ], [ 6.437569, 62.477223 ], [ 6.438235545793576, 62.476398092277748 ] ] ] } },
{ "type": "Feature", "properties": { }, "geometry": { "type": "Polygon", "coordinates": [ [ [ 6.437043591414493, 62.476452592415875 ], [ 6.438235545793576, 62.476398092277748 ], [ 6.437569, 62.477223 ], [ 6.437043591414493, 62.476452592415875 ] ] ] } },
{ "type": "Feature", "properties": { }, "geometry": { "type": "Polygon", "coordinates": [ [ [ 6.438235545793576, 62.476398092277748 ], [ 6.438645, 62.477117 ], [ 6.438209, 62.477225 ], [ 6.438235545793576, 62.476398092277748 ] ] ] } },
{ "type": "Feature", "properties": { }, "geometry": { "type": "Polygon", "coordinates": [ [ [ 6.438235545793576, 62.476398092277748 ], [ 6.439557371784511, 62.476121301980669 ], [ 6.438645, 62.477117 ], [ 6.438235545793576, 62.476398092277748 ] ] ] } },
{ "type": "Feature", "properties": { }, "geometry": { "type": "Polygon", "coordinates": [ [ [ 6.439557371784511, 62.476121301980669 ], [ 6.440576, 62.477008 ], [ 6.438645, 62.477117 ], [ 6.439557371784511, 62.476121301980669 ] ] ] } },
{ "type": "Feature", "properties": { }, "geometry": { "type": "Polygon", "coordinates": [ [ [ 6.439557371784511, 62.476121301980669 ], [ 6.441557362952715, 62.475819493432603 ], [ 6.440576, 62.477008 ], [ 6.439557371784511, 62.476121301980669 ] ] ] } },
{ "type": "Feature", "properties": { }, "geometry": { "type": "Polygon", "coordinates": [ [ [ 6.441557362952715, 62.475819493432603 ], [ 6.441989, 62.477052 ], [ 6.440576, 62.477008 ], [ 6.441557362952715, 62.475819493432603 ] ] ] } },
{ "type": "Feature", "properties": { }, "geometry": { "type": "Polygon", "coordinates": [ [ [ 6.442569411524554, 62.476644805899191 ], [ 6.443004, 62.477205 ], [ 6.441989, 62.477052 ], [ 6.442569411524554, 62.476644805899191 ] ] ] } },
{ "type": "Feature", "properties": { }, "geometry": { "type": "Polygon", "coordinates": [ [ [ 6.441557362952715, 62.475819493432603 ], [ 6.442569411524554, 62.476644805899191 ], [ 6.441989, 62.477052 ], [ 6.441557362952715, 62.475819493432603 ] ] ] } },
{ "type": "Feature", "properties": { }, "geometry": { "type": "Polygon", "coordinates": [ [ [ 6.442569411524554, 62.476644805899191 ], [ 6.443276625277739, 62.476594474190762 ], [ 6.443004, 62.477205 ], [ 6.442569411524554, 62.476644805899191 ] ] ] } },
{ "type": "Feature", "properties": { }, "geometry": { "type": "Polygon", "coordinates": [ [ [ 6.443276625277739, 62.476594474190762 ], [ 6.443547, 62.477206 ], [ 6.443004, 62.477205 ], [ 6.443276625277739, 62.476594474190762 ] ] ] } },
{ "type": "Feature", "properties": { }, "geometry": { "type": "Polygon", "coordinates": [ [ [ 6.443276625277739, 62.476594474190762 ], [ 6.443914136137612, 62.476392865140006 ], [ 6.443547, 62.477206 ], [ 6.443276625277739, 62.476594474190762 ] ] ] } },
{ "type": "Feature", "properties": { }, "geometry": { "type": "Polygon", "coordinates": [ [ [ 6.443914136137612, 62.476392865140006 ], [ 6.444026, 62.477278 ], [ 6.443547, 62.477206 ], [ 6.443914136137612, 62.476392865140006 ] ] ] } },
{ "type": "Feature", "properties": { }, "geometry": { "type": "Polygon", "coordinates": [ [ [ 6.443914136137612, 62.476392865140006 ], [ 6.444752, 62.477291 ], [ 6.444026, 62.477278 ], [ 6.443914136137612, 62.476392865140006 ] ] ] } },
{ "type": "Feature", "properties": { }, "geometry": { "type": "Polygon", "coordinates": [ [ [ 6.443914136137612, 62.476392865140006 ], [ 6.445618522445622, 62.476319916444496 ], [ 6.444752, 62.477291 ], [ 6.443914136137612, 62.476392865140006 ] ] ] } },
{ "type": "Feature", "properties": { }, "geometry": { "type": "Polygon", "coordinates": [ [ [ 6.445618522445622, 62.476319916444496 ], [ 6.446449, 62.477322 ], [ 6.444752, 62.477291 ], [ 6.445618522445622, 62.476319916444496 ] ] ] } },
{ "type": "Feature", "properties": { }, "geometry": { "type": "Polygon", "coordinates": [ [ [ 6.445618522445622, 62.476319916444496 ], [ 6.44691127142824, 62.476169369148025 ], [ 6.446449, 62.477322 ], [ 6.445618522445622, 62.476319916444496 ] ] ] } },
{ "type": "Feature", "properties": { }, "geometry": { "type": "Polygon", "coordinates": [ [ [ 6.44691127142824, 62.476169369148025 ], [ 6.447221, 62.477372 ], [ 6.446449, 62.477322 ], [ 6.44691127142824, 62.476169369148025 ] ] ] } },
{ "type": "Feature", "properties": { }, "geometry": { "type": "Polygon", "coordinates": [ [ [ 6.44691127142824, 62.476169369148025 ], [ 6.448086183498438, 62.475767082705794 ], [ 6.447221, 62.477372 ], [ 6.44691127142824, 62.476169369148025 ] ] ] } },
{ "type": "Feature", "properties": { }, "geometry": { "type": "Polygon", "coordinates": [ [ [ 6.448086183498438, 62.475767082705794 ], [ 6.448522845486486, 62.47718891639316 ], [ 6.447221, 62.477372 ], [ 6.448086183498438, 62.475767082705794 ] ] ] } },
{ "type": "Feature", "properties": { }, "geometry": { "type": "Polygon", "coordinates": [ [ [ 6.447221, 62.477372 ], [ 6.448522845486486, 62.47718891639316 ], [ 6.447951, 62.477682 ], [ 6.447221, 62.477372 ] ] ] } },
{ "type": "Feature", "properties": { }, "geometry": { "type": "Polygon", "coordinates": [ [ [ 6.448522845486486, 62.47718891639316 ], [ 6.448867, 62.477861 ], [ 6.447951, 62.477682 ], [ 6.448522845486486, 62.47718891639316 ] ] ] } },
{ "type": "Feature", "properties": { }, "geometry": { "type": "Polygon", "coordinates": [ [ [ 6.448522845486486, 62.47718891639316 ], [ 6.449181305193564, 62.477558469525881 ], [ 6.448867, 62.477861 ], [ 6.448522845486486, 62.47718891639316 ] ] ] } },
{ "type": "Feature", "properties": { }, "geometry": { "type": "Polygon", "coordinates": [ [ [ 6.449181305193564, 62.477558469525881 ], [ 6.449405, 62.477933 ], [ 6.448867, 62.477861 ], [ 6.449181305193564, 62.477558469525881 ] ] ] } },
{ "type": "Feature", "properties": { }, "geometry": { "type": "Polygon", "coordinates": [ [ [ 6.449181305193564, 62.477558469525881 ], [ 6.449602440541978, 62.477672300368745 ], [ 6.449405, 62.477933 ], [ 6.449181305193564, 62.477558469525881 ] ] ] } },
{ "type": "Feature", "properties": { }, "geometry": { "type": "Polygon", "coordinates": [ [ [ 6.449602440541978, 62.477672300368745 ], [ 6.449762244506532, 62.477957624321938 ], [ 6.449405, 62.477933 ], [ 6.449602440541978, 62.477672300368745 ] ] ] } },
{ "type": "Feature", "properties": { }, "geometry": { "type": "Polygon", "coordinates": [ [ [ 6.449405, 62.477933 ], [ 6.449762244506532, 62.477957624321938 ], [ 6.449933, 62.478114 ], [ 6.449405, 62.477933 ] ] ] } },
{ "type": "Feature", "properties": { }, "geometry": { "type": "Polygon", "coordinates": [ [ [ 6.449762244506532, 62.477957624321938 ], [ 6.449989545413741, 62.478001727483047 ], [ 6.449933, 62.478114 ], [ 6.449762244506532, 62.477957624321938 ] ] ] } },
{ "type": "Feature", "properties": { }, "geometry": { "type": "Polygon", "coordinates": [ [ [ 6.449989545413741, 62.478001727483047 ], [ 6.45, 62.478127 ], [ 6.449933, 62.478114 ], [ 6.449989545413741, 62.478001727483047 ] ] ] } },
{ "type": "Feature", "properties": { }, "geometry": { "type": "Polygon", "coordinates": [ [ [ 6.449989545413741, 62.478001727483047 ], [ 6.45021684632095, 62.478045830644156 ], [ 6.45, 62.478127 ], [ 6.449989545413741, 62.478001727483047 ] ] ] } },
{ "type": "Feature", "properties": { }, "geometry": { "type": "Polygon", "coordinates": [ [ [ 6.45, 62.478127 ], [ 6.45021684632095, 62.478045830644156 ], [ 6.450614902721627, 62.478246309483325 ], [ 6.45, 62.478127 ] ] ] } },
{ "type": "Feature", "properties": { }, "geometry": { "type": "Polygon", "coordinates": [ [ [ 6.451776269466301, 62.477757439937236 ], [ 6.452213, 62.478452 ], [ 6.451249, 62.47838 ], [ 6.451776269466301, 62.477757439937236 ] ] ] } },
{ "type": "Feature", "properties": { }, "geometry": { "type": "Polygon", "coordinates": [ [ [ 6.450997712306378, 62.478001249023571 ], [ 6.451249, 62.47838 ], [ 6.450614902721627, 62.478246309483325 ], [ 6.450997712306378, 62.478001249023571 ] ] ] } },
{ "type": "Feature", "properties": { }, "geometry": { "type": "Polygon", "coordinates": [ [ [ 6.450997712306378, 62.478001249023571 ], [ 6.451776269466301, 62.477757439937236 ], [ 6.451249, 62.47838 ], [ 6.450997712306378, 62.478001249023571 ] ] ] } },
{ "type": "Feature", "properties": { }, "geometry": { "type": "Polygon", "coordinates": [ [ [ 6.451776269466301, 62.477757439937236 ], [ 6.452588636034037, 62.477832637553369 ], [ 6.452213, 62.478452 ], [ 6.451776269466301, 62.477757439937236 ] ] ] } },
{ "type": "Feature", "properties": { }, "geometry": { "type": "Polygon", "coordinates": [ [ [ 6.452588636034037, 62.477832637553369 ], [ 6.452592, 62.478557 ], [ 6.452213, 62.478452 ], [ 6.452588636034037, 62.477832637553369 ] ] ] } },
{ "type": "Feature", "properties": { }, "geometry": { "type": "Polygon", "coordinates": [ [ [ 6.452588636034037, 62.477832637553369 ], [ 6.453481, 62.47861 ], [ 6.452592, 62.478557 ], [ 6.452588636034037, 62.477832637553369 ] ] ] } },
{ "type": "Feature", "properties": { }, "geometry": { "type": "Polygon", "coordinates": [ [ [ 6.453903499585623, 62.478007683001636 ], [ 6.453858, 62.478742 ], [ 6.453481, 62.47861 ], [ 6.453903499585623, 62.478007683001636 ] ] ] } },
{ "type": "Feature", "properties": { }, "geometry": { "type": "Polygon", "coordinates": [ [ [ 6.452588636034037, 62.477832637553369 ], [ 6.453903499585623, 62.478007683001636 ], [ 6.453481, 62.47861 ], [ 6.452588636034037, 62.477832637553369 ] ] ] } },
{ "type": "Feature", "properties": { }, "geometry": { "type": "Polygon", "coordinates": [ [ [ 6.453903499585623, 62.478007683001636 ], [ 6.454467862722884, 62.478554227862887 ], [ 6.453858, 62.478742 ], [ 6.453903499585623, 62.478007683001636 ] ] ] } },
{ "type": "Feature", "properties": { }, "geometry": { "type": "Polygon", "coordinates": [ [ [ 6.453858, 62.478742 ], [ 6.454467862722884, 62.478554227862887 ], [ 6.454046, 62.479033 ], [ 6.453858, 62.478742 ] ] ] } },
{ "type": "Feature", "properties": { }, "geometry": { "type": "Polygon", "coordinates": [ [ [ 6.454467862722884, 62.478554227862887 ], [ 6.454394, 62.479282 ], [ 6.454046, 62.479033 ], [ 6.454467862722884, 62.478554227862887 ] ] ] } },
{ "type": "Feature", "properties": { }, "geometry": { "type": "Polygon", "coordinates": [ [ [ 6.454962363482553, 62.479068000656078 ], [ 6.454771, 62.479414 ], [ 6.454394, 62.479282 ], [ 6.454962363482553, 62.479068000656078 ] ] ] } },
{ "type": "Feature", "properties": { }, "geometry": { "type": "Polygon", "coordinates": [ [ [ 6.454467862722884, 62.478554227862887 ], [ 6.454962363482553, 62.479068000656078 ], [ 6.454394, 62.479282 ], [ 6.454467862722884, 62.478554227862887 ] ] ] } },
{ "type": "Feature", "properties": { }, "geometry": { "type": "Polygon", "coordinates": [ [ [ 6.454962363482553, 62.479068000656078 ], [ 6.45498, 62.479463 ], [ 6.454771, 62.479414 ], [ 6.454962363482553, 62.479068000656078 ] ] ] } },
{ "type": "Feature", "properties": { }, "geometry": { "type": "Polygon", "coordinates": [ [ [ 6.455321421709484, 62.479249862293685 ], [ 6.455594, 62.479546 ], [ 6.45498, 62.479463 ], [ 6.455321421709484, 62.479249862293685 ] ] ] } },
{ "type": "Feature", "properties": { }, "geometry": { "type": "Polygon", "coordinates": [ [ [ 6.454962363482553, 62.479068000656078 ], [ 6.455321421709484, 62.479249862293685 ], [ 6.45498, 62.479463 ], [ 6.454962363482553, 62.479068000656078 ] ] ] } },
{ "type": "Feature", "properties": { }, "geometry": { "type": "Polygon", "coordinates": [ [ [ 6.455982681313593, 62.478914725032951 ], [ 6.455594, 62.479546 ], [ 6.455321421709484, 62.479249862293685 ], [ 6.455982681313593, 62.478914725032951 ] ] ] } },
{ "type": "Feature", "properties": { }, "geometry": { "type": "Polygon", "coordinates": [ [ [ 6.455982681313593, 62.478914725032951 ], [ 6.456271, 62.479801 ], [ 6.455594, 62.479546 ], [ 6.455982681313593, 62.478914725032951 ] ] ] } },
{ "type": "Feature", "properties": { }, "geometry": { "type": "Polygon", "coordinates": [ [ [ 6.455982681313593, 62.478914725032951 ], [ 6.456784060213052, 62.479144059028634 ], [ 6.456271, 62.479801 ], [ 6.455982681313593, 62.478914725032951 ] ] ] } },
{ "type": "Feature", "properties": { }, "geometry": { "type": "Polygon", "coordinates": [ [ [ 6.456784060213052, 62.479144059028634 ], [ 6.457056, 62.479932 ], [ 6.456271, 62.479801 ], [ 6.456784060213052, 62.479144059028634 ] ] ] } },
{ "type": "Feature", "properties": { }, "geometry": { "type": "Polygon", "coordinates": [ [ [ 6.457873343642283, 62.479209015172849 ], [ 6.458015, 62.480291 ], [ 6.457056, 62.479932 ], [ 6.457873343642283, 62.479209015172849 ] ] ] } },
{ "type": "Feature", "properties": { }, "geometry": { "type": "Polygon", "coordinates": [ [ [ 6.456784060213052, 62.479144059028634 ], [ 6.457873343642283, 62.479209015172849 ], [ 6.457056, 62.479932 ], [ 6.456784060213052, 62.479144059028634 ] ] ] } },
{ "type": "Feature", "properties": { }, "geometry": { "type": "Polygon", "coordinates": [ [ [ 6.457873343642283, 62.479209015172849 ], [ 6.459191, 62.480384 ], [ 6.458015, 62.480291 ], [ 6.457873343642283, 62.479209015172849 ] ] ] } },
{ "type": "Feature", "properties": { }, "geometry": { "type": "Polygon", "coordinates": [ [ [ 6.45976201808897, 62.4795875311885 ], [ 6.459817, 62.480566 ], [ 6.459191, 62.480384 ], [ 6.45976201808897, 62.4795875311885 ] ] ] } },
{ "type": "Feature", "properties": { }, "geometry": { "type": "Polygon", "coordinates": [ [ [ 6.457873343642283, 62.479209015172849 ], [ 6.45976201808897, 62.4795875311885 ], [ 6.459191, 62.480384 ], [ 6.457873343642283, 62.479209015172849 ] ] ] } },
{ "type": "Feature", "properties": { }, "geometry": { "type": "Polygon", "coordinates": [ [ [ 6.45976201808897, 62.4795875311885 ], [ 6.460735998895025, 62.479696092761181 ], [ 6.459817, 62.480566 ], [ 6.45976201808897, 62.4795875311885 ] ] ] } },
{ "type": "Feature", "properties": { }, "geometry": { "type": "Polygon", "coordinates": [ [ [ 6.460735998895025, 62.479696092761181 ], [ 6.460407, 62.480918 ], [ 6.459817, 62.480566 ], [ 6.460735998895025, 62.479696092761181 ] ] ] } },
{ "type": "Feature", "properties": { }, "geometry": { "type": "Polygon", "coordinates": [ [ [ 6.460735998895025, 62.479696092761181 ], [ 6.461616, 62.481308 ], [ 6.460407, 62.480918 ], [ 6.460735998895025, 62.479696092761181 ] ] ] } },
{ "type": "Feature", "properties": { }, "geometry": { "type": "Polygon", "coordinates": [ [ [ 6.462322065168378, 62.479900090419356 ], [ 6.462872, 62.481376 ], [ 6.461616, 62.481308 ], [ 6.462322065168378, 62.479900090419356 ] ] ] } },
{ "type": "Feature", "properties": { }, "geometry": { "type": "Polygon", "coordinates": [ [ [ 6.460735998895025, 62.479696092761181 ], [ 6.462322065168378, 62.479900090419356 ], [ 6.461616, 62.481308 ], [ 6.460735998895025, 62.479696092761181 ] ] ] } },
{ "type": "Feature", "properties": { }, "geometry": { "type": "Polygon", "coordinates": [ [ [ 6.463564173189018, 62.480868545412797 ], [ 6.463977, 62.481621 ], [ 6.462872, 62.481376 ], [ 6.463564173189018, 62.480868545412797 ] ] ] } },
{ "type": "Feature", "properties": { }, "geometry": { "type": "Polygon", "coordinates": [ [ [ 6.462322065168378, 62.479900090419356 ], [ 6.463564173189018, 62.480868545412797 ], [ 6.462872, 62.481376 ], [ 6.462322065168378, 62.479900090419356 ] ] ] } },
{ "type": "Feature", "properties": { }, "geometry": { "type": "Polygon", "coordinates": [ [ [ 6.464416714104383, 62.480967479073882 ], [ 6.464668, 62.481714 ], [ 6.463977, 62.481621 ], [ 6.464416714104383, 62.480967479073882 ] ] ] } },
{ "type": "Feature", "properties": { }, "geometry": { "type": "Polygon", "coordinates": [ [ [ 6.463564173189018, 62.480868545412797 ], [ 6.464416714104383, 62.480967479073882 ], [ 6.463977, 62.481621 ], [ 6.463564173189018, 62.480868545412797 ] ] ] } },
{ "type": "Feature", "properties": { }, "geometry": { "type": "Polygon", "coordinates": [ [ [ 6.465075136241212, 62.480535138485685 ], [ 6.465344, 62.481753 ], [ 6.464668, 62.481714 ], [ 6.465075136241212, 62.480535138485685 ] ] ] } },
{ "type": "Feature", "properties": { }, "geometry": { "type": "Polygon", "coordinates": [ [ [ 6.464416714104383, 62.480967479073882 ], [ 6.465075136241212, 62.480535138485685 ], [ 6.464668, 62.481714 ], [ 6.464416714104383, 62.480967479073882 ] ] ] } },
{ "type": "Feature", "properties": { }, "geometry": { "type": "Polygon", "coordinates": [ [ [ 6.465075136241212, 62.480535138485685 ], [ 6.466206349988849, 62.480834836806601 ], [ 6.465344, 62.481753 ], [ 6.465075136241212, 62.480535138485685 ] ] ] } },
{ "type": "Feature", "properties": { }, "geometry": { "type": "Polygon", "coordinates": [ [ [ 6.466206349988849, 62.480834836806601 ], [ 6.466895, 62.481781 ], [ 6.465344, 62.481753 ], [ 6.466206349988849, 62.480834836806601 ] ] ] } },
{ "type": "Feature", "properties": { }, "geometry": { "type": "Polygon", "coordinates": [ [ [ 6.467376499654694, 62.480820229071448 ], [ 6.467468, 62.481891 ], [ 6.466895, 62.481781 ], [ 6.467376499654694, 62.480820229071448 ] ] ] } },
{ "type": "Feature", "properties": { }, "geometry": { "type": "Polygon", "coordinates": [ [ [ 6.466206349988849, 62.480834836806601 ], [ 6.467376499654694, 62.480820229071448 ], [ 6.466895, 62.481781 ], [ 6.466206349988849, 62.480834836806601 ] ] ] } },
{ "type": "Feature", "properties": { }, "geometry": { "type": "Polygon", "coordinates": [ [ [ 6.467376499654694, 62.480820229071448 ], [ 6.468295, 62.481978 ], [ 6.467468, 62.481891 ], [ 6.467376499654694, 62.480820229071448 ] ] ] } },
{ "type": "Feature", "properties": { }, "geometry": { "type": "Polygon", "coordinates": [ [ [ 6.467376499654694, 62.480820229071448 ], [ 6.469135893855167, 62.480659930797529 ], [ 6.468295, 62.481978 ], [ 6.467376499654694, 62.480820229071448 ] ] ] } },
{ "type": "Feature", "properties": { }, "geometry": { "type": "Polygon", "coordinates": [ [ [ 6.469135893855167, 62.480659930797529 ], [ 6.469236, 62.482004 ], [ 6.468295, 62.481978 ], [ 6.469135893855167, 62.480659930797529 ] ] ] } },
{ "type": "Feature", "properties": { }, "geometry": { "type": "Polygon", "coordinates": [ [ [ 6.470080909241588, 62.481409910139377 ], [ 6.469999, 62.482026 ], [ 6.469236, 62.482004 ], [ 6.470080909241588, 62.481409910139377 ] ] ] } },
{ "type": "Feature", "properties": { }, "geometry": { "type": "Polygon", "coordinates": [ [ [ 6.469135893855167, 62.480659930797529 ], [ 6.470080909241588, 62.481409910139377 ], [ 6.469236, 62.482004 ], [ 6.469135893855167, 62.480659930797529 ] ] ] } },
{ "type": "Feature", "properties": { }, "geometry": { "type": "Polygon", "coordinates": [ [ [ 6.470080909241588, 62.481409910139377 ], [ 6.470333, 62.481978 ], [ 6.469999, 62.482026 ], [ 6.470080909241588, 62.481409910139377 ] ] ] } },
{ "type": "Feature", "properties": { }, "geometry": { "type": "Polygon", "coordinates": [ [ [ 6.470080909241588, 62.481409910139377 ], [ 6.470676095283146, 62.481363855226249 ], [ 6.470333, 62.481978 ], [ 6.470080909241588, 62.481409910139377 ] ] ] } },
{ "type": "Feature", "properties": { }, "geometry": { "type": "Polygon", "coordinates": [ [ [ 6.470676095283146, 62.481363855226249 ], [ 6.471107, 62.481777 ], [ 6.470333, 62.481978 ], [ 6.470676095283146, 62.481363855226249 ] ] ] } },
{ "type": "Feature", "properties": { }, "geometry": { "type": "Polygon", "coordinates": [ [ [ 6.471272772655071, 62.481345318966603 ], [ 6.471357, 62.4818 ], [ 6.471107, 62.481777 ], [ 6.471272772655071, 62.481345318966603 ] ] ] } },
{ "type": "Feature", "properties": { }, "geometry": { "type": "Polygon", "coordinates": [ [ [ 6.470676095283146, 62.481363855226249 ], [ 6.471272772655071, 62.481345318966603 ], [ 6.471107, 62.481777 ], [ 6.470676095283146, 62.481363855226249 ] ] ] } },
{ "type": "Feature", "properties": { }, "geometry": { "type": "Polygon", "coordinates": [ [ [ 6.471272772655071, 62.481345318966603 ], [ 6.471766878479736, 62.481488930239912 ], [ 6.471357, 62.4818 ], [ 6.471272772655071, 62.481345318966603 ] ] ] } },
{ "type": "Feature", "properties": { }, "geometry": { "type": "Polygon", "coordinates": [ [ [ 6.471357, 62.4818 ], [ 6.471766878479736, 62.481488930239912 ], [ 6.471829, 62.482185 ], [ 6.471357, 62.4818 ] ] ] } },
{ "type": "Feature", "properties": { }, "geometry": { "type": "Polygon", "coordinates": [ [ [ 6.471766878479736, 62.481488930239912 ], [ 6.47218037477107, 62.481795174555522 ], [ 6.471829, 62.482185 ], [ 6.471766878479736, 62.481488930239912 ] ] ] } },
{ "type": "Feature", "properties": { }, "geometry": { "type": "Polygon", "coordinates": [ [ [ 6.47218037477107, 62.481795174555522 ], [ 6.472226, 62.482318 ], [ 6.471829, 62.482185 ], [ 6.47218037477107, 62.481795174555522 ] ] ] } },
{ "type": "Feature", "properties": { }, "geometry": { "type": "Polygon", "coordinates": [ [ [ 6.47218037477107, 62.481795174555522 ], [ 6.472704, 62.482408 ], [ 6.472226, 62.482318 ], [ 6.47218037477107, 62.481795174555522 ] ] ] } },
{ "type": "Feature", "properties": { }, "geometry": { "type": "Polygon", "coordinates": [ [ [ 6.47218037477107, 62.481795174555522 ], [ 6.472624545172024, 62.481515637864142 ], [ 6.472704, 62.482408 ], [ 6.47218037477107, 62.481795174555522 ] ] ] } },
{ "type": "Feature", "properties": { }, "geometry": { "type": "Polygon", "coordinates": [ [ [ 6.472624545172024, 62.481515637864142 ], [ 6.47331023621321, 62.481775553453012 ], [ 6.472704, 62.482408 ], [ 6.472624545172024, 62.481515637864142 ] ] ] } },
{ "type": "Feature", "properties": { }, "geometry": { "type": "Polygon", "coordinates": [ [ [ 6.47331023621321, 62.481775553453012 ], [ 6.473633, 62.482434 ], [ 6.472704, 62.482408 ], [ 6.47331023621321, 62.481775553453012 ] ] ] } },
{ "type": "Feature", "properties": { }, "geometry": { "type": "Polygon", "coordinates": [ [ [ 6.474037974582887, 62.481865693247769 ], [ 6.474206, 62.482543 ], [ 6.473633, 62.482434 ], [ 6.474037974582887, 62.481865693247769 ] ] ] } },
{ "type": "Feature", "properties": { }, "geometry": { "type": "Polygon", "coordinates": [ [ [ 6.47331023621321, 62.481775553453012 ], [ 6.474037974582887, 62.481865693247769 ], [ 6.473633, 62.482434 ], [ 6.47331023621321, 62.481775553453012 ] ] ] } },
{ "type": "Feature", "properties": { }, "geometry": { "type": "Polygon", "coordinates": [ [ [ 6.474037974582887, 62.481865693247769 ], [ 6.474731726688847, 62.481941092139628 ], [ 6.474206, 62.482543 ], [ 6.474037974582887, 62.481865693247769 ] ] ] } },
{ "type": "Feature", "properties": { }, "geometry": { "type": "Polygon", "coordinates": [ [ [ 6.474731726688847, 62.481941092139628 ], [ 6.474598, 62.482729 ], [ 6.474206, 62.482543 ], [ 6.474731726688847, 62.481941092139628 ] ] ] } },
{ "type": "Feature", "properties": { }, "geometry": { "type": "Polygon", "coordinates": [ [ [ 6.474731726688847, 62.481941092139628 ], [ 6.475369, 62.482797 ], [ 6.474598, 62.482729 ], [ 6.474731726688847, 62.481941092139628 ] ] ] } },
{ "type": "Feature", "properties": { }, "geometry": { "type": "Polygon", "coordinates": [ [ [ 6.474731726688847, 62.481941092139628 ], [ 6.47662115712087, 62.481541597190507 ], [ 6.475369, 62.482797 ], [ 6.474731726688847, 62.481941092139628 ] ] ] } },
{ "type": "Feature", "properties": { }, "geometry": { "type": "Polygon", "coordinates": [ [ [ 6.47662115712087, 62.481541597190507 ], [ 6.47752, 62.48307 ], [ 6.475369, 62.482797 ], [ 6.47662115712087, 62.481541597190507 ] ] ] } },
{ "type": "Feature", "properties": { }, "geometry": { "type": "Polygon", "coordinates": [ [ [ 6.47662115712087, 62.481541597190507 ], [ 6.478251882544768, 62.482237778389099 ], [ 6.47752, 62.48307 ], [ 6.47662115712087, 62.481541597190507 ] ] ] } },
{ "type": "Feature", "properties": { }, "geometry": { "type": "Polygon", "coordinates": [ [ [ 6.478251882544768, 62.482237778389099 ], [ 6.478769, 62.483218 ], [ 6.47752, 62.48307 ], [ 6.478251882544768, 62.482237778389099 ] ] ] } },
{ "type": "Feature", "properties": { }, "geometry": { "type": "Polygon", "coordinates": [ [ [ 6.479315999412976, 62.48254745589842 ], [ 6.4792, 62.483405 ], [ 6.478769, 62.483218 ], [ 6.479315999412976, 62.48254745589842 ] ] ] } },
{ "type": "Feature", "properties": { }, "geometry": { "type": "Polygon", "coordinates": [ [ [ 6.478251882544768, 62.482237778389099 ], [ 6.479315999412976, 62.48254745589842 ], [ 6.478769, 62.483218 ], [ 6.478251882544768, 62.482237778389099 ] ] ] } },
{ "type": "Feature", "properties": { }, "geometry": { "type": "Polygon", "coordinates": [ [ [ 6.479315999412976, 62.48254745589842 ], [ 6.480375573984179, 62.482807586941071 ], [ 6.4792, 62.483405 ], [ 6.479315999412976, 62.48254745589842 ] ] ] } },
{ "type": "Feature", "properties": { }, "geometry": { "type": "Polygon", "coordinates": [ [ [ 6.480375573984179, 62.482807586941071 ], [ 6.479979, 62.483824 ], [ 6.4792, 62.483405 ], [ 6.480375573984179, 62.482807586941071 ] ] ] } },
{ "type": "Feature", "properties": { }, "geometry": { "type": "Polygon", "coordinates": [ [ [ 6.480375573984179, 62.482807586941071 ], [ 6.480885345399201, 62.483772210979602 ], [ 6.479979, 62.483824 ], [ 6.480375573984179, 62.482807586941071 ] ] ] } },
{ "type": "Feature", "properties": { }, "geometry": { "type": "Polygon", "coordinates": [ [ [ 6.481967384687357, 62.483901161351071 ], [ 6.482092909068942, 62.483924909207062 ], [ 6.482062, 62.483987 ], [ 6.481967384687357, 62.483901161351071 ] ] ] } },
{ "type": "Feature", "properties": { }, "geometry": { "type": "Polygon", "coordinates": [ [ [ 6.482092909068942, 62.483924909207062 ], [ 6.482099, 62.483994 ], [ 6.482062, 62.483987 ], [ 6.482092909068942, 62.483924909207062 ] ] ] } },
{ "type": "Feature", "properties": { }, "geometry": { "type": "Polygon", "coordinates": [ [ [ 6.482092909068942, 62.483924909207062 ], [ 6.482218433450527, 62.483948657063053 ], [ 6.482099, 62.483994 ], [ 6.482092909068942, 62.483924909207062 ] ] ] } },
{ "type": "Feature", "properties": { }, "geometry": { "type": "Polygon", "coordinates": [ [ [ 6.482099, 62.483994 ], [ 6.482218433450527, 62.483948657063053 ], [ 6.482789, 62.484117 ], [ 6.482099, 62.483994 ] ] ] } },
{ "type": "Feature", "properties": { }, "geometry": { "type": "Polygon", "coordinates": [ [ [ 6.482218433450527, 62.483948657063053 ], [ 6.482572610673575, 62.483799325522241 ], [ 6.482789, 62.484117 ], [ 6.482218433450527, 62.483948657063053 ] ] ] } },
{ "type": "Feature", "properties": { }, "geometry": { "type": "Polygon", "coordinates": [ [ [ 6.482572610673575, 62.483799325522241 ], [ 6.483234490390629, 62.483581010851722 ], [ 6.482789, 62.484117 ], [ 6.482572610673575, 62.483799325522241 ] ] ] } },
{ "type": "Feature", "properties": { }, "geometry": { "type": "Polygon", "coordinates": [ [ [ 6.483234490390629, 62.483581010851722 ], [ 6.483703, 62.484097 ], [ 6.482789, 62.484117 ], [ 6.483234490390629, 62.483581010851722 ] ] ] } },
{ "type": "Feature", "properties": { }, "geometry": { "type": "Polygon", "coordinates": [ [ [ 6.483234490390629, 62.483581010851722 ], [ 6.484482, 62.483833 ], [ 6.483703, 62.484097 ], [ 6.483234490390629, 62.483581010851722 ] ] ] } },
{ "type": "Feature", "properties": { }, "geometry": { "type": "Polygon", "coordinates": [ [ [ 6.484548318414117, 62.483095773967229 ], [ 6.484482, 62.483833 ], [ 6.483234490390629, 62.483581010851722 ], [ 6.484548318414117, 62.483095773967229 ] ] ] } },
{ "type": "Feature", "properties": { }, "geometry": { "type": "Polygon", "coordinates": [ [ [ 6.475418272724129, 62.472622363620665 ], [ 6.475435235478392, 62.472618971069821 ], [ 6.475432768158017, 62.472650737629095 ], [ 6.475418272724129, 62.472622363620665 ] ] ] } },
{ "type": "Feature", "properties": { }, "geometry": { "type": "Polygon", "coordinates": [ [ [ 6.475418272724129, 62.472622363620665 ], [ 6.475432768158017, 62.472650737629095 ], [ 6.475413516031633, 62.472642683319307 ], [ 6.475418272724129, 62.472622363620665 ] ] ] } },
{ "type": "Feature", "properties": { }, "geometry": { "type": "Polygon", "coordinates": [ [ [ 6.475401309969866, 62.47262575617151 ], [ 6.475418272724129, 62.472622363620665 ], [ 6.475413516031633, 62.472642683319307 ], [ 6.475401309969866, 62.47262575617151 ] ] ] } },
{ "type": "Feature", "properties": { }, "geometry": { "type": "Polygon", "coordinates": [ [ [ 6.475435235478392, 62.472618971069821 ], [ 6.475523078373989, 62.472623457420454 ], [ 6.475463204422988, 62.472637122526542 ], [ 6.475435235478392, 62.472618971069821 ] ] ] } },
{ "type": "Feature", "properties": { }, "geometry": { "type": "Polygon", "coordinates": [ [ [ 6.475435235478392, 62.472618971069821 ], [ 6.475463204422988, 62.472637122526542 ], [ 6.475432768158017, 62.472650737629095 ], [ 6.475435235478392, 62.472618971069821 ] ] ] } },
{ "type": "Feature", "properties": { }, "geometry": { "type": "Polygon", "coordinates": [ [ [ 6.475401309969866, 62.47262575617151 ], [ 6.475413516031633, 62.472642683319307 ], [ 6.47538256147233, 62.472652140029119 ], [ 6.475401309969866, 62.47262575617151 ] ] ] } },
{ "type": "Feature", "properties": { }, "geometry": { "type": "Polygon", "coordinates": [ [ [ 6.475368111737213, 62.472623177652537 ], [ 6.475401309969866, 62.47262575617151 ], [ 6.47538256147233, 62.472652140029119 ], [ 6.475368111737213, 62.472623177652537 ] ] ] } },
{ "type": "Feature", "properties": { }, "geometry": { "type": "Polygon", "coordinates": [ [ [ 6.50004834494026, 62.483772816196371 ], [ 6.500053801506784, 62.483824297513827 ], [ 6.500013090896542, 62.483810727310399 ], [ 6.50004834494026, 62.483772816196371 ] ] ] } },
{ "type": "Feature", "properties": { }, "geometry": { "type": "Polygon", "coordinates": [ [ [ 6.500016791818537, 62.483731773527417 ], [ 6.500013090896542, 62.483810727310399 ], [ 6.4999723802863, 62.48379715710697 ], [ 6.500016791818537, 62.483731773527417 ] ] ] } },
{ "type": "Feature", "properties": { }, "geometry": { "type": "Polygon", "coordinates": [ [ [ 6.500016791818537, 62.483731773527417 ], [ 6.50004834494026, 62.483772816196371 ], [ 6.500013090896542, 62.483810727310399 ], [ 6.500016791818537, 62.483731773527417 ] ] ] } },
{ "type": "Feature", "properties": { }, "geometry": { "type": "Polygon", "coordinates": [ [ [ 6.510668534636866, 62.481150181342713 ], [ 6.510686268436089, 62.481236074412969 ], [ 6.510638772724129, 62.481232681862124 ], [ 6.510668534636866, 62.481150181342713 ] ] ] } },
{ "type": "Feature", "properties": { }, "geometry": { "type": "Polygon", "coordinates": [ [ [ 6.510618749552785, 62.481178840001654 ], [ 6.510638772724129, 62.481232681862124 ], [ 6.510591277012169, 62.48122928931128 ], [ 6.510618749552785, 62.481178840001654 ] ] ] } },
{ "type": "Feature", "properties": { }, "geometry": { "type": "Polygon", "coordinates": [ [ [ 6.510618749552785, 62.481178840001654 ], [ 6.510668534636866, 62.481150181342713 ], [ 6.510638772724129, 62.481232681862124 ], [ 6.510618749552785, 62.481178840001654 ] ] ] } },
{ "type": "Feature", "properties": { }, "geometry": { "type": "Polygon", "coordinates": [ [ [ 6.475432768158017, 62.472650737629095 ], [ 6.475463204422988, 62.472637122526542 ], [ 6.47547212211138, 62.472697885179272 ], [ 6.475432768158017, 62.472650737629095 ] ] ] } },
{ "type": "Feature", "properties": { }, "geometry": { "type": "Polygon", "coordinates": [ [ [ 6.475432768158017, 62.472650737629095 ], [ 6.47547212211138, 62.472697885179272 ], [ 6.475408864025484, 62.472680839183262 ], [ 6.475432768158017, 62.472650737629095 ] ] ] } },
{ "type": "Feature", "properties": { }, "geometry": { "type": "Polygon", "coordinates": [ [ [ 6.475413516031633, 62.472642683319307 ], [ 6.475432768158017, 62.472650737629095 ], [ 6.475408864025484, 62.472680839183262 ], [ 6.475413516031633, 62.472642683319307 ] ] ] } },
{ "type": "Feature", "properties": { }, "geometry": { "type": "Polygon", "coordinates": [ [ [ 6.475368111737213, 62.472623177652537 ], [ 6.47538256147233, 62.472652140029119 ], [ 6.475323994300838, 62.472663274234996 ], [ 6.475368111737213, 62.472623177652537 ] ] ] } },
{ "type": "Feature", "properties": { }, "geometry": { "type": "Polygon", "coordinates": [ [ [ 6.475368111737213, 62.472623177652537 ], [ 6.475323994300838, 62.472663274234996 ], [ 6.47521136760829, 62.472654526478244 ], [ 6.475368111737213, 62.472623177652537 ] ] ] } },
{ "type": "Feature", "properties": { }, "geometry": { "type": "Polygon", "coordinates": [ [ [ 6.47538256147233, 62.472652140029119 ], [ 6.475413516031633, 62.472642683319307 ], [ 6.475408864025484, 62.472680839183262 ], [ 6.47538256147233, 62.472652140029119 ] ] ] } },
{ "type": "Feature", "properties": { }, "geometry": { "type": "Polygon", "coordinates": [ [ [ 6.47538256147233, 62.472652140029119 ], [ 6.475408864025484, 62.472680839183262 ], [ 6.475360996318031, 62.472698306947002 ], [ 6.47538256147233, 62.472652140029119 ] ] ] } },
{ "type": "Feature", "properties": { }, "geometry": { "type": "Polygon", "coordinates": [ [ [ 6.475323994300838, 62.472663274234996 ], [ 6.47538256147233, 62.472652140029119 ], [ 6.475360996318031, 62.472698306947002 ], [ 6.475323994300838, 62.472663274234996 ] ] ] } },
{ "type": "Feature", "properties": { }, "geometry": { "type": "Polygon", "coordinates": [ [ [ 6.475408864025484, 62.472680839183262 ], [ 6.47547212211138, 62.472697885179272 ], [ 6.4754158956981, 62.472774429305353 ], [ 6.475408864025484, 62.472680839183262 ] ] ] } },
{ "type": "Feature", "properties": { }, "geometry": { "type": "Polygon", "coordinates": [ [ [ 6.475360996318031, 62.472698306947002 ], [ 6.475408864025484, 62.472680839183262 ], [ 6.4754158956981, 62.472774429305353 ], [ 6.475360996318031, 62.472698306947002 ] ] ] } },
{ "type": "Feature", "properties": { }, "geometry": { "type": "Polygon", "coordinates": [ [ [ 6.563083000034529, 62.482281272655072 ], [ 6.563161028704161, 62.48231859071447 ], [ 6.563055859744831, 62.482438254990541 ], [ 6.563083000034529, 62.482281272655072 ] ] ] } },
{ "type": "Feature", "properties": { }, "geometry": { "type": "Polygon", "coordinates": [ [ [ 6.562930880537415, 62.482330227147159 ], [ 6.563083000034529, 62.482281272655072 ], [ 6.563055859744831, 62.482438254990541 ], [ 6.562930880537415, 62.482330227147159 ] ] ] } },
{ "type": "Feature", "properties": { }, "geometry": { "type": "Polygon", "coordinates": [ [ [ 6.49993447973695, 62.483723638345268 ], [ 6.500016791818537, 62.483731773527417 ], [ 6.4999723802863, 62.48379715710697 ], [ 6.49993447973695, 62.483723638345268 ] ] ] } },
{ "type": "Feature", "properties": { }, "geometry": { "type": "Polygon", "coordinates": [ [ [ 6.49993447973695, 62.483723638345268 ], [ 6.4999723802863, 62.48379715710697 ], [ 6.499889868169274, 62.483793289389716 ], [ 6.49993447973695, 62.483723638345268 ] ] ] } },
{ "type": "Feature", "properties": { }, "geometry": { "type": "Polygon", "coordinates": [ [ [ 6.50004834494026, 62.483772816196371 ], [ 6.500126655326259, 62.483790545817463 ], [ 6.500053801506784, 62.483824297513827 ], [ 6.50004834494026, 62.483772816196371 ] ] ] } },
{ "type": "Feature", "properties": { }, "geometry": { "type": "Polygon", "coordinates": [ [ [ 6.500126655326259, 62.483790545817463 ], [ 6.500266503641389, 62.483838647123569 ], [ 6.500053801506784, 62.483824297513827 ], [ 6.500126655326259, 62.483790545817463 ] ] ] } },
{ "type": "Feature", "properties": { }, "geometry": { "type": "Polygon", "coordinates": [ [ [ 6.510756361972912, 62.481176825415695 ], [ 6.510772487135879, 62.481267177652533 ], [ 6.510686268436089, 62.481236074412969 ], [ 6.510756361972912, 62.481176825415695 ] ] ] } },
{ "type": "Feature", "properties": { }, "geometry": { "type": "Polygon", "coordinates": [ [ [ 6.510668534636866, 62.481150181342713 ], [ 6.510756361972912, 62.481176825415695 ], [ 6.510686268436089, 62.481236074412969 ], [ 6.510668534636866, 62.481150181342713 ] ] ] } },
{ "type": "Feature", "properties": { }, "geometry": { "type": "Polygon", "coordinates": [ [ [ 6.510530946318162, 62.48116373094922 ], [ 6.510591277012169, 62.48122928931128 ], [ 6.510501512864121, 62.481247822347463 ], [ 6.510530946318162, 62.48116373094922 ] ] ] } },
{ "type": "Feature", "properties": { }, "geometry": { "type": "Polygon", "coordinates": [ [ [ 6.510530946318162, 62.48116373094922 ], [ 6.510618749552785, 62.481178840001654 ], [ 6.510591277012169, 62.48122928931128 ], [ 6.510530946318162, 62.48116373094922 ] ] ] } },
{ "type": "Feature", "properties": { }, "geometry": { "type": "Polygon", "coordinates": [ [ [ 6.414978682909248, 62.476168335063086 ], [ 6.415119295746354, 62.476142570866962 ], [ 6.41498081813787, 62.476311272827722 ], [ 6.414978682909248, 62.476168335063086 ] ] ] } },
{ "type": "Feature", "properties": { }, "geometry": { "type": "Polygon", "coordinates": [ [ [ 6.415119295746354, 62.476142570866962 ], [ 6.415089379765193, 62.476358768539676 ], [ 6.41498081813787, 62.476311272827722 ], [ 6.415119295746354, 62.476142570866962 ] ] ] } },
{ "type": "Feature", "properties": { }, "geometry": { "type": "Polygon", "coordinates": [ [ [ 6.414978682909248, 62.476168335063086 ], [ 6.41498081813787, 62.476311272827722 ], [ 6.414872256510548, 62.476263777115769 ], [ 6.414978682909248, 62.476168335063086 ] ] ] } },
{ "type": "Feature", "properties": { }, "geometry": { "type": "Polygon", "coordinates": [ [ [ 6.475463204422988, 62.472637122526542 ], [ 6.475523078373989, 62.472623457420454 ], [ 6.47547212211138, 62.472697885179272 ], [ 6.475463204422988, 62.472637122526542 ] ] ] } },
{ "type": "Feature", "properties": { }, "geometry": { "type": "Polygon", "coordinates": [ [ [ 6.475323994300838, 62.472663274234996 ], [ 6.475360996318031, 62.472698306947002 ], [ 6.475280391975396, 62.472746384959869 ], [ 6.475323994300838, 62.472663274234996 ] ] ] } },
{ "type": "Feature", "properties": { }, "geometry": { "type": "Polygon", "coordinates": [ [ [ 6.47521136760829, 62.472654526478244 ], [ 6.475323994300838, 62.472663274234996 ], [ 6.475280391975396, 62.472746384959869 ], [ 6.47521136760829, 62.472654526478244 ] ] ] } },
{ "type": "Feature", "properties": { }, "geometry": { "type": "Polygon", "coordinates": [ [ [ 6.475523078373989, 62.472623457420454 ], [ 6.475786654240355, 62.472787952381914 ], [ 6.47558518341603, 62.472720634292862 ], [ 6.475523078373989, 62.472623457420454 ] ] ] } },
{ "type": "Feature", "properties": { }, "geometry": { "type": "Polygon", "coordinates": [ [ [ 6.475523078373989, 62.472623457420454 ], [ 6.47558518341603, 62.472720634292862 ], [ 6.47547212211138, 62.472697885179272 ], [ 6.475523078373989, 62.472623457420454 ] ] ] } },
{ "type": "Feature", "properties": { }, "geometry": { "type": "Polygon", "coordinates": [ [ [ 6.47547212211138, 62.472697885179272 ], [ 6.47558518341603, 62.472720634292862 ], [ 6.475579700524328, 62.47283583116208 ], [ 6.47547212211138, 62.472697885179272 ] ] ] } },
{ "type": "Feature", "properties": { }, "geometry": { "type": "Polygon", "coordinates": [ [ [ 6.47547212211138, 62.472697885179272 ], [ 6.475579700524328, 62.47283583116208 ], [ 6.4754158956981, 62.472774429305353 ], [ 6.47547212211138, 62.472697885179272 ] ] ] } },
{ "type": "Feature", "properties": { }, "geometry": { "type": "Polygon", "coordinates": [ [ [ 6.482056219670684, 62.483775221947184 ], [ 6.48219776965717, 62.483714263034464 ], [ 6.482092909068942, 62.483924909207062 ], [ 6.482056219670684, 62.483775221947184 ] ] ] } },
{ "type": "Feature", "properties": { }, "geometry": { "type": "Polygon", "coordinates": [ [ [ 6.48219776965717, 62.483714263034464 ], [ 6.482218433450527, 62.483948657063053 ], [ 6.482092909068942, 62.483924909207062 ], [ 6.48219776965717, 62.483714263034464 ] ] ] } },
{ "type": "Feature", "properties": { }, "geometry": { "type": "Polygon", "coordinates": [ [ [ 6.482056219670684, 62.483775221947184 ], [ 6.482092909068942, 62.483924909207062 ], [ 6.481967384687357, 62.483901161351071 ], [ 6.482056219670684, 62.483775221947184 ] ] ] } },
{ "type": "Feature", "properties": { }, "geometry": { "type": "Polygon", "coordinates": [ [ [ 6.500016791818537, 62.483731773527417 ], [ 6.500105325709161, 62.483696359881527 ], [ 6.50004834494026, 62.483772816196371 ], [ 6.500016791818537, 62.483731773527417 ] ] ] } },
{ "type": "Feature", "properties": { }, "geometry": { "type": "Polygon", "coordinates": [ [ [ 6.499990057211471, 62.483581789322827 ], [ 6.500016791818537, 62.483731773527417 ], [ 6.49993447973695, 62.483723638345268 ], [ 6.499990057211471, 62.483581789322827 ] ] ] } },
{ "type": "Feature", "properties": { }, "geometry": { "type": "Polygon", "coordinates": [ [ [ 6.499990057211471, 62.483581789322827 ], [ 6.500105325709161, 62.483696359881527 ], [ 6.500016791818537, 62.483731773527417 ], [ 6.499990057211471, 62.483581789322827 ] ] ] } },
{ "type": "Feature", "properties": { }, "geometry": { "type": "Polygon", "coordinates": [ [ [ 6.475360996318031, 62.472698306947002 ], [ 6.4754158956981, 62.472774429305353 ], [ 6.475280391975396, 62.472746384959869 ], [ 6.475360996318031, 62.472698306947002 ] ] ] } },
{ "type": "Feature", "properties": { }, "geometry": { "type": "Polygon", "coordinates": [ [ [ 6.500105325709161, 62.483696359881527 ], [ 6.500126655326259, 62.483790545817463 ], [ 6.50004834494026, 62.483772816196371 ], [ 6.500105325709161, 62.483696359881527 ] ] ] } },
{ "type": "Feature", "properties": { }, "geometry": { "type": "Polygon", "coordinates": [ [ [ 6.499622894482588, 62.483704049981036 ], [ 6.499788940399119, 62.483679532645752 ], [ 6.499889868169274, 62.483793289389716 ], [ 6.499622894482588, 62.483704049981036 ] ] ] } },
{ "type": "Feature", "properties": { }, "geometry": { "type": "Polygon", "coordinates": [ [ [ 6.499788940399119, 62.483679532645752 ], [ 6.49993447973695, 62.483723638345268 ], [ 6.499889868169274, 62.483793289389716 ], [ 6.499788940399119, 62.483679532645752 ] ] ] } },
{ "type": "Feature", "properties": { }, "geometry": { "type": "Polygon", "coordinates": [ [ [ 6.510759680896081, 62.481007809741008 ], [ 6.510756361972912, 62.481176825415695 ], [ 6.510668534636866, 62.481150181342713 ], [ 6.510759680896081, 62.481007809741008 ] ] ] } },
{ "type": "Feature", "properties": { }, "geometry": { "type": "Polygon", "coordinates": [ [ [ 6.510592838198485, 62.481076255452138 ], [ 6.510668534636866, 62.481150181342713 ], [ 6.510618749552785, 62.481178840001654 ], [ 6.510592838198485, 62.481076255452138 ] ] ] } },
{ "type": "Feature", "properties": { }, "geometry": { "type": "Polygon", "coordinates": [ [ [ 6.510592838198485, 62.481076255452138 ], [ 6.510759680896081, 62.481007809741008 ], [ 6.510668534636866, 62.481150181342713 ], [ 6.510592838198485, 62.481076255452138 ] ] ] } },
{ "type": "Feature", "properties": { }, "geometry": { "type": "Polygon", "coordinates": [ [ [ 6.510756361972912, 62.481176825415695 ], [ 6.510924594145164, 62.481193416068564 ], [ 6.510772487135879, 62.481267177652533 ], [ 6.510756361972912, 62.481176825415695 ] ] ] } },
{ "type": "Feature", "properties": { }, "geometry": { "type": "Polygon", "coordinates": [ [ [ 6.510924594145164, 62.481193416068564 ], [ 6.511216771383194, 62.481299415117711 ], [ 6.510772487135879, 62.481267177652533 ], [ 6.510924594145164, 62.481193416068564 ] ] ] } },
{ "type": "Feature", "properties": { }, "geometry": { "type": "Polygon", "coordinates": [ [ [ 6.510367158740048, 62.481153599254029 ], [ 6.510530946318162, 62.48116373094922 ], [ 6.510501512864121, 62.481247822347463 ], [ 6.510367158740048, 62.481153599254029 ] ] ] } },
{ "type": "Feature", "properties": { }, "geometry": { "type": "Polygon", "coordinates": [ [ [ 6.510367158740048, 62.481153599254029 ], [ 6.510501512864121, 62.481247822347463 ], [ 6.510105555889177, 62.481219539706458 ], [ 6.510367158740048, 62.481153599254029 ] ] ] } },
{ "type": "Feature", "properties": { }, "geometry": { "type": "Polygon", "coordinates": [ [ [ 6.475280391975396, 62.472746384959869 ], [ 6.4754158956981, 62.472774429305353 ], [ 6.475298428948697, 62.473000617852037 ], [ 6.475280391975396, 62.472746384959869 ] ] ] } },
{ "type": "Feature", "properties": { }, "geometry": { "type": "Polygon", "coordinates": [ [ [ 6.475083040044591, 62.472822816880431 ], [ 6.475280391975396, 62.472746384959869 ], [ 6.475298428948697, 62.473000617852037 ], [ 6.475083040044591, 62.472822816880431 ] ] ] } },
{ "type": "Feature", "properties": { }, "geometry": { "type": "Polygon", "coordinates": [ [ [ 6.47521136760829, 62.472654526478244 ], [ 6.475280391975396, 62.472746384959869 ], [ 6.475083040044591, 62.472822816880431 ], [ 6.47521136760829, 62.472654526478244 ] ] ] } },
{ "type": "Feature", "properties": { }, "geometry": { "type": "Polygon", "coordinates": [ [ [ 6.4754158956981, 62.472774429305353 ], [ 6.475579700524328, 62.47283583116208 ], [ 6.475298428948697, 62.473000617852037 ], [ 6.4754158956981, 62.472774429305353 ] ] ] } },
{ "type": "Feature", "properties": { }, "geometry": { "type": "Polygon", "coordinates": [ [ [ 6.563161028704161, 62.48231859071447 ], [ 6.563216353391317, 62.482473260636588 ], [ 6.563055859744831, 62.482438254990541 ], [ 6.563161028704161, 62.48231859071447 ] ] ] } },
{ "type": "Feature", "properties": { }, "geometry": { "type": "Polygon", "coordinates": [ [ [ 6.510592838198485, 62.481076255452138 ], [ 6.510618749552785, 62.481178840001654 ], [ 6.510530946318162, 62.48116373094922 ], [ 6.510592838198485, 62.481076255452138 ] ] ] } },
{ "type": "Feature", "properties": { }, "geometry": { "type": "Polygon", "coordinates": [ [ [ 6.521262775411833, 62.481558766367861 ], [ 6.521227399004315, 62.481777412056317 ], [ 6.521107304810353, 62.481716520351533 ], [ 6.521262775411833, 62.481558766367861 ] ] ] } },
{ "type": "Feature", "properties": { }, "geometry": { "type": "Polygon", "coordinates": [ [ [ 6.521042404329932, 62.481580992783449 ], [ 6.521262775411833, 62.481558766367861 ], [ 6.521107304810353, 62.481716520351533 ], [ 6.521042404329932, 62.481580992783449 ] ] ] } },
{ "type": "Feature", "properties": { }, "geometry": { "type": "Polygon", "coordinates": [ [ [ 6.499990057211471, 62.483581789322827 ], [ 6.500205368410752, 62.483486126790616 ], [ 6.500105325709161, 62.483696359881527 ], [ 6.499990057211471, 62.483581789322827 ] ] ] } },
{ "type": "Feature", "properties": { }, "geometry": { "type": "Polygon", "coordinates": [ [ [ 6.500205368410752, 62.483486126790616 ], [ 6.500229924172954, 62.483717651107263 ], [ 6.500105325709161, 62.483696359881527 ], [ 6.500205368410752, 62.483486126790616 ] ] ] } },
{ "type": "Feature", "properties": { }, "geometry": { "type": "Polygon", "coordinates": [ [ [ 6.500105325709161, 62.483696359881527 ], [ 6.500229924172954, 62.483717651107263 ], [ 6.500126655326259, 62.483790545817463 ], [ 6.500105325709161, 62.483696359881527 ] ] ] } },
{ "type": "Feature", "properties": { }, "geometry": { "type": "Polygon", "coordinates": [ [ [ 6.500229924172954, 62.483717651107263 ], [ 6.500266503641389, 62.483838647123569 ], [ 6.500126655326259, 62.483790545817463 ], [ 6.500229924172954, 62.483717651107263 ] ] ] } },
{ "type": "Feature", "properties": { }, "geometry": { "type": "Polygon", "coordinates": [ [ [ 6.510456076002144, 62.481045124611391 ], [ 6.510592838198485, 62.481076255452138 ], [ 6.510530946318162, 62.48116373094922 ], [ 6.510456076002144, 62.481045124611391 ] ] ] } },
{ "type": "Feature", "properties": { }, "geometry": { "type": "Polygon", "coordinates": [ [ [ 6.510456076002144, 62.481045124611391 ], [ 6.510530946318162, 62.48116373094922 ], [ 6.510367158740048, 62.481153599254029 ], [ 6.510456076002144, 62.481045124611391 ] ] ] } },
{ "type": "Feature", "properties": { }, "geometry": { "type": "Polygon", "coordinates": [ [ [ 6.510579643493004, 62.480818248385745 ], [ 6.510592838198485, 62.481076255452138 ], [ 6.510456076002144, 62.481045124611391 ], [ 6.510579643493004, 62.480818248385745 ] ] ] } },
{ "type": "Feature", "properties": { }, "geometry": { "type": "Polygon", "coordinates": [ [ [ 6.510579643493004, 62.480818248385745 ], [ 6.510759680896081, 62.481007809741008 ], [ 6.510592838198485, 62.481076255452138 ], [ 6.510579643493004, 62.480818248385745 ] ] ] } },
{ "type": "Feature", "properties": { }, "geometry": { "type": "Polygon", "coordinates": [ [ [ 6.410674032318502, 62.473868750395177 ], [ 6.410698272655071, 62.474154727483054 ], [ 6.410497807184311, 62.474095278960235 ], [ 6.410674032318502, 62.473868750395177 ] ] ] } },
{ "type": "Feature", "properties": { }, "geometry": { "type": "Polygon", "coordinates": [ [ [ 6.410674032318502, 62.473868750395177 ], [ 6.410950246414445, 62.473790800014086 ], [ 6.410698272655071, 62.474154727483054 ], [ 6.410674032318502, 62.473868750395177 ] ] ] } },
{ "type": "Feature", "properties": { }, "geometry": { "type": "Polygon", "coordinates": [ [ [ 6.410950246414445, 62.473790800014086 ], [ 6.410925573562274, 62.474232756152688 ], [ 6.410698272655071, 62.474154727483054 ], [ 6.410950246414445, 62.473790800014086 ] ] ] } },
{ "type": "Feature", "properties": { }, "geometry": { "type": "Polygon", "coordinates": [ [ [ 6.44992431586054, 62.477730122031232 ], [ 6.450181378605412, 62.477620837259806 ], [ 6.449989545413741, 62.478001727483047 ], [ 6.44992431586054, 62.477730122031232 ] ] ] } },
{ "type": "Feature", "properties": { }, "geometry": { "type": "Polygon", "coordinates": [ [ [ 6.450181378605412, 62.477620837259806 ], [ 6.45021684632095, 62.478045830644156 ], [ 6.449989545413741, 62.478001727483047 ], [ 6.450181378605412, 62.477620837259806 ] ] ] } },
{ "type": "Feature", "properties": { }, "geometry": { "type": "Polygon", "coordinates": [ [ [ 6.44992431586054, 62.477730122031232 ], [ 6.449989545413741, 62.478001727483047 ], [ 6.449762244506532, 62.477957624321938 ], [ 6.44992431586054, 62.477730122031232 ] ] ] } },
{ "type": "Feature", "properties": { }, "geometry": { "type": "Polygon", "coordinates": [ [ [ 6.524377822071677, 62.481327637486551 ], [ 6.524566916706973, 62.481407636416279 ], [ 6.524451409241588, 62.481519318310525 ], [ 6.524377822071677, 62.481327637486551 ] ] ] } },
{ "type": "Feature", "properties": { }, "geometry": { "type": "Polygon", "coordinates": [ [ [ 6.524236431451173, 62.48147651764738 ], [ 6.524451409241588, 62.481519318310525 ], [ 6.52439736062991, 62.481625343540856 ], [ 6.524236431451173, 62.48147651764738 ] ] ] } },
{ "type": "Feature", "properties": { }, "geometry": { "type": "Polygon", "coordinates": [ [ [ 6.524377822071677, 62.481327637486551 ], [ 6.524451409241588, 62.481519318310525 ], [ 6.524236431451173, 62.48147651764738 ], [ 6.524377822071677, 62.481327637486551 ] ] ] } },
{ "type": "Feature", "properties": { }, "geometry": { "type": "Polygon", "coordinates": [ [ [ 6.415119295746354, 62.476142570866962 ], [ 6.415304666588296, 62.476278389861008 ], [ 6.415089379765193, 62.476358768539676 ], [ 6.415119295746354, 62.476142570866962 ] ] ] } },
{ "type": "Feature", "properties": { }, "geometry": { "type": "Polygon", "coordinates": [ [ [ 6.414777906975448, 62.476051510483288 ], [ 6.414978682909248, 62.476168335063086 ], [ 6.414872256510548, 62.476263777115769 ], [ 6.414777906975448, 62.476051510483288 ] ] ] } },
{ "type": "Feature", "properties": { }, "geometry": { "type": "Polygon", "coordinates": [ [ [ 6.48219776965717, 62.483714263034464 ], [ 6.482572610673575, 62.483799325522241 ], [ 6.482218433450527, 62.483948657063053 ], [ 6.48219776965717, 62.483714263034464 ] ] ] } },
{ "type": "Feature", "properties": { }, "geometry": { "type": "Polygon", "coordinates": [ [ [ 6.48178854635838, 62.483680711730273 ], [ 6.482056219670684, 62.483775221947184 ], [ 6.481967384687357, 62.483901161351071 ], [ 6.48178854635838, 62.483680711730273 ] ] ] } },
{ "type": "Feature", "properties": { }, "geometry": { "type": "Polygon", "coordinates": [ [ [ 6.480885345399201, 62.483772210979602 ], [ 6.48178854635838, 62.483680711730273 ], [ 6.481967384687357, 62.483901161351071 ], [ 6.480885345399201, 62.483772210979602 ] ] ] } },
{ "type": "Feature", "properties": { }, "geometry": { "type": "Polygon", "coordinates": [ [ [ 6.524449318345059, 62.481732408930817 ], [ 6.524556382278328, 62.48178831297497 ], [ 6.524442609425839, 62.481875730534483 ], [ 6.524449318345059, 62.481732408930817 ] ] ] } },
{ "type": "Feature", "properties": { }, "geometry": { "type": "Polygon", "coordinates": [ [ [ 6.524233542086827, 62.481770982931408 ], [ 6.524449318345059, 62.481732408930817 ], [ 6.524442609425839, 62.481875730534483 ], [ 6.524233542086827, 62.481770982931408 ] ] ] } },
{ "type": "Feature", "properties": { }, "geometry": { "type": "Polygon", "coordinates": [ [ [ 6.52439736062991, 62.481625343540856 ], [ 6.524449318345059, 62.481732408930817 ], [ 6.524233542086827, 62.481770982931408 ], [ 6.52439736062991, 62.481625343540856 ] ] ] } },
{ "type": "Feature", "properties": { }, "geometry": { "type": "Polygon", "coordinates": [ [ [ 6.499990057211471, 62.483581789322827 ], [ 6.49993447973695, 62.483723638345268 ], [ 6.499788940399119, 62.483679532645752 ], [ 6.499990057211471, 62.483581789322827 ] ] ] } },
{ "type": "Feature", "properties": { }, "geometry": { "type": "Polygon", "coordinates": [ [ [ 6.521038916026348, 62.481317908446393 ], [ 6.521042404329932, 62.481580992783449 ], [ 6.520904419631857, 62.481544041718017 ], [ 6.521038916026348, 62.481317908446393 ] ] ] } },
{ "type": "Feature", "properties": { }, "geometry": { "type": "Polygon", "coordinates": [ [ [ 6.521038916026348, 62.481317908446393 ], [ 6.521262775411833, 62.481558766367861 ], [ 6.521042404329932, 62.481580992783449 ], [ 6.521038916026348, 62.481317908446393 ] ] ] } },
{ "type": "Feature", "properties": { }, "geometry": { "type": "Polygon", "coordinates": [ [ [ 6.500229924172954, 62.483717651107263 ], [ 6.500460639645104, 62.483713928649216 ], [ 6.500266503641389, 62.483838647123569 ], [ 6.500229924172954, 62.483717651107263 ] ] ] } },
{ "type": "Feature", "properties": { }, "geometry": { "type": "Polygon", "coordinates": [ [ [ 6.499633444774702, 62.483395076182404 ], [ 6.499990057211471, 62.483581789322827 ], [ 6.499788940399119, 62.483679532645752 ], [ 6.499633444774702, 62.483395076182404 ] ] ] } },
{ "type": "Feature", "properties": { }, "geometry": { "type": "Polygon", "coordinates": [ [ [ 6.499633444774702, 62.483395076182404 ], [ 6.499955501241286, 62.483213877216883 ], [ 6.499990057211471, 62.483581789322827 ], [ 6.499633444774702, 62.483395076182404 ] ] ] } },
{ "type": "Feature", "properties": { }, "geometry": { "type": "Polygon", "coordinates": [ [ [ 6.499955501241286, 62.483213877216883 ], [ 6.500205368410752, 62.483486126790616 ], [ 6.499990057211471, 62.483581789322827 ], [ 6.499955501241286, 62.483213877216883 ] ] ] } },
{ "type": "Feature", "properties": { }, "geometry": { "type": "Polygon", "coordinates": [ [ [ 6.499633444774702, 62.483395076182404 ], [ 6.499788940399119, 62.483679532645752 ], [ 6.499622894482588, 62.483704049981036 ], [ 6.499633444774702, 62.483395076182404 ] ] ] } },
{ "type": "Feature", "properties": { }, "geometry": { "type": "Polygon", "coordinates": [ [ [ 6.455503727413988, 62.470468454310016 ], [ 6.455696168935199, 62.470849118753137 ], [ 6.455189618030301, 62.470710100609999 ], [ 6.455503727413988, 62.470468454310016 ] ] ] } },
{ "type": "Feature", "properties": { }, "geometry": { "type": "Polygon", "coordinates": [ [ [ 6.455304228416948, 62.47033072994892 ], [ 6.455503727413988, 62.470468454310016 ], [ 6.455189618030301, 62.470710100609999 ], [ 6.455304228416948, 62.47033072994892 ] ] ] } },
{ "type": "Feature", "properties": { }, "geometry": { "type": "Polygon", "coordinates": [ [ [ 6.562930880537415, 62.482330227147159 ], [ 6.563055859744831, 62.482438254990541 ], [ 6.562802492072946, 62.482605071078289 ], [ 6.562930880537415, 62.482330227147159 ] ] ] } },
{ "type": "Feature", "properties": { }, "geometry": { "type": "Polygon", "coordinates": [ [ [ 6.562635945685928, 62.482359862727648 ], [ 6.562930880537415, 62.482330227147159 ], [ 6.562802492072946, 62.482605071078289 ], [ 6.562635945685928, 62.482359862727648 ] ] ] } },
{ "type": "Feature", "properties": { }, "geometry": { "type": "Polygon", "coordinates": [ [ [ 6.562853091104802, 62.482158088841047 ], [ 6.562930880537415, 62.482330227147159 ], [ 6.562635945685928, 62.482359862727648 ], [ 6.562853091104802, 62.482158088841047 ] ] ] } },
{ "type": "Feature", "properties": { }, "geometry": { "type": "Polygon", "coordinates": [ [ [ 6.510759680896081, 62.481007809741008 ], [ 6.510924594145164, 62.481193416068564 ], [ 6.510756361972912, 62.481176825415695 ], [ 6.510759680896081, 62.481007809741008 ] ] ] } },
{ "type": "Feature", "properties": { }, "geometry": { "type": "Polygon", "coordinates": [ [ [ 6.51021932175421, 62.480941736156304 ], [ 6.510367158740048, 62.481153599254029 ], [ 6.510105555889177, 62.481219539706458 ], [ 6.51021932175421, 62.480941736156304 ] ] ] } },
{ "type": "Feature", "properties": { }, "geometry": { "type": "Polygon", "coordinates": [ [ [ 6.51021932175421, 62.480941736156304 ], [ 6.510456076002144, 62.481045124611391 ], [ 6.510367158740048, 62.481153599254029 ], [ 6.51021932175421, 62.480941736156304 ] ] ] } },
{ "type": "Feature", "properties": { }, "geometry": { "type": "Polygon", "coordinates": [ [ [ 6.47558518341603, 62.472720634292862 ], [ 6.475786654240355, 62.472787952381914 ], [ 6.475579700524328, 62.47283583116208 ], [ 6.47558518341603, 62.472720634292862 ] ] ] } },
{ "type": "Feature", "properties": { }, "geometry": { "type": "Polygon", "coordinates": [ [ [ 6.475579700524328, 62.47283583116208 ], [ 6.475786654240355, 62.472787952381914 ], [ 6.475768053251428, 62.473178763618932 ], [ 6.475579700524328, 62.47283583116208 ] ] ] } },
{ "type": "Feature", "properties": { }, "geometry": { "type": "Polygon", "coordinates": [ [ [ 6.475298428948697, 62.473000617852037 ], [ 6.475579700524328, 62.47283583116208 ], [ 6.475768053251428, 62.473178763618932 ], [ 6.475298428948697, 62.473000617852037 ] ] ] } },
{ "type": "Feature", "properties": { }, "geometry": { "type": "Polygon", "coordinates": [ [ [ 6.524556382278328, 62.48178831297497 ], [ 6.524677667104298, 62.481841520638575 ], [ 6.524534721431706, 62.481985737216327 ], [ 6.524556382278328, 62.48178831297497 ] ] ] } },
{ "type": "Feature", "properties": { }, "geometry": { "type": "Polygon", "coordinates": [ [ [ 6.524442609425839, 62.481875730534483 ], [ 6.524556382278328, 62.48178831297497 ], [ 6.524534721431706, 62.481985737216327 ], [ 6.524442609425839, 62.481875730534483 ] ] ] } },
{ "type": "Feature", "properties": { }, "geometry": { "type": "Polygon", "coordinates": [ [ [ 6.500205368410752, 62.483486126790616 ], [ 6.500460639645104, 62.483713928649216 ], [ 6.500229924172954, 62.483717651107263 ], [ 6.500205368410752, 62.483486126790616 ] ] ] } },
{ "type": "Feature", "properties": { }, "geometry": { "type": "Polygon", "coordinates": [ [ [ 6.563055859744831, 62.482438254990541 ], [ 6.563216353391317, 62.482473260636588 ], [ 6.563074051214513, 62.482740268773981 ], [ 6.563055859744831, 62.482438254990541 ] ] ] } },
{ "type": "Feature", "properties": { }, "geometry": { "type": "Polygon", "coordinates": [ [ [ 6.563055859744831, 62.482438254990541 ], [ 6.563074051214513, 62.482740268773981 ], [ 6.562802492072946, 62.482605071078289 ], [ 6.563055859744831, 62.482438254990541 ] ] ] } },
{ "type": "Feature", "properties": { }, "geometry": { "type": "Polygon", "coordinates": [ [ [ 6.511005702183815, 62.480593872413991 ], [ 6.511060550535072, 62.480906550556107 ], [ 6.510759680896081, 62.481007809741008 ], [ 6.511005702183815, 62.480593872413991 ] ] ] } },
{ "type": "Feature", "properties": { }, "geometry": { "type": "Polygon", "coordinates": [ [ [ 6.510759680896081, 62.481007809741008 ], [ 6.511060550535072, 62.480906550556107 ], [ 6.510924594145164, 62.481193416068564 ], [ 6.510759680896081, 62.481007809741008 ] ] ] } },
{ "type": "Feature", "properties": { }, "geometry": { "type": "Polygon", "coordinates": [ [ [ 6.511005702183815, 62.480593872413991 ], [ 6.510759680896081, 62.481007809741008 ], [ 6.510579643493004, 62.480818248385745 ], [ 6.511005702183815, 62.480593872413991 ] ] ] } },
{ "type": "Feature", "properties": { }, "geometry": { "type": "Polygon", "coordinates": [ [ [ 6.511060550535072, 62.480906550556107 ], [ 6.511216771383194, 62.481299415117711 ], [ 6.510924594145164, 62.481193416068564 ], [ 6.511060550535072, 62.480906550556107 ] ] ] } },
{ "type": "Feature", "properties": { }, "geometry": { "type": "Polygon", "coordinates": [ [ [ 6.521454230582386, 62.481594152934669 ], [ 6.521811521936371, 62.481563407165631 ], [ 6.521522954517213, 62.481776318552235 ], [ 6.521454230582386, 62.481594152934669 ] ] ] } },
{ "type": "Feature", "properties": { }, "geometry": { "type": "Polygon", "coordinates": [ [ [ 6.521811521936371, 62.481563407165631 ], [ 6.521929061810711, 62.481836308611022 ], [ 6.521522954517213, 62.481776318552235 ], [ 6.521811521936371, 62.481563407165631 ] ] ] } },
{ "type": "Feature", "properties": { }, "geometry": { "type": "Polygon", "coordinates": [ [ [ 6.521454230582386, 62.481594152934669 ], [ 6.521522954517213, 62.481776318552235 ], [ 6.521375159024148, 62.481772071399476 ], [ 6.521454230582386, 62.481594152934669 ] ] ] } },
{ "type": "Feature", "properties": { }, "geometry": { "type": "Polygon", "coordinates": [ [ [ 6.521262775411833, 62.481558766367861 ], [ 6.521375159024148, 62.481772071399476 ], [ 6.521227399004315, 62.481777412056317 ], [ 6.521262775411833, 62.481558766367861 ] ] ] } },
{ "type": "Feature", "properties": { }, "geometry": { "type": "Polygon", "coordinates": [ [ [ 6.523533779052769, 62.481575421832247 ], [ 6.523846877972938, 62.481685982840624 ], [ 6.523623272655071, 62.481789636724635 ], [ 6.523533779052769, 62.481575421832247 ] ] ] } },
{ "type": "Feature", "properties": { }, "geometry": { "type": "Polygon", "coordinates": [ [ [ 6.523846877972938, 62.481685982840624 ], [ 6.52371039070087, 62.481891201481133 ], [ 6.523623272655071, 62.481789636724635 ], [ 6.523846877972938, 62.481685982840624 ] ] ] } },
{ "type": "Feature", "properties": { }, "geometry": { "type": "Polygon", "coordinates": [ [ [ 6.523533779052769, 62.481575421832247 ], [ 6.523623272655071, 62.481789636724635 ], [ 6.523399295495302, 62.481764660564394 ], [ 6.523533779052769, 62.481575421832247 ] ] ] } },
{ "type": "Feature", "properties": { }, "geometry": { "type": "Polygon", "coordinates": [ [ [ 6.524889193419665, 62.481066832056911 ], [ 6.525158831523814, 62.481268804894555 ], [ 6.524719727310401, 62.481358000345303 ], [ 6.524889193419665, 62.481066832056911 ] ] ] } },
{ "type": "Feature", "properties": { }, "geometry": { "type": "Polygon", "coordinates": [ [ [ 6.524555330947771, 62.481111927336222 ], [ 6.524719727310401, 62.481358000345303 ], [ 6.524566916706973, 62.481407636416279 ], [ 6.524555330947771, 62.481111927336222 ] ] ] } },
{ "type": "Feature", "properties": { }, "geometry": { "type": "Polygon", "coordinates": [ [ [ 6.524555330947771, 62.481111927336222 ], [ 6.524889193419665, 62.481066832056911 ], [ 6.524719727310401, 62.481358000345303 ], [ 6.524555330947771, 62.481111927336222 ] ] ] } },
{ "type": "Feature", "properties": { }, "geometry": { "type": "Polygon", "coordinates": [ [ [ 6.415003316515549, 62.475906185195193 ], [ 6.415452750775871, 62.475881868998812 ], [ 6.415119295746354, 62.476142570866962 ], [ 6.415003316515549, 62.475906185195193 ] ] ] } },
{ "type": "Feature", "properties": { }, "geometry": { "type": "Polygon", "coordinates": [ [ [ 6.415452750775871, 62.475881868998812 ], [ 6.415304666588296, 62.476278389861008 ], [ 6.415119295746354, 62.476142570866962 ], [ 6.415452750775871, 62.475881868998812 ] ] ] } },
{ "type": "Feature", "properties": { }, "geometry": { "type": "Polygon", "coordinates": [ [ [ 6.415003316515549, 62.475906185195193 ], [ 6.415119295746354, 62.476142570866962 ], [ 6.414978682909248, 62.476168335063086 ], [ 6.415003316515549, 62.475906185195193 ] ] ] } },
{ "type": "Feature", "properties": { }, "geometry": { "type": "Polygon", "coordinates": [ [ [ 6.475083040044591, 62.472822816880431 ], [ 6.475298428948697, 62.473000617852037 ], [ 6.474875542423302, 62.47329354247465 ], [ 6.475083040044591, 62.472822816880431 ] ] ] } },
{ "type": "Feature", "properties": { }, "geometry": { "type": "Polygon", "coordinates": [ [ [ 6.524236431451173, 62.48147651764738 ], [ 6.52439736062991, 62.481625343540856 ], [ 6.524233542086827, 62.481770982931408 ], [ 6.524236431451173, 62.48147651764738 ] ] ] } },
{ "type": "Feature", "properties": { }, "geometry": { "type": "Polygon", "coordinates": [ [ [ 6.520847410104367, 62.481357070805117 ], [ 6.520904419631857, 62.481544041718017 ], [ 6.520774088453956, 62.481538267229134 ], [ 6.520847410104367, 62.481357070805117 ] ] ] } },
{ "type": "Feature", "properties": { }, "geometry": { "type": "Polygon", "coordinates": [ [ [ 6.520847410104367, 62.481357070805117 ], [ 6.521038916026348, 62.481317908446393 ], [ 6.520904419631857, 62.481544041718017 ], [ 6.520847410104367, 62.481357070805117 ] ] ] } },
{ "type": "Feature", "properties": { }, "geometry": { "type": "Polygon", "coordinates": [ [ [ 6.510579643493004, 62.480818248385745 ], [ 6.510456076002144, 62.481045124611391 ], [ 6.51021932175421, 62.480941736156304 ], [ 6.510579643493004, 62.480818248385745 ] ] ] } },
{ "type": "Feature", "properties": { }, "geometry": { "type": "Polygon", "coordinates": [ [ [ 6.524677667104298, 62.481841520638575 ], [ 6.524822579645856, 62.481864176514286 ], [ 6.524725325696394, 62.482011460615475 ], [ 6.524677667104298, 62.481841520638575 ] ] ] } },
{ "type": "Feature", "properties": { }, "geometry": { "type": "Polygon", "coordinates": [ [ [ 6.524677667104298, 62.481841520638575 ], [ 6.524725325696394, 62.482011460615475 ], [ 6.524534721431706, 62.481985737216327 ], [ 6.524677667104298, 62.481841520638575 ] ] ] } },
{ "type": "Feature", "properties": { }, "geometry": { "type": "Polygon", "coordinates": [ [ [ 6.524442609425839, 62.481875730534483 ], [ 6.524534721431706, 62.481985737216327 ], [ 6.524378790807884, 62.482022735302536 ], [ 6.524442609425839, 62.481875730534483 ] ] ] } },
{ "type": "Feature", "properties": { }, "geometry": { "type": "Polygon", "coordinates": [ [ [ 6.525158831523814, 62.481268804894555 ], [ 6.52561866820093, 62.48110478508881 ], [ 6.525312309018777, 62.481484911801644 ], [ 6.525158831523814, 62.481268804894555 ] ] ] } },
{ "type": "Feature", "properties": { }, "geometry": { "type": "Polygon", "coordinates": [ [ [ 6.563216353391317, 62.482473260636588 ], [ 6.563399203554201, 62.482458682275961 ], [ 6.563326716480574, 62.482703502815419 ], [ 6.563216353391317, 62.482473260636588 ] ] ] } },
{ "type": "Feature", "properties": { }, "geometry": { "type": "Polygon", "coordinates": [ [ [ 6.563216353391317, 62.482473260636588 ], [ 6.563326716480574, 62.482703502815419 ], [ 6.563074051214513, 62.482740268773981 ], [ 6.563216353391317, 62.482473260636588 ] ] ] } },
{ "type": "Feature", "properties": { }, "geometry": { "type": "Polygon", "coordinates": [ [ [ 6.475786654240355, 62.472787952381914 ], [ 6.476303214442828, 62.473008386781771 ], [ 6.475768053251428, 62.473178763618932 ], [ 6.475786654240355, 62.472787952381914 ] ] ] } },
{ "type": "Feature", "properties": { }, "geometry": { "type": "Polygon", "coordinates": [ [ [ 6.522319839503998, 62.481391906189167 ], [ 6.522746565168237, 62.481358793407004 ], [ 6.522619681896659, 62.481670954897034 ], [ 6.522319839503998, 62.481391906189167 ] ] ] } },
{ "type": "Feature", "properties": { }, "geometry": { "type": "Polygon", "coordinates": [ [ [ 6.522746565168237, 62.481358793407004 ], [ 6.522913107381885, 62.481651723179368 ], [ 6.522619681896659, 62.481670954897034 ], [ 6.522746565168237, 62.481358793407004 ] ] ] } },
{ "type": "Feature", "properties": { }, "geometry": { "type": "Polygon", "coordinates": [ [ [ 6.522319839503998, 62.481391906189167 ], [ 6.522619681896659, 62.481670954897034 ], [ 6.522430394017031, 62.481766323182612 ], [ 6.522319839503998, 62.481391906189167 ] ] ] } },
{ "type": "Feature", "properties": { }, "geometry": { "type": "Polygon", "coordinates": [ [ [ 6.523462656610234, 62.481354426983565 ], [ 6.523533779052769, 62.481575421832247 ], [ 6.52319427265507, 62.481671091276368 ], [ 6.523462656610234, 62.481354426983565 ] ] ] } },
{ "type": "Feature", "properties": { }, "geometry": { "type": "Polygon", "coordinates": [ [ [ 6.523533779052769, 62.481575421832247 ], [ 6.523399295495302, 62.481764660564394 ], [ 6.52319427265507, 62.481671091276368 ], [ 6.523533779052769, 62.481575421832247 ] ] ] } },
{ "type": "Feature", "properties": { }, "geometry": { "type": "Polygon", "coordinates": [ [ [ 6.523078521937708, 62.481300924039751 ], [ 6.52319427265507, 62.481671091276368 ], [ 6.522913107381885, 62.481651723179368 ], [ 6.523078521937708, 62.481300924039751 ] ] ] } },
{ "type": "Feature", "properties": { }, "geometry": { "type": "Polygon", "coordinates": [ [ [ 6.523078521937708, 62.481300924039751 ], [ 6.523462656610234, 62.481354426983565 ], [ 6.52319427265507, 62.481671091276368 ], [ 6.523078521937708, 62.481300924039751 ] ] ] } },
{ "type": "Feature", "properties": { }, "geometry": { "type": "Polygon", "coordinates": [ [ [ 6.524555330947771, 62.481111927336222 ], [ 6.524566916706973, 62.481407636416279 ], [ 6.524377822071677, 62.481327637486551 ], [ 6.524555330947771, 62.481111927336222 ] ] ] } },
{ "type": "Feature", "properties": { }, "geometry": { "type": "Polygon", "coordinates": [ [ [ 6.415003316515549, 62.475906185195193 ], [ 6.414978682909248, 62.476168335063086 ], [ 6.414777906975448, 62.476051510483288 ], [ 6.415003316515549, 62.475906185195193 ] ] ] } },
{ "type": "Feature", "properties": { }, "geometry": { "type": "Polygon", "coordinates": [ [ [ 6.524233542086827, 62.481770982931408 ], [ 6.524442609425839, 62.481875730534483 ], [ 6.524378790807884, 62.482022735302536 ], [ 6.524233542086827, 62.481770982931408 ] ] ] } },
{ "type": "Feature", "properties": { }, "geometry": { "type": "Polygon", "coordinates": [ [ [ 6.524236431451173, 62.48147651764738 ], [ 6.524233542086827, 62.481770982931408 ], [ 6.524040126540868, 62.481728862676263 ], [ 6.524236431451173, 62.48147651764738 ] ] ] } },
{ "type": "Feature", "properties": { }, "geometry": { "type": "Polygon", "coordinates": [ [ [ 6.520847410104367, 62.481357070805117 ], [ 6.520774088453956, 62.481538267229134 ], [ 6.520545291019946, 62.481464840672487 ], [ 6.520847410104367, 62.481357070805117 ] ] ] } },
{ "type": "Feature", "properties": { }, "geometry": { "type": "Polygon", "coordinates": [ [ [ 6.52399199229541, 62.481488890425922 ], [ 6.524236431451173, 62.48147651764738 ], [ 6.524040126540868, 62.481728862676263 ], [ 6.52399199229541, 62.481488890425922 ] ] ] } },
{ "type": "Feature", "properties": { }, "geometry": { "type": "Polygon", "coordinates": [ [ [ 6.524100182869775, 62.481205544159913 ], [ 6.524236431451173, 62.48147651764738 ], [ 6.52399199229541, 62.481488890425922 ], [ 6.524100182869775, 62.481205544159913 ] ] ] } },
{ "type": "Feature", "properties": { }, "geometry": { "type": "Polygon", "coordinates": [ [ [ 6.524100182869775, 62.481205544159913 ], [ 6.524377822071677, 62.481327637486551 ], [ 6.524236431451173, 62.48147651764738 ], [ 6.524100182869775, 62.481205544159913 ] ] ] } },
{ "type": "Feature", "properties": { }, "geometry": { "type": "Polygon", "coordinates": [ [ [ 6.400250283982906, 62.470279358095105 ], [ 6.400509089117117, 62.470901641919006 ], [ 6.400099136103095, 62.470783318483178 ], [ 6.400250283982906, 62.470279358095105 ] ] ] } },
{ "type": "Feature", "properties": { }, "geometry": { "type": "Polygon", "coordinates": [ [ [ 6.400250283982906, 62.470279358095105 ], [ 6.400099136103095, 62.470783318483178 ], [ 6.399858075957604, 62.470630063982149 ], [ 6.400250283982906, 62.470279358095105 ] ] ] } },
{ "type": "Feature", "properties": { }, "geometry": { "type": "Polygon", "coordinates": [ [ [ 6.5033851818276, 62.476966817758033 ], [ 6.503863996712161, 62.477282488751342 ], [ 6.503138142474647, 62.477773626596104 ], [ 6.5033851818276, 62.476966817758033 ] ] ] } },
{ "type": "Feature", "properties": { }, "geometry": { "type": "Polygon", "coordinates": [ [ [ 6.502927187462336, 62.47695664010547 ], [ 6.5033851818276, 62.476966817758033 ], [ 6.503138142474647, 62.477773626596104 ], [ 6.502927187462336, 62.47695664010547 ] ] ] } },
{ "type": "Feature", "properties": { }, "geometry": { "type": "Polygon", "coordinates": [ [ [ 6.516524659910572, 62.480451655109945 ], [ 6.517204094374677, 62.480811881422646 ], [ 6.516915727552106, 62.481113818448648 ], [ 6.516524659910572, 62.480451655109945 ] ] ] } },
{ "type": "Feature", "properties": { }, "geometry": { "type": "Polygon", "coordinates": [ [ [ 6.514923909379705, 62.482237454206427 ], [ 6.515069987732659, 62.482372296152782 ], [ 6.514732294027429, 62.482405742289501 ], [ 6.514923909379705, 62.482237454206427 ] ] ] } },
{ "type": "Feature", "properties": { }, "geometry": { "type": "Polygon", "coordinates": [ [ [ 6.514751616793934, 62.482151451210562 ], [ 6.514923909379705, 62.482237454206427 ], [ 6.514732294027429, 62.482405742289501 ], [ 6.514751616793934, 62.482151451210562 ] ] ] } },
{ "type": "Feature", "properties": { }, "geometry": { "type": "Polygon", "coordinates": [ [ [ 6.410299898284345, 62.473764891014156 ], [ 6.410674032318502, 62.473868750395177 ], [ 6.410497807184311, 62.474095278960235 ], [ 6.410299898284345, 62.473764891014156 ] ] ] } },
{ "type": "Feature", "properties": { }, "geometry": { "type": "Polygon", "coordinates": [ [ [ 6.482018931328192, 62.483493813413673 ], [ 6.482490140732779, 62.483294313361242 ], [ 6.48219776965717, 62.483714263034464 ], [ 6.482018931328192, 62.483493813413673 ] ] ] } },
{ "type": "Feature", "properties": { }, "geometry": { "type": "Polygon", "coordinates": [ [ [ 6.482490140732779, 62.483294313361242 ], [ 6.482572610673575, 62.483799325522241 ], [ 6.48219776965717, 62.483714263034464 ], [ 6.482490140732779, 62.483294313361242 ] ] ] } },
{ "type": "Feature", "properties": { }, "geometry": { "type": "Polygon", "coordinates": [ [ [ 6.482018931328192, 62.483493813413673 ], [ 6.48219776965717, 62.483714263034464 ], [ 6.482056219670684, 62.483775221947184 ], [ 6.482018931328192, 62.483493813413673 ] ] ] } },
{ "type": "Feature", "properties": { }, "geometry": { "type": "Polygon", "coordinates": [ [ [ 6.454989091034659, 62.470368272344295 ], [ 6.455304228416948, 62.47033072994892 ], [ 6.455189618030301, 62.470710100609999 ], [ 6.454989091034659, 62.470368272344295 ] ] ] } },
{ "type": "Feature", "properties": { }, "geometry": { "type": "Polygon", "coordinates": [ [ [ 6.454989091034659, 62.470368272344295 ], [ 6.455189618030301, 62.470710100609999 ], [ 6.454774441590501, 62.470723924114374 ], [ 6.454989091034659, 62.470368272344295 ] ] ] } },
{ "type": "Feature", "properties": { }, "geometry": { "type": "Polygon", "coordinates": [ [ [ 6.561115792936699, 62.484239957470457 ], [ 6.562192337361887, 62.484275422629963 ], [ 6.5616455454828, 62.484654091345426 ], [ 6.561115792936699, 62.484239957470457 ] ] ] } },
{ "type": "Feature", "properties": { }, "geometry": { "type": "Polygon", "coordinates": [ [ [ 6.500205368410752, 62.483486126790616 ], [ 6.50056563360083, 62.483339346623694 ], [ 6.500460639645104, 62.483713928649216 ], [ 6.500205368410752, 62.483486126790616 ] ] ] } },
{ "type": "Feature", "properties": { }, "geometry": { "type": "Polygon", "coordinates": [ [ [ 6.50056563360083, 62.483339346623694 ], [ 6.500866082065596, 62.483586462273955 ], [ 6.500460639645104, 62.483713928649216 ], [ 6.50056563360083, 62.483339346623694 ] ] ] } },
{ "type": "Feature", "properties": { }, "geometry": { "type": "Polygon", "coordinates": [ [ [ 6.499955501241286, 62.483213877216883 ], [ 6.50056563360083, 62.483339346623694 ], [ 6.500205368410752, 62.483486126790616 ], [ 6.499955501241286, 62.483213877216883 ] ] ] } },
{ "type": "Feature", "properties": { }, "geometry": { "type": "Polygon", "coordinates": [ [ [ 6.521038916026348, 62.481317908446393 ], [ 6.521421233618094, 62.481237062449921 ], [ 6.521262775411833, 62.481558766367861 ], [ 6.521038916026348, 62.481317908446393 ] ] ] } },
{ "type": "Feature", "properties": { }, "geometry": { "type": "Polygon", "coordinates": [ [ [ 6.521421233618094, 62.481237062449921 ], [ 6.521454230582386, 62.481594152934669 ], [ 6.521262775411833, 62.481558766367861 ], [ 6.521421233618094, 62.481237062449921 ] ] ] } },
{ "type": "Feature", "properties": { }, "geometry": { "type": "Polygon", "coordinates": [ [ [ 6.521262775411833, 62.481558766367861 ], [ 6.521454230582386, 62.481594152934669 ], [ 6.521375159024148, 62.481772071399476 ], [ 6.521262775411833, 62.481558766367861 ] ] ] } },
{ "type": "Feature", "properties": { }, "geometry": { "type": "Polygon", "coordinates": [ [ [ 6.523846877972938, 62.481685982840624 ], [ 6.523901956630484, 62.4818706116275 ], [ 6.52371039070087, 62.481891201481133 ], [ 6.523846877972938, 62.481685982840624 ] ] ] } },
{ "type": "Feature", "properties": { }, "geometry": { "type": "Polygon", "coordinates": [ [ [ 6.475298428948697, 62.473000617852037 ], [ 6.475768053251428, 62.473178763618932 ], [ 6.475361265409888, 62.473543049605539 ], [ 6.475298428948697, 62.473000617852037 ] ] ] } },
{ "type": "Feature", "properties": { }, "geometry": { "type": "Polygon", "coordinates": [ [ [ 6.475298428948697, 62.473000617852037 ], [ 6.475361265409888, 62.473543049605539 ], [ 6.474875542423302, 62.47329354247465 ], [ 6.475298428948697, 62.473000617852037 ] ] ] } },
{ "type": "Feature", "properties": { }, "geometry": { "type": "Polygon", "coordinates": [ [ [ 6.510009246758369, 62.480345006222329 ], [ 6.510579643493004, 62.480818248385745 ], [ 6.51021932175421, 62.480941736156304 ], [ 6.510009246758369, 62.480345006222329 ] ] ] } },
{ "type": "Feature", "properties": { }, "geometry": { "type": "Polygon", "coordinates": [ [ [ 6.50987654868957, 62.480963560456424 ], [ 6.51021932175421, 62.480941736156304 ], [ 6.510105555889177, 62.481219539706458 ], [ 6.50987654868957, 62.480963560456424 ] ] ] } },
{ "type": "Feature", "properties": { }, "geometry": { "type": "Polygon", "coordinates": [ [ [ 6.510009246758369, 62.480345006222329 ], [ 6.51021932175421, 62.480941736156304 ], [ 6.50987654868957, 62.480963560456424 ], [ 6.510009246758369, 62.480345006222329 ] ] ] } },
{ "type": "Feature", "properties": { }, "geometry": { "type": "Polygon", "coordinates": [ [ [ 6.510009246758369, 62.480345006222329 ], [ 6.510559132790309, 62.480262600405609 ], [ 6.510579643493004, 62.480818248385745 ], [ 6.510009246758369, 62.480345006222329 ] ] ] } },
{ "type": "Feature", "properties": { }, "geometry": { "type": "Polygon", "coordinates": [ [ [ 6.510559132790309, 62.480262600405609 ], [ 6.511005702183815, 62.480593872413991 ], [ 6.510579643493004, 62.480818248385745 ], [ 6.510559132790309, 62.480262600405609 ] ] ] } },
{ "type": "Feature", "properties": { }, "geometry": { "type": "Polygon", "coordinates": [ [ [ 6.521811521936371, 62.481563407165631 ], [ 6.522319839503998, 62.481391906189167 ], [ 6.522218454586259, 62.4817689094833 ], [ 6.521811521936371, 62.481563407165631 ] ] ] } },
{ "type": "Feature", "properties": { }, "geometry": { "type": "Polygon", "coordinates": [ [ [ 6.522319839503998, 62.481391906189167 ], [ 6.522430394017031, 62.481766323182612 ], [ 6.522218454586259, 62.4817689094833 ], [ 6.522319839503998, 62.481391906189167 ] ] ] } },
{ "type": "Feature", "properties": { }, "geometry": { "type": "Polygon", "coordinates": [ [ [ 6.521811521936371, 62.481563407165631 ], [ 6.522218454586259, 62.4817689094833 ], [ 6.521929061810711, 62.481836308611022 ], [ 6.521811521936371, 62.481563407165631 ] ] ] } },
{ "type": "Feature", "properties": { }, "geometry": { "type": "Polygon", "coordinates": [ [ [ 6.414737049779942, 62.475740662644583 ], [ 6.415003316515549, 62.475906185195193 ], [ 6.414777906975448, 62.476051510483288 ], [ 6.414737049779942, 62.475740662644583 ] ] ] } },
{ "type": "Feature", "properties": { }, "geometry": { "type": "Polygon", "coordinates": [ [ [ 6.414737049779942, 62.475740662644583 ], [ 6.414777906975448, 62.476051510483288 ], [ 6.414518009801722, 62.475964977550895 ], [ 6.414737049779942, 62.475740662644583 ] ] ] } },
{ "type": "Feature", "properties": { }, "geometry": { "type": "Polygon", "coordinates": [ [ [ 6.520100454480739, 62.480981178163681 ], [ 6.520873739006918, 62.480998002456133 ], [ 6.520545291019946, 62.481464840672487 ], [ 6.520100454480739, 62.480981178163681 ] ] ] } },
{ "type": "Feature", "properties": { }, "geometry": { "type": "Polygon", "coordinates": [ [ [ 6.520873739006918, 62.480998002456133 ], [ 6.520847410104367, 62.481357070805117 ], [ 6.520545291019946, 62.481464840672487 ], [ 6.520873739006918, 62.480998002456133 ] ] ] } },
{ "type": "Feature", "properties": { }, "geometry": { "type": "Polygon", "coordinates": [ [ [ 6.410950246414445, 62.473790800014086 ], [ 6.411325661151365, 62.474033424862988 ], [ 6.410925573562274, 62.474232756152688 ], [ 6.410950246414445, 62.473790800014086 ] ] ] } },
{ "type": "Feature", "properties": { }, "geometry": { "type": "Polygon", "coordinates": [ [ [ 6.450589803621503, 62.477800728920052 ], [ 6.450614902721627, 62.478246309483325 ], [ 6.45021684632095, 62.478045830644156 ], [ 6.450589803621503, 62.477800728920052 ] ] ] } },
{ "type": "Feature", "properties": { }, "geometry": { "type": "Polygon", "coordinates": [ [ [ 6.450181378605412, 62.477620837259806 ], [ 6.450589803621503, 62.477800728920052 ], [ 6.45021684632095, 62.478045830644156 ], [ 6.450181378605412, 62.477620837259806 ] ] ] } },
{ "type": "Feature", "properties": { }, "geometry": { "type": "Polygon", "coordinates": [ [ [ 6.449602440541978, 62.477672300368745 ], [ 6.44992431586054, 62.477730122031232 ], [ 6.449762244506532, 62.477957624321938 ], [ 6.449602440541978, 62.477672300368745 ] ] ] } },
{ "type": "Feature", "properties": { }, "geometry": { "type": "Polygon", "coordinates": [ [ [ 6.482018931328192, 62.483493813413673 ], [ 6.482056219670684, 62.483775221947184 ], [ 6.48178854635838, 62.483680711730273 ], [ 6.482018931328192, 62.483493813413673 ] ] ] } },
{ "type": "Feature", "properties": { }, "geometry": { "type": "Polygon", "coordinates": [ [ [ 6.520873739006918, 62.480998002456133 ], [ 6.521038916026348, 62.481317908446393 ], [ 6.520847410104367, 62.481357070805117 ], [ 6.520873739006918, 62.480998002456133 ] ] ] } },
{ "type": "Feature", "properties": { }, "geometry": { "type": "Polygon", "coordinates": [ [ [ 6.520873739006918, 62.480998002456133 ], [ 6.521421233618094, 62.481237062449921 ], [ 6.521038916026348, 62.481317908446393 ], [ 6.520873739006918, 62.480998002456133 ] ] ] } },
{ "type": "Feature", "properties": { }, "geometry": { "type": "Polygon", "coordinates": [ [ [ 6.523735752898922, 62.481388478851443 ], [ 6.52399199229541, 62.481488890425922 ], [ 6.523846877972938, 62.481685982840624 ], [ 6.523735752898922, 62.481388478851443 ] ] ] } },
{ "type": "Feature", "properties": { }, "geometry": { "type": "Polygon", "coordinates": [ [ [ 6.52399199229541, 62.481488890425922 ], [ 6.524040126540868, 62.481728862676263 ], [ 6.523846877972938, 62.481685982840624 ], [ 6.52399199229541, 62.481488890425922 ] ] ] } },
{ "type": "Feature", "properties": { }, "geometry": { "type": "Polygon", "coordinates": [ [ [ 6.523846877972938, 62.481685982840624 ], [ 6.524040126540868, 62.481728862676263 ], [ 6.523901956630484, 62.4818706116275 ], [ 6.523846877972938, 62.481685982840624 ] ] ] } },
{ "type": "Feature", "properties": { }, "geometry": { "type": "Polygon", "coordinates": [ [ [ 6.523735752898922, 62.481388478851443 ], [ 6.523846877972938, 62.481685982840624 ], [ 6.523533779052769, 62.481575421832247 ], [ 6.523735752898922, 62.481388478851443 ] ] ] } },
{ "type": "Feature", "properties": { }, "geometry": { "type": "Polygon", "coordinates": [ [ [ 6.525266507300052, 62.480844082638107 ], [ 6.525158831523814, 62.481268804894555 ], [ 6.524889193419665, 62.481066832056911 ], [ 6.525266507300052, 62.480844082638107 ] ] ] } },
{ "type": "Feature", "properties": { }, "geometry": { "type": "Polygon", "coordinates": [ [ [ 6.525266507300052, 62.480844082638107 ], [ 6.52561866820093, 62.48110478508881 ], [ 6.525158831523814, 62.481268804894555 ], [ 6.525266507300052, 62.480844082638107 ] ] ] } },
{ "type": "Feature", "properties": { }, "geometry": { "type": "Polygon", "coordinates": [ [ [ 6.415163608967866, 62.475351406451701 ], [ 6.415452750775871, 62.475881868998812 ], [ 6.415003316515549, 62.475906185195193 ], [ 6.415163608967866, 62.475351406451701 ] ] ] } },
{ "type": "Feature", "properties": { }, "geometry": { "type": "Polygon", "coordinates": [ [ [ 6.415163608967866, 62.475351406451701 ], [ 6.415003316515549, 62.475906185195193 ], [ 6.414737049779942, 62.475740662644583 ], [ 6.415163608967866, 62.475351406451701 ] ] ] } },
{ "type": "Feature", "properties": { }, "geometry": { "type": "Polygon", "coordinates": [ [ [ 6.394856083464466, 62.465271395366308 ], [ 6.395281000207189, 62.465215908620038 ], [ 6.395521446689861, 62.465572718964268 ], [ 6.394856083464466, 62.465271395366308 ] ] ] } },
{ "type": "Feature", "properties": { }, "geometry": { "type": "Polygon", "coordinates": [ [ [ 6.433081527089776, 62.476576804716728 ], [ 6.433365177337981, 62.477159210306937 ], [ 6.433019045586388, 62.477221591345426 ], [ 6.433081527089776, 62.476576804716728 ] ] ] } },
{ "type": "Feature", "properties": { }, "geometry": { "type": "Polygon", "coordinates": [ [ [ 6.433081527089776, 62.476576804716728 ], [ 6.433019045586388, 62.477221591345426 ], [ 6.43241211739703, 62.476918079275492 ], [ 6.433081527089776, 62.476576804716728 ] ] ] } },
{ "type": "Feature", "properties": { }, "geometry": { "type": "Polygon", "coordinates": [ [ [ 6.43497128200923, 62.4767405822694 ], [ 6.435786411156088, 62.476362956779624 ], [ 6.435595636413859, 62.477240818690355 ], [ 6.43497128200923, 62.4767405822694 ] ] ] } },
{ "type": "Feature", "properties": { }, "geometry": { "type": "Polygon", "coordinates": [ [ [ 6.435786411156088, 62.476362956779624 ], [ 6.436145229652183, 62.47718653787669 ], [ 6.435595636413859, 62.477240818690355 ], [ 6.435786411156088, 62.476362956779624 ] ] ] } },
{ "type": "Feature", "properties": { }, "geometry": { "type": "Polygon", "coordinates": [ [ [ 6.491368107699939, 62.48214993502998 ], [ 6.492014637296557, 62.482529092846704 ], [ 6.491721227690235, 62.482811045793575 ], [ 6.491368107699939, 62.48214993502998 ] ] ] } },
{ "type": "Feature", "properties": { }, "geometry": { "type": "Polygon", "coordinates": [ [ [ 6.491368107699939, 62.48214993502998 ], [ 6.491721227690235, 62.482811045793575 ], [ 6.491093524960512, 62.482721459893483 ], [ 6.491368107699939, 62.48214993502998 ] ] ] } },
{ "type": "Feature", "properties": { }, "geometry": { "type": "Polygon", "coordinates": [ [ [ 6.542155951348457, 62.48248641742935 ], [ 6.542500944150511, 62.482928028743316 ], [ 6.542169908827224, 62.483046636828227 ], [ 6.542155951348457, 62.48248641742935 ] ] ] } },
{ "type": "Feature", "properties": { }, "geometry": { "type": "Polygon", "coordinates": [ [ [ 6.542169908827224, 62.483046636828227 ], [ 6.542500944150511, 62.482928028743316 ], [ 6.542437580574931, 62.483273915025727 ], [ 6.542169908827224, 62.483046636828227 ] ] ] } },
{ "type": "Feature", "properties": { }, "geometry": { "type": "Polygon", "coordinates": [ [ [ 6.541667811300859, 62.482761662556506 ], [ 6.542155951348457, 62.48248641742935 ], [ 6.542169908827224, 62.483046636828227 ], [ 6.541667811300859, 62.482761662556506 ] ] ] } },
{ "type": "Feature", "properties": { }, "geometry": { "type": "Polygon", "coordinates": [ [ [ 6.550456655910149, 62.483287031491123 ], [ 6.55097118401228, 62.48329208148035 ], [ 6.550767681862129, 62.483764682311026 ], [ 6.550456655910149, 62.483287031491123 ] ] ] } },
{ "type": "Feature", "properties": { }, "geometry": { "type": "Polygon", "coordinates": [ [ [ 6.55097118401228, 62.48329208148035 ], [ 6.551142642136125, 62.483777227625382 ], [ 6.550767681862129, 62.483764682311026 ], [ 6.55097118401228, 62.48329208148035 ] ] ] } },
{ "type": "Feature", "properties": { }, "geometry": { "type": "Polygon", "coordinates": [ [ [ 6.550456655910149, 62.483287031491123 ], [ 6.550767681862129, 62.483764682311026 ], [ 6.550472253391032, 62.483856807032147 ], [ 6.550456655910149, 62.483287031491123 ] ] ] } },
{ "type": "Feature", "properties": { }, "geometry": { "type": "Polygon", "coordinates": [ [ [ 6.562762019581467, 62.481922584601882 ], [ 6.562853091104802, 62.482158088841047 ], [ 6.562635945685928, 62.482359862727648 ], [ 6.562762019581467, 62.481922584601882 ] ] ] } },
{ "type": "Feature", "properties": { }, "geometry": { "type": "Polygon", "coordinates": [ [ [ 6.511060550535072, 62.480906550556107 ], [ 6.511413346251241, 62.480993755450442 ], [ 6.511216771383194, 62.481299415117711 ], [ 6.511060550535072, 62.480906550556107 ] ] ] } },
{ "type": "Feature", "properties": { }, "geometry": { "type": "Polygon", "coordinates": [ [ [ 6.562901896135759, 62.481408082129427 ], [ 6.563213390046672, 62.481572113649349 ], [ 6.562952218717808, 62.481756510649788 ], [ 6.562901896135759, 62.481408082129427 ] ] ] } },
{ "type": "Feature", "properties": { }, "geometry": { "type": "Polygon", "coordinates": [ [ [ 6.562562715846799, 62.481502377026658 ], [ 6.562952218717808, 62.481756510649788 ], [ 6.562762019581467, 62.481922584601882 ], [ 6.562562715846799, 62.481502377026658 ] ] ] } },
{ "type": "Feature", "properties": { }, "geometry": { "type": "Polygon", "coordinates": [ [ [ 6.562562715846799, 62.481502377026658 ], [ 6.562901896135759, 62.481408082129427 ], [ 6.562952218717808, 62.481756510649788 ], [ 6.562562715846799, 62.481502377026658 ] ] ] } },
{ "type": "Feature", "properties": { }, "geometry": { "type": "Polygon", "coordinates": [ [ [ 6.563559079707393, 62.482368758273019 ], [ 6.564078529899473, 62.482678843822661 ], [ 6.563638552081003, 62.482697136589643 ], [ 6.563559079707393, 62.482368758273019 ] ] ] } },
{ "type": "Feature", "properties": { }, "geometry": { "type": "Polygon", "coordinates": [ [ [ 6.563399203554201, 62.482458682275961 ], [ 6.563559079707393, 62.482368758273019 ], [ 6.563638552081003, 62.482697136589643 ], [ 6.563399203554201, 62.482458682275961 ] ] ] } },
{ "type": "Feature", "properties": { }, "geometry": { "type": "Polygon", "coordinates": [ [ [ 6.563074051214513, 62.482740268773981 ], [ 6.563326716480574, 62.482703502815419 ], [ 6.563265559749581, 62.483169791609569 ], [ 6.563074051214513, 62.482740268773981 ] ] ] } },
{ "type": "Feature", "properties": { }, "geometry": { "type": "Polygon", "coordinates": [ [ [ 6.563074051214513, 62.482740268773981 ], [ 6.563265559749581, 62.483169791609569 ], [ 6.562698603425772, 62.483154069370087 ], [ 6.563074051214513, 62.482740268773981 ] ] ] } },
{ "type": "Feature", "properties": { }, "geometry": { "type": "Polygon", "coordinates": [ [ [ 6.562802492072946, 62.482605071078289 ], [ 6.563074051214513, 62.482740268773981 ], [ 6.562698603425772, 62.483154069370087 ], [ 6.562802492072946, 62.482605071078289 ] ] ] } },
{ "type": "Feature", "properties": { }, "geometry": { "type": "Polygon", "coordinates": [ [ [ 6.52424462861462, 62.480754581005158 ], [ 6.524642320693771, 62.480497533635337 ], [ 6.524555330947771, 62.481111927336222 ], [ 6.52424462861462, 62.480754581005158 ] ] ] } },
{ "type": "Feature", "properties": { }, "geometry": { "type": "Polygon", "coordinates": [ [ [ 6.524642320693771, 62.480497533635337 ], [ 6.524889193419665, 62.481066832056911 ], [ 6.524555330947771, 62.481111927336222 ], [ 6.524642320693771, 62.480497533635337 ] ] ] } },
{ "type": "Feature", "properties": { }, "geometry": { "type": "Polygon", "coordinates": [ [ [ 6.524100182869775, 62.481205544159913 ], [ 6.524555330947771, 62.481111927336222 ], [ 6.524377822071677, 62.481327637486551 ], [ 6.524100182869775, 62.481205544159913 ] ] ] } },
{ "type": "Feature", "properties": { }, "geometry": { "type": "Polygon", "coordinates": [ [ [ 6.52424462861462, 62.480754581005158 ], [ 6.524555330947771, 62.481111927336222 ], [ 6.524100182869775, 62.481205544159913 ], [ 6.52424462861462, 62.480754581005158 ] ] ] } },
{ "type": "Feature", "properties": { }, "geometry": { "type": "Polygon", "coordinates": [ [ [ 6.514549463901027, 62.482245388130998 ], [ 6.514751616793934, 62.482151451210562 ], [ 6.514732294027429, 62.482405742289501 ], [ 6.514549463901027, 62.482245388130998 ] ] ] } },
{ "type": "Feature", "properties": { }, "geometry": { "type": "Polygon", "coordinates": [ [ [ 6.521421233618094, 62.481237062449921 ], [ 6.521811521936371, 62.481563407165631 ], [ 6.521454230582386, 62.481594152934669 ], [ 6.521421233618094, 62.481237062449921 ] ] ] } },
{ "type": "Feature", "properties": { }, "geometry": { "type": "Polygon", "coordinates": [ [ [ 6.481572419686922, 62.483178853575971 ], [ 6.48178854635838, 62.483680711730273 ], [ 6.480885345399201, 62.483772210979602 ], [ 6.481572419686922, 62.483178853575971 ] ] ] } },
{ "type": "Feature", "properties": { }, "geometry": { "type": "Polygon", "coordinates": [ [ [ 6.481572419686922, 62.483178853575971 ], [ 6.482018931328192, 62.483493813413673 ], [ 6.48178854635838, 62.483680711730273 ], [ 6.481572419686922, 62.483178853575971 ] ] ] } },
{ "type": "Feature", "properties": { }, "geometry": { "type": "Polygon", "coordinates": [ [ [ 6.499519522705718, 62.482815790008843 ], [ 6.499633444774702, 62.483395076182404 ], [ 6.499090994611276, 62.483221886525641 ], [ 6.499519522705718, 62.482815790008843 ] ] ] } },
{ "type": "Feature", "properties": { }, "geometry": { "type": "Polygon", "coordinates": [ [ [ 6.499519522705718, 62.482815790008843 ], [ 6.499955501241286, 62.483213877216883 ], [ 6.499633444774702, 62.483395076182404 ], [ 6.499519522705718, 62.482815790008843 ] ] ] } },
{ "type": "Feature", "properties": { }, "geometry": { "type": "Polygon", "coordinates": [ [ [ 6.563399203554201, 62.482458682275961 ], [ 6.563638552081003, 62.482697136589643 ], [ 6.563326716480574, 62.482703502815419 ], [ 6.563399203554201, 62.482458682275961 ] ] ] } },
{ "type": "Feature", "properties": { }, "geometry": { "type": "Polygon", "coordinates": [ [ [ 6.562284532118497, 62.482777707702603 ], [ 6.562802492072946, 62.482605071078289 ], [ 6.562698603425772, 62.483154069370087 ], [ 6.562284532118497, 62.482777707702603 ] ] ] } },
{ "type": "Feature", "properties": { }, "geometry": { "type": "Polygon", "coordinates": [ [ [ 6.562635945685928, 62.482359862727648 ], [ 6.562802492072946, 62.482605071078289 ], [ 6.562284532118497, 62.482777707702603 ], [ 6.562635945685928, 62.482359862727648 ] ] ] } },
{ "type": "Feature", "properties": { }, "geometry": { "type": "Polygon", "coordinates": [ [ [ 6.481572419686922, 62.483178853575971 ], [ 6.482067150888839, 62.482951468811933 ], [ 6.482018931328192, 62.483493813413673 ], [ 6.481572419686922, 62.483178853575971 ] ] ] } },
{ "type": "Feature", "properties": { }, "geometry": { "type": "Polygon", "coordinates": [ [ [ 6.482067150888839, 62.482951468811933 ], [ 6.482490140732779, 62.483294313361242 ], [ 6.482018931328192, 62.483493813413673 ], [ 6.482067150888839, 62.482951468811933 ] ] ] } },
{ "type": "Feature", "properties": { }, "geometry": { "type": "Polygon", "coordinates": [ [ [ 6.399846409207059, 62.465699499447517 ], [ 6.400429555084156, 62.465817727298621 ], [ 6.399957733892221, 62.46664766806564 ], [ 6.399846409207059, 62.465699499447517 ] ] ] } },
{ "type": "Feature", "properties": { }, "geometry": { "type": "Polygon", "coordinates": [ [ [ 6.399846409207059, 62.465699499447517 ], [ 6.399957733892221, 62.46664766806564 ], [ 6.399118544619102, 62.466192499659662 ], [ 6.399846409207059, 62.465699499447517 ] ] ] } },
{ "type": "Feature", "properties": { }, "geometry": { "type": "Polygon", "coordinates": [ [ [ 6.389251090551224, 62.466050817723506 ], [ 6.389746402975884, 62.46566406692618 ], [ 6.39018434923566, 62.466735494613708 ], [ 6.389251090551224, 62.466050817723506 ] ] ] } },
{ "type": "Feature", "properties": { }, "geometry": { "type": "Polygon", "coordinates": [ [ [ 6.389251090551224, 62.466050817723506 ], [ 6.39018434923566, 62.466735494613708 ], [ 6.389045368263435, 62.467079976691977 ], [ 6.389251090551224, 62.466050817723506 ] ] ] } },
{ "type": "Feature", "properties": { }, "geometry": { "type": "Polygon", "coordinates": [ [ [ 6.403939282340097, 62.471517712673574 ], [ 6.404675976786486, 62.471139166369383 ], [ 6.404119136241212, 62.472215682414614 ], [ 6.403939282340097, 62.471517712673574 ] ] ] } },
{ "type": "Feature", "properties": { }, "geometry": { "type": "Polygon", "coordinates": [ [ [ 6.404675976786486, 62.471139166369383 ], [ 6.404763720903443, 62.472347991897919 ], [ 6.404119136241212, 62.472215682414614 ], [ 6.404675976786486, 62.471139166369383 ] ] ] } },
{ "type": "Feature", "properties": { }, "geometry": { "type": "Polygon", "coordinates": [ [ [ 6.403939282340097, 62.471517712673574 ], [ 6.404119136241212, 62.472215682414614 ], [ 6.403536362682038, 62.472115345449033 ], [ 6.403939282340097, 62.471517712673574 ] ] ] } },
{ "type": "Feature", "properties": { }, "geometry": { "type": "Polygon", "coordinates": [ [ [ 6.449819272896788, 62.469872363102709 ], [ 6.450687863551599, 62.470576589377195 ], [ 6.449806698781424, 62.470775643721161 ], [ 6.449819272896788, 62.469872363102709 ] ] ] } },
{ "type": "Feature", "properties": { }, "geometry": { "type": "Polygon", "coordinates": [ [ [ 6.449086209785303, 62.47023069455792 ], [ 6.449819272896788, 62.469872363102709 ], [ 6.449806698781424, 62.470775643721161 ], [ 6.449086209785303, 62.47023069455792 ] ] ] } },
{ "type": "Feature", "properties": { }, "geometry": { "type": "Polygon", "coordinates": [ [ [ 6.478926590862, 62.472676408550974 ], [ 6.479629018712314, 62.473074246769841 ], [ 6.478242995098156, 62.473351488228687 ], [ 6.478926590862, 62.472676408550974 ] ] ] } },
{ "type": "Feature", "properties": { }, "geometry": { "type": "Polygon", "coordinates": [ [ [ 6.508522758684896, 62.4802340157513 ], [ 6.508838045759047, 62.481229227724761 ], [ 6.508241431570419, 62.480870689369908 ], [ 6.508522758684896, 62.4802340157513 ] ] ] } },
{ "type": "Feature", "properties": { }, "geometry": { "type": "Polygon", "coordinates": [ [ [ 6.508522758684896, 62.4802340157513 ], [ 6.50931161058255, 62.480917803360732 ], [ 6.508838045759047, 62.481229227724761 ], [ 6.508522758684896, 62.4802340157513 ] ] ] } },
{ "type": "Feature", "properties": { }, "geometry": { "type": "Polygon", "coordinates": [ [ [ 6.508241431570419, 62.480870689369908 ], [ 6.508838045759047, 62.481229227724761 ], [ 6.508349518436091, 62.48155830515757 ], [ 6.508241431570419, 62.480870689369908 ] ] ] } },
{ "type": "Feature", "properties": { }, "geometry": { "type": "Polygon", "coordinates": [ [ [ 6.518878131576878, 62.481047274593884 ], [ 6.518868383340761, 62.481402500290528 ], [ 6.518596237517821, 62.481263644793152 ], [ 6.518878131576878, 62.481047274593884 ] ] ] } },
{ "type": "Feature", "properties": { }, "geometry": { "type": "Polygon", "coordinates": [ [ [ 6.518668034178119, 62.480760674861337 ], [ 6.518878131576878, 62.481047274593884 ], [ 6.518596237517821, 62.481263644793152 ], [ 6.518668034178119, 62.480760674861337 ] ] ] } },
{ "type": "Feature", "properties": { }, "geometry": { "type": "Polygon", "coordinates": [ [ [ 6.531258301317092, 62.480941151109278 ], [ 6.531219916638476, 62.481660234539341 ], [ 6.530816636241212, 62.48150990969048 ], [ 6.531258301317092, 62.480941151109278 ] ] ] } },
{ "type": "Feature", "properties": { }, "geometry": { "type": "Polygon", "coordinates": [ [ [ 6.531258301317092, 62.480941151109278 ], [ 6.530816636241212, 62.48150990969048 ], [ 6.530168659028129, 62.481377600207175 ], [ 6.531258301317092, 62.480941151109278 ] ] ] } },
{ "type": "Feature", "properties": { }, "geometry": { "type": "Polygon", "coordinates": [ [ [ 6.493527999654694, 62.482422182276501 ], [ 6.494001485613475, 62.482248061216247 ], [ 6.493774808969644, 62.482698754899282 ], [ 6.493527999654694, 62.482422182276501 ] ] ] } },
{ "type": "Feature", "properties": { }, "geometry": { "type": "Polygon", "coordinates": [ [ [ 6.493593581925992, 62.481869685848743 ], [ 6.493527999654694, 62.482422182276501 ], [ 6.493128156081765, 62.482174533549276 ], [ 6.493593581925992, 62.481869685848743 ] ] ] } },
{ "type": "Feature", "properties": { }, "geometry": { "type": "Polygon", "coordinates": [ [ [ 6.493593581925992, 62.481869685848743 ], [ 6.494001485613475, 62.482248061216247 ], [ 6.493527999654694, 62.482422182276501 ], [ 6.493593581925992, 62.481869685848743 ] ] ] } },
{ "type": "Feature", "properties": { }, "geometry": { "type": "Polygon", "coordinates": [ [ [ 6.54980886427674, 62.483899773207561 ], [ 6.549820524650593, 62.484435227307635 ], [ 6.549380703134049, 62.484268621428384 ], [ 6.54980886427674, 62.483899773207561 ] ] ] } },
{ "type": "Feature", "properties": { }, "geometry": { "type": "Polygon", "coordinates": [ [ [ 6.552671026475651, 62.483071341060395 ], [ 6.552792045275624, 62.483667136897289 ], [ 6.552462885564584, 62.483642563950646 ], [ 6.552671026475651, 62.483071341060395 ] ] ] } },
{ "type": "Feature", "properties": { }, "geometry": { "type": "Polygon", "coordinates": [ [ [ 6.552671026475651, 62.483071341060395 ], [ 6.553298699378105, 62.483660534510733 ], [ 6.552792045275624, 62.483667136897289 ], [ 6.552671026475651, 62.483071341060395 ] ] ] } },
{ "type": "Feature", "properties": { }, "geometry": { "type": "Polygon", "coordinates": [ [ [ 6.516862136517447, 62.477357772206176 ], [ 6.517280891791268, 62.477433079838761 ], [ 6.51693801449663, 62.47813776360244 ], [ 6.516862136517447, 62.477357772206176 ] ] ] } },
{ "type": "Feature", "properties": { }, "geometry": { "type": "Polygon", "coordinates": [ [ [ 6.516862136517447, 62.477357772206176 ], [ 6.51693801449663, 62.47813776360244 ], [ 6.51592009146455, 62.477827395952581 ], [ 6.516862136517447, 62.477357772206176 ] ] ] } },
{ "type": "Feature", "properties": { }, "geometry": { "type": "Polygon", "coordinates": [ [ [ 6.52051885555783, 62.480065181721976 ], [ 6.521416442303856, 62.480501570101595 ], [ 6.520873739006918, 62.480998002456133 ], [ 6.52051885555783, 62.480065181721976 ] ] ] } },
{ "type": "Feature", "properties": { }, "geometry": { "type": "Polygon", "coordinates": [ [ [ 6.521416442303856, 62.480501570101595 ], [ 6.521421233618094, 62.481237062449921 ], [ 6.520873739006918, 62.480998002456133 ], [ 6.521416442303856, 62.480501570101595 ] ] ] } },
{ "type": "Feature", "properties": { }, "geometry": { "type": "Polygon", "coordinates": [ [ [ 6.52051885555783, 62.480065181721976 ], [ 6.520873739006918, 62.480998002456133 ], [ 6.520100454480739, 62.480981178163681 ], [ 6.52051885555783, 62.480065181721976 ] ] ] } },
{ "type": "Feature", "properties": { }, "geometry": { "type": "Polygon", "coordinates": [ [ [ 6.550123318137871, 62.479826226654318 ], [ 6.550623997584692, 62.479744053608869 ], [ 6.550469285383002, 62.48036779755185 ], [ 6.550123318137871, 62.479826226654318 ] ] ] } },
{ "type": "Feature", "properties": { }, "geometry": { "type": "Polygon", "coordinates": [ [ [ 6.550123318137871, 62.479826226654318 ], [ 6.550469285383002, 62.48036779755185 ], [ 6.549831633291348, 62.480447748672951 ], [ 6.550123318137871, 62.479826226654318 ] ] ] } },
{ "type": "Feature", "properties": { }, "geometry": { "type": "Polygon", "coordinates": [ [ [ 6.549755562558365, 62.479765412309476 ], [ 6.550123318137871, 62.479826226654318 ], [ 6.549831633291348, 62.480447748672951 ], [ 6.549755562558365, 62.479765412309476 ] ] ] } },
{ "type": "Feature", "properties": { }, "geometry": { "type": "Polygon", "coordinates": [ [ [ 6.562114008336519, 62.481972566729759 ], [ 6.562762019581467, 62.481922584601882 ], [ 6.562635945685928, 62.482359862727648 ], [ 6.562114008336519, 62.481972566729759 ] ] ] } },
{ "type": "Feature", "properties": { }, "geometry": { "type": "Polygon", "coordinates": [ [ [ 6.562562715846799, 62.481502377026658 ], [ 6.562762019581467, 62.481922584601882 ], [ 6.562114008336519, 62.481972566729759 ], [ 6.562562715846799, 62.481502377026658 ] ] ] } },
{ "type": "Feature", "properties": { }, "geometry": { "type": "Polygon", "coordinates": [ [ [ 6.521917897184991, 62.481039636039306 ], [ 6.522319839503998, 62.481391906189167 ], [ 6.521811521936371, 62.481563407165631 ], [ 6.521917897184991, 62.481039636039306 ] ] ] } },
{ "type": "Feature", "properties": { }, "geometry": { "type": "Polygon", "coordinates": [ [ [ 6.521421233618094, 62.481237062449921 ], [ 6.521917897184991, 62.481039636039306 ], [ 6.521811521936371, 62.481563407165631 ], [ 6.521421233618094, 62.481237062449921 ] ] ] } },
{ "type": "Feature", "properties": { }, "geometry": { "type": "Polygon", "coordinates": [ [ [ 6.521416442303856, 62.480501570101595 ], [ 6.521917897184991, 62.481039636039306 ], [ 6.521421233618094, 62.481237062449921 ], [ 6.521416442303856, 62.480501570101595 ] ] ] } },
{ "type": "Feature", "properties": { }, "geometry": { "type": "Polygon", "coordinates": [ [ [ 6.563638552081003, 62.482697136589643 ], [ 6.564078529899473, 62.482678843822661 ], [ 6.563882882301075, 62.483273447663301 ], [ 6.563638552081003, 62.482697136589643 ] ] ] } },
{ "type": "Feature", "properties": { }, "geometry": { "type": "Polygon", "coordinates": [ [ [ 6.563638552081003, 62.482697136589643 ], [ 6.563882882301075, 62.483273447663301 ], [ 6.563265559749581, 62.483169791609569 ], [ 6.563638552081003, 62.482697136589643 ] ] ] } },
{ "type": "Feature", "properties": { }, "geometry": { "type": "Polygon", "coordinates": [ [ [ 6.563326716480574, 62.482703502815419 ], [ 6.563638552081003, 62.482697136589643 ], [ 6.563265559749581, 62.483169791609569 ], [ 6.563326716480574, 62.482703502815419 ] ] ] } },
{ "type": "Feature", "properties": { }, "geometry": { "type": "Polygon", "coordinates": [ [ [ 6.562114008336519, 62.481972566729759 ], [ 6.562635945685928, 62.482359862727648 ], [ 6.562284532118497, 62.482777707702603 ], [ 6.562114008336519, 62.481972566729759 ] ] ] } },
{ "type": "Feature", "properties": { }, "geometry": { "type": "Polygon", "coordinates": [ [ [ 6.518878131576878, 62.481047274593884 ], [ 6.519241747040918, 62.481234999670818 ], [ 6.518868383340761, 62.481402500290528 ], [ 6.518878131576878, 62.481047274593884 ] ] ] } },
{ "type": "Feature", "properties": { }, "geometry": { "type": "Polygon", "coordinates": [ [ [ 6.524100182869775, 62.481205544159913 ], [ 6.52399199229541, 62.481488890425922 ], [ 6.523735752898922, 62.481388478851443 ], [ 6.524100182869775, 62.481205544159913 ] ] ] } },
{ "type": "Feature", "properties": { }, "geometry": { "type": "Polygon", "coordinates": [ [ [ 6.431237017425609, 62.476471474533554 ], [ 6.43241211739703, 62.476918079275492 ], [ 6.431512908965341, 62.477196273449273 ], [ 6.431237017425609, 62.476471474533554 ] ] ] } },
{ "type": "Feature", "properties": { }, "geometry": { "type": "Polygon", "coordinates": [ [ [ 6.431237017425609, 62.476471474533554 ], [ 6.431512908965341, 62.477196273449273 ], [ 6.431093515311105, 62.477233614122511 ], [ 6.431237017425609, 62.476471474533554 ] ] ] } },
{ "type": "Feature", "properties": { }, "geometry": { "type": "Polygon", "coordinates": [ [ [ 6.454467862722884, 62.478554227862887 ], [ 6.455416305953947, 62.47861714391022 ], [ 6.454962363482553, 62.479068000656078 ], [ 6.454467862722884, 62.478554227862887 ] ] ] } },
{ "type": "Feature", "properties": { }, "geometry": { "type": "Polygon", "coordinates": [ [ [ 6.455416305953947, 62.47861714391022 ], [ 6.455321421709484, 62.479249862293685 ], [ 6.454962363482553, 62.479068000656078 ], [ 6.455416305953947, 62.47861714391022 ] ] ] } },
{ "type": "Feature", "properties": { }, "geometry": { "type": "Polygon", "coordinates": [ [ [ 6.539152727897411, 62.479075636172148 ], [ 6.539509591207305, 62.479617953653943 ], [ 6.538316402285658, 62.479658235420573 ], [ 6.539152727897411, 62.479075636172148 ] ] ] } },
{ "type": "Feature", "properties": { }, "geometry": { "type": "Polygon", "coordinates": [ [ [ 6.538725040703826, 62.478724491849597 ], [ 6.539152727897411, 62.479075636172148 ], [ 6.538316402285658, 62.479658235420573 ], [ 6.538725040703826, 62.478724491849597 ] ] ] } },
{ "type": "Feature", "properties": { }, "geometry": { "type": "Polygon", "coordinates": [ [ [ 6.528065508215504, 62.480786881281887 ], [ 6.52855319624346, 62.481374329293665 ], [ 6.527946181551353, 62.481541000587022 ], [ 6.528065508215504, 62.480786881281887 ] ] ] } },
{ "type": "Feature", "properties": { }, "geometry": { "type": "Polygon", "coordinates": [ [ [ 6.528065508215504, 62.480786881281887 ], [ 6.527946181551353, 62.481541000587022 ], [ 6.527203525331638, 62.481251223380667 ], [ 6.528065508215504, 62.480786881281887 ] ] ] } },
{ "type": "Feature", "properties": { }, "geometry": { "type": "Polygon", "coordinates": [ [ [ 6.566244181006438, 62.483346235194986 ], [ 6.567151668569252, 62.483214398789926 ], [ 6.567069228035541, 62.4837465 ], [ 6.566244181006438, 62.483346235194986 ] ] ] } },
{ "type": "Feature", "properties": { }, "geometry": { "type": "Polygon", "coordinates": [ [ [ 6.567069228035541, 62.4837465 ], [ 6.567140228041009, 62.484319163011115 ], [ 6.566351818586765, 62.484256910035789 ], [ 6.567069228035541, 62.4837465 ] ] ] } },
{ "type": "Feature", "properties": { }, "geometry": { "type": "Polygon", "coordinates": [ [ [ 6.566244181006438, 62.483346235194986 ], [ 6.567069228035541, 62.4837465 ], [ 6.566351818586765, 62.484256910035789 ], [ 6.566244181006438, 62.483346235194986 ] ] ] } },
{ "type": "Feature", "properties": { }, "geometry": { "type": "Polygon", "coordinates": [ [ [ 6.555041316299444, 62.482680347608444 ], [ 6.555669208689086, 62.483726707803854 ], [ 6.554994091069176, 62.483899727897416 ], [ 6.555041316299444, 62.482680347608444 ] ] ] } },
{ "type": "Feature", "properties": { }, "geometry": { "type": "Polygon", "coordinates": [ [ [ 6.555041316299444, 62.482680347608444 ], [ 6.554994091069176, 62.483899727897416 ], [ 6.554139368666023, 62.483502301973402 ], [ 6.555041316299444, 62.482680347608444 ] ] ] } },
{ "type": "Feature", "properties": { }, "geometry": { "type": "Polygon", "coordinates": [ [ [ 6.455696168935199, 62.470849118753137 ], [ 6.456468983095412, 62.471003948762089 ], [ 6.455909819222175, 62.47178882716512 ], [ 6.455696168935199, 62.470849118753137 ] ] ] } },
{ "type": "Feature", "properties": { }, "geometry": { "type": "Polygon", "coordinates": [ [ [ 6.455696168935199, 62.470849118753137 ], [ 6.455909819222175, 62.47178882716512 ], [ 6.455006535070217, 62.47145300565672 ], [ 6.455696168935199, 62.470849118753137 ] ] ] } },
{ "type": "Feature", "properties": { }, "geometry": { "type": "Polygon", "coordinates": [ [ [ 6.455189618030301, 62.470710100609999 ], [ 6.455696168935199, 62.470849118753137 ], [ 6.455006535070217, 62.47145300565672 ], [ 6.455189618030301, 62.470710100609999 ] ] ] } },
{ "type": "Feature", "properties": { }, "geometry": { "type": "Polygon", "coordinates": [ [ [ 6.415452750775871, 62.475881868998812 ], [ 6.415648766105704, 62.476442271101135 ], [ 6.415304666588296, 62.476278389861008 ], [ 6.415452750775871, 62.475881868998812 ] ] ] } },
{ "type": "Feature", "properties": { }, "geometry": { "type": "Polygon", "coordinates": [ [ [ 6.522746565168237, 62.481358793407004 ], [ 6.523078521937708, 62.481300924039751 ], [ 6.522913107381885, 62.481651723179368 ], [ 6.522746565168237, 62.481358793407004 ] ] ] } },
{ "type": "Feature", "properties": { }, "geometry": { "type": "Polygon", "coordinates": [ [ [ 6.399898371695402, 62.47028046458864 ], [ 6.400250283982906, 62.470279358095105 ], [ 6.399858075957604, 62.470630063982149 ], [ 6.399898371695402, 62.47028046458864 ] ] ] } },
{ "type": "Feature", "properties": { }, "geometry": { "type": "Polygon", "coordinates": [ [ [ 6.517224356857202, 62.479993617309695 ], [ 6.51763465174725, 62.480701872087259 ], [ 6.517204094374677, 62.480811881422646 ], [ 6.517224356857202, 62.479993617309695 ] ] ] } },
{ "type": "Feature", "properties": { }, "geometry": { "type": "Polygon", "coordinates": [ [ [ 6.517224356857202, 62.479993617309695 ], [ 6.517204094374677, 62.480811881422646 ], [ 6.516524659910572, 62.480451655109945 ], [ 6.517224356857202, 62.479993617309695 ] ] ] } },
{ "type": "Feature", "properties": { }, "geometry": { "type": "Polygon", "coordinates": [ [ [ 6.409470636068553, 62.473627455311401 ], [ 6.410299898284345, 62.473764891014156 ], [ 6.409864115521739, 62.474065465025284 ], [ 6.409470636068553, 62.473627455311401 ] ] ] } },
{ "type": "Feature", "properties": { }, "geometry": { "type": "Polygon", "coordinates": [ [ [ 6.409982671564706, 62.473108452670829 ], [ 6.410299898284345, 62.473764891014156 ], [ 6.409470636068553, 62.473627455311401 ], [ 6.409982671564706, 62.473108452670829 ] ] ] } },
{ "type": "Feature", "properties": { }, "geometry": { "type": "Polygon", "coordinates": [ [ [ 6.409982671564706, 62.473108452670829 ], [ 6.410673954844691, 62.473340123810715 ], [ 6.410299898284345, 62.473764891014156 ], [ 6.409982671564706, 62.473108452670829 ] ] ] } },
{ "type": "Feature", "properties": { }, "geometry": { "type": "Polygon", "coordinates": [ [ [ 6.410673954844691, 62.473340123810715 ], [ 6.410674032318502, 62.473868750395177 ], [ 6.410299898284345, 62.473764891014156 ], [ 6.410673954844691, 62.473340123810715 ] ] ] } },
{ "type": "Feature", "properties": { }, "geometry": { "type": "Polygon", "coordinates": [ [ [ 6.482490140732779, 62.483294313361242 ], [ 6.483234490390629, 62.483581010851722 ], [ 6.482572610673575, 62.483799325522241 ], [ 6.482490140732779, 62.483294313361242 ] ] ] } },
{ "type": "Feature", "properties": { }, "geometry": { "type": "Polygon", "coordinates": [ [ [ 6.50115392571022, 62.482930292204429 ], [ 6.500866082065596, 62.483586462273955 ], [ 6.50056563360083, 62.483339346623694 ], [ 6.50115392571022, 62.482930292204429 ] ] ] } },
{ "type": "Feature", "properties": { }, "geometry": { "type": "Polygon", "coordinates": [ [ [ 6.50115392571022, 62.482930292204429 ], [ 6.501563082243906, 62.483500997402999 ], [ 6.500866082065596, 62.483586462273955 ], [ 6.50115392571022, 62.482930292204429 ] ] ] } },
{ "type": "Feature", "properties": { }, "geometry": { "type": "Polygon", "coordinates": [ [ [ 6.475768053251428, 62.473178763618932 ], [ 6.476303214442828, 62.473008386781771 ], [ 6.476210437890646, 62.474082029236186 ], [ 6.475768053251428, 62.473178763618932 ] ] ] } },
{ "type": "Feature", "properties": { }, "geometry": { "type": "Polygon", "coordinates": [ [ [ 6.475361265409888, 62.473543049605539 ], [ 6.475768053251428, 62.473178763618932 ], [ 6.476210437890646, 62.474082029236186 ], [ 6.475361265409888, 62.473543049605539 ] ] ] } },
{ "type": "Feature", "properties": { }, "geometry": { "type": "Polygon", "coordinates": [ [ [ 6.414213192691434, 62.475562926745631 ], [ 6.414737049779942, 62.475740662644583 ], [ 6.414518009801722, 62.475964977550895 ], [ 6.414213192691434, 62.475562926745631 ] ] ] } },
{ "type": "Feature", "properties": { }, "geometry": { "type": "Polygon", "coordinates": [ [ [ 6.450589803621503, 62.477800728920052 ], [ 6.450997712306378, 62.478001249023571 ], [ 6.450614902721627, 62.478246309483325 ], [ 6.450589803621503, 62.477800728920052 ] ] ] } },
{ "type": "Feature", "properties": { }, "geometry": { "type": "Polygon", "coordinates": [ [ [ 6.454774441590501, 62.470723924114374 ], [ 6.455189618030301, 62.470710100609999 ], [ 6.455006535070217, 62.47145300565672 ], [ 6.454774441590501, 62.470723924114374 ] ] ] } },
{ "type": "Feature", "properties": { }, "geometry": { "type": "Polygon", "coordinates": [ [ [ 6.50041983883493, 62.482502107234055 ], [ 6.50056563360083, 62.483339346623694 ], [ 6.499955501241286, 62.483213877216883 ], [ 6.50041983883493, 62.482502107234055 ] ] ] } },
{ "type": "Feature", "properties": { }, "geometry": { "type": "Polygon", "coordinates": [ [ [ 6.499519522705718, 62.482815790008843 ], [ 6.50041983883493, 62.482502107234055 ], [ 6.499955501241286, 62.483213877216883 ], [ 6.499519522705718, 62.482815790008843 ] ] ] } },
{ "type": "Feature", "properties": { }, "geometry": { "type": "Polygon", "coordinates": [ [ [ 6.450704489401007, 62.47698675820714 ], [ 6.450589803621503, 62.477800728920052 ], [ 6.450181378605412, 62.477620837259806 ], [ 6.450704489401007, 62.47698675820714 ] ] ] } },
{ "type": "Feature", "properties": { }, "geometry": { "type": "Polygon", "coordinates": [ [ [ 6.449859115481234, 62.477219778313838 ], [ 6.450181378605412, 62.477620837259806 ], [ 6.44992431586054, 62.477730122031232 ], [ 6.449859115481234, 62.477219778313838 ] ] ] } },
{ "type": "Feature", "properties": { }, "geometry": { "type": "Polygon", "coordinates": [ [ [ 6.449859115481234, 62.477219778313838 ], [ 6.450704489401007, 62.47698675820714 ], [ 6.450181378605412, 62.477620837259806 ], [ 6.449859115481234, 62.477219778313838 ] ] ] } },
{ "type": "Feature", "properties": { }, "geometry": { "type": "Polygon", "coordinates": [ [ [ 6.52365956932256, 62.480887328535751 ], [ 6.52424462861462, 62.480754581005158 ], [ 6.524100182869775, 62.481205544159913 ], [ 6.52365956932256, 62.480887328535751 ] ] ] } },
{ "type": "Feature", "properties": { }, "geometry": { "type": "Polygon", "coordinates": [ [ [ 6.52365956932256, 62.480887328535751 ], [ 6.524100182869775, 62.481205544159913 ], [ 6.523735752898922, 62.481388478851443 ], [ 6.52365956932256, 62.480887328535751 ] ] ] } },
{ "type": "Feature", "properties": { }, "geometry": { "type": "Polygon", "coordinates": [ [ [ 6.415163608967866, 62.475351406451701 ], [ 6.416079897291945, 62.475195993946869 ], [ 6.415452750775871, 62.475881868998812 ], [ 6.415163608967866, 62.475351406451701 ] ] ] } },
{ "type": "Feature", "properties": { }, "geometry": { "type": "Polygon", "coordinates": [ [ [ 6.416079897291945, 62.475195993946869 ], [ 6.416265356153796, 62.476106676300965 ], [ 6.415452750775871, 62.475881868998812 ], [ 6.416079897291945, 62.475195993946869 ] ] ] } },
{ "type": "Feature", "properties": { }, "geometry": { "type": "Polygon", "coordinates": [ [ [ 6.415452750775871, 62.475881868998812 ], [ 6.416265356153796, 62.476106676300965 ], [ 6.415648766105704, 62.476442271101135 ], [ 6.415452750775871, 62.475881868998812 ] ] ] } },
{ "type": "Feature", "properties": { }, "geometry": { "type": "Polygon", "coordinates": [ [ [ 6.52365956932256, 62.480887328535751 ], [ 6.523735752898922, 62.481388478851443 ], [ 6.523462656610234, 62.481354426983565 ], [ 6.52365956932256, 62.480887328535751 ] ] ] } },
{ "type": "Feature", "properties": { }, "geometry": { "type": "Polygon", "coordinates": [ [ [ 6.523462656610234, 62.481354426983565 ], [ 6.523735752898922, 62.481388478851443 ], [ 6.523533779052769, 62.481575421832247 ], [ 6.523462656610234, 62.481354426983565 ] ] ] } },
{ "type": "Feature", "properties": { }, "geometry": { "type": "Polygon", "coordinates": [ [ [ 6.52365956932256, 62.480887328535751 ], [ 6.523462656610234, 62.481354426983565 ], [ 6.523078521937708, 62.481300924039751 ], [ 6.52365956932256, 62.480887328535751 ] ] ] } },
{ "type": "Feature", "properties": { }, "geometry": { "type": "Polygon", "coordinates": [ [ [ 6.410673954844691, 62.473340123810715 ], [ 6.411568060707963, 62.473246605674291 ], [ 6.410950246414445, 62.473790800014086 ], [ 6.410673954844691, 62.473340123810715 ] ] ] } },
{ "type": "Feature", "properties": { }, "geometry": { "type": "Polygon", "coordinates": [ [ [ 6.411568060707963, 62.473246605674291 ], [ 6.411325661151365, 62.474033424862988 ], [ 6.410950246414445, 62.473790800014086 ], [ 6.411568060707963, 62.473246605674291 ] ] ] } },
{ "type": "Feature", "properties": { }, "geometry": { "type": "Polygon", "coordinates": [ [ [ 6.410673954844691, 62.473340123810715 ], [ 6.410950246414445, 62.473790800014086 ], [ 6.410674032318502, 62.473868750395177 ], [ 6.410673954844691, 62.473340123810715 ] ] ] } },
{ "type": "Feature", "properties": { }, "geometry": { "type": "Polygon", "coordinates": [ [ [ 6.521917897184991, 62.481039636039306 ], [ 6.522809957129046, 62.480741390946825 ], [ 6.522319839503998, 62.481391906189167 ], [ 6.521917897184991, 62.481039636039306 ] ] ] } },
{ "type": "Feature", "properties": { }, "geometry": { "type": "Polygon", "coordinates": [ [ [ 6.522809957129046, 62.480741390946825 ], [ 6.522746565168237, 62.481358793407004 ], [ 6.522319839503998, 62.481391906189167 ], [ 6.522809957129046, 62.480741390946825 ] ] ] } },
{ "type": "Feature", "properties": { }, "geometry": { "type": "Polygon", "coordinates": [ [ [ 6.449859115481234, 62.477219778313838 ], [ 6.44992431586054, 62.477730122031232 ], [ 6.449602440541978, 62.477672300368745 ], [ 6.449859115481234, 62.477219778313838 ] ] ] } },
{ "type": "Feature", "properties": { }, "geometry": { "type": "Polygon", "coordinates": [ [ [ 6.470950550315739, 62.480585778512769 ], [ 6.471774408737454, 62.480541211283324 ], [ 6.471272772655071, 62.481345318966603 ], [ 6.470950550315739, 62.480585778512769 ] ] ] } },
{ "type": "Feature", "properties": { }, "geometry": { "type": "Polygon", "coordinates": [ [ [ 6.471774408737454, 62.480541211283324 ], [ 6.471766878479736, 62.481488930239912 ], [ 6.471272772655071, 62.481345318966603 ], [ 6.471774408737454, 62.480541211283324 ] ] ] } },
{ "type": "Feature", "properties": { }, "geometry": { "type": "Polygon", "coordinates": [ [ [ 6.470950550315739, 62.480585778512769 ], [ 6.471272772655071, 62.481345318966603 ], [ 6.470676095283146, 62.481363855226249 ], [ 6.470950550315739, 62.480585778512769 ] ] ] } },
{ "type": "Feature", "properties": { }, "geometry": { "type": "Polygon", "coordinates": [ [ [ 6.496009500069059, 62.476893590033271 ], [ 6.496956021757272, 62.47696822615206 ], [ 6.49635045166415, 62.478608829932334 ], [ 6.496009500069059, 62.476893590033271 ] ] ] } },
{ "type": "Feature", "properties": { }, "geometry": { "type": "Polygon", "coordinates": [ [ [ 6.494834918537881, 62.477694918831894 ], [ 6.496009500069059, 62.476893590033271 ], [ 6.49635045166415, 62.478608829932334 ], [ 6.494834918537881, 62.477694918831894 ] ] ] } },
{ "type": "Feature", "properties": { }, "geometry": { "type": "Polygon", "coordinates": [ [ [ 6.401917000172659, 62.466293362791937 ], [ 6.402657813138447, 62.466391263778867 ], [ 6.402177552535336, 62.467173575146539 ], [ 6.401917000172659, 62.466293362791937 ] ] ] } },
{ "type": "Feature", "properties": { }, "geometry": { "type": "Polygon", "coordinates": [ [ [ 6.401917000172659, 62.466293362791937 ], [ 6.402177552535336, 62.467173575146539 ], [ 6.401259639738219, 62.467183445292591 ], [ 6.401917000172659, 62.466293362791937 ] ] ] } },
{ "type": "Feature", "properties": { }, "geometry": { "type": "Polygon", "coordinates": [ [ [ 6.40135501863453, 62.466081051322689 ], [ 6.401917000172659, 62.466293362791937 ], [ 6.401259639738219, 62.467183445292591 ], [ 6.40135501863453, 62.466081051322689 ] ] ] } },
{ "type": "Feature", "properties": { }, "geometry": { "type": "Polygon", "coordinates": [ [ [ 6.504117076836508, 62.481807190602609 ], [ 6.504770454897034, 62.482142000759673 ], [ 6.504499209124898, 62.482434068298353 ], [ 6.504117076836508, 62.481807190602609 ] ] ] } },
{ "type": "Feature", "properties": { }, "geometry": { "type": "Polygon", "coordinates": [ [ [ 6.504866290034736, 62.4813860094959 ], [ 6.504770454897034, 62.482142000759673 ], [ 6.504117076836508, 62.481807190602609 ], [ 6.504866290034736, 62.4813860094959 ] ] ] } },
{ "type": "Feature", "properties": { }, "geometry": { "type": "Polygon", "coordinates": [ [ [ 6.504866290034736, 62.4813860094959 ], [ 6.505294896004693, 62.482016092099244 ], [ 6.504770454897034, 62.482142000759673 ], [ 6.504866290034736, 62.4813860094959 ] ] ] } },
{ "type": "Feature", "properties": { }, "geometry": { "type": "Polygon", "coordinates": [ [ [ 6.502447703958212, 62.477291038817761 ], [ 6.502927187462336, 62.47695664010547 ], [ 6.503138142474647, 62.477773626596104 ], [ 6.502447703958212, 62.477291038817761 ] ] ] } },
{ "type": "Feature", "properties": { }, "geometry": { "type": "Polygon", "coordinates": [ [ [ 6.50244434468021, 62.476706474326228 ], [ 6.502927187462336, 62.47695664010547 ], [ 6.502447703958212, 62.477291038817761 ], [ 6.50244434468021, 62.476706474326228 ] ] ] } },
{ "type": "Feature", "properties": { }, "geometry": { "type": "Polygon", "coordinates": [ [ [ 6.474875542423302, 62.47329354247465 ], [ 6.475361265409888, 62.473543049605539 ], [ 6.474676096604164, 62.474279348900659 ], [ 6.474875542423302, 62.47329354247465 ] ] ] } },
{ "type": "Feature", "properties": { }, "geometry": { "type": "Polygon", "coordinates": [ [ [ 6.474875542423302, 62.47329354247465 ], [ 6.474676096604164, 62.474279348900659 ], [ 6.473941519907378, 62.47384975145939 ], [ 6.474875542423302, 62.47329354247465 ] ] ] } },
{ "type": "Feature", "properties": { }, "geometry": { "type": "Polygon", "coordinates": [ [ [ 6.474140375849246, 62.473022337899323 ], [ 6.474875542423302, 62.47329354247465 ], [ 6.473941519907378, 62.47384975145939 ], [ 6.474140375849246, 62.473022337899323 ] ] ] } },
{ "type": "Feature", "properties": { }, "geometry": { "type": "Polygon", "coordinates": [ [ [ 6.511369671371104, 62.479636592068609 ], [ 6.511005702183815, 62.480593872413991 ], [ 6.510559132790309, 62.480262600405609 ], [ 6.511369671371104, 62.479636592068609 ] ] ] } },
{ "type": "Feature", "properties": { }, "geometry": { "type": "Polygon", "coordinates": [ [ [ 6.511369671371104, 62.479636592068609 ], [ 6.51158741844802, 62.48065298048909 ], [ 6.511005702183815, 62.480593872413991 ], [ 6.511369671371104, 62.479636592068609 ] ] ] } },
{ "type": "Feature", "properties": { }, "geometry": { "type": "Polygon", "coordinates": [ [ [ 6.511005702183815, 62.480593872413991 ], [ 6.51158741844802, 62.48065298048909 ], [ 6.511060550535072, 62.480906550556107 ], [ 6.511005702183815, 62.480593872413991 ] ] ] } },
{ "type": "Feature", "properties": { }, "geometry": { "type": "Polygon", "coordinates": [ [ [ 6.525904741276539, 62.480350149735564 ], [ 6.526750726999624, 62.480973455622177 ], [ 6.52561866820093, 62.48110478508881 ], [ 6.525904741276539, 62.480350149735564 ] ] ] } },
{ "type": "Feature", "properties": { }, "geometry": { "type": "Polygon", "coordinates": [ [ [ 6.525904741276539, 62.480350149735564 ], [ 6.52561866820093, 62.48110478508881 ], [ 6.525266507300052, 62.480844082638107 ], [ 6.525904741276539, 62.480350149735564 ] ] ] } },
{ "type": "Feature", "properties": { }, "geometry": { "type": "Polygon", "coordinates": [ [ [ 6.433081527089776, 62.476576804716728 ], [ 6.433861215231256, 62.476742556801909 ], [ 6.433365177337981, 62.477159210306937 ], [ 6.433081527089776, 62.476576804716728 ] ] ] } },
{ "type": "Feature", "properties": { }, "geometry": { "type": "Polygon", "coordinates": [ [ [ 6.55097118401228, 62.48329208148035 ], [ 6.55154597093886, 62.483501734971746 ], [ 6.551142642136125, 62.483777227625382 ], [ 6.55097118401228, 62.48329208148035 ] ] ] } },
{ "type": "Feature", "properties": { }, "geometry": { "type": "Polygon", "coordinates": [ [ [ 6.550456655910149, 62.483287031491123 ], [ 6.550472253391032, 62.483856807032147 ], [ 6.550130269817926, 62.483719429781026 ], [ 6.550456655910149, 62.483287031491123 ] ] ] } },
{ "type": "Feature", "properties": { }, "geometry": { "type": "Polygon", "coordinates": [ [ [ 6.510009246758369, 62.480345006222329 ], [ 6.50987654868957, 62.480963560456424 ], [ 6.50931161058255, 62.480917803360732 ], [ 6.510009246758369, 62.480345006222329 ] ] ] } },
{ "type": "Feature", "properties": { }, "geometry": { "type": "Polygon", "coordinates": [ [ [ 6.518574813033988, 62.479887882935181 ], [ 6.519281145140067, 62.480531529998423 ], [ 6.518668034178119, 62.480760674861337 ], [ 6.518574813033988, 62.479887882935181 ] ] ] } },
{ "type": "Feature", "properties": { }, "geometry": { "type": "Polygon", "coordinates": [ [ [ 6.518668034178119, 62.480760674861337 ], [ 6.519281145140067, 62.480531529998423 ], [ 6.518878131576878, 62.481047274593884 ], [ 6.518668034178119, 62.480760674861337 ] ] ] } },
{ "type": "Feature", "properties": { }, "geometry": { "type": "Polygon", "coordinates": [ [ [ 6.518574813033988, 62.479887882935181 ], [ 6.518668034178119, 62.480760674861337 ], [ 6.518068297918764, 62.480604749984309 ], [ 6.518574813033988, 62.479887882935181 ] ] ] } },
{ "type": "Feature", "properties": { }, "geometry": { "type": "Polygon", "coordinates": [ [ [ 6.549649867902778, 62.483239838134764 ], [ 6.550130269817926, 62.483719429781026 ], [ 6.54980886427674, 62.483899773207561 ], [ 6.549649867902778, 62.483239838134764 ] ] ] } },
{ "type": "Feature", "properties": { }, "geometry": { "type": "Polygon", "coordinates": [ [ [ 6.548771772085659, 62.483652474632585 ], [ 6.54980886427674, 62.483899773207561 ], [ 6.549380703134049, 62.484268621428384 ], [ 6.548771772085659, 62.483652474632585 ] ] ] } },
{ "type": "Feature", "properties": { }, "geometry": { "type": "Polygon", "coordinates": [ [ [ 6.549649867902778, 62.483239838134764 ], [ 6.54980886427674, 62.483899773207561 ], [ 6.548771772085659, 62.483652474632585 ], [ 6.549649867902778, 62.483239838134764 ] ] ] } },
{ "type": "Feature", "properties": { }, "geometry": { "type": "Polygon", "coordinates": [ [ [ 6.520597272516953, 62.477909544585003 ], [ 6.521689228743635, 62.478074390582911 ], [ 6.520382183782226, 62.479076537392473 ], [ 6.520597272516953, 62.477909544585003 ] ] ] } },
{ "type": "Feature", "properties": { }, "geometry": { "type": "Polygon", "coordinates": [ [ [ 6.519955778616151, 62.477969146760927 ], [ 6.520597272516953, 62.477909544585003 ], [ 6.520382183782226, 62.479076537392473 ], [ 6.519955778616151, 62.477969146760927 ] ] ] } },
{ "type": "Feature", "properties": { }, "geometry": { "type": "Polygon", "coordinates": [ [ [ 6.561749078206708, 62.481175111403019 ], [ 6.562565147151282, 62.480853956494158 ], [ 6.562562715846799, 62.481502377026658 ], [ 6.561749078206708, 62.481175111403019 ] ] ] } },
{ "type": "Feature", "properties": { }, "geometry": { "type": "Polygon", "coordinates": [ [ [ 6.562565147151282, 62.480853956494158 ], [ 6.562901896135759, 62.481408082129427 ], [ 6.562562715846799, 62.481502377026658 ], [ 6.562565147151282, 62.480853956494158 ] ] ] } },
{ "type": "Feature", "properties": { }, "geometry": { "type": "Polygon", "coordinates": [ [ [ 6.561749078206708, 62.481175111403019 ], [ 6.562562715846799, 62.481502377026658 ], [ 6.562114008336519, 62.481972566729759 ], [ 6.561749078206708, 62.481175111403019 ] ] ] } },
{ "type": "Feature", "properties": { }, "geometry": { "type": "Polygon", "coordinates": [ [ [ 6.563265559749581, 62.483169791609569 ], [ 6.563882882301075, 62.483273447663301 ], [ 6.562960305794109, 62.483947182736046 ], [ 6.563265559749581, 62.483169791609569 ] ] ] } },
{ "type": "Feature", "properties": { }, "geometry": { "type": "Polygon", "coordinates": [ [ [ 6.562698603425772, 62.483154069370087 ], [ 6.563265559749581, 62.483169791609569 ], [ 6.562960305794109, 62.483947182736046 ], [ 6.562698603425772, 62.483154069370087 ] ] ] } },
{ "type": "Feature", "properties": { }, "geometry": { "type": "Polygon", "coordinates": [ [ [ 6.409268626630634, 62.472918014453562 ], [ 6.409470636068553, 62.473627455311401 ], [ 6.409070156397784, 62.473628453550496 ], [ 6.409268626630634, 62.472918014453562 ] ] ] } },
{ "type": "Feature", "properties": { }, "geometry": { "type": "Polygon", "coordinates": [ [ [ 6.409268626630634, 62.472918014453562 ], [ 6.409982671564706, 62.473108452670829 ], [ 6.409470636068553, 62.473627455311401 ], [ 6.409268626630634, 62.472918014453562 ] ] ] } },
{ "type": "Feature", "properties": { }, "geometry": { "type": "Polygon", "coordinates": [ [ [ 6.48288641461744, 62.482373046781973 ], [ 6.483234490390629, 62.483581010851722 ], [ 6.482490140732779, 62.483294313361242 ], [ 6.48288641461744, 62.482373046781973 ] ] ] } },
{ "type": "Feature", "properties": { }, "geometry": { "type": "Polygon", "coordinates": [ [ [ 6.48288641461744, 62.482373046781973 ], [ 6.482490140732779, 62.483294313361242 ], [ 6.482067150888839, 62.482951468811933 ], [ 6.48288641461744, 62.482373046781973 ] ] ] } },
{ "type": "Feature", "properties": { }, "geometry": { "type": "Polygon", "coordinates": [ [ [ 6.414630073943181, 62.475195088567176 ], [ 6.415163608967866, 62.475351406451701 ], [ 6.414737049779942, 62.475740662644583 ], [ 6.414630073943181, 62.475195088567176 ] ] ] } },
{ "type": "Feature", "properties": { }, "geometry": { "type": "Polygon", "coordinates": [ [ [ 6.414630073943181, 62.475195088567176 ], [ 6.414737049779942, 62.475740662644583 ], [ 6.414213192691434, 62.475562926745631 ], [ 6.414630073943181, 62.475195088567176 ] ] ] } },
{ "type": "Feature", "properties": { }, "geometry": { "type": "Polygon", "coordinates": [ [ [ 6.413690698825215, 62.475245988204513 ], [ 6.414630073943181, 62.475195088567176 ], [ 6.414213192691434, 62.475562926745631 ], [ 6.413690698825215, 62.475245988204513 ] ] ] } },
{ "type": "Feature", "properties": { }, "geometry": { "type": "Polygon", "coordinates": [ [ [ 6.522809957129046, 62.480741390946825 ], [ 6.523078521937708, 62.481300924039751 ], [ 6.522746565168237, 62.481358793407004 ], [ 6.522809957129046, 62.480741390946825 ] ] ] } },
{ "type": "Feature", "properties": { }, "geometry": { "type": "Polygon", "coordinates": [ [ [ 6.522809957129046, 62.480741390946825 ], [ 6.52365956932256, 62.480887328535751 ], [ 6.523078521937708, 62.481300924039751 ], [ 6.522809957129046, 62.480741390946825 ] ] ] } },
{ "type": "Feature", "properties": { }, "geometry": { "type": "Polygon", "coordinates": [ [ [ 6.449859115481234, 62.477219778313838 ], [ 6.449602440541978, 62.477672300368745 ], [ 6.449181305193564, 62.477558469525881 ], [ 6.449859115481234, 62.477219778313838 ] ] ] } },
{ "type": "Feature", "properties": { }, "geometry": { "type": "Polygon", "coordinates": [ [ [ 6.410739002225433, 62.471998833687195 ], [ 6.410673954844691, 62.473340123810715 ], [ 6.409982671564706, 62.473108452670829 ], [ 6.410739002225433, 62.471998833687195 ] ] ] } },
{ "type": "Feature", "properties": { }, "geometry": { "type": "Polygon", "coordinates": [ [ [ 6.410739002225433, 62.471998833687195 ], [ 6.411568060707963, 62.473246605674291 ], [ 6.410673954844691, 62.473340123810715 ], [ 6.410739002225433, 62.471998833687195 ] ] ] } },
{ "type": "Feature", "properties": { }, "geometry": { "type": "Polygon", "coordinates": [ [ [ 6.523987800578237, 62.479921058973794 ], [ 6.52424462861462, 62.480754581005158 ], [ 6.52365956932256, 62.480887328535751 ], [ 6.523987800578237, 62.479921058973794 ] ] ] } },
{ "type": "Feature", "properties": { }, "geometry": { "type": "Polygon", "coordinates": [ [ [ 6.522867829432671, 62.479966394998343 ], [ 6.52365956932256, 62.480887328535751 ], [ 6.522809957129046, 62.480741390946825 ], [ 6.522867829432671, 62.479966394998343 ] ] ] } },
{ "type": "Feature", "properties": { }, "geometry": { "type": "Polygon", "coordinates": [ [ [ 6.522867829432671, 62.479966394998343 ], [ 6.523987800578237, 62.479921058973794 ], [ 6.52365956932256, 62.480887328535751 ], [ 6.522867829432671, 62.479966394998343 ] ] ] } },
{ "type": "Feature", "properties": { }, "geometry": { "type": "Polygon", "coordinates": [ [ [ 6.400072366331361, 62.469656067936903 ], [ 6.400250283982906, 62.470279358095105 ], [ 6.399898371695402, 62.47028046458864 ], [ 6.400072366331361, 62.469656067936903 ] ] ] } },
{ "type": "Feature", "properties": { }, "geometry": { "type": "Polygon", "coordinates": [ [ [ 6.400072366331361, 62.469656067936903 ], [ 6.401266246662812, 62.469652314101317 ], [ 6.400250283982906, 62.470279358095105 ], [ 6.400072366331361, 62.469656067936903 ] ] ] } },
{ "type": "Feature", "properties": { }, "geometry": { "type": "Polygon", "coordinates": [ [ [ 6.401266246662812, 62.469652314101317 ], [ 6.401473998718552, 62.470323428190795 ], [ 6.400250283982906, 62.470279358095105 ], [ 6.401266246662812, 62.469652314101317 ] ] ] } },
{ "type": "Feature", "properties": { }, "geometry": { "type": "Polygon", "coordinates": [ [ [ 6.400250283982906, 62.470279358095105 ], [ 6.401473998718552, 62.470323428190795 ], [ 6.400509089117117, 62.470901641919006 ], [ 6.400250283982906, 62.470279358095105 ] ] ] } },
{ "type": "Feature", "properties": { }, "geometry": { "type": "Polygon", "coordinates": [ [ [ 6.51158741844802, 62.48065298048909 ], [ 6.511413346251241, 62.480993755450442 ], [ 6.511060550535072, 62.480906550556107 ], [ 6.51158741844802, 62.48065298048909 ] ] ] } },
{ "type": "Feature", "properties": { }, "geometry": { "type": "Polygon", "coordinates": [ [ [ 6.450048755232597, 62.476257796017975 ], [ 6.449859115481234, 62.477219778313838 ], [ 6.449201446337799, 62.476751193230825 ], [ 6.450048755232597, 62.476257796017975 ] ] ] } },
{ "type": "Feature", "properties": { }, "geometry": { "type": "Polygon", "coordinates": [ [ [ 6.450048755232597, 62.476257796017975 ], [ 6.450704489401007, 62.47698675820714 ], [ 6.449859115481234, 62.477219778313838 ], [ 6.450048755232597, 62.476257796017975 ] ] ] } },
{ "type": "Feature", "properties": { }, "geometry": { "type": "Polygon", "coordinates": [ [ [ 6.449201446337799, 62.476751193230825 ], [ 6.449859115481234, 62.477219778313838 ], [ 6.449181305193564, 62.477558469525881 ], [ 6.449201446337799, 62.476751193230825 ] ] ] } },
{ "type": "Feature", "properties": { }, "geometry": { "type": "Polygon", "coordinates": [ [ [ 6.400072366331361, 62.469656067936903 ], [ 6.399898371695402, 62.47028046458864 ], [ 6.399510777030878, 62.470040533519153 ], [ 6.400072366331361, 62.469656067936903 ] ] ] } },
{ "type": "Feature", "properties": { }, "geometry": { "type": "Polygon", "coordinates": [ [ [ 6.394428545586388, 62.465300453584881 ], [ 6.394856083464466, 62.465271395366308 ], [ 6.394675331234153, 62.46577170420619 ], [ 6.394428545586388, 62.465300453584881 ] ] ] } },
{ "type": "Feature", "properties": { }, "geometry": { "type": "Polygon", "coordinates": [ [ [ 6.394428545586388, 62.465300453584881 ], [ 6.394675331234153, 62.46577170420619 ], [ 6.394286728906626, 62.46613497894392 ], [ 6.394428545586388, 62.465300453584881 ] ] ] } },
{ "type": "Feature", "properties": { }, "geometry": { "type": "Polygon", "coordinates": [ [ [ 6.393971576287846, 62.46534934329528 ], [ 6.394428545586388, 62.465300453584881 ], [ 6.394286728906626, 62.46613497894392 ], [ 6.393971576287846, 62.46534934329528 ] ] ] } },
{ "type": "Feature", "properties": { }, "geometry": { "type": "Polygon", "coordinates": [ [ [ 6.419539786002229, 62.475346664605944 ], [ 6.420470992276043, 62.475965692867391 ], [ 6.419664408792695, 62.476740137311651 ], [ 6.419539786002229, 62.475346664605944 ] ] ] } },
{ "type": "Feature", "properties": { }, "geometry": { "type": "Polygon", "coordinates": [ [ [ 6.420470992276043, 62.475965692867391 ], [ 6.420688959150553, 62.477062429642771 ], [ 6.419664408792695, 62.476740137311651 ], [ 6.420470992276043, 62.475965692867391 ] ] ] } },
{ "type": "Feature", "properties": { }, "geometry": { "type": "Polygon", "coordinates": [ [ [ 6.41888464030186, 62.475802470824718 ], [ 6.419664408792695, 62.476740137311651 ], [ 6.418917904407275, 62.476599884579976 ], [ 6.41888464030186, 62.475802470824718 ] ] ] } },
{ "type": "Feature", "properties": { }, "geometry": { "type": "Polygon", "coordinates": [ [ [ 6.41888464030186, 62.475802470824718 ], [ 6.419539786002229, 62.475346664605944 ], [ 6.419664408792695, 62.476740137311651 ], [ 6.41888464030186, 62.475802470824718 ] ] ] } },
{ "type": "Feature", "properties": { }, "geometry": { "type": "Polygon", "coordinates": [ [ [ 6.48945004017467, 62.481694376265608 ], [ 6.490662538687548, 62.482162674813296 ], [ 6.490239136517459, 62.482727228208191 ], [ 6.48945004017467, 62.481694376265608 ] ] ] } },
{ "type": "Feature", "properties": { }, "geometry": { "type": "Polygon", "coordinates": [ [ [ 6.490662538687548, 62.482162674813296 ], [ 6.491093524960512, 62.482721459893483 ], [ 6.490239136517459, 62.482727228208191 ], [ 6.490662538687548, 62.482162674813296 ] ] ] } },
{ "type": "Feature", "properties": { }, "geometry": { "type": "Polygon", "coordinates": [ [ [ 6.513361854103205, 62.479441825356254 ], [ 6.514448598118008, 62.480335870849466 ], [ 6.513658454413612, 62.480817455449525 ], [ 6.513361854103205, 62.479441825356254 ] ] ] } },
{ "type": "Feature", "properties": { }, "geometry": { "type": "Polygon", "coordinates": [ [ [ 6.514448598118008, 62.480335870849466 ], [ 6.514321171728253, 62.481164817555204 ], [ 6.513658454413612, 62.480817455449525 ], [ 6.514448598118008, 62.480335870849466 ] ] ] } },
{ "type": "Feature", "properties": { }, "geometry": { "type": "Polygon", "coordinates": [ [ [ 6.513361854103205, 62.479441825356254 ], [ 6.513658454413612, 62.480817455449525 ], [ 6.512695046979207, 62.480681058246809 ], [ 6.513361854103205, 62.479441825356254 ] ] ] } },
{ "type": "Feature", "properties": { }, "geometry": { "type": "Polygon", "coordinates": [ [ [ 6.50665785469503, 62.481204569841431 ], [ 6.50658298843648, 62.481869640360053 ], [ 6.506246500207176, 62.481732500932324 ], [ 6.50665785469503, 62.481204569841431 ] ] ] } },
{ "type": "Feature", "properties": { }, "geometry": { "type": "Polygon", "coordinates": [ [ [ 6.505583770284842, 62.48112924256808 ], [ 6.506246500207176, 62.481732500932324 ], [ 6.505833602749599, 62.481989890779339 ], [ 6.505583770284842, 62.48112924256808 ] ] ] } },
{ "type": "Feature", "properties": { }, "geometry": { "type": "Polygon", "coordinates": [ [ [ 6.505583770284842, 62.48112924256808 ], [ 6.50665785469503, 62.481204569841431 ], [ 6.506246500207176, 62.481732500932324 ], [ 6.505583770284842, 62.48112924256808 ] ] ] } },
{ "type": "Feature", "properties": { }, "geometry": { "type": "Polygon", "coordinates": [ [ [ 6.496410992743778, 62.481785371965671 ], [ 6.496643710220002, 62.482561402456064 ], [ 6.495718408792695, 62.48247804634606 ], [ 6.496410992743778, 62.481785371965671 ] ] ] } },
{ "type": "Feature", "properties": { }, "geometry": { "type": "Polygon", "coordinates": [ [ [ 6.495715601204338, 62.481369666116983 ], [ 6.495718408792695, 62.48247804634606 ], [ 6.495138828335341, 62.482316158416133 ], [ 6.495715601204338, 62.481369666116983 ] ] ] } },
{ "type": "Feature", "properties": { }, "geometry": { "type": "Polygon", "coordinates": [ [ [ 6.495715601204338, 62.481369666116983 ], [ 6.496410992743778, 62.481785371965671 ], [ 6.495718408792695, 62.48247804634606 ], [ 6.495715601204338, 62.481369666116983 ] ] ] } },
{ "type": "Feature", "properties": { }, "geometry": { "type": "Polygon", "coordinates": [ [ [ 6.502859154099448, 62.482816665127856 ], [ 6.503499000207175, 62.48318536469111 ], [ 6.503190338788765, 62.483476709907457 ], [ 6.502859154099448, 62.482816665127856 ] ] ] } },
{ "type": "Feature", "properties": { }, "geometry": { "type": "Polygon", "coordinates": [ [ [ 6.502859154099448, 62.482816665127856 ], [ 6.503933935975051, 62.482722956719883 ], [ 6.503499000207175, 62.48318536469111 ], [ 6.502859154099448, 62.482816665127856 ] ] ] } },
{ "type": "Feature", "properties": { }, "geometry": { "type": "Polygon", "coordinates": [ [ [ 6.542915288880665, 62.481478333181713 ], [ 6.544555774723506, 62.482347162619 ], [ 6.543702317827094, 62.483091591794327 ], [ 6.542915288880665, 62.481478333181713 ] ] ] } },
{ "type": "Feature", "properties": { }, "geometry": { "type": "Polygon", "coordinates": [ [ [ 6.544555774723506, 62.482347162619 ], [ 6.544217091544071, 62.483427837026525 ], [ 6.543702317827094, 62.483091591794327 ], [ 6.544555774723506, 62.482347162619 ] ] ] } },
{ "type": "Feature", "properties": { }, "geometry": { "type": "Polygon", "coordinates": [ [ [ 6.542915288880665, 62.481478333181713 ], [ 6.543702317827094, 62.483091591794327 ], [ 6.542794622405707, 62.482734624127303 ], [ 6.542915288880665, 62.481478333181713 ] ] ] } },
{ "type": "Feature", "properties": { }, "geometry": { "type": "Polygon", "coordinates": [ [ [ 6.401473998718552, 62.470323428190795 ], [ 6.401142722328084, 62.470942953001334 ], [ 6.400509089117117, 62.470901641919006 ], [ 6.401473998718552, 62.470323428190795 ] ] ] } },
{ "type": "Feature", "properties": { }, "geometry": { "type": "Polygon", "coordinates": [ [ [ 6.503863996712161, 62.477282488751342 ], [ 6.5046856364656, 62.477946385098626 ], [ 6.503138142474647, 62.477773626596104 ], [ 6.503863996712161, 62.477282488751342 ] ] ] } },
{ "type": "Feature", "properties": { }, "geometry": { "type": "Polygon", "coordinates": [ [ [ 6.435786411156088, 62.476362956779624 ], [ 6.437043591414493, 62.476452592415875 ], [ 6.436145229652183, 62.47718653787669 ], [ 6.435786411156088, 62.476362956779624 ] ] ] } },
{ "type": "Feature", "properties": { }, "geometry": { "type": "Polygon", "coordinates": [ [ [ 6.491958531693958, 62.481883961344103 ], [ 6.492499157610818, 62.482240424683468 ], [ 6.492014637296557, 62.482529092846704 ], [ 6.491958531693958, 62.481883961344103 ] ] ] } },
{ "type": "Feature", "properties": { }, "geometry": { "type": "Polygon", "coordinates": [ [ [ 6.491368107699939, 62.48214993502998 ], [ 6.491958531693958, 62.481883961344103 ], [ 6.492014637296557, 62.482529092846704 ], [ 6.491368107699939, 62.48214993502998 ] ] ] } },
{ "type": "Feature", "properties": { }, "geometry": { "type": "Polygon", "coordinates": [ [ [ 6.563387175347462, 62.481009476547072 ], [ 6.563213390046672, 62.481572113649349 ], [ 6.562901896135759, 62.481408082129427 ], [ 6.563387175347462, 62.481009476547072 ] ] ] } },
{ "type": "Feature", "properties": { }, "geometry": { "type": "Polygon", "coordinates": [ [ [ 6.524642320693771, 62.480497533635337 ], [ 6.525266507300052, 62.480844082638107 ], [ 6.524889193419665, 62.481066832056911 ], [ 6.524642320693771, 62.480497533635337 ] ] ] } },
{ "type": "Feature", "properties": { }, "geometry": { "type": "Polygon", "coordinates": [ [ [ 6.481416694829059, 62.482188139252671 ], [ 6.482067150888839, 62.482951468811933 ], [ 6.481572419686922, 62.483178853575971 ], [ 6.481416694829059, 62.482188139252671 ] ] ] } },
{ "type": "Feature", "properties": { }, "geometry": { "type": "Polygon", "coordinates": [ [ [ 6.480375573984179, 62.482807586941071 ], [ 6.481572419686922, 62.483178853575971 ], [ 6.480885345399201, 62.483772210979602 ], [ 6.480375573984179, 62.482807586941071 ] ] ] } },
{ "type": "Feature", "properties": { }, "geometry": { "type": "Polygon", "coordinates": [ [ [ 6.481416694829059, 62.482188139252671 ], [ 6.481572419686922, 62.483178853575971 ], [ 6.480375573984179, 62.482807586941071 ], [ 6.481416694829059, 62.482188139252671 ] ] ] } },
{ "type": "Feature", "properties": { }, "geometry": { "type": "Polygon", "coordinates": [ [ [ 6.400429555084156, 62.465817727298621 ], [ 6.40135501863453, 62.466081051322689 ], [ 6.399957733892221, 62.46664766806564 ], [ 6.400429555084156, 62.465817727298621 ] ] ] } },
{ "type": "Feature", "properties": { }, "geometry": { "type": "Polygon", "coordinates": [ [ [ 6.391164513303751, 62.467525312454775 ], [ 6.391243214021821, 62.46872762426689 ], [ 6.390431817965212, 62.468481819139257 ], [ 6.391164513303751, 62.467525312454775 ] ] ] } },
{ "type": "Feature", "properties": { }, "geometry": { "type": "Polygon", "coordinates": [ [ [ 6.391164513303751, 62.467525312454775 ], [ 6.390431817965212, 62.468481819139257 ], [ 6.389543681516824, 62.468027501070445 ], [ 6.391164513303751, 62.467525312454775 ] ] ] } },
{ "type": "Feature", "properties": { }, "geometry": { "type": "Polygon", "coordinates": [ [ [ 6.389746402975884, 62.46566406692618 ], [ 6.391385841410664, 62.465775657426825 ], [ 6.39018434923566, 62.466735494613708 ], [ 6.389746402975884, 62.46566406692618 ] ] ] } },
{ "type": "Feature", "properties": { }, "geometry": { "type": "Polygon", "coordinates": [ [ [ 6.492820458128072, 62.481197038072551 ], [ 6.493128156081765, 62.482174533549276 ], [ 6.492499157610818, 62.482240424683468 ], [ 6.492820458128072, 62.481197038072551 ] ] ] } },
{ "type": "Feature", "properties": { }, "geometry": { "type": "Polygon", "coordinates": [ [ [ 6.492820458128072, 62.481197038072551 ], [ 6.493593581925992, 62.481869685848743 ], [ 6.493128156081765, 62.482174533549276 ], [ 6.492820458128072, 62.481197038072551 ] ] ] } },
{ "type": "Feature", "properties": { }, "geometry": { "type": "Polygon", "coordinates": [ [ [ 6.552671026475651, 62.483071341060395 ], [ 6.552462885564584, 62.483642563950646 ], [ 6.55203197469199, 62.483550424572954 ], [ 6.552671026475651, 62.483071341060395 ] ] ] } },
{ "type": "Feature", "properties": { }, "geometry": { "type": "Polygon", "coordinates": [ [ [ 6.517280891791268, 62.477433079838761 ], [ 6.517829352314288, 62.477759793976098 ], [ 6.51693801449663, 62.47813776360244 ], [ 6.517280891791268, 62.477433079838761 ] ] ] } },
{ "type": "Feature", "properties": { }, "geometry": { "type": "Polygon", "coordinates": [ [ [ 6.562284532118497, 62.482777707702603 ], [ 6.562698603425772, 62.483154069370087 ], [ 6.561995542248273, 62.483511613446325 ], [ 6.562284532118497, 62.482777707702603 ] ] ] } },
{ "type": "Feature", "properties": { }, "geometry": { "type": "Polygon", "coordinates": [ [ [ 6.560902812440434, 62.482657478915293 ], [ 6.562284532118497, 62.482777707702603 ], [ 6.561995542248273, 62.483511613446325 ], [ 6.560902812440434, 62.482657478915293 ] ] ] } },
{ "type": "Feature", "properties": { }, "geometry": { "type": "Polygon", "coordinates": [ [ [ 6.562114008336519, 62.481972566729759 ], [ 6.562284532118497, 62.482777707702603 ], [ 6.560902812440434, 62.482657478915293 ], [ 6.562114008336519, 62.481972566729759 ] ] ] } },
{ "type": "Feature", "properties": { }, "geometry": { "type": "Polygon", "coordinates": [ [ [ 6.431237017425609, 62.476471474533554 ], [ 6.431093515311105, 62.477233614122511 ], [ 6.430488770318378, 62.477071525654729 ], [ 6.431237017425609, 62.476471474533554 ] ] ] } },
{ "type": "Feature", "properties": { }, "geometry": { "type": "Polygon", "coordinates": [ [ [ 6.539509591207305, 62.479617953653943 ], [ 6.540131947178446, 62.479708009054775 ], [ 6.539661125810459, 62.480766246804087 ], [ 6.539509591207305, 62.479617953653943 ] ] ] } },
{ "type": "Feature", "properties": { }, "geometry": { "type": "Polygon", "coordinates": [ [ [ 6.538316402285658, 62.479658235420573 ], [ 6.539509591207305, 62.479617953653943 ], [ 6.539661125810459, 62.480766246804087 ], [ 6.538316402285658, 62.479658235420573 ] ] ] } },
{ "type": "Feature", "properties": { }, "geometry": { "type": "Polygon", "coordinates": [ [ [ 6.564924741838462, 62.483725416854099 ], [ 6.566351818586765, 62.484256910035789 ], [ 6.565330660779759, 62.484694549095941 ], [ 6.564924741838462, 62.483725416854099 ] ] ] } },
{ "type": "Feature", "properties": { }, "geometry": { "type": "Polygon", "coordinates": [ [ [ 6.564924741838462, 62.483725416854099 ], [ 6.566244181006438, 62.483346235194986 ], [ 6.566351818586765, 62.484256910035789 ], [ 6.564924741838462, 62.483725416854099 ] ] ] } },
{ "type": "Feature", "properties": { }, "geometry": { "type": "Polygon", "coordinates": [ [ [ 6.50041983883493, 62.482502107234055 ], [ 6.50115392571022, 62.482930292204429 ], [ 6.50056563360083, 62.483339346623694 ], [ 6.50041983883493, 62.482502107234055 ] ] ] } },
{ "type": "Feature", "properties": { }, "geometry": { "type": "Polygon", "coordinates": [ [ [ 6.515261133670809, 62.480543659446838 ], [ 6.516524659910572, 62.480451655109945 ], [ 6.515778603290624, 62.48125096249742 ], [ 6.515261133670809, 62.480543659446838 ] ] ] } },
{ "type": "Feature", "properties": { }, "geometry": { "type": "Polygon", "coordinates": [ [ [ 6.515261133670809, 62.480543659446838 ], [ 6.515778603290624, 62.48125096249742 ], [ 6.514886819643485, 62.481050959669382 ], [ 6.515261133670809, 62.480543659446838 ] ] ] } },
{ "type": "Feature", "properties": { }, "geometry": { "type": "Polygon", "coordinates": [ [ [ 6.470333521161852, 62.480805573950654 ], [ 6.470676095283146, 62.481363855226249 ], [ 6.470080909241588, 62.481409910139377 ], [ 6.470333521161852, 62.480805573950654 ] ] ] } },
{ "type": "Feature", "properties": { }, "geometry": { "type": "Polygon", "coordinates": [ [ [ 6.469135893855167, 62.480659930797529 ], [ 6.470333521161852, 62.480805573950654 ], [ 6.470080909241588, 62.481409910139377 ], [ 6.469135893855167, 62.480659930797529 ] ] ] } },
{ "type": "Feature", "properties": { }, "geometry": { "type": "Polygon", "coordinates": [ [ [ 6.473501136413859, 62.47312158989515 ], [ 6.474140375849246, 62.473022337899323 ], [ 6.473941519907378, 62.47384975145939 ], [ 6.473501136413859, 62.47312158989515 ] ] ] } },
{ "type": "Feature", "properties": { }, "geometry": { "type": "Polygon", "coordinates": [ [ [ 6.473501136413859, 62.47312158989515 ], [ 6.473941519907378, 62.47384975145939 ], [ 6.472964277658096, 62.473943525858651 ], [ 6.473501136413859, 62.47312158989515 ] ] ] } },
{ "type": "Feature", "properties": { }, "geometry": { "type": "Polygon", "coordinates": [ [ [ 6.472817079840992, 62.472972892635248 ], [ 6.473501136413859, 62.47312158989515 ], [ 6.472964277658096, 62.473943525858651 ], [ 6.472817079840992, 62.472972892635248 ] ] ] } },
{ "type": "Feature", "properties": { }, "geometry": { "type": "Polygon", "coordinates": [ [ [ 6.411568060707963, 62.473246605674291 ], [ 6.41224712130521, 62.474135748367388 ], [ 6.411325661151365, 62.474033424862988 ], [ 6.411568060707963, 62.473246605674291 ] ] ] } },
{ "type": "Feature", "properties": { }, "geometry": { "type": "Polygon", "coordinates": [ [ [ 6.550722872198991, 62.482377440101679 ], [ 6.55097118401228, 62.48329208148035 ], [ 6.550456655910149, 62.483287031491123 ], [ 6.550722872198991, 62.482377440101679 ] ] ] } },
{ "type": "Feature", "properties": { }, "geometry": { "type": "Polygon", "coordinates": [ [ [ 6.549649867902778, 62.483239838134764 ], [ 6.550456655910149, 62.483287031491123 ], [ 6.550130269817926, 62.483719429781026 ], [ 6.549649867902778, 62.483239838134764 ] ] ] } },
{ "type": "Feature", "properties": { }, "geometry": { "type": "Polygon", "coordinates": [ [ [ 6.550722872198991, 62.482377440101679 ], [ 6.550456655910149, 62.483287031491123 ], [ 6.549649867902778, 62.483239838134764 ], [ 6.550722872198991, 62.482377440101679 ] ] ] } },
{ "type": "Feature", "properties": { }, "geometry": { "type": "Polygon", "coordinates": [ [ [ 6.508522758684896, 62.4802340157513 ], [ 6.510009246758369, 62.480345006222329 ], [ 6.50931161058255, 62.480917803360732 ], [ 6.508522758684896, 62.4802340157513 ] ] ] } },
{ "type": "Feature", "properties": { }, "geometry": { "type": "Polygon", "coordinates": [ [ [ 6.510138106994291, 62.479329007074419 ], [ 6.510009246758369, 62.480345006222329 ], [ 6.508522758684896, 62.4802340157513 ], [ 6.510138106994291, 62.479329007074419 ] ] ] } },
{ "type": "Feature", "properties": { }, "geometry": { "type": "Polygon", "coordinates": [ [ [ 6.510138106994291, 62.479329007074419 ], [ 6.510559132790309, 62.480262600405609 ], [ 6.510009246758369, 62.480345006222329 ], [ 6.510138106994291, 62.479329007074419 ] ] ] } },
{ "type": "Feature", "properties": { }, "geometry": { "type": "Polygon", "coordinates": [ [ [ 6.51774243697699, 62.480166461519808 ], [ 6.518574813033988, 62.479887882935181 ], [ 6.518068297918764, 62.480604749984309 ], [ 6.51774243697699, 62.480166461519808 ] ] ] } },
{ "type": "Feature", "properties": { }, "geometry": { "type": "Polygon", "coordinates": [ [ [ 6.51774243697699, 62.480166461519808 ], [ 6.518068297918764, 62.480604749984309 ], [ 6.51763465174725, 62.480701872087259 ], [ 6.51774243697699, 62.480166461519808 ] ] ] } },
{ "type": "Feature", "properties": { }, "geometry": { "type": "Polygon", "coordinates": [ [ [ 6.519281145140067, 62.480531529998423 ], [ 6.519241747040918, 62.481234999670818 ], [ 6.518878131576878, 62.481047274593884 ], [ 6.519281145140067, 62.480531529998423 ] ] ] } },
{ "type": "Feature", "properties": { }, "geometry": { "type": "Polygon", "coordinates": [ [ [ 6.415173949941932, 62.474327437095063 ], [ 6.415163608967866, 62.475351406451701 ], [ 6.414630073943181, 62.475195088567176 ], [ 6.415173949941932, 62.474327437095063 ] ] ] } },
{ "type": "Feature", "properties": { }, "geometry": { "type": "Polygon", "coordinates": [ [ [ 6.415173949941932, 62.474327437095063 ], [ 6.416079897291945, 62.475195993946869 ], [ 6.415163608967866, 62.475351406451701 ], [ 6.415173949941932, 62.474327437095063 ] ] ] } },
{ "type": "Feature", "properties": { }, "geometry": { "type": "Polygon", "coordinates": [ [ [ 6.449201446337799, 62.476751193230825 ], [ 6.449181305193564, 62.477558469525881 ], [ 6.448522845486486, 62.47718891639316 ], [ 6.449201446337799, 62.476751193230825 ] ] ] } },
{ "type": "Feature", "properties": { }, "geometry": { "type": "Polygon", "coordinates": [ [ [ 6.523297454448141, 62.477959908171137 ], [ 6.524121681758541, 62.478101680411847 ], [ 6.522929082851237, 62.479191658951414 ], [ 6.523297454448141, 62.477959908171137 ] ] ] } },
{ "type": "Feature", "properties": { }, "geometry": { "type": "Polygon", "coordinates": [ [ [ 6.522581759666232, 62.477953808304818 ], [ 6.523297454448141, 62.477959908171137 ], [ 6.522929082851237, 62.479191658951414 ], [ 6.522581759666232, 62.477953808304818 ] ] ] } },
{ "type": "Feature", "properties": { }, "geometry": { "type": "Polygon", "coordinates": [ [ [ 6.401473998718552, 62.470323428190795 ], [ 6.4017775453792, 62.470957000966855 ], [ 6.401142722328084, 62.470942953001334 ], [ 6.401473998718552, 62.470323428190795 ] ] ] } },
{ "type": "Feature", "properties": { }, "geometry": { "type": "Polygon", "coordinates": [ [ [ 6.401473998718552, 62.470323428190795 ], [ 6.402277677850031, 62.470327884509615 ], [ 6.4017775453792, 62.470957000966855 ], [ 6.401473998718552, 62.470323428190795 ] ] ] } },
{ "type": "Feature", "properties": { }, "geometry": { "type": "Polygon", "coordinates": [ [ [ 6.402277677850031, 62.470327884509615 ], [ 6.402453155842518, 62.471112185140306 ], [ 6.4017775453792, 62.470957000966855 ], [ 6.402277677850031, 62.470327884509615 ] ] ] } },
{ "type": "Feature", "properties": { }, "geometry": { "type": "Polygon", "coordinates": [ [ [ 6.511369671371104, 62.479636592068609 ], [ 6.512695046979207, 62.480681058246809 ], [ 6.51158741844802, 62.48065298048909 ], [ 6.511369671371104, 62.479636592068609 ] ] ] } },
{ "type": "Feature", "properties": { }, "geometry": { "type": "Polygon", "coordinates": [ [ [ 6.393971576287846, 62.46534934329528 ], [ 6.394286728906626, 62.46613497894392 ], [ 6.393760267957287, 62.465890136788104 ], [ 6.393971576287846, 62.46534934329528 ] ] ] } },
{ "type": "Feature", "properties": { }, "geometry": { "type": "Polygon", "coordinates": [ [ [ 6.39340508105312, 62.46543084268238 ], [ 6.393971576287846, 62.46534934329528 ], [ 6.393760267957287, 62.465890136788104 ], [ 6.39340508105312, 62.46543084268238 ] ] ] } },
{ "type": "Feature", "properties": { }, "geometry": { "type": "Polygon", "coordinates": [ [ [ 6.505583770284842, 62.48112924256808 ], [ 6.505833602749599, 62.481989890779339 ], [ 6.505294896004693, 62.482016092099244 ], [ 6.505583770284842, 62.48112924256808 ] ] ] } },
{ "type": "Feature", "properties": { }, "geometry": { "type": "Polygon", "coordinates": [ [ [ 6.541423947645094, 62.481758702349978 ], [ 6.542155951348457, 62.48248641742935 ], [ 6.541667811300859, 62.482761662556506 ], [ 6.541423947645094, 62.481758702349978 ] ] ] } },
{ "type": "Feature", "properties": { }, "geometry": { "type": "Polygon", "coordinates": [ [ [ 6.562565147151282, 62.480853956494158 ], [ 6.563387175347462, 62.481009476547072 ], [ 6.562901896135759, 62.481408082129427 ], [ 6.562565147151282, 62.480853956494158 ] ] ] } },
{ "type": "Feature", "properties": { }, "geometry": { "type": "Polygon", "coordinates": [ [ [ 6.524642320693771, 62.480497533635337 ], [ 6.525904741276539, 62.480350149735564 ], [ 6.525266507300052, 62.480844082638107 ], [ 6.524642320693771, 62.480497533635337 ] ] ] } },
{ "type": "Feature", "properties": { }, "geometry": { "type": "Polygon", "coordinates": [ [ [ 6.498585361562601, 62.482259176172299 ], [ 6.499519522705718, 62.482815790008843 ], [ 6.499090994611276, 62.483221886525641 ], [ 6.498585361562601, 62.482259176172299 ] ] ] } },
{ "type": "Feature", "properties": { }, "geometry": { "type": "Polygon", "coordinates": [ [ [ 6.507550407185758, 62.480642626544231 ], [ 6.508349518436091, 62.48155830515757 ], [ 6.507085778026721, 62.481589489766954 ], [ 6.507550407185758, 62.480642626544231 ] ] ] } },
{ "type": "Feature", "properties": { }, "geometry": { "type": "Polygon", "coordinates": [ [ [ 6.507550407185758, 62.480642626544231 ], [ 6.508241431570419, 62.480870689369908 ], [ 6.508349518436091, 62.48155830515757 ], [ 6.507550407185758, 62.480642626544231 ] ] ] } },
{ "type": "Feature", "properties": { }, "geometry": { "type": "Polygon", "coordinates": [ [ [ 6.551874302554459, 62.482674346088046 ], [ 6.55203197469199, 62.483550424572954 ], [ 6.55154597093886, 62.483501734971746 ], [ 6.551874302554459, 62.482674346088046 ] ] ] } },
{ "type": "Feature", "properties": { }, "geometry": { "type": "Polygon", "coordinates": [ [ [ 6.551874302554459, 62.482674346088046 ], [ 6.552671026475651, 62.483071341060395 ], [ 6.55203197469199, 62.483550424572954 ], [ 6.551874302554459, 62.482674346088046 ] ] ] } },
{ "type": "Feature", "properties": { }, "geometry": { "type": "Polygon", "coordinates": [ [ [ 6.552754847892269, 62.481905156178193 ], [ 6.553562625904713, 62.482750441864795 ], [ 6.552671026475651, 62.483071341060395 ], [ 6.552754847892269, 62.481905156178193 ] ] ] } },
{ "type": "Feature", "properties": { }, "geometry": { "type": "Polygon", "coordinates": [ [ [ 6.552671026475651, 62.483071341060395 ], [ 6.553562625904713, 62.482750441864795 ], [ 6.553298699378105, 62.483660534510733 ], [ 6.552671026475651, 62.483071341060395 ] ] ] } },
{ "type": "Feature", "properties": { }, "geometry": { "type": "Polygon", "coordinates": [ [ [ 6.552754847892269, 62.481905156178193 ], [ 6.552671026475651, 62.483071341060395 ], [ 6.551874302554459, 62.482674346088046 ], [ 6.552754847892269, 62.481905156178193 ] ] ] } },
{ "type": "Feature", "properties": { }, "geometry": { "type": "Polygon", "coordinates": [ [ [ 6.561995542248273, 62.483511613446325 ], [ 6.562698603425772, 62.483154069370087 ], [ 6.562960305794109, 62.483947182736046 ], [ 6.561995542248273, 62.483511613446325 ] ] ] } },
{ "type": "Feature", "properties": { }, "geometry": { "type": "Polygon", "coordinates": [ [ [ 6.522167837048982, 62.480304002146475 ], [ 6.522867829432671, 62.479966394998343 ], [ 6.522809957129046, 62.480741390946825 ], [ 6.522167837048982, 62.480304002146475 ] ] ] } },
{ "type": "Feature", "properties": { }, "geometry": { "type": "Polygon", "coordinates": [ [ [ 6.522167837048982, 62.480304002146475 ], [ 6.522809957129046, 62.480741390946825 ], [ 6.521917897184991, 62.481039636039306 ], [ 6.522167837048982, 62.480304002146475 ] ] ] } },
{ "type": "Feature", "properties": { }, "geometry": { "type": "Polygon", "coordinates": [ [ [ 6.563300691296178, 62.480369099099441 ], [ 6.563387175347462, 62.481009476547072 ], [ 6.562565147151282, 62.480853956494158 ], [ 6.563300691296178, 62.480369099099441 ] ] ] } },
{ "type": "Feature", "properties": { }, "geometry": { "type": "Polygon", "coordinates": [ [ [ 6.563300691296178, 62.480369099099441 ], [ 6.56383998049225, 62.480725090573443 ], [ 6.563387175347462, 62.481009476547072 ], [ 6.563300691296178, 62.480369099099441 ] ] ] } },
{ "type": "Feature", "properties": { }, "geometry": { "type": "Polygon", "coordinates": [ [ [ 6.52513923664259, 62.479273540041476 ], [ 6.525904741276539, 62.480350149735564 ], [ 6.524642320693771, 62.480497533635337 ], [ 6.52513923664259, 62.479273540041476 ] ] ] } },
{ "type": "Feature", "properties": { }, "geometry": { "type": "Polygon", "coordinates": [ [ [ 6.523987800578237, 62.479921058973794 ], [ 6.524642320693771, 62.480497533635337 ], [ 6.52424462861462, 62.480754581005158 ], [ 6.523987800578237, 62.479921058973794 ] ] ] } },
{ "type": "Feature", "properties": { }, "geometry": { "type": "Polygon", "coordinates": [ [ [ 6.52513923664259, 62.479273540041476 ], [ 6.524642320693771, 62.480497533635337 ], [ 6.523987800578237, 62.479921058973794 ], [ 6.52513923664259, 62.479273540041476 ] ] ] } },
{ "type": "Feature", "properties": { }, "geometry": { "type": "Polygon", "coordinates": [ [ [ 6.429322500276247, 62.467937407894901 ], [ 6.430354864000493, 62.468201134998118 ], [ 6.429371166737814, 62.469899367535128 ], [ 6.429322500276247, 62.467937407894901 ] ] ] } },
{ "type": "Feature", "properties": { }, "geometry": { "type": "Polygon", "coordinates": [ [ [ 6.429322500276247, 62.467937407894901 ], [ 6.429371166737814, 62.469899367535128 ], [ 6.428409795223279, 62.468941630974811 ], [ 6.429322500276247, 62.467937407894901 ] ] ] } },
{ "type": "Feature", "properties": { }, "geometry": { "type": "Polygon", "coordinates": [ [ [ 6.428029938400938, 62.467638863419772 ], [ 6.429322500276247, 62.467937407894901 ], [ 6.428409795223279, 62.468941630974811 ], [ 6.428029938400938, 62.467638863419772 ] ] ] } },
{ "type": "Feature", "properties": { }, "geometry": { "type": "Polygon", "coordinates": [ [ [ 6.439079773000376, 62.469268771653688 ], [ 6.440689545759047, 62.469727816929307 ], [ 6.439584454827664, 62.470551046896915 ], [ 6.439079773000376, 62.469268771653688 ] ] ] } },
{ "type": "Feature", "properties": { }, "geometry": { "type": "Polygon", "coordinates": [ [ [ 6.439079773000376, 62.469268771653688 ], [ 6.439584454827664, 62.470551046896915 ], [ 6.438242322491995, 62.470238613960525 ], [ 6.439079773000376, 62.469268771653688 ] ] ] } },
{ "type": "Feature", "properties": { }, "geometry": { "type": "Polygon", "coordinates": [ [ [ 6.438356516702828, 62.468962339250155 ], [ 6.439079773000376, 62.469268771653688 ], [ 6.438242322491995, 62.470238613960525 ], [ 6.438356516702828, 62.468962339250155 ] ] ] } },
{ "type": "Feature", "properties": { }, "geometry": { "type": "Polygon", "coordinates": [ [ [ 6.451674942004966, 62.476661526089337 ], [ 6.453475208975577, 62.476198953756608 ], [ 6.452588636034037, 62.477832637553369 ], [ 6.451674942004966, 62.476661526089337 ] ] ] } },
{ "type": "Feature", "properties": { }, "geometry": { "type": "Polygon", "coordinates": [ [ [ 6.453475208975577, 62.476198953756608 ], [ 6.453903499585623, 62.478007683001636 ], [ 6.452588636034037, 62.477832637553369 ], [ 6.453475208975577, 62.476198953756608 ] ] ] } },
{ "type": "Feature", "properties": { }, "geometry": { "type": "Polygon", "coordinates": [ [ [ 6.451674942004966, 62.476661526089337 ], [ 6.452588636034037, 62.477832637553369 ], [ 6.451776269466301, 62.477757439937236 ], [ 6.451674942004966, 62.476661526089337 ] ] ] } },
{ "type": "Feature", "properties": { }, "geometry": { "type": "Polygon", "coordinates": [ [ [ 6.484422808952083, 62.481112252681974 ], [ 6.486389437601918, 62.481399447855615 ], [ 6.48595318196573, 62.483038273898167 ], [ 6.484422808952083, 62.481112252681974 ] ] ] } },
{ "type": "Feature", "properties": { }, "geometry": { "type": "Polygon", "coordinates": [ [ [ 6.486389437601918, 62.481399447855615 ], [ 6.486873820868154, 62.483024699414372 ], [ 6.48595318196573, 62.483038273898167 ], [ 6.486389437601918, 62.481399447855615 ] ] ] } },
{ "type": "Feature", "properties": { }, "geometry": { "type": "Polygon", "coordinates": [ [ [ 6.484422808952083, 62.481112252681974 ], [ 6.48595318196573, 62.483038273898167 ], [ 6.484548318414117, 62.483095773967229 ], [ 6.484422808952083, 62.481112252681974 ] ] ] } },
{ "type": "Feature", "properties": { }, "geometry": { "type": "Polygon", "coordinates": [ [ [ 6.510300999654694, 62.477387089722498 ], [ 6.511071818345059, 62.477389726067301 ], [ 6.510682959698814, 62.478396920030704 ], [ 6.510300999654694, 62.477387089722498 ] ] ] } },
{ "type": "Feature", "properties": { }, "geometry": { "type": "Polygon", "coordinates": [ [ [ 6.50942829274279, 62.477504509343426 ], [ 6.510300999654694, 62.477387089722498 ], [ 6.510682959698814, 62.478396920030704 ], [ 6.50942829274279, 62.477504509343426 ] ] ] } },
{ "type": "Feature", "properties": { }, "geometry": { "type": "Polygon", "coordinates": [ [ [ 6.527469531774641, 62.480309652970611 ], [ 6.527203525331638, 62.481251223380667 ], [ 6.526750726999624, 62.480973455622177 ], [ 6.527469531774641, 62.480309652970611 ] ] ] } },
{ "type": "Feature", "properties": { }, "geometry": { "type": "Polygon", "coordinates": [ [ [ 6.525904741276539, 62.480350149735564 ], [ 6.527469531774641, 62.480309652970611 ], [ 6.526750726999624, 62.480973455622177 ], [ 6.525904741276539, 62.480350149735564 ] ] ] } },
{ "type": "Feature", "properties": { }, "geometry": { "type": "Polygon", "coordinates": [ [ [ 6.53499051017149, 62.480038645032643 ], [ 6.535412685938696, 62.481012643831427 ], [ 6.534532318103341, 62.480996228484429 ], [ 6.53499051017149, 62.480038645032643 ] ] ] } },
{ "type": "Feature", "properties": { }, "geometry": { "type": "Polygon", "coordinates": [ [ [ 6.534532318103341, 62.480996228484429 ], [ 6.535412685938696, 62.481012643831427 ], [ 6.535056830294525, 62.481363562739027 ], [ 6.534532318103341, 62.480996228484429 ] ] ] } },
{ "type": "Feature", "properties": { }, "geometry": { "type": "Polygon", "coordinates": [ [ [ 6.53393179780341, 62.480116324889245 ], [ 6.534532318103341, 62.480996228484429 ], [ 6.533984032589424, 62.481180339219307 ], [ 6.53393179780341, 62.480116324889245 ] ] ] } },
{ "type": "Feature", "properties": { }, "geometry": { "type": "Polygon", "coordinates": [ [ [ 6.53393179780341, 62.480116324889245 ], [ 6.53499051017149, 62.480038645032643 ], [ 6.534532318103341, 62.480996228484429 ], [ 6.53393179780341, 62.480116324889245 ] ] ] } },
{ "type": "Feature", "properties": { }, "geometry": { "type": "Polygon", "coordinates": [ [ [ 6.536063652905693, 62.480151990308045 ], [ 6.537052056962527, 62.479718931536212 ], [ 6.536482999723753, 62.48138591034656 ], [ 6.536063652905693, 62.480151990308045 ] ] ] } },
{ "type": "Feature", "properties": { }, "geometry": { "type": "Polygon", "coordinates": [ [ [ 6.537052056962527, 62.479718931536212 ], [ 6.537777521503017, 62.481688106384276 ], [ 6.536482999723753, 62.48138591034656 ], [ 6.537052056962527, 62.479718931536212 ] ] ] } },
{ "type": "Feature", "properties": { }, "geometry": { "type": "Polygon", "coordinates": [ [ [ 6.536063652905693, 62.480151990308045 ], [ 6.536482999723753, 62.48138591034656 ], [ 6.535412685938696, 62.481012643831427 ], [ 6.536063652905693, 62.480151990308045 ] ] ] } },
{ "type": "Feature", "properties": { }, "geometry": { "type": "Polygon", "coordinates": [ [ [ 6.567251176428948, 62.482725184043204 ], [ 6.567681125774381, 62.483116402834376 ], [ 6.567151668569252, 62.483214398789926 ], [ 6.567251176428948, 62.482725184043204 ] ] ] } },
{ "type": "Feature", "properties": { }, "geometry": { "type": "Polygon", "coordinates": [ [ [ 6.547485733650247, 62.482523803893997 ], [ 6.547416084790697, 62.483818213393732 ], [ 6.546565363275366, 62.483436637553368 ], [ 6.547485733650247, 62.482523803893997 ] ] ] } },
{ "type": "Feature", "properties": { }, "geometry": { "type": "Polygon", "coordinates": [ [ [ 6.545938394851096, 62.482137628743288 ], [ 6.546565363275366, 62.483436637553368 ], [ 6.545699050583556, 62.483315068181362 ], [ 6.545938394851096, 62.482137628743288 ] ] ] } },
{ "type": "Feature", "properties": { }, "geometry": { "type": "Polygon", "coordinates": [ [ [ 6.545938394851096, 62.482137628743288 ], [ 6.547485733650247, 62.482523803893997 ], [ 6.546565363275366, 62.483436637553368 ], [ 6.545938394851096, 62.482137628743288 ] ] ] } },
{ "type": "Feature", "properties": { }, "geometry": { "type": "Polygon", "coordinates": [ [ [ 6.454373836347955, 62.470614024136744 ], [ 6.454774441590501, 62.470723924114374 ], [ 6.454417775621565, 62.471238946733074 ], [ 6.454373836347955, 62.470614024136744 ] ] ] } },
{ "type": "Feature", "properties": { }, "geometry": { "type": "Polygon", "coordinates": [ [ [ 6.454373836347955, 62.470614024136744 ], [ 6.454417775621565, 62.471238946733074 ], [ 6.453426355006828, 62.470994649031525 ], [ 6.454373836347955, 62.470614024136744 ] ] ] } },
{ "type": "Feature", "properties": { }, "geometry": { "type": "Polygon", "coordinates": [ [ [ 6.561995542248273, 62.483511613446325 ], [ 6.562192337361887, 62.484275422629963 ], [ 6.561115792936699, 62.484239957470457 ], [ 6.561995542248273, 62.483511613446325 ] ] ] } },
{ "type": "Feature", "properties": { }, "geometry": { "type": "Polygon", "coordinates": [ [ [ 6.561995542248273, 62.483511613446325 ], [ 6.562960305794109, 62.483947182736046 ], [ 6.562192337361887, 62.484275422629963 ], [ 6.561995542248273, 62.483511613446325 ] ] ] } },
{ "type": "Feature", "properties": { }, "geometry": { "type": "Polygon", "coordinates": [ [ [ 6.560902812440434, 62.482657478915293 ], [ 6.561995542248273, 62.483511613446325 ], [ 6.561115792936699, 62.484239957470457 ], [ 6.560902812440434, 62.482657478915293 ] ] ] } },
{ "type": "Feature", "properties": { }, "geometry": { "type": "Polygon", "coordinates": [ [ [ 6.560902812440434, 62.482657478915293 ], [ 6.561115792936699, 62.484239957470457 ], [ 6.559998567958803, 62.483709118657544 ], [ 6.560902812440434, 62.482657478915293 ] ] ] } },
{ "type": "Feature", "properties": { }, "geometry": { "type": "Polygon", "coordinates": [ [ [ 6.395751500276234, 62.465936316929302 ], [ 6.396572509779788, 62.465949408635836 ], [ 6.395652396988133, 62.466992631226965 ], [ 6.395751500276234, 62.465936316929302 ] ] ] } },
{ "type": "Feature", "properties": { }, "geometry": { "type": "Polygon", "coordinates": [ [ [ 6.395184933826682, 62.466040213487815 ], [ 6.395751500276234, 62.465936316929302 ], [ 6.395652396988133, 62.466992631226965 ], [ 6.395184933826682, 62.466040213487815 ] ] ] } },
{ "type": "Feature", "properties": { }, "geometry": { "type": "Polygon", "coordinates": [ [ [ 6.395521446689861, 62.465572718964268 ], [ 6.395751500276234, 62.465936316929302 ], [ 6.395184933826682, 62.466040213487815 ], [ 6.395521446689861, 62.465572718964268 ] ] ] } },
{ "type": "Feature", "properties": { }, "geometry": { "type": "Polygon", "coordinates": [ [ [ 6.403248817343671, 62.471310910173912 ], [ 6.403939282340097, 62.471517712673574 ], [ 6.403536362682038, 62.472115345449033 ], [ 6.403248817343671, 62.471310910173912 ] ] ] } },
{ "type": "Feature", "properties": { }, "geometry": { "type": "Polygon", "coordinates": [ [ [ 6.404675976786486, 62.471139166369383 ], [ 6.405814842632235, 62.471491013653569 ], [ 6.404763720903443, 62.472347991897919 ], [ 6.404675976786486, 62.471139166369383 ] ] ] } },
{ "type": "Feature", "properties": { }, "geometry": { "type": "Polygon", "coordinates": [ [ [ 6.405814842632235, 62.471491013653569 ], [ 6.405494308015268, 62.47258949838902 ], [ 6.404763720903443, 62.472347991897919 ], [ 6.405814842632235, 62.471491013653569 ] ] ] } },
{ "type": "Feature", "properties": { }, "geometry": { "type": "Polygon", "coordinates": [ [ [ 6.532569586195766, 62.479940943667472 ], [ 6.532060909172517, 62.481216728415369 ], [ 6.531258301317092, 62.480941151109278 ], [ 6.532569586195766, 62.479940943667472 ] ] ] } },
{ "type": "Feature", "properties": { }, "geometry": { "type": "Polygon", "coordinates": [ [ [ 6.532569586195766, 62.479940943667472 ], [ 6.533026634031534, 62.481236121768262 ], [ 6.532060909172517, 62.481216728415369 ], [ 6.532569586195766, 62.479940943667472 ] ] ] } },
{ "type": "Feature", "properties": { }, "geometry": { "type": "Polygon", "coordinates": [ [ [ 6.531258301317092, 62.480941151109278 ], [ 6.532060909172517, 62.481216728415369 ], [ 6.531724065887587, 62.481490348457974 ], [ 6.531258301317092, 62.480941151109278 ] ] ] } },
{ "type": "Feature", "properties": { }, "geometry": { "type": "Polygon", "coordinates": [ [ [ 6.531258301317092, 62.480941151109278 ], [ 6.531724065887587, 62.481490348457974 ], [ 6.531219916638476, 62.481660234539341 ], [ 6.531258301317092, 62.480941151109278 ] ] ] } },
{ "type": "Feature", "properties": { }, "geometry": { "type": "Polygon", "coordinates": [ [ [ 6.530047965576936, 62.479892990582222 ], [ 6.530168659028129, 62.481377600207175 ], [ 6.529278800858171, 62.481168536850717 ], [ 6.530047965576936, 62.479892990582222 ] ] ] } },
{ "type": "Feature", "properties": { }, "geometry": { "type": "Polygon", "coordinates": [ [ [ 6.530047965576936, 62.479892990582222 ], [ 6.531258301317092, 62.480941151109278 ], [ 6.530168659028129, 62.481377600207175 ], [ 6.530047965576936, 62.479892990582222 ] ] ] } },
{ "type": "Feature", "properties": { }, "geometry": { "type": "Polygon", "coordinates": [ [ [ 6.553562625904713, 62.482750441864795 ], [ 6.554139368666023, 62.483502301973402 ], [ 6.553298699378105, 62.483660534510733 ], [ 6.553562625904713, 62.482750441864795 ] ] ] } },
{ "type": "Feature", "properties": { }, "geometry": { "type": "Polygon", "coordinates": [ [ [ 6.519281145140067, 62.480531529998423 ], [ 6.520100454480739, 62.480981178163681 ], [ 6.519241747040918, 62.481234999670818 ], [ 6.519281145140067, 62.480531529998423 ] ] ] } },
{ "type": "Feature", "properties": { }, "geometry": { "type": "Polygon", "coordinates": [ [ [ 6.52051885555783, 62.480065181721976 ], [ 6.520100454480739, 62.480981178163681 ], [ 6.519281145140067, 62.480531529998423 ], [ 6.52051885555783, 62.480065181721976 ] ] ] } },
{ "type": "Feature", "properties": { }, "geometry": { "type": "Polygon", "coordinates": [ [ [ 6.549755562558365, 62.479765412309476 ], [ 6.549831633291348, 62.480447748672951 ], [ 6.549180232955495, 62.480140066172936 ], [ 6.549755562558365, 62.479765412309476 ] ] ] } },
{ "type": "Feature", "properties": { }, "geometry": { "type": "Polygon", "coordinates": [ [ [ 6.550623997584692, 62.479744053608869 ], [ 6.551508679989015, 62.479829704088544 ], [ 6.550469285383002, 62.48036779755185 ], [ 6.550623997584692, 62.479744053608869 ] ] ] } },
{ "type": "Feature", "properties": { }, "geometry": { "type": "Polygon", "coordinates": [ [ [ 6.432206987927196, 62.475688557545261 ], [ 6.433081527089776, 62.476576804716728 ], [ 6.43241211739703, 62.476918079275492 ], [ 6.432206987927196, 62.475688557545261 ] ] ] } },
{ "type": "Feature", "properties": { }, "geometry": { "type": "Polygon", "coordinates": [ [ [ 6.432206987927196, 62.475688557545261 ], [ 6.43241211739703, 62.476918079275492 ], [ 6.431237017425609, 62.476471474533554 ], [ 6.432206987927196, 62.475688557545261 ] ] ] } },
{ "type": "Feature", "properties": { }, "geometry": { "type": "Polygon", "coordinates": [ [ [ 6.455416305953947, 62.47861714391022 ], [ 6.455982681313593, 62.478914725032951 ], [ 6.455321421709484, 62.479249862293685 ], [ 6.455416305953947, 62.47861714391022 ] ] ] } },
{ "type": "Feature", "properties": { }, "geometry": { "type": "Polygon", "coordinates": [ [ [ 6.455016427134427, 62.477423125744565 ], [ 6.454467862722884, 62.478554227862887 ], [ 6.453903499585623, 62.478007683001636 ], [ 6.455016427134427, 62.477423125744565 ] ] ] } },
{ "type": "Feature", "properties": { }, "geometry": { "type": "Polygon", "coordinates": [ [ [ 6.455016427134427, 62.477423125744565 ], [ 6.455416305953947, 62.47861714391022 ], [ 6.454467862722884, 62.478554227862887 ], [ 6.455016427134427, 62.477423125744565 ] ] ] } },
{ "type": "Feature", "properties": { }, "geometry": { "type": "Polygon", "coordinates": [ [ [ 6.538098345088451, 62.479006517139858 ], [ 6.538725040703826, 62.478724491849597 ], [ 6.538316402285658, 62.479658235420573 ], [ 6.538098345088451, 62.479006517139858 ] ] ] } },
{ "type": "Feature", "properties": { }, "geometry": { "type": "Polygon", "coordinates": [ [ [ 6.556404522268384, 62.482644089362239 ], [ 6.556343285726424, 62.483951376184613 ], [ 6.555669208689086, 62.483726707803854 ], [ 6.556404522268384, 62.482644089362239 ] ] ] } },
{ "type": "Feature", "properties": { }, "geometry": { "type": "Polygon", "coordinates": [ [ [ 6.555669208689086, 62.483726707803854 ], [ 6.556343285726424, 62.483951376184613 ], [ 6.555819531491808, 62.484431519116775 ], [ 6.555669208689086, 62.483726707803854 ] ] ] } },
{ "type": "Feature", "properties": { }, "geometry": { "type": "Polygon", "coordinates": [ [ [ 6.555041316299444, 62.482680347608444 ], [ 6.556404522268384, 62.482644089362239 ], [ 6.555669208689086, 62.483726707803854 ], [ 6.555041316299444, 62.482680347608444 ] ] ] } },
{ "type": "Feature", "properties": { }, "geometry": { "type": "Polygon", "coordinates": [ [ [ 6.48288641461744, 62.482373046781973 ], [ 6.484548318414117, 62.483095773967229 ], [ 6.483234490390629, 62.483581010851722 ], [ 6.48288641461744, 62.482373046781973 ] ] ] } },
{ "type": "Feature", "properties": { }, "geometry": { "type": "Polygon", "coordinates": [ [ [ 6.476303214442828, 62.473008386781771 ], [ 6.477282291428513, 62.473342312241527 ], [ 6.476210437890646, 62.474082029236186 ], [ 6.476303214442828, 62.473008386781771 ] ] ] } },
{ "type": "Feature", "properties": { }, "geometry": { "type": "Polygon", "coordinates": [ [ [ 6.564078529899473, 62.482678843822661 ], [ 6.564586111225405, 62.482730772798682 ], [ 6.563882882301075, 62.483273447663301 ], [ 6.564078529899473, 62.482678843822661 ] ] ] } },
{ "type": "Feature", "properties": { }, "geometry": { "type": "Polygon", "coordinates": [ [ [ 6.416079897291945, 62.475195993946869 ], [ 6.417241250405798, 62.476140339949012 ], [ 6.416265356153796, 62.476106676300965 ], [ 6.416079897291945, 62.475195993946869 ] ] ] } },
{ "type": "Feature", "properties": { }, "geometry": { "type": "Polygon", "coordinates": [ [ [ 6.504117076836508, 62.481807190602609 ], [ 6.504499209124898, 62.482434068298353 ], [ 6.503933935975051, 62.482722956719883 ], [ 6.504117076836508, 62.481807190602609 ] ] ] } },
{ "type": "Feature", "properties": { }, "geometry": { "type": "Polygon", "coordinates": [ [ [ 6.43376520388211, 62.475277508774241 ], [ 6.434917615642629, 62.475556172583019 ], [ 6.433861215231256, 62.476742556801909 ], [ 6.43376520388211, 62.475277508774241 ] ] ] } },
{ "type": "Feature", "properties": { }, "geometry": { "type": "Polygon", "coordinates": [ [ [ 6.434917615642629, 62.475556172583019 ], [ 6.43497128200923, 62.4767405822694 ], [ 6.433861215231256, 62.476742556801909 ], [ 6.434917615642629, 62.475556172583019 ] ] ] } },
{ "type": "Feature", "properties": { }, "geometry": { "type": "Polygon", "coordinates": [ [ [ 6.43376520388211, 62.475277508774241 ], [ 6.433861215231256, 62.476742556801909 ], [ 6.433081527089776, 62.476576804716728 ], [ 6.43376520388211, 62.475277508774241 ] ] ] } },
{ "type": "Feature", "properties": { }, "geometry": { "type": "Polygon", "coordinates": [ [ [ 6.409268626630634, 62.472918014453562 ], [ 6.409070156397784, 62.473628453550496 ], [ 6.408528508435261, 62.473407255377403 ], [ 6.409268626630634, 62.472918014453562 ] ] ] } },
{ "type": "Feature", "properties": { }, "geometry": { "type": "Polygon", "coordinates": [ [ [ 6.514448598118008, 62.480335870849466 ], [ 6.514886819643485, 62.481050959669382 ], [ 6.514321171728253, 62.481164817555204 ], [ 6.514448598118008, 62.480335870849466 ] ] ] } },
{ "type": "Feature", "properties": { }, "geometry": { "type": "Polygon", "coordinates": [ [ [ 6.398868310321571, 62.469684481041817 ], [ 6.400072366331361, 62.469656067936903 ], [ 6.399510777030878, 62.470040533519153 ], [ 6.398868310321571, 62.469684481041817 ] ] ] } },
{ "type": "Feature", "properties": { }, "geometry": { "type": "Polygon", "coordinates": [ [ [ 6.394856083464466, 62.465271395366308 ], [ 6.395521446689861, 62.465572718964268 ], [ 6.395184933826682, 62.466040213487815 ], [ 6.394856083464466, 62.465271395366308 ] ] ] } },
{ "type": "Feature", "properties": { }, "geometry": { "type": "Polygon", "coordinates": [ [ [ 6.394856083464466, 62.465271395366308 ], [ 6.395184933826682, 62.466040213487815 ], [ 6.394675331234153, 62.46577170420619 ], [ 6.394856083464466, 62.465271395366308 ] ] ] } },
{ "type": "Feature", "properties": { }, "geometry": { "type": "Polygon", "coordinates": [ [ [ 6.50665785469503, 62.481204569841431 ], [ 6.507085778026721, 62.481589489766954 ], [ 6.50658298843648, 62.481869640360053 ], [ 6.50665785469503, 62.481204569841431 ] ] ] } },
{ "type": "Feature", "properties": { }, "geometry": { "type": "Polygon", "coordinates": [ [ [ 6.502859154099448, 62.482816665127856 ], [ 6.503190338788765, 62.483476709907457 ], [ 6.502716625389333, 62.483541253270396 ], [ 6.502859154099448, 62.482816665127856 ] ] ] } },
{ "type": "Feature", "properties": { }, "geometry": { "type": "Polygon", "coordinates": [ [ [ 6.492820458128072, 62.481197038072551 ], [ 6.492499157610818, 62.482240424683468 ], [ 6.491958531693958, 62.481883961344103 ], [ 6.492820458128072, 62.481197038072551 ] ] ] } },
{ "type": "Feature", "properties": { }, "geometry": { "type": "Polygon", "coordinates": [ [ [ 6.490662538687548, 62.482162674813296 ], [ 6.491368107699939, 62.48214993502998 ], [ 6.491093524960512, 62.482721459893483 ], [ 6.490662538687548, 62.482162674813296 ] ] ] } },
{ "type": "Feature", "properties": { }, "geometry": { "type": "Polygon", "coordinates": [ [ [ 6.491191821725092, 62.480970289323793 ], [ 6.491368107699939, 62.48214993502998 ], [ 6.490662538687548, 62.482162674813296 ], [ 6.491191821725092, 62.480970289323793 ] ] ] } },
{ "type": "Feature", "properties": { }, "geometry": { "type": "Polygon", "coordinates": [ [ [ 6.491191821725092, 62.480970289323793 ], [ 6.491958531693958, 62.481883961344103 ], [ 6.491368107699939, 62.48214993502998 ], [ 6.491191821725092, 62.480970289323793 ] ] ] } },
{ "type": "Feature", "properties": { }, "geometry": { "type": "Polygon", "coordinates": [ [ [ 6.542155951348457, 62.48248641742935 ], [ 6.542794622405707, 62.482734624127303 ], [ 6.542500944150511, 62.482928028743316 ], [ 6.542155951348457, 62.48248641742935 ] ] ] } },
{ "type": "Feature", "properties": { }, "geometry": { "type": "Polygon", "coordinates": [ [ [ 6.542915288880665, 62.481478333181713 ], [ 6.542794622405707, 62.482734624127303 ], [ 6.542155951348457, 62.48248641742935 ], [ 6.542915288880665, 62.481478333181713 ] ] ] } },
{ "type": "Feature", "properties": { }, "geometry": { "type": "Polygon", "coordinates": [ [ [ 6.389045368263435, 62.467079976691977 ], [ 6.39018434923566, 62.466735494613708 ], [ 6.389543681516824, 62.468027501070445 ], [ 6.389045368263435, 62.467079976691977 ] ] ] } },
{ "type": "Feature", "properties": { }, "geometry": { "type": "Polygon", "coordinates": [ [ [ 6.39018434923566, 62.466735494613708 ], [ 6.391164513303751, 62.467525312454775 ], [ 6.389543681516824, 62.468027501070445 ], [ 6.39018434923566, 62.466735494613708 ] ] ] } },
{ "type": "Feature", "properties": { }, "geometry": { "type": "Polygon", "coordinates": [ [ [ 6.494455758991932, 62.481349280576957 ], [ 6.494001485613475, 62.482248061216247 ], [ 6.493593581925992, 62.481869685848743 ], [ 6.494455758991932, 62.481349280576957 ] ] ] } },
{ "type": "Feature", "properties": { }, "geometry": { "type": "Polygon", "coordinates": [ [ [ 6.494455758991932, 62.481349280576957 ], [ 6.494538189745849, 62.482352961856421 ], [ 6.494001485613475, 62.482248061216247 ], [ 6.494455758991932, 62.481349280576957 ] ] ] } },
{ "type": "Feature", "properties": { }, "geometry": { "type": "Polygon", "coordinates": [ [ [ 6.550722872198991, 62.482377440101679 ], [ 6.551874302554459, 62.482674346088046 ], [ 6.55097118401228, 62.48329208148035 ], [ 6.550722872198991, 62.482377440101679 ] ] ] } },
{ "type": "Feature", "properties": { }, "geometry": { "type": "Polygon", "coordinates": [ [ [ 6.551874302554459, 62.482674346088046 ], [ 6.55154597093886, 62.483501734971746 ], [ 6.55097118401228, 62.48329208148035 ], [ 6.551874302554459, 62.482674346088046 ] ] ] } },
{ "type": "Feature", "properties": { }, "geometry": { "type": "Polygon", "coordinates": [ [ [ 6.548781978769408, 62.482533576697428 ], [ 6.549649867902778, 62.483239838134764 ], [ 6.548771772085659, 62.483652474632585 ], [ 6.548781978769408, 62.482533576697428 ] ] ] } },
{ "type": "Feature", "properties": { }, "geometry": { "type": "Polygon", "coordinates": [ [ [ 6.550276491536824, 62.481412945955697 ], [ 6.549649867902778, 62.483239838134764 ], [ 6.548781978769408, 62.482533576697428 ], [ 6.550276491536824, 62.481412945955697 ] ] ] } },
{ "type": "Feature", "properties": { }, "geometry": { "type": "Polygon", "coordinates": [ [ [ 6.550276491536824, 62.481412945955697 ], [ 6.550722872198991, 62.482377440101679 ], [ 6.549649867902778, 62.483239838134764 ], [ 6.550276491536824, 62.481412945955697 ] ] ] } },
{ "type": "Feature", "properties": { }, "geometry": { "type": "Polygon", "coordinates": [ [ [ 6.403475999861883, 62.466527453377701 ], [ 6.403839266503068, 62.466235740801331 ], [ 6.40417475910668, 62.467025568631271 ], [ 6.403475999861883, 62.466527453377701 ] ] ] } },
{ "type": "Feature", "properties": { }, "geometry": { "type": "Polygon", "coordinates": [ [ [ 6.403475999861883, 62.466527453377701 ], [ 6.40417475910668, 62.467025568631271 ], [ 6.403215605378887, 62.467631905996562 ], [ 6.403475999861883, 62.466527453377701 ] ] ] } },
{ "type": "Feature", "properties": { }, "geometry": { "type": "Polygon", "coordinates": [ [ [ 6.402657813138447, 62.466391263778867 ], [ 6.403475999861883, 62.466527453377701 ], [ 6.403215605378887, 62.467631905996562 ], [ 6.402657813138447, 62.466391263778867 ] ] ] } },
{ "type": "Feature", "properties": { }, "geometry": { "type": "Polygon", "coordinates": [ [ [ 6.499604531351667, 62.481610915584213 ], [ 6.50041983883493, 62.482502107234055 ], [ 6.499519522705718, 62.482815790008843 ], [ 6.499604531351667, 62.481610915584213 ] ] ] } },
{ "type": "Feature", "properties": { }, "geometry": { "type": "Polygon", "coordinates": [ [ [ 6.499604531351667, 62.481610915584213 ], [ 6.499519522705718, 62.482815790008843 ], [ 6.498585361562601, 62.482259176172299 ], [ 6.499604531351667, 62.481610915584213 ] ] ] } },
{ "type": "Feature", "properties": { }, "geometry": { "type": "Polygon", "coordinates": [ [ [ 6.562933909932199, 62.479837089515314 ], [ 6.563300691296178, 62.480369099099441 ], [ 6.562565147151282, 62.480853956494158 ], [ 6.562933909932199, 62.479837089515314 ] ] ] } },
{ "type": "Feature", "properties": { }, "geometry": { "type": "Polygon", "coordinates": [ [ [ 6.561883636621034, 62.479621089100952 ], [ 6.562565147151282, 62.480853956494158 ], [ 6.561749078206708, 62.481175111403019 ], [ 6.561883636621034, 62.479621089100952 ] ] ] } },
{ "type": "Feature", "properties": { }, "geometry": { "type": "Polygon", "coordinates": [ [ [ 6.561883636621034, 62.479621089100952 ], [ 6.562933909932199, 62.479837089515314 ], [ 6.562565147151282, 62.480853956494158 ], [ 6.561883636621034, 62.479621089100952 ] ] ] } },
{ "type": "Feature", "properties": { }, "geometry": { "type": "Polygon", "coordinates": [ [ [ 6.484422808952083, 62.481112252681974 ], [ 6.484548318414117, 62.483095773967229 ], [ 6.48288641461744, 62.482373046781973 ], [ 6.484422808952083, 62.481112252681974 ] ] ] } },
{ "type": "Feature", "properties": { }, "geometry": { "type": "Polygon", "coordinates": [ [ [ 6.511071818345059, 62.477389726067301 ], [ 6.511830212849494, 62.477329867578852 ], [ 6.511512478518866, 62.478138519159181 ], [ 6.511071818345059, 62.477389726067301 ] ] ] } },
{ "type": "Feature", "properties": { }, "geometry": { "type": "Polygon", "coordinates": [ [ [ 6.511071818345059, 62.477389726067301 ], [ 6.511512478518866, 62.478138519159181 ], [ 6.510682959698814, 62.478396920030704 ], [ 6.511071818345059, 62.477389726067301 ] ] ] } },
{ "type": "Feature", "properties": { }, "geometry": { "type": "Polygon", "coordinates": [ [ [ 6.527469531774641, 62.480309652970611 ], [ 6.528065508215504, 62.480786881281887 ], [ 6.527203525331638, 62.481251223380667 ], [ 6.527469531774641, 62.480309652970611 ] ] ] } },
{ "type": "Feature", "properties": { }, "geometry": { "type": "Polygon", "coordinates": [ [ [ 6.454774441590501, 62.470723924114374 ], [ 6.455006535070217, 62.47145300565672 ], [ 6.454417775621565, 62.471238946733074 ], [ 6.454774441590501, 62.470723924114374 ] ] ] } },
{ "type": "Feature", "properties": { }, "geometry": { "type": "Polygon", "coordinates": [ [ [ 6.549180232955495, 62.480140066172936 ], [ 6.549831633291348, 62.480447748672951 ], [ 6.548969125140283, 62.481430393575025 ], [ 6.549180232955495, 62.480140066172936 ] ] ] } },
{ "type": "Feature", "properties": { }, "geometry": { "type": "Polygon", "coordinates": [ [ [ 6.54796275323344, 62.480571562014077 ], [ 6.549180232955495, 62.480140066172936 ], [ 6.548969125140283, 62.481430393575025 ], [ 6.54796275323344, 62.480571562014077 ] ] ] } },
{ "type": "Feature", "properties": { }, "geometry": { "type": "Polygon", "coordinates": [ [ [ 6.548775327322138, 62.479567485879059 ], [ 6.549180232955495, 62.480140066172936 ], [ 6.54796275323344, 62.480571562014077 ], [ 6.548775327322138, 62.479567485879059 ] ] ] } },
{ "type": "Feature", "properties": { }, "geometry": { "type": "Polygon", "coordinates": [ [ [ 6.432206987927196, 62.475688557545261 ], [ 6.43376520388211, 62.475277508774241 ], [ 6.433081527089776, 62.476576804716728 ], [ 6.432206987927196, 62.475688557545261 ] ] ] } },
{ "type": "Feature", "properties": { }, "geometry": { "type": "Polygon", "coordinates": [ [ [ 6.456227022871736, 62.477761907202868 ], [ 6.455982681313593, 62.478914725032951 ], [ 6.455416305953947, 62.47861714391022 ], [ 6.456227022871736, 62.477761907202868 ] ] ] } },
{ "type": "Feature", "properties": { }, "geometry": { "type": "Polygon", "coordinates": [ [ [ 6.456227022871736, 62.477761907202868 ], [ 6.456784060213052, 62.479144059028634 ], [ 6.455982681313593, 62.478914725032951 ], [ 6.456227022871736, 62.477761907202868 ] ] ] } },
{ "type": "Feature", "properties": { }, "geometry": { "type": "Polygon", "coordinates": [ [ [ 6.453475208975577, 62.476198953756608 ], [ 6.455016427134427, 62.477423125744565 ], [ 6.453903499585623, 62.478007683001636 ], [ 6.453475208975577, 62.476198953756608 ] ] ] } },
{ "type": "Feature", "properties": { }, "geometry": { "type": "Polygon", "coordinates": [ [ [ 6.504117076836508, 62.481807190602609 ], [ 6.503933935975051, 62.482722956719883 ], [ 6.502859154099448, 62.482816665127856 ], [ 6.504117076836508, 62.481807190602609 ] ] ] } },
{ "type": "Feature", "properties": { }, "geometry": { "type": "Polygon", "coordinates": [ [ [ 6.40893033719707, 62.472059286749449 ], [ 6.409268626630634, 62.472918014453562 ], [ 6.408528508435261, 62.473407255377403 ], [ 6.40893033719707, 62.472059286749449 ] ] ] } },
{ "type": "Feature", "properties": { }, "geometry": { "type": "Polygon", "coordinates": [ [ [ 6.40893033719707, 62.472059286749449 ], [ 6.408528508435261, 62.473407255377403 ], [ 6.407699592208938, 62.472814294596077 ], [ 6.40893033719707, 62.472059286749449 ] ] ] } },
{ "type": "Feature", "properties": { }, "geometry": { "type": "Polygon", "coordinates": [ [ [ 6.4003161804096, 62.468251783106552 ], [ 6.401266246662812, 62.469652314101317 ], [ 6.400072366331361, 62.469656067936903 ], [ 6.4003161804096, 62.468251783106552 ] ] ] } },
{ "type": "Feature", "properties": { }, "geometry": { "type": "Polygon", "coordinates": [ [ [ 6.398505146048016, 62.468744349568254 ], [ 6.400072366331361, 62.469656067936903 ], [ 6.398868310321571, 62.469684481041817 ], [ 6.398505146048016, 62.468744349568254 ] ] ] } },
{ "type": "Feature", "properties": { }, "geometry": { "type": "Polygon", "coordinates": [ [ [ 6.398505146048016, 62.468744349568254 ], [ 6.4003161804096, 62.468251783106552 ], [ 6.400072366331361, 62.469656067936903 ], [ 6.398505146048016, 62.468744349568254 ] ] ] } },
{ "type": "Feature", "properties": { }, "geometry": { "type": "Polygon", "coordinates": [ [ [ 6.506459583569008, 62.479899843012213 ], [ 6.507550407185758, 62.480642626544231 ], [ 6.50665785469503, 62.481204569841431 ], [ 6.506459583569008, 62.479899843012213 ] ] ] } },
{ "type": "Feature", "properties": { }, "geometry": { "type": "Polygon", "coordinates": [ [ [ 6.507550407185758, 62.480642626544231 ], [ 6.507085778026721, 62.481589489766954 ], [ 6.50665785469503, 62.481204569841431 ], [ 6.507550407185758, 62.480642626544231 ] ] ] } },
{ "type": "Feature", "properties": { }, "geometry": { "type": "Polygon", "coordinates": [ [ [ 6.506459583569008, 62.479899843012213 ], [ 6.50665785469503, 62.481204569841431 ], [ 6.505583770284842, 62.48112924256808 ], [ 6.506459583569008, 62.479899843012213 ] ] ] } },
{ "type": "Feature", "properties": { }, "geometry": { "type": "Polygon", "coordinates": [ [ [ 6.501406499857618, 62.481727355061096 ], [ 6.50115392571022, 62.482930292204429 ], [ 6.50041983883493, 62.482502107234055 ], [ 6.501406499857618, 62.481727355061096 ] ] ] } },
{ "type": "Feature", "properties": { }, "geometry": { "type": "Polygon", "coordinates": [ [ [ 6.501406499857618, 62.481727355061096 ], [ 6.501819726423666, 62.482884979903545 ], [ 6.50115392571022, 62.482930292204429 ], [ 6.501406499857618, 62.481727355061096 ] ] ] } },
{ "type": "Feature", "properties": { }, "geometry": { "type": "Polygon", "coordinates": [ [ [ 6.50115392571022, 62.482930292204429 ], [ 6.501819726423666, 62.482884979903545 ], [ 6.501563082243906, 62.483500997402999 ], [ 6.50115392571022, 62.482930292204429 ] ] ] } },
{ "type": "Feature", "properties": { }, "geometry": { "type": "Polygon", "coordinates": [ [ [ 6.518574813033988, 62.479887882935181 ], [ 6.519515599534919, 62.479564857430368 ], [ 6.519281145140067, 62.480531529998423 ], [ 6.518574813033988, 62.479887882935181 ] ] ] } },
{ "type": "Feature", "properties": { }, "geometry": { "type": "Polygon", "coordinates": [ [ [ 6.519515599534919, 62.479564857430368 ], [ 6.52051885555783, 62.480065181721976 ], [ 6.519281145140067, 62.480531529998423 ], [ 6.519515599534919, 62.479564857430368 ] ] ] } },
{ "type": "Feature", "properties": { }, "geometry": { "type": "Polygon", "coordinates": [ [ [ 6.549831633291348, 62.480447748672951 ], [ 6.550469285383002, 62.48036779755185 ], [ 6.550276491536824, 62.481412945955697 ], [ 6.549831633291348, 62.480447748672951 ] ] ] } },
{ "type": "Feature", "properties": { }, "geometry": { "type": "Polygon", "coordinates": [ [ [ 6.549831633291348, 62.480447748672951 ], [ 6.550276491536824, 62.481412945955697 ], [ 6.548969125140283, 62.481430393575025 ], [ 6.549831633291348, 62.480447748672951 ] ] ] } },
{ "type": "Feature", "properties": { }, "geometry": { "type": "Polygon", "coordinates": [ [ [ 6.455016427134427, 62.477423125744565 ], [ 6.456227022871736, 62.477761907202868 ], [ 6.455416305953947, 62.47861714391022 ], [ 6.455016427134427, 62.477423125744565 ] ] ] } },
{ "type": "Feature", "properties": { }, "geometry": { "type": "Polygon", "coordinates": [ [ [ 6.504010952102404, 62.480741456611163 ], [ 6.504866290034736, 62.4813860094959 ], [ 6.504117076836508, 62.481807190602609 ], [ 6.504010952102404, 62.480741456611163 ] ] ] } },
{ "type": "Feature", "properties": { }, "geometry": { "type": "Polygon", "coordinates": [ [ [ 6.502772519477594, 62.481402929397554 ], [ 6.504117076836508, 62.481807190602609 ], [ 6.502859154099448, 62.482816665127856 ], [ 6.502772519477594, 62.481402929397554 ] ] ] } },
{ "type": "Feature", "properties": { }, "geometry": { "type": "Polygon", "coordinates": [ [ [ 6.504010952102404, 62.480741456611163 ], [ 6.504117076836508, 62.481807190602609 ], [ 6.502772519477594, 62.481402929397554 ], [ 6.504010952102404, 62.480741456611163 ] ] ] } },
{ "type": "Feature", "properties": { }, "geometry": { "type": "Polygon", "coordinates": [ [ [ 6.40893033719707, 62.472059286749449 ], [ 6.409842458624534, 62.472200309840595 ], [ 6.409268626630634, 62.472918014453562 ], [ 6.40893033719707, 62.472059286749449 ] ] ] } },
{ "type": "Feature", "properties": { }, "geometry": { "type": "Polygon", "coordinates": [ [ [ 6.409842458624534, 62.472200309840595 ], [ 6.409982671564706, 62.473108452670829 ], [ 6.409268626630634, 62.472918014453562 ], [ 6.409842458624534, 62.472200309840595 ] ] ] } },
{ "type": "Feature", "properties": { }, "geometry": { "type": "Polygon", "coordinates": [ [ [ 6.541423947645094, 62.481758702349978 ], [ 6.542915288880665, 62.481478333181713 ], [ 6.542155951348457, 62.48248641742935 ], [ 6.541423947645094, 62.481758702349978 ] ] ] } },
{ "type": "Feature", "properties": { }, "geometry": { "type": "Polygon", "coordinates": [ [ [ 6.457124000276247, 62.471588635170768 ], [ 6.458783363344423, 62.472375451961945 ], [ 6.456824265905018, 62.473552871751792 ], [ 6.457124000276247, 62.471588635170768 ] ] ] } },
{ "type": "Feature", "properties": { }, "geometry": { "type": "Polygon", "coordinates": [ [ [ 6.455909819222175, 62.47178882716512 ], [ 6.457124000276247, 62.471588635170768 ], [ 6.456824265905018, 62.473552871751792 ], [ 6.455909819222175, 62.47178882716512 ] ] ] } },
{ "type": "Feature", "properties": { }, "geometry": { "type": "Polygon", "coordinates": [ [ [ 6.456468983095412, 62.471003948762089 ], [ 6.457124000276247, 62.471588635170768 ], [ 6.455909819222175, 62.47178882716512 ], [ 6.456468983095412, 62.471003948762089 ] ] ] } },
{ "type": "Feature", "properties": { }, "geometry": { "type": "Polygon", "coordinates": [ [ [ 6.438653892387957, 62.475101309075619 ], [ 6.439557371784511, 62.476121301980669 ], [ 6.438235545793576, 62.476398092277748 ], [ 6.438653892387957, 62.475101309075619 ] ] ] } },
{ "type": "Feature", "properties": { }, "geometry": { "type": "Polygon", "coordinates": [ [ [ 6.438653892387957, 62.475101309075619 ], [ 6.438235545793576, 62.476398092277748 ], [ 6.437043591414493, 62.476452592415875 ], [ 6.438653892387957, 62.475101309075619 ] ] ] } },
{ "type": "Feature", "properties": { }, "geometry": { "type": "Polygon", "coordinates": [ [ [ 6.44323798347785, 62.475363538778659 ], [ 6.444713872704012, 62.475130785741285 ], [ 6.443914136137612, 62.476392865140006 ], [ 6.44323798347785, 62.475363538778659 ] ] ] } },
{ "type": "Feature", "properties": { }, "geometry": { "type": "Polygon", "coordinates": [ [ [ 6.444713872704012, 62.475130785741285 ], [ 6.445618522445622, 62.476319916444496 ], [ 6.443914136137612, 62.476392865140006 ], [ 6.444713872704012, 62.475130785741285 ] ] ] } },
{ "type": "Feature", "properties": { }, "geometry": { "type": "Polygon", "coordinates": [ [ [ 6.442878271956377, 62.475990905155292 ], [ 6.443914136137612, 62.476392865140006 ], [ 6.443276625277739, 62.476594474190762 ], [ 6.442878271956377, 62.475990905155292 ] ] ] } },
{ "type": "Feature", "properties": { }, "geometry": { "type": "Polygon", "coordinates": [ [ [ 6.44323798347785, 62.475363538778659 ], [ 6.443914136137612, 62.476392865140006 ], [ 6.442878271956377, 62.475990905155292 ], [ 6.44323798347785, 62.475363538778659 ] ] ] } },
{ "type": "Feature", "properties": { }, "geometry": { "type": "Polygon", "coordinates": [ [ [ 6.474518512071112, 62.480673561592731 ], [ 6.474731726688847, 62.481941092139628 ], [ 6.474037974582887, 62.481865693247769 ], [ 6.474518512071112, 62.480673561592731 ] ] ] } },
{ "type": "Feature", "properties": { }, "geometry": { "type": "Polygon", "coordinates": [ [ [ 6.474518512071112, 62.480673561592731 ], [ 6.47662115712087, 62.481541597190507 ], [ 6.474731726688847, 62.481941092139628 ], [ 6.474518512071112, 62.480673561592731 ] ] ] } },
{ "type": "Feature", "properties": { }, "geometry": { "type": "Polygon", "coordinates": [ [ [ 6.448270317896165, 62.470240862273982 ], [ 6.449086209785303, 62.47023069455792 ], [ 6.44869399392037, 62.471498013150914 ], [ 6.448270317896165, 62.470240862273982 ] ] ] } },
{ "type": "Feature", "properties": { }, "geometry": { "type": "Polygon", "coordinates": [ [ [ 6.448270317896165, 62.470240862273982 ], [ 6.44869399392037, 62.471498013150914 ], [ 6.447797633429579, 62.471100130597108 ], [ 6.448270317896165, 62.470240862273982 ] ] ] } },
{ "type": "Feature", "properties": { }, "geometry": { "type": "Polygon", "coordinates": [ [ [ 6.447569533303849, 62.470146326115717 ], [ 6.448270317896165, 62.470240862273982 ], [ 6.447797633429579, 62.471100130597108 ], [ 6.447569533303849, 62.470146326115717 ] ] ] } },
{ "type": "Feature", "properties": { }, "geometry": { "type": "Polygon", "coordinates": [ [ [ 6.479629018712314, 62.473074246769841 ], [ 6.480261931605955, 62.473002573065919 ], [ 6.480570259460058, 62.473647409733807 ], [ 6.479629018712314, 62.473074246769841 ] ] ] } },
{ "type": "Feature", "properties": { }, "geometry": { "type": "Polygon", "coordinates": [ [ [ 6.479629018712314, 62.473074246769841 ], [ 6.480570259460058, 62.473647409733807 ], [ 6.48007253286382, 62.474160389878904 ], [ 6.479629018712314, 62.473074246769841 ] ] ] } },
{ "type": "Feature", "properties": { }, "geometry": { "type": "Polygon", "coordinates": [ [ [ 6.478242995098156, 62.473351488228687 ], [ 6.479629018712314, 62.473074246769841 ], [ 6.48007253286382, 62.474160389878904 ], [ 6.478242995098156, 62.473351488228687 ] ] ] } },
{ "type": "Feature", "properties": { }, "geometry": { "type": "Polygon", "coordinates": [ [ [ 6.516205583200669, 62.479200788432266 ], [ 6.516524659910572, 62.480451655109945 ], [ 6.515261133670809, 62.480543659446838 ], [ 6.516205583200669, 62.479200788432266 ] ] ] } },
{ "type": "Feature", "properties": { }, "geometry": { "type": "Polygon", "coordinates": [ [ [ 6.516205583200669, 62.479200788432266 ], [ 6.517224356857202, 62.479993617309695 ], [ 6.516524659910572, 62.480451655109945 ], [ 6.516205583200669, 62.479200788432266 ] ] ] } },
{ "type": "Feature", "properties": { }, "geometry": { "type": "Polygon", "coordinates": [ [ [ 6.450704489401007, 62.47698675820714 ], [ 6.451017461312695, 62.477445919693515 ], [ 6.450589803621503, 62.477800728920052 ], [ 6.450704489401007, 62.47698675820714 ] ] ] } },
{ "type": "Feature", "properties": { }, "geometry": { "type": "Polygon", "coordinates": [ [ [ 6.451017461312695, 62.477445919693515 ], [ 6.450997712306378, 62.478001249023571 ], [ 6.450589803621503, 62.477800728920052 ], [ 6.451017461312695, 62.477445919693515 ] ] ] } },
{ "type": "Feature", "properties": { }, "geometry": { "type": "Polygon", "coordinates": [ [ [ 6.472382806801865, 62.479655143304605 ], [ 6.473767836939714, 62.481063887221772 ], [ 6.472624545172024, 62.481515637864142 ], [ 6.472382806801865, 62.479655143304605 ] ] ] } },
{ "type": "Feature", "properties": { }, "geometry": { "type": "Polygon", "coordinates": [ [ [ 6.473767836939714, 62.481063887221772 ], [ 6.47331023621321, 62.481775553453012 ], [ 6.472624545172024, 62.481515637864142 ], [ 6.473767836939714, 62.481063887221772 ] ] ] } },
{ "type": "Feature", "properties": { }, "geometry": { "type": "Polygon", "coordinates": [ [ [ 6.471766878479736, 62.481488930239912 ], [ 6.472624545172024, 62.481515637864142 ], [ 6.47218037477107, 62.481795174555522 ], [ 6.471766878479736, 62.481488930239912 ] ] ] } },
{ "type": "Feature", "properties": { }, "geometry": { "type": "Polygon", "coordinates": [ [ [ 6.471774408737454, 62.480541211283324 ], [ 6.472624545172024, 62.481515637864142 ], [ 6.471766878479736, 62.481488930239912 ], [ 6.471774408737454, 62.480541211283324 ] ] ] } },
{ "type": "Feature", "properties": { }, "geometry": { "type": "Polygon", "coordinates": [ [ [ 6.471774408737454, 62.480541211283324 ], [ 6.472382806801865, 62.479655143304605 ], [ 6.472624545172024, 62.481515637864142 ], [ 6.471774408737454, 62.480541211283324 ] ] ] } },
{ "type": "Feature", "properties": { }, "geometry": { "type": "Polygon", "coordinates": [ [ [ 6.561749078206708, 62.481175111403019 ], [ 6.562114008336519, 62.481972566729759 ], [ 6.560902812440434, 62.482657478915293 ], [ 6.561749078206708, 62.481175111403019 ] ] ] } },
{ "type": "Feature", "properties": { }, "geometry": { "type": "Polygon", "coordinates": [ [ [ 6.503138142474647, 62.477773626596104 ], [ 6.5046856364656, 62.477946385098626 ], [ 6.503168259021739, 62.479035332779226 ], [ 6.503138142474647, 62.477773626596104 ] ] ] } },
{ "type": "Feature", "properties": { }, "geometry": { "type": "Polygon", "coordinates": [ [ [ 6.502483296365481, 62.477975315959327 ], [ 6.503138142474647, 62.477773626596104 ], [ 6.503168259021739, 62.479035332779226 ], [ 6.502483296365481, 62.477975315959327 ] ] ] } },
{ "type": "Feature", "properties": { }, "geometry": { "type": "Polygon", "coordinates": [ [ [ 6.502447703958212, 62.477291038817761 ], [ 6.503138142474647, 62.477773626596104 ], [ 6.502483296365481, 62.477975315959327 ], [ 6.502447703958212, 62.477291038817761 ] ] ] } },
{ "type": "Feature", "properties": { }, "geometry": { "type": "Polygon", "coordinates": [ [ [ 6.480183815453149, 62.481300651250663 ], [ 6.480375573984179, 62.482807586941071 ], [ 6.479315999412976, 62.48254745589842 ], [ 6.480183815453149, 62.481300651250663 ] ] ] } },
{ "type": "Feature", "properties": { }, "geometry": { "type": "Polygon", "coordinates": [ [ [ 6.479060039829943, 62.481443883587481 ], [ 6.479315999412976, 62.48254745589842 ], [ 6.478251882544768, 62.482237778389099 ], [ 6.479060039829943, 62.481443883587481 ] ] ] } },
{ "type": "Feature", "properties": { }, "geometry": { "type": "Polygon", "coordinates": [ [ [ 6.479060039829943, 62.481443883587481 ], [ 6.480183815453149, 62.481300651250663 ], [ 6.479315999412976, 62.48254745589842 ], [ 6.479060039829943, 62.481443883587481 ] ] ] } },
{ "type": "Feature", "properties": { }, "geometry": { "type": "Polygon", "coordinates": [ [ [ 6.517829352314288, 62.477759793976098 ], [ 6.518858769775439, 62.478207738043203 ], [ 6.517789802019715, 62.479161626283265 ], [ 6.517829352314288, 62.477759793976098 ] ] ] } },
{ "type": "Feature", "properties": { }, "geometry": { "type": "Polygon", "coordinates": [ [ [ 6.51693801449663, 62.47813776360244 ], [ 6.517829352314288, 62.477759793976098 ], [ 6.517789802019715, 62.479161626283265 ], [ 6.51693801449663, 62.47813776360244 ] ] ] } },
{ "type": "Feature", "properties": { }, "geometry": { "type": "Polygon", "coordinates": [ [ [ 6.470333521161852, 62.480805573950654 ], [ 6.470950550315739, 62.480585778512769 ], [ 6.470676095283146, 62.481363855226249 ], [ 6.470333521161852, 62.480805573950654 ] ] ] } },
{ "type": "Feature", "properties": { }, "geometry": { "type": "Polygon", "coordinates": [ [ [ 6.410739002225433, 62.471998833687195 ], [ 6.412015769496827, 62.472049821939621 ], [ 6.411568060707963, 62.473246605674291 ], [ 6.410739002225433, 62.471998833687195 ] ] ] } },
{ "type": "Feature", "properties": { }, "geometry": { "type": "Polygon", "coordinates": [ [ [ 6.412015769496827, 62.472049821939621 ], [ 6.412518666879274, 62.473224483035395 ], [ 6.411568060707963, 62.473246605674291 ], [ 6.412015769496827, 62.472049821939621 ] ] ] } },
{ "type": "Feature", "properties": { }, "geometry": { "type": "Polygon", "coordinates": [ [ [ 6.411568060707963, 62.473246605674291 ], [ 6.412518666879274, 62.473224483035395 ], [ 6.41224712130521, 62.474135748367388 ], [ 6.411568060707963, 62.473246605674291 ] ] ] } },
{ "type": "Feature", "properties": { }, "geometry": { "type": "Polygon", "coordinates": [ [ [ 6.510138106994291, 62.479329007074419 ], [ 6.511369671371104, 62.479636592068609 ], [ 6.510559132790309, 62.480262600405609 ], [ 6.510138106994291, 62.479329007074419 ] ] ] } },
{ "type": "Feature", "properties": { }, "geometry": { "type": "Polygon", "coordinates": [ [ [ 6.517224356857202, 62.479993617309695 ], [ 6.51774243697699, 62.480166461519808 ], [ 6.51763465174725, 62.480701872087259 ], [ 6.517224356857202, 62.479993617309695 ] ] ] } },
{ "type": "Feature", "properties": { }, "geometry": { "type": "Polygon", "coordinates": [ [ [ 6.448086183498438, 62.475767082705794 ], [ 6.449201446337799, 62.476751193230825 ], [ 6.448522845486486, 62.47718891639316 ], [ 6.448086183498438, 62.475767082705794 ] ] ] } },
{ "type": "Feature", "properties": { }, "geometry": { "type": "Polygon", "coordinates": [ [ [ 6.524121681758541, 62.478101680411847 ], [ 6.52513923664259, 62.479273540041476 ], [ 6.523987800578237, 62.479921058973794 ], [ 6.524121681758541, 62.478101680411847 ] ] ] } },
{ "type": "Feature", "properties": { }, "geometry": { "type": "Polygon", "coordinates": [ [ [ 6.524121681758541, 62.478101680411847 ], [ 6.523987800578237, 62.479921058973794 ], [ 6.522929082851237, 62.479191658951414 ], [ 6.524121681758541, 62.478101680411847 ] ] ] } },
{ "type": "Feature", "properties": { }, "geometry": { "type": "Polygon", "coordinates": [ [ [ 6.39340508105312, 62.46543084268238 ], [ 6.393760267957287, 62.465890136788104 ], [ 6.392788584197621, 62.466274585310309 ], [ 6.39340508105312, 62.46543084268238 ] ] ] } },
{ "type": "Feature", "properties": { }, "geometry": { "type": "Polygon", "coordinates": [ [ [ 6.392560134907145, 62.465206724756975 ], [ 6.39340508105312, 62.46543084268238 ], [ 6.392788584197621, 62.466274585310309 ], [ 6.392560134907145, 62.465206724756975 ] ] ] } },
{ "type": "Feature", "properties": { }, "geometry": { "type": "Polygon", "coordinates": [ [ [ 6.430354864000493, 62.468201134998118 ], [ 6.431945942208693, 62.469878805101089 ], [ 6.429371166737814, 62.469899367535128 ], [ 6.430354864000493, 62.468201134998118 ] ] ] } },
{ "type": "Feature", "properties": { }, "geometry": { "type": "Polygon", "coordinates": [ [ [ 6.440689545759047, 62.469727816929307 ], [ 6.442337363931447, 62.47127026909844 ], [ 6.440896155757365, 62.471158510240912 ], [ 6.440689545759047, 62.469727816929307 ] ] ] } },
{ "type": "Feature", "properties": { }, "geometry": { "type": "Polygon", "coordinates": [ [ [ 6.440689545759047, 62.469727816929307 ], [ 6.440896155757365, 62.471158510240912 ], [ 6.439584454827664, 62.470551046896915 ], [ 6.440689545759047, 62.469727816929307 ] ] ] } },
{ "type": "Feature", "properties": { }, "geometry": { "type": "Polygon", "coordinates": [ [ [ 6.526652918409137, 62.479007717135381 ], [ 6.527469531774641, 62.480309652970611 ], [ 6.525904741276539, 62.480350149735564 ], [ 6.526652918409137, 62.479007717135381 ] ] ] } },
{ "type": "Feature", "properties": { }, "geometry": { "type": "Polygon", "coordinates": [ [ [ 6.52513923664259, 62.479273540041476 ], [ 6.526652918409137, 62.479007717135381 ], [ 6.525904741276539, 62.480350149735564 ], [ 6.52513923664259, 62.479273540041476 ] ] ] } },
{ "type": "Feature", "properties": { }, "geometry": { "type": "Polygon", "coordinates": [ [ [ 6.53393179780341, 62.480116324889245 ], [ 6.533984032589424, 62.481180339219307 ], [ 6.533026634031534, 62.481236121768262 ], [ 6.53393179780341, 62.480116324889245 ] ] ] } },
{ "type": "Feature", "properties": { }, "geometry": { "type": "Polygon", "coordinates": [ [ [ 6.535341818517706, 62.477925180446384 ], [ 6.536390046380587, 62.478542407584129 ], [ 6.53499051017149, 62.480038645032643 ], [ 6.535341818517706, 62.477925180446384 ] ] ] } },
{ "type": "Feature", "properties": { }, "geometry": { "type": "Polygon", "coordinates": [ [ [ 6.533778952219344, 62.478468714827073 ], [ 6.535341818517706, 62.477925180446384 ], [ 6.53499051017149, 62.480038645032643 ], [ 6.533778952219344, 62.478468714827073 ] ] ] } },
{ "type": "Feature", "properties": { }, "geometry": { "type": "Polygon", "coordinates": [ [ [ 6.566455773053886, 62.482546813561633 ], [ 6.567151668569252, 62.483214398789926 ], [ 6.566244181006438, 62.483346235194986 ], [ 6.566455773053886, 62.482546813561633 ] ] ] } },
{ "type": "Feature", "properties": { }, "geometry": { "type": "Polygon", "coordinates": [ [ [ 6.566455773053886, 62.482546813561633 ], [ 6.567251176428948, 62.482725184043204 ], [ 6.567151668569252, 62.483214398789926 ], [ 6.566455773053886, 62.482546813561633 ] ] ] } },
{ "type": "Feature", "properties": { }, "geometry": { "type": "Polygon", "coordinates": [ [ [ 6.394675331234153, 62.46577170420619 ], [ 6.395184933826682, 62.466040213487815 ], [ 6.394286728906626, 62.46613497894392 ], [ 6.394675331234153, 62.46577170420619 ] ] ] } },
{ "type": "Feature", "properties": { }, "geometry": { "type": "Polygon", "coordinates": [ [ [ 6.394286728906626, 62.46613497894392 ], [ 6.395184933826682, 62.466040213487815 ], [ 6.395652396988133, 62.466992631226965 ], [ 6.394286728906626, 62.46613497894392 ] ] ] } },
{ "type": "Feature", "properties": { }, "geometry": { "type": "Polygon", "coordinates": [ [ [ 6.394286728906626, 62.46613497894392 ], [ 6.395652396988133, 62.466992631226965 ], [ 6.393589460833421, 62.466945827896303 ], [ 6.394286728906626, 62.46613497894392 ] ] ] } },
{ "type": "Feature", "properties": { }, "geometry": { "type": "Polygon", "coordinates": [ [ [ 6.393760267957287, 62.465890136788104 ], [ 6.394286728906626, 62.46613497894392 ], [ 6.393589460833421, 62.466945827896303 ], [ 6.393760267957287, 62.465890136788104 ] ] ] } },
{ "type": "Feature", "properties": { }, "geometry": { "type": "Polygon", "coordinates": [ [ [ 6.402277677850031, 62.470327884509615 ], [ 6.403203271256118, 62.469801059311841 ], [ 6.403248817343671, 62.471310910173912 ], [ 6.402277677850031, 62.470327884509615 ] ] ] } },
{ "type": "Feature", "properties": { }, "geometry": { "type": "Polygon", "coordinates": [ [ [ 6.403203271256118, 62.469801059311841 ], [ 6.403856828088359, 62.470536956549843 ], [ 6.403248817343671, 62.471310910173912 ], [ 6.403203271256118, 62.469801059311841 ] ] ] } },
{ "type": "Feature", "properties": { }, "geometry": { "type": "Polygon", "coordinates": [ [ [ 6.403856828088359, 62.470536956549843 ], [ 6.403939282340097, 62.471517712673574 ], [ 6.403248817343671, 62.471310910173912 ], [ 6.403856828088359, 62.470536956549843 ] ] ] } },
{ "type": "Feature", "properties": { }, "geometry": { "type": "Polygon", "coordinates": [ [ [ 6.402277677850031, 62.470327884509615 ], [ 6.403248817343671, 62.471310910173912 ], [ 6.402453155842518, 62.471112185140306 ], [ 6.402277677850031, 62.470327884509615 ] ] ] } },
{ "type": "Feature", "properties": { }, "geometry": { "type": "Polygon", "coordinates": [ [ [ 6.405814842632235, 62.471491013653569 ], [ 6.406115544895777, 62.472595092139635 ], [ 6.405494308015268, 62.47258949838902 ], [ 6.405814842632235, 62.471491013653569 ] ] ] } },
{ "type": "Feature", "properties": { }, "geometry": { "type": "Polygon", "coordinates": [ [ [ 6.405814842632235, 62.471491013653569 ], [ 6.407000285785707, 62.472034680418389 ], [ 6.406115544895777, 62.472595092139635 ], [ 6.405814842632235, 62.471491013653569 ] ] ] } },
{ "type": "Feature", "properties": { }, "geometry": { "type": "Polygon", "coordinates": [ [ [ 6.429799168768096, 62.475445064389262 ], [ 6.431037001629382, 62.475231355429024 ], [ 6.431237017425609, 62.476471474533554 ], [ 6.429799168768096, 62.475445064389262 ] ] ] } },
{ "type": "Feature", "properties": { }, "geometry": { "type": "Polygon", "coordinates": [ [ [ 6.431037001629382, 62.475231355429024 ], [ 6.432206987927196, 62.475688557545261 ], [ 6.431237017425609, 62.476471474533554 ], [ 6.431037001629382, 62.475231355429024 ] ] ] } },
{ "type": "Feature", "properties": { }, "geometry": { "type": "Polygon", "coordinates": [ [ [ 6.429799168768096, 62.475445064389262 ], [ 6.431237017425609, 62.476471474533554 ], [ 6.430488770318378, 62.477071525654729 ], [ 6.429799168768096, 62.475445064389262 ] ] ] } },
{ "type": "Feature", "properties": { }, "geometry": { "type": "Polygon", "coordinates": [ [ [ 6.564586111225405, 62.482730772798682 ], [ 6.565270570991919, 62.482733252711583 ], [ 6.564924741838462, 62.483725416854099 ], [ 6.564586111225405, 62.482730772798682 ] ] ] } },
{ "type": "Feature", "properties": { }, "geometry": { "type": "Polygon", "coordinates": [ [ [ 6.564586111225405, 62.482730772798682 ], [ 6.564924741838462, 62.483725416854099 ], [ 6.563882882301075, 62.483273447663301 ], [ 6.564586111225405, 62.482730772798682 ] ] ] } },
{ "type": "Feature", "properties": { }, "geometry": { "type": "Polygon", "coordinates": [ [ [ 6.514448598118008, 62.480335870849466 ], [ 6.515261133670809, 62.480543659446838 ], [ 6.514886819643485, 62.481050959669382 ], [ 6.514448598118008, 62.480335870849466 ] ] ] } },
{ "type": "Feature", "properties": { }, "geometry": { "type": "Polygon", "coordinates": [ [ [ 6.515111794191736, 62.479435073944018 ], [ 6.515261133670809, 62.480543659446838 ], [ 6.514448598118008, 62.480335870849466 ], [ 6.515111794191736, 62.479435073944018 ] ] ] } },
{ "type": "Feature", "properties": { }, "geometry": { "type": "Polygon", "coordinates": [ [ [ 6.515111794191736, 62.479435073944018 ], [ 6.516205583200669, 62.479200788432266 ], [ 6.515261133670809, 62.480543659446838 ], [ 6.515111794191736, 62.479435073944018 ] ] ] } },
{ "type": "Feature", "properties": { }, "geometry": { "type": "Polygon", "coordinates": [ [ [ 6.398505146048016, 62.468744349568254 ], [ 6.398868310321571, 62.469684481041817 ], [ 6.397886474434627, 62.469539950543592 ], [ 6.398505146048016, 62.468744349568254 ] ] ] } },
{ "type": "Feature", "properties": { }, "geometry": { "type": "Polygon", "coordinates": [ [ [ 6.502859154099448, 62.482816665127856 ], [ 6.502716625389333, 62.483541253270396 ], [ 6.502141654144626, 62.483469536433844 ], [ 6.502859154099448, 62.482816665127856 ] ] ] } },
{ "type": "Feature", "properties": { }, "geometry": { "type": "Polygon", "coordinates": [ [ [ 6.492820458128072, 62.481197038072551 ], [ 6.494455758991932, 62.481349280576957 ], [ 6.493593581925992, 62.481869685848743 ], [ 6.492820458128072, 62.481197038072551 ] ] ] } },
{ "type": "Feature", "properties": { }, "geometry": { "type": "Polygon", "coordinates": [ [ [ 6.547485733650247, 62.482523803893997 ], [ 6.548771772085659, 62.483652474632585 ], [ 6.547416084790697, 62.483818213393732 ], [ 6.547485733650247, 62.482523803893997 ] ] ] } },
{ "type": "Feature", "properties": { }, "geometry": { "type": "Polygon", "coordinates": [ [ [ 6.547485733650247, 62.482523803893997 ], [ 6.548781978769408, 62.482533576697428 ], [ 6.548771772085659, 62.483652474632585 ], [ 6.547485733650247, 62.482523803893997 ] ] ] } },
{ "type": "Feature", "properties": { }, "geometry": { "type": "Polygon", "coordinates": [ [ [ 6.403839266503068, 62.466235740801331 ], [ 6.404334664211543, 62.466165348386056 ], [ 6.40417475910668, 62.467025568631271 ], [ 6.403839266503068, 62.466235740801331 ] ] ] } },
{ "type": "Feature", "properties": { }, "geometry": { "type": "Polygon", "coordinates": [ [ [ 6.455006535070217, 62.47145300565672 ], [ 6.455909819222175, 62.47178882716512 ], [ 6.454332687925932, 62.472389684278404 ], [ 6.455006535070217, 62.47145300565672 ] ] ] } },
{ "type": "Feature", "properties": { }, "geometry": { "type": "Polygon", "coordinates": [ [ [ 6.454417775621565, 62.471238946733074 ], [ 6.455006535070217, 62.47145300565672 ], [ 6.454332687925932, 62.472389684278404 ], [ 6.454417775621565, 62.471238946733074 ] ] ] } },
{ "type": "Feature", "properties": { }, "geometry": { "type": "Polygon", "coordinates": [ [ [ 6.531527529718908, 62.478687492298171 ], [ 6.531258301317092, 62.480941151109278 ], [ 6.530047965576936, 62.479892990582222 ], [ 6.531527529718908, 62.478687492298171 ] ] ] } },
{ "type": "Feature", "properties": { }, "geometry": { "type": "Polygon", "coordinates": [ [ [ 6.531527529718908, 62.478687492298171 ], [ 6.532569586195766, 62.479940943667472 ], [ 6.531258301317092, 62.480941151109278 ], [ 6.531527529718908, 62.478687492298171 ] ] ] } },
{ "type": "Feature", "properties": { }, "geometry": { "type": "Polygon", "coordinates": [ [ [ 6.504769853230135, 62.47998573147725 ], [ 6.506459583569008, 62.479899843012213 ], [ 6.505583770284842, 62.48112924256808 ], [ 6.504769853230135, 62.47998573147725 ] ] ] } },
{ "type": "Feature", "properties": { }, "geometry": { "type": "Polygon", "coordinates": [ [ [ 6.504866290034736, 62.4813860094959 ], [ 6.505583770284842, 62.48112924256808 ], [ 6.505294896004693, 62.482016092099244 ], [ 6.504866290034736, 62.4813860094959 ] ] ] } },
{ "type": "Feature", "properties": { }, "geometry": { "type": "Polygon", "coordinates": [ [ [ 6.504769853230135, 62.47998573147725 ], [ 6.505583770284842, 62.48112924256808 ], [ 6.504866290034736, 62.4813860094959 ], [ 6.504769853230135, 62.47998573147725 ] ] ] } },
{ "type": "Feature", "properties": { }, "geometry": { "type": "Polygon", "coordinates": [ [ [ 6.501819726423666, 62.482884979903545 ], [ 6.502141654144626, 62.483469536433844 ], [ 6.501563082243906, 62.483500997402999 ], [ 6.501819726423666, 62.482884979903545 ] ] ] } },
{ "type": "Feature", "properties": { }, "geometry": { "type": "Polygon", "coordinates": [ [ [ 6.480261931605955, 62.473002573065919 ], [ 6.480973143582565, 62.473057015985788 ], [ 6.480570259460058, 62.473647409733807 ], [ 6.480261931605955, 62.473002573065919 ] ] ] } },
{ "type": "Feature", "properties": { }, "geometry": { "type": "Polygon", "coordinates": [ [ [ 6.451017461312695, 62.477445919693515 ], [ 6.451776269466301, 62.477757439937236 ], [ 6.450997712306378, 62.478001249023571 ], [ 6.451017461312695, 62.477445919693515 ] ] ] } },
{ "type": "Feature", "properties": { }, "geometry": { "type": "Polygon", "coordinates": [ [ [ 6.450048755232597, 62.476257796017975 ], [ 6.451674942004966, 62.476661526089337 ], [ 6.450704489401007, 62.47698675820714 ], [ 6.450048755232597, 62.476257796017975 ] ] ] } },
{ "type": "Feature", "properties": { }, "geometry": { "type": "Polygon", "coordinates": [ [ [ 6.450704489401007, 62.47698675820714 ], [ 6.451674942004966, 62.476661526089337 ], [ 6.451017461312695, 62.477445919693515 ], [ 6.450704489401007, 62.47698675820714 ] ] ] } },
{ "type": "Feature", "properties": { }, "geometry": { "type": "Polygon", "coordinates": [ [ [ 6.51693801449663, 62.47813776360244 ], [ 6.517789802019715, 62.479161626283265 ], [ 6.516205583200669, 62.479200788432266 ], [ 6.51693801449663, 62.47813776360244 ] ] ] } },
{ "type": "Feature", "properties": { }, "geometry": { "type": "Polygon", "coordinates": [ [ [ 6.51592009146455, 62.477827395952581 ], [ 6.51693801449663, 62.47813776360244 ], [ 6.516205583200669, 62.479200788432266 ], [ 6.51592009146455, 62.477827395952581 ] ] ] } },
{ "type": "Feature", "properties": { }, "geometry": { "type": "Polygon", "coordinates": [ [ [ 6.517789802019715, 62.479161626283265 ], [ 6.51774243697699, 62.480166461519808 ], [ 6.517224356857202, 62.479993617309695 ], [ 6.517789802019715, 62.479161626283265 ] ] ] } },
{ "type": "Feature", "properties": { }, "geometry": { "type": "Polygon", "coordinates": [ [ [ 6.516205583200669, 62.479200788432266 ], [ 6.517789802019715, 62.479161626283265 ], [ 6.517224356857202, 62.479993617309695 ], [ 6.516205583200669, 62.479200788432266 ] ] ] } },
{ "type": "Feature", "properties": { }, "geometry": { "type": "Polygon", "coordinates": [ [ [ 6.522929082851237, 62.479191658951414 ], [ 6.523987800578237, 62.479921058973794 ], [ 6.522867829432671, 62.479966394998343 ], [ 6.522929082851237, 62.479191658951414 ] ] ] } },
{ "type": "Feature", "properties": { }, "geometry": { "type": "Polygon", "coordinates": [ [ [ 6.501819726423666, 62.482884979903545 ], [ 6.502859154099448, 62.482816665127856 ], [ 6.502141654144626, 62.483469536433844 ], [ 6.501819726423666, 62.482884979903545 ] ] ] } },
{ "type": "Feature", "properties": { }, "geometry": { "type": "Polygon", "coordinates": [ [ [ 6.502772519477594, 62.481402929397554 ], [ 6.502859154099448, 62.482816665127856 ], [ 6.501819726423666, 62.482884979903545 ], [ 6.502772519477594, 62.481402929397554 ] ] ] } },
{ "type": "Feature", "properties": { }, "geometry": { "type": "Polygon", "coordinates": [ [ [ 6.404334664211543, 62.466165348386056 ], [ 6.405205266592913, 62.466467768555539 ], [ 6.40417475910668, 62.467025568631271 ], [ 6.404334664211543, 62.466165348386056 ] ] ] } },
{ "type": "Feature", "properties": { }, "geometry": { "type": "Polygon", "coordinates": [ [ [ 6.453426355006828, 62.470994649031525 ], [ 6.454417775621565, 62.471238946733074 ], [ 6.454332687925932, 62.472389684278404 ], [ 6.453426355006828, 62.470994649031525 ] ] ] } },
{ "type": "Feature", "properties": { }, "geometry": { "type": "Polygon", "coordinates": [ [ [ 6.451674942004966, 62.476661526089337 ], [ 6.451776269466301, 62.477757439937236 ], [ 6.451017461312695, 62.477445919693515 ], [ 6.451674942004966, 62.476661526089337 ] ] ] } },
{ "type": "Feature", "properties": { }, "geometry": { "type": "Polygon", "coordinates": [ [ [ 6.517789802019715, 62.479161626283265 ], [ 6.518574813033988, 62.479887882935181 ], [ 6.51774243697699, 62.480166461519808 ], [ 6.517789802019715, 62.479161626283265 ] ] ] } },
{ "type": "Feature", "properties": { }, "geometry": { "type": "Polygon", "coordinates": [ [ [ 6.40417475910668, 62.467025568631271 ], [ 6.405205266592913, 62.466467768555539 ], [ 6.405244960099265, 62.467771905627103 ], [ 6.40417475910668, 62.467025568631271 ] ] ] } },
{ "type": "Feature", "properties": { }, "geometry": { "type": "Polygon", "coordinates": [ [ [ 6.40417475910668, 62.467025568631271 ], [ 6.405244960099265, 62.467771905627103 ], [ 6.40483459246589, 62.469010431961649 ], [ 6.40417475910668, 62.467025568631271 ] ] ] } },
{ "type": "Feature", "properties": { }, "geometry": { "type": "Polygon", "coordinates": [ [ [ 6.403215605378887, 62.467631905996562 ], [ 6.40417475910668, 62.467025568631271 ], [ 6.40483459246589, 62.469010431961649 ], [ 6.403215605378887, 62.467631905996562 ] ] ] } },
{ "type": "Feature", "properties": { }, "geometry": { "type": "Polygon", "coordinates": [ [ [ 6.392560134907145, 62.465206724756975 ], [ 6.392788584197621, 62.466274585310309 ], [ 6.391385841410664, 62.465775657426825 ], [ 6.392560134907145, 62.465206724756975 ] ] ] } },
{ "type": "Feature", "properties": { }, "geometry": { "type": "Polygon", "coordinates": [ [ [ 6.452505909655953, 62.470552634825459 ], [ 6.453426355006828, 62.470994649031525 ], [ 6.451576364282475, 62.471628217400038 ], [ 6.452505909655953, 62.470552634825459 ] ] ] } },
{ "type": "Feature", "properties": { }, "geometry": { "type": "Polygon", "coordinates": [ [ [ 6.451368324019419, 62.470267308036362 ], [ 6.452505909655953, 62.470552634825459 ], [ 6.451576364282475, 62.471628217400038 ], [ 6.451368324019419, 62.470267308036362 ] ] ] } },
{ "type": "Feature", "properties": { }, "geometry": { "type": "Polygon", "coordinates": [ [ [ 6.434917615642629, 62.475556172583019 ], [ 6.435786411156088, 62.476362956779624 ], [ 6.43497128200923, 62.4767405822694 ], [ 6.434917615642629, 62.475556172583019 ] ] ] } },
{ "type": "Feature", "properties": { }, "geometry": { "type": "Polygon", "coordinates": [ [ [ 6.528065508215504, 62.480786881281887 ], [ 6.529278800858171, 62.481168536850717 ], [ 6.52855319624346, 62.481374329293665 ], [ 6.528065508215504, 62.480786881281887 ] ] ] } },
{ "type": "Feature", "properties": { }, "geometry": { "type": "Polygon", "coordinates": [ [ [ 6.521416442303856, 62.480501570101595 ], [ 6.522167837048982, 62.480304002146475 ], [ 6.521917897184991, 62.481039636039306 ], [ 6.521416442303856, 62.480501570101595 ] ] ] } },
{ "type": "Feature", "properties": { }, "geometry": { "type": "Polygon", "coordinates": [ [ [ 6.40135501863453, 62.466081051322689 ], [ 6.401259639738219, 62.467183445292591 ], [ 6.399957733892221, 62.46664766806564 ], [ 6.40135501863453, 62.466081051322689 ] ] ] } },
{ "type": "Feature", "properties": { }, "geometry": { "type": "Polygon", "coordinates": [ [ [ 6.402657813138447, 62.466391263778867 ], [ 6.403215605378887, 62.467631905996562 ], [ 6.402177552535336, 62.467173575146539 ], [ 6.402657813138447, 62.466391263778867 ] ] ] } },
{ "type": "Feature", "properties": { }, "geometry": { "type": "Polygon", "coordinates": [ [ [ 6.475361265409888, 62.473543049605539 ], [ 6.476210437890646, 62.474082029236186 ], [ 6.474676096604164, 62.474279348900659 ], [ 6.475361265409888, 62.473543049605539 ] ] ] } },
{ "type": "Feature", "properties": { }, "geometry": { "type": "Polygon", "coordinates": [ [ [ 6.519955778616151, 62.477969146760927 ], [ 6.520382183782226, 62.479076537392473 ], [ 6.519515599534919, 62.479564857430368 ], [ 6.519955778616151, 62.477969146760927 ] ] ] } },
{ "type": "Feature", "properties": { }, "geometry": { "type": "Polygon", "coordinates": [ [ [ 6.518858769775439, 62.478207738043203 ], [ 6.519955778616151, 62.477969146760927 ], [ 6.519515599534919, 62.479564857430368 ], [ 6.518858769775439, 62.478207738043203 ] ] ] } },
{ "type": "Feature", "properties": { }, "geometry": { "type": "Polygon", "coordinates": [ [ [ 6.409842458624534, 62.472200309840595 ], [ 6.410739002225433, 62.471998833687195 ], [ 6.409982671564706, 62.473108452670829 ], [ 6.409842458624534, 62.472200309840595 ] ] ] } },
{ "type": "Feature", "properties": { }, "geometry": { "type": "Polygon", "coordinates": [ [ [ 6.417848486795808, 62.474928282467268 ], [ 6.41888464030186, 62.475802470824718 ], [ 6.418213227172282, 62.47623395617466 ], [ 6.417848486795808, 62.474928282467268 ] ] ] } },
{ "type": "Feature", "properties": { }, "geometry": { "type": "Polygon", "coordinates": [ [ [ 6.41888464030186, 62.475802470824718 ], [ 6.418917904407275, 62.476599884579976 ], [ 6.418213227172282, 62.47623395617466 ], [ 6.41888464030186, 62.475802470824718 ] ] ] } },
{ "type": "Feature", "properties": { }, "geometry": { "type": "Polygon", "coordinates": [ [ [ 6.417848486795808, 62.474928282467268 ], [ 6.418213227172282, 62.47623395617466 ], [ 6.417241250405798, 62.476140339949012 ], [ 6.417848486795808, 62.474928282467268 ] ] ] } },
{ "type": "Feature", "properties": { }, "geometry": { "type": "Polygon", "coordinates": [ [ [ 6.511369671371104, 62.479636592068609 ], [ 6.513361854103205, 62.479441825356254 ], [ 6.512695046979207, 62.480681058246809 ], [ 6.511369671371104, 62.479636592068609 ] ] ] } },
{ "type": "Feature", "properties": { }, "geometry": { "type": "Polygon", "coordinates": [ [ [ 6.497131940251252, 62.481317568399021 ], [ 6.497120272724129, 62.482176910795459 ], [ 6.496410992743778, 62.481785371965671 ], [ 6.497131940251252, 62.481317568399021 ] ] ] } },
{ "type": "Feature", "properties": { }, "geometry": { "type": "Polygon", "coordinates": [ [ [ 6.497131940251252, 62.481317568399021 ], [ 6.497879580460289, 62.48174140752338 ], [ 6.497120272724129, 62.482176910795459 ], [ 6.497131940251252, 62.481317568399021 ] ] ] } },
{ "type": "Feature", "properties": { }, "geometry": { "type": "Polygon", "coordinates": [ [ [ 6.497120272724129, 62.482176910795459 ], [ 6.497879580460289, 62.48174140752338 ], [ 6.497925737176116, 62.482615524732779 ], [ 6.497120272724129, 62.482176910795459 ] ] ] } },
{ "type": "Feature", "properties": { }, "geometry": { "type": "Polygon", "coordinates": [ [ [ 6.496410992743778, 62.481785371965671 ], [ 6.497120272724129, 62.482176910795459 ], [ 6.496643710220002, 62.482561402456064 ], [ 6.496410992743778, 62.481785371965671 ] ] ] } },
{ "type": "Feature", "properties": { }, "geometry": { "type": "Polygon", "coordinates": [ [ [ 6.544555774723506, 62.482347162619 ], [ 6.544869036298016, 62.483038747574099 ], [ 6.544217091544071, 62.483427837026525 ], [ 6.544555774723506, 62.482347162619 ] ] ] } },
{ "type": "Feature", "properties": { }, "geometry": { "type": "Polygon", "coordinates": [ [ [ 6.5046856364656, 62.477946385098626 ], [ 6.5065421819312, 62.478582724547962 ], [ 6.504769853230135, 62.47998573147725 ], [ 6.5046856364656, 62.477946385098626 ] ] ] } },
{ "type": "Feature", "properties": { }, "geometry": { "type": "Polygon", "coordinates": [ [ [ 6.5046856364656, 62.477946385098626 ], [ 6.504769853230135, 62.47998573147725 ], [ 6.503168259021739, 62.479035332779226 ], [ 6.5046856364656, 62.477946385098626 ] ] ] } },
{ "type": "Feature", "properties": { }, "geometry": { "type": "Polygon", "coordinates": [ [ [ 6.481416694829059, 62.482188139252671 ], [ 6.48288641461744, 62.482373046781973 ], [ 6.482067150888839, 62.482951468811933 ], [ 6.481416694829059, 62.482188139252671 ] ] ] } },
{ "type": "Feature", "properties": { }, "geometry": { "type": "Polygon", "coordinates": [ [ [ 6.391164513303751, 62.467525312454775 ], [ 6.392348703403949, 62.467747666458948 ], [ 6.391243214021821, 62.46872762426689 ], [ 6.391164513303751, 62.467525312454775 ] ] ] } },
{ "type": "Feature", "properties": { }, "geometry": { "type": "Polygon", "coordinates": [ [ [ 6.540131947178446, 62.479708009054775 ], [ 6.541128851914828, 62.480297687646214 ], [ 6.539661125810459, 62.480766246804087 ], [ 6.540131947178446, 62.479708009054775 ] ] ] } },
{ "type": "Feature", "properties": { }, "geometry": { "type": "Polygon", "coordinates": [ [ [ 6.412518666879274, 62.473224483035395 ], [ 6.413161647674314, 62.473924995134716 ], [ 6.41224712130521, 62.474135748367388 ], [ 6.412518666879274, 62.473224483035395 ] ] ] } },
{ "type": "Feature", "properties": { }, "geometry": { "type": "Polygon", "coordinates": [ [ [ 6.41224712130521, 62.474135748367388 ], [ 6.413161647674314, 62.473924995134716 ], [ 6.413106961128543, 62.474861896829978 ], [ 6.41224712130521, 62.474135748367388 ] ] ] } },
{ "type": "Feature", "properties": { }, "geometry": { "type": "Polygon", "coordinates": [ [ [ 6.508201744965358, 62.478565725862119 ], [ 6.510138106994291, 62.479329007074419 ], [ 6.508522758684896, 62.4802340157513 ], [ 6.508201744965358, 62.478565725862119 ] ] ] } },
{ "type": "Feature", "properties": { }, "geometry": { "type": "Polygon", "coordinates": [ [ [ 6.508522758684896, 62.4802340157513 ], [ 6.508241431570419, 62.480870689369908 ], [ 6.507550407185758, 62.480642626544231 ], [ 6.508522758684896, 62.4802340157513 ] ] ] } },
{ "type": "Feature", "properties": { }, "geometry": { "type": "Polygon", "coordinates": [ [ [ 6.507657206097292, 62.479535536288473 ], [ 6.508522758684896, 62.4802340157513 ], [ 6.507550407185758, 62.480642626544231 ], [ 6.507657206097292, 62.479535536288473 ] ] ] } },
{ "type": "Feature", "properties": { }, "geometry": { "type": "Polygon", "coordinates": [ [ [ 6.508201744965358, 62.478565725862119 ], [ 6.508522758684896, 62.4802340157513 ], [ 6.507657206097292, 62.479535536288473 ], [ 6.508201744965358, 62.478565725862119 ] ] ] } },
{ "type": "Feature", "properties": { }, "geometry": { "type": "Polygon", "coordinates": [ [ [ 6.413769557701102, 62.474639992200586 ], [ 6.414630073943181, 62.475195088567176 ], [ 6.413690698825215, 62.475245988204513 ], [ 6.413769557701102, 62.474639992200586 ] ] ] } },
{ "type": "Feature", "properties": { }, "geometry": { "type": "Polygon", "coordinates": [ [ [ 6.413769557701102, 62.474639992200586 ], [ 6.415173949941932, 62.474327437095063 ], [ 6.414630073943181, 62.475195088567176 ], [ 6.413769557701102, 62.474639992200586 ] ] ] } },
{ "type": "Feature", "properties": { }, "geometry": { "type": "Polygon", "coordinates": [ [ [ 6.521689228743635, 62.478074390582911 ], [ 6.522581759666232, 62.477953808304818 ], [ 6.522929082851237, 62.479191658951414 ], [ 6.521689228743635, 62.478074390582911 ] ] ] } },
{ "type": "Feature", "properties": { }, "geometry": { "type": "Polygon", "coordinates": [ [ [ 6.53499051017149, 62.480038645032643 ], [ 6.536063652905693, 62.480151990308045 ], [ 6.535412685938696, 62.481012643831427 ], [ 6.53499051017149, 62.480038645032643 ] ] ] } },
{ "type": "Feature", "properties": { }, "geometry": { "type": "Polygon", "coordinates": [ [ [ 6.553562625904713, 62.482750441864795 ], [ 6.555041316299444, 62.482680347608444 ], [ 6.554139368666023, 62.483502301973402 ], [ 6.553562625904713, 62.482750441864795 ] ] ] } },
{ "type": "Feature", "properties": { }, "geometry": { "type": "Polygon", "coordinates": [ [ [ 6.551508679989015, 62.479829704088544 ], [ 6.552719418809003, 62.47999172671846 ], [ 6.551507120418528, 62.481099598444409 ], [ 6.551508679989015, 62.479829704088544 ] ] ] } },
{ "type": "Feature", "properties": { }, "geometry": { "type": "Polygon", "coordinates": [ [ [ 6.550469285383002, 62.48036779755185 ], [ 6.551508679989015, 62.479829704088544 ], [ 6.551507120418528, 62.481099598444409 ], [ 6.550469285383002, 62.48036779755185 ] ] ] } },
{ "type": "Feature", "properties": { }, "geometry": { "type": "Polygon", "coordinates": [ [ [ 6.538316402285658, 62.479658235420573 ], [ 6.539661125810459, 62.480766246804087 ], [ 6.537777521503017, 62.481688106384276 ], [ 6.538316402285658, 62.479658235420573 ] ] ] } },
{ "type": "Feature", "properties": { }, "geometry": { "type": "Polygon", "coordinates": [ [ [ 6.537052056962527, 62.479718931536212 ], [ 6.538316402285658, 62.479658235420573 ], [ 6.537777521503017, 62.481688106384276 ], [ 6.537052056962527, 62.479718931536212 ] ] ] } },
{ "type": "Feature", "properties": { }, "geometry": { "type": "Polygon", "coordinates": [ [ [ 6.538098345088451, 62.479006517139858 ], [ 6.538316402285658, 62.479658235420573 ], [ 6.537052056962527, 62.479718931536212 ], [ 6.538098345088451, 62.479006517139858 ] ] ] } },
{ "type": "Feature", "properties": { }, "geometry": { "type": "Polygon", "coordinates": [ [ [ 6.477282291428513, 62.473342312241527 ], [ 6.478242995098156, 62.473351488228687 ], [ 6.477746376769447, 62.475049962815518 ], [ 6.477282291428513, 62.473342312241527 ] ] ] } },
{ "type": "Feature", "properties": { }, "geometry": { "type": "Polygon", "coordinates": [ [ [ 6.476210437890646, 62.474082029236186 ], [ 6.477282291428513, 62.473342312241527 ], [ 6.477746376769447, 62.475049962815518 ], [ 6.476210437890646, 62.474082029236186 ] ] ] } },
{ "type": "Feature", "properties": { }, "geometry": { "type": "Polygon", "coordinates": [ [ [ 6.491191821725092, 62.480970289323793 ], [ 6.492820458128072, 62.481197038072551 ], [ 6.491958531693958, 62.481883961344103 ], [ 6.491191821725092, 62.480970289323793 ] ] ] } },
{ "type": "Feature", "properties": { }, "geometry": { "type": "Polygon", "coordinates": [ [ [ 6.494455758991932, 62.481349280576957 ], [ 6.495138828335341, 62.482316158416133 ], [ 6.494538189745849, 62.482352961856421 ], [ 6.494455758991932, 62.481349280576957 ] ] ] } },
{ "type": "Feature", "properties": { }, "geometry": { "type": "Polygon", "coordinates": [ [ [ 6.551507120418528, 62.481099598444409 ], [ 6.552754847892269, 62.481905156178193 ], [ 6.551874302554459, 62.482674346088046 ], [ 6.551507120418528, 62.481099598444409 ] ] ] } },
{ "type": "Feature", "properties": { }, "geometry": { "type": "Polygon", "coordinates": [ [ [ 6.551507120418528, 62.481099598444409 ], [ 6.551874302554459, 62.482674346088046 ], [ 6.550722872198991, 62.482377440101679 ], [ 6.551507120418528, 62.481099598444409 ] ] ] } },
{ "type": "Feature", "properties": { }, "geometry": { "type": "Polygon", "coordinates": [ [ [ 6.550469285383002, 62.48036779755185 ], [ 6.551507120418528, 62.481099598444409 ], [ 6.550276491536824, 62.481412945955697 ], [ 6.550469285383002, 62.48036779755185 ] ] ] } },
{ "type": "Feature", "properties": { }, "geometry": { "type": "Polygon", "coordinates": [ [ [ 6.436501279990707, 62.47519767680955 ], [ 6.438653892387957, 62.475101309075619 ], [ 6.437043591414493, 62.476452592415875 ], [ 6.436501279990707, 62.47519767680955 ] ] ] } },
{ "type": "Feature", "properties": { }, "geometry": { "type": "Polygon", "coordinates": [ [ [ 6.436501279990707, 62.47519767680955 ], [ 6.437043591414493, 62.476452592415875 ], [ 6.435786411156088, 62.476362956779624 ], [ 6.436501279990707, 62.47519767680955 ] ] ] } },
{ "type": "Feature", "properties": { }, "geometry": { "type": "Polygon", "coordinates": [ [ [ 6.442878271956377, 62.475990905155292 ], [ 6.443276625277739, 62.476594474190762 ], [ 6.442569411524554, 62.476644805899191 ], [ 6.442878271956377, 62.475990905155292 ] ] ] } },
{ "type": "Feature", "properties": { }, "geometry": { "type": "Polygon", "coordinates": [ [ [ 6.501932650111847, 62.477567528356175 ], [ 6.502447703958212, 62.477291038817761 ], [ 6.502483296365481, 62.477975315959327 ], [ 6.501932650111847, 62.477567528356175 ] ] ] } },
{ "type": "Feature", "properties": { }, "geometry": { "type": "Polygon", "coordinates": [ [ [ 6.501932650111847, 62.477567528356175 ], [ 6.502483296365481, 62.477975315959327 ], [ 6.501485078313176, 62.47874756606064 ], [ 6.501932650111847, 62.477567528356175 ] ] ] } },
{ "type": "Feature", "properties": { }, "geometry": { "type": "Polygon", "coordinates": [ [ [ 6.50092357978775, 62.477080424060929 ], [ 6.501932650111847, 62.477567528356175 ], [ 6.501485078313176, 62.47874756606064 ], [ 6.50092357978775, 62.477080424060929 ] ] ] } },
{ "type": "Feature", "properties": { }, "geometry": { "type": "Polygon", "coordinates": [ [ [ 6.50942829274279, 62.477504509343426 ], [ 6.510682959698814, 62.478396920030704 ], [ 6.510138106994291, 62.479329007074419 ], [ 6.50942829274279, 62.477504509343426 ] ] ] } },
{ "type": "Feature", "properties": { }, "geometry": { "type": "Polygon", "coordinates": [ [ [ 6.510682959698814, 62.478396920030704 ], [ 6.511369671371104, 62.479636592068609 ], [ 6.510138106994291, 62.479329007074419 ], [ 6.510682959698814, 62.478396920030704 ] ] ] } },
{ "type": "Feature", "properties": { }, "geometry": { "type": "Polygon", "coordinates": [ [ [ 6.50942829274279, 62.477504509343426 ], [ 6.510138106994291, 62.479329007074419 ], [ 6.508201744965358, 62.478565725862119 ], [ 6.50942829274279, 62.477504509343426 ] ] ] } },
{ "type": "Feature", "properties": { }, "geometry": { "type": "Polygon", "coordinates": [ [ [ 6.511512478518866, 62.478138519159181 ], [ 6.513361854103205, 62.479441825356254 ], [ 6.511369671371104, 62.479636592068609 ], [ 6.511512478518866, 62.478138519159181 ] ] ] } },
{ "type": "Feature", "properties": { }, "geometry": { "type": "Polygon", "coordinates": [ [ [ 6.510682959698814, 62.478396920030704 ], [ 6.511512478518866, 62.478138519159181 ], [ 6.511369671371104, 62.479636592068609 ], [ 6.510682959698814, 62.478396920030704 ] ] ] } },
{ "type": "Feature", "properties": { }, "geometry": { "type": "Polygon", "coordinates": [ [ [ 6.532569586195766, 62.479940943667472 ], [ 6.53393179780341, 62.480116324889245 ], [ 6.533026634031534, 62.481236121768262 ], [ 6.532569586195766, 62.479940943667472 ] ] ] } },
{ "type": "Feature", "properties": { }, "geometry": { "type": "Polygon", "coordinates": [ [ [ 6.533778952219344, 62.478468714827073 ], [ 6.53499051017149, 62.480038645032643 ], [ 6.53393179780341, 62.480116324889245 ], [ 6.533778952219344, 62.478468714827073 ] ] ] } },
{ "type": "Feature", "properties": { }, "geometry": { "type": "Polygon", "coordinates": [ [ [ 6.533778952219344, 62.478468714827073 ], [ 6.53393179780341, 62.480116324889245 ], [ 6.532569586195766, 62.479940943667472 ], [ 6.533778952219344, 62.478468714827073 ] ] ] } },
{ "type": "Feature", "properties": { }, "geometry": { "type": "Polygon", "coordinates": [ [ [ 6.536390046380587, 62.478542407584129 ], [ 6.537568098092152, 62.478469376922355 ], [ 6.537052056962527, 62.479718931536212 ], [ 6.536390046380587, 62.478542407584129 ] ] ] } },
{ "type": "Feature", "properties": { }, "geometry": { "type": "Polygon", "coordinates": [ [ [ 6.536390046380587, 62.478542407584129 ], [ 6.537052056962527, 62.479718931536212 ], [ 6.536063652905693, 62.480151990308045 ], [ 6.536390046380587, 62.478542407584129 ] ] ] } },
{ "type": "Feature", "properties": { }, "geometry": { "type": "Polygon", "coordinates": [ [ [ 6.536390046380587, 62.478542407584129 ], [ 6.536063652905693, 62.480151990308045 ], [ 6.53499051017149, 62.480038645032643 ], [ 6.536390046380587, 62.478542407584129 ] ] ] } },
{ "type": "Feature", "properties": { }, "geometry": { "type": "Polygon", "coordinates": [ [ [ 6.565270570991919, 62.482733252711583 ], [ 6.566244181006438, 62.483346235194986 ], [ 6.564924741838462, 62.483725416854099 ], [ 6.565270570991919, 62.482733252711583 ] ] ] } },
{ "type": "Feature", "properties": { }, "geometry": { "type": "Polygon", "coordinates": [ [ [ 6.565270570991919, 62.482733252711583 ], [ 6.566455773053886, 62.482546813561633 ], [ 6.566244181006438, 62.483346235194986 ], [ 6.565270570991919, 62.482733252711583 ] ] ] } },
{ "type": "Feature", "properties": { }, "geometry": { "type": "Polygon", "coordinates": [ [ [ 6.392788584197621, 62.466274585310309 ], [ 6.393760267957287, 62.465890136788104 ], [ 6.393589460833421, 62.466945827896303 ], [ 6.392788584197621, 62.466274585310309 ] ] ] } },
{ "type": "Feature", "properties": { }, "geometry": { "type": "Polygon", "coordinates": [ [ [ 6.513361854103205, 62.479441825356254 ], [ 6.515111794191736, 62.479435073944018 ], [ 6.514448598118008, 62.480335870849466 ], [ 6.513361854103205, 62.479441825356254 ] ] ] } },
{ "type": "Feature", "properties": { }, "geometry": { "type": "Polygon", "coordinates": [ [ [ 6.405205266592913, 62.466467768555539 ], [ 6.406382660999161, 62.46654211987957 ], [ 6.405244960099265, 62.467771905627103 ], [ 6.405205266592913, 62.466467768555539 ] ] ] } },
{ "type": "Feature", "properties": { }, "geometry": { "type": "Polygon", "coordinates": [ [ [ 6.501406499857618, 62.481727355061096 ], [ 6.502772519477594, 62.481402929397554 ], [ 6.501819726423666, 62.482884979903545 ], [ 6.501406499857618, 62.481727355061096 ] ] ] } },
{ "type": "Feature", "properties": { }, "geometry": { "type": "Polygon", "coordinates": [ [ [ 6.45198350884607, 62.475016760164593 ], [ 6.453475208975577, 62.476198953756608 ], [ 6.451674942004966, 62.476661526089337 ], [ 6.45198350884607, 62.475016760164593 ] ] ] } },
{ "type": "Feature", "properties": { }, "geometry": { "type": "Polygon", "coordinates": [ [ [ 6.450319820879868, 62.474836175575682 ], [ 6.451674942004966, 62.476661526089337 ], [ 6.450048755232597, 62.476257796017975 ], [ 6.450319820879868, 62.474836175575682 ] ] ] } },
{ "type": "Feature", "properties": { }, "geometry": { "type": "Polygon", "coordinates": [ [ [ 6.450319820879868, 62.474836175575682 ], [ 6.45198350884607, 62.475016760164593 ], [ 6.451674942004966, 62.476661526089337 ], [ 6.450319820879868, 62.474836175575682 ] ] ] } },
{ "type": "Feature", "properties": { }, "geometry": { "type": "Polygon", "coordinates": [ [ [ 6.471309880432627, 62.479591161479931 ], [ 6.471774408737454, 62.480541211283324 ], [ 6.470950550315739, 62.480585778512769 ], [ 6.471309880432627, 62.479591161479931 ] ] ] } },
{ "type": "Feature", "properties": { }, "geometry": { "type": "Polygon", "coordinates": [ [ [ 6.471309880432627, 62.479591161479931 ], [ 6.472382806801865, 62.479655143304605 ], [ 6.471774408737454, 62.480541211283324 ], [ 6.471309880432627, 62.479591161479931 ] ] ] } },
{ "type": "Feature", "properties": { }, "geometry": { "type": "Polygon", "coordinates": [ [ [ 6.518858769775439, 62.478207738043203 ], [ 6.518574813033988, 62.479887882935181 ], [ 6.517789802019715, 62.479161626283265 ], [ 6.518858769775439, 62.478207738043203 ] ] ] } },
{ "type": "Feature", "properties": { }, "geometry": { "type": "Polygon", "coordinates": [ [ [ 6.518858769775439, 62.478207738043203 ], [ 6.519515599534919, 62.479564857430368 ], [ 6.518574813033988, 62.479887882935181 ], [ 6.518858769775439, 62.478207738043203 ] ] ] } },
{ "type": "Feature", "properties": { }, "geometry": { "type": "Polygon", "coordinates": [ [ [ 6.396572509779788, 62.465949408635836 ], [ 6.396829201254433, 62.467103185002998 ], [ 6.395652396988133, 62.466992631226965 ], [ 6.396572509779788, 62.465949408635836 ] ] ] } },
{ "type": "Feature", "properties": { }, "geometry": { "type": "Polygon", "coordinates": [ [ [ 6.395652396988133, 62.466992631226965 ], [ 6.396829201254433, 62.467103185002998 ], [ 6.396076464311931, 62.468022311751135 ], [ 6.395652396988133, 62.466992631226965 ] ] ] } },
{ "type": "Feature", "properties": { }, "geometry": { "type": "Polygon", "coordinates": [ [ [ 6.395652396988133, 62.466992631226965 ], [ 6.396076464311931, 62.468022311751135 ], [ 6.395220036706416, 62.468557285924774 ], [ 6.395652396988133, 62.466992631226965 ] ] ] } },
{ "type": "Feature", "properties": { }, "geometry": { "type": "Polygon", "coordinates": [ [ [ 6.393589460833421, 62.466945827896303 ], [ 6.395652396988133, 62.466992631226965 ], [ 6.395220036706416, 62.468557285924774 ], [ 6.393589460833421, 62.466945827896303 ] ] ] } },
{ "type": "Feature", "properties": { }, "geometry": { "type": "Polygon", "coordinates": [ [ [ 6.450687863551599, 62.470576589377195 ], [ 6.451368324019419, 62.470267308036362 ], [ 6.451576364282475, 62.471628217400038 ], [ 6.450687863551599, 62.470576589377195 ] ] ] } },
{ "type": "Feature", "properties": { }, "geometry": { "type": "Polygon", "coordinates": [ [ [ 6.450687863551599, 62.470576589377195 ], [ 6.451576364282475, 62.471628217400038 ], [ 6.450469956895407, 62.471661847398181 ], [ 6.450687863551599, 62.470576589377195 ] ] ] } },
{ "type": "Feature", "properties": { }, "geometry": { "type": "Polygon", "coordinates": [ [ [ 6.449806698781424, 62.470775643721161 ], [ 6.450687863551599, 62.470576589377195 ], [ 6.450469956895407, 62.471661847398181 ], [ 6.449806698781424, 62.470775643721161 ] ] ] } },
{ "type": "Feature", "properties": { }, "geometry": { "type": "Polygon", "coordinates": [ [ [ 6.434917615642629, 62.475556172583019 ], [ 6.436501279990707, 62.47519767680955 ], [ 6.435786411156088, 62.476362956779624 ], [ 6.434917615642629, 62.475556172583019 ] ] ] } },
{ "type": "Feature", "properties": { }, "geometry": { "type": "Polygon", "coordinates": [ [ [ 6.526652918409137, 62.479007717135381 ], [ 6.528613514139706, 62.479491765306477 ], [ 6.527469531774641, 62.480309652970611 ], [ 6.526652918409137, 62.479007717135381 ] ] ] } },
{ "type": "Feature", "properties": { }, "geometry": { "type": "Polygon", "coordinates": [ [ [ 6.528613514139706, 62.479491765306477 ], [ 6.528065508215504, 62.480786881281887 ], [ 6.527469531774641, 62.480309652970611 ], [ 6.528613514139706, 62.479491765306477 ] ] ] } },
{ "type": "Feature", "properties": { }, "geometry": { "type": "Polygon", "coordinates": [ [ [ 6.521513551276914, 62.479343252662169 ], [ 6.521416442303856, 62.480501570101595 ], [ 6.52051885555783, 62.480065181721976 ], [ 6.521513551276914, 62.479343252662169 ] ] ] } },
{ "type": "Feature", "properties": { }, "geometry": { "type": "Polygon", "coordinates": [ [ [ 6.521513551276914, 62.479343252662169 ], [ 6.522167837048982, 62.480304002146475 ], [ 6.521416442303856, 62.480501570101595 ], [ 6.521513551276914, 62.479343252662169 ] ] ] } },
{ "type": "Feature", "properties": { }, "geometry": { "type": "Polygon", "coordinates": [ [ [ 6.496956021757272, 62.47696822615206 ], [ 6.497994362603351, 62.476552437194542 ], [ 6.497980762596183, 62.478022881829759 ], [ 6.496956021757272, 62.47696822615206 ] ] ] } },
{ "type": "Feature", "properties": { }, "geometry": { "type": "Polygon", "coordinates": [ [ [ 6.496956021757272, 62.47696822615206 ], [ 6.497980762596183, 62.478022881829759 ], [ 6.49635045166415, 62.478608829932334 ], [ 6.496956021757272, 62.47696822615206 ] ] ] } },
{ "type": "Feature", "properties": { }, "geometry": { "type": "Polygon", "coordinates": [ [ [ 6.474676096604164, 62.474279348900659 ], [ 6.476210437890646, 62.474082029236186 ], [ 6.47574288331922, 62.476510478703467 ], [ 6.474676096604164, 62.474279348900659 ] ] ] } },
{ "type": "Feature", "properties": { }, "geometry": { "type": "Polygon", "coordinates": [ [ [ 6.473587383201223, 62.475298128368905 ], [ 6.474676096604164, 62.474279348900659 ], [ 6.47574288331922, 62.476510478703467 ], [ 6.473587383201223, 62.475298128368905 ] ] ] } },
{ "type": "Feature", "properties": { }, "geometry": { "type": "Polygon", "coordinates": [ [ [ 6.473941519907378, 62.47384975145939 ], [ 6.474676096604164, 62.474279348900659 ], [ 6.473587383201223, 62.475298128368905 ], [ 6.473941519907378, 62.47384975145939 ] ] ] } },
{ "type": "Feature", "properties": { }, "geometry": { "type": "Polygon", "coordinates": [ [ [ 6.480183815453149, 62.481300651250663 ], [ 6.481416694829059, 62.482188139252671 ], [ 6.480375573984179, 62.482807586941071 ], [ 6.480183815453149, 62.481300651250663 ] ] ] } },
{ "type": "Feature", "properties": { }, "geometry": { "type": "Polygon", "coordinates": [ [ [ 6.482479344762927, 62.479675185278836 ], [ 6.481416694829059, 62.482188139252671 ], [ 6.480183815453149, 62.481300651250663 ], [ 6.482479344762927, 62.479675185278836 ] ] ] } },
{ "type": "Feature", "properties": { }, "geometry": { "type": "Polygon", "coordinates": [ [ [ 6.482479344762927, 62.479675185278836 ], [ 6.48288641461744, 62.482373046781973 ], [ 6.481416694829059, 62.482188139252671 ], [ 6.482479344762927, 62.479675185278836 ] ] ] } },
{ "type": "Feature", "properties": { }, "geometry": { "type": "Polygon", "coordinates": [ [ [ 6.482479344762927, 62.479675185278836 ], [ 6.484422808952083, 62.481112252681974 ], [ 6.48288641461744, 62.482373046781973 ], [ 6.482479344762927, 62.479675185278836 ] ] ] } },
{ "type": "Feature", "properties": { }, "geometry": { "type": "Polygon", "coordinates": [ [ [ 6.539661125810459, 62.480766246804087 ], [ 6.541128851914828, 62.480297687646214 ], [ 6.541423947645094, 62.481758702349978 ], [ 6.539661125810459, 62.480766246804087 ] ] ] } },
{ "type": "Feature", "properties": { }, "geometry": { "type": "Polygon", "coordinates": [ [ [ 6.541128851914828, 62.480297687646214 ], [ 6.542915288880665, 62.481478333181713 ], [ 6.541423947645094, 62.481758702349978 ], [ 6.541128851914828, 62.480297687646214 ] ] ] } },
{ "type": "Feature", "properties": { }, "geometry": { "type": "Polygon", "coordinates": [ [ [ 6.506459583569008, 62.479899843012213 ], [ 6.507657206097292, 62.479535536288473 ], [ 6.507550407185758, 62.480642626544231 ], [ 6.506459583569008, 62.479899843012213 ] ] ] } },
{ "type": "Feature", "properties": { }, "geometry": { "type": "Polygon", "coordinates": [ [ [ 6.414274003265837, 62.47359516942457 ], [ 6.415173949941932, 62.474327437095063 ], [ 6.413769557701102, 62.474639992200586 ], [ 6.414274003265837, 62.47359516942457 ] ] ] } },
{ "type": "Feature", "properties": { }, "geometry": { "type": "Polygon", "coordinates": [ [ [ 6.413106961128543, 62.474861896829978 ], [ 6.413769557701102, 62.474639992200586 ], [ 6.413690698825215, 62.475245988204513 ], [ 6.413106961128543, 62.474861896829978 ] ] ] } },
{ "type": "Feature", "properties": { }, "geometry": { "type": "Polygon", "coordinates": [ [ [ 6.413161647674314, 62.473924995134716 ], [ 6.413769557701102, 62.474639992200586 ], [ 6.413106961128543, 62.474861896829978 ], [ 6.413161647674314, 62.473924995134716 ] ] ] } },
{ "type": "Feature", "properties": { }, "geometry": { "type": "Polygon", "coordinates": [ [ [ 6.413161647674314, 62.473924995134716 ], [ 6.414274003265837, 62.47359516942457 ], [ 6.413769557701102, 62.474639992200586 ], [ 6.413161647674314, 62.473924995134716 ] ] ] } },
{ "type": "Feature", "properties": { }, "geometry": { "type": "Polygon", "coordinates": [ [ [ 6.504769853230135, 62.47998573147725 ], [ 6.504866290034736, 62.4813860094959 ], [ 6.504010952102404, 62.480741456611163 ], [ 6.504769853230135, 62.47998573147725 ] ] ] } },
{ "type": "Feature", "properties": { }, "geometry": { "type": "Polygon", "coordinates": [ [ [ 6.537568098092152, 62.478469376922355 ], [ 6.538098345088451, 62.479006517139858 ], [ 6.537052056962527, 62.479718931536212 ], [ 6.537568098092152, 62.478469376922355 ] ] ] } },
{ "type": "Feature", "properties": { }, "geometry": { "type": "Polygon", "coordinates": [ [ [ 6.476210437890646, 62.474082029236186 ], [ 6.477746376769447, 62.475049962815518 ], [ 6.47574288331922, 62.476510478703467 ], [ 6.476210437890646, 62.474082029236186 ] ] ] } },
{ "type": "Feature", "properties": { }, "geometry": { "type": "Polygon", "coordinates": [ [ [ 6.478242995098156, 62.473351488228687 ], [ 6.48007253286382, 62.474160389878904 ], [ 6.477746376769447, 62.475049962815518 ], [ 6.478242995098156, 62.473351488228687 ] ] ] } },
{ "type": "Feature", "properties": { }, "geometry": { "type": "Polygon", "coordinates": [ [ [ 6.492123710527947, 62.47939020653719 ], [ 6.493765750858155, 62.478572415666996 ], [ 6.492820458128072, 62.481197038072551 ], [ 6.492123710527947, 62.47939020653719 ] ] ] } },
{ "type": "Feature", "properties": { }, "geometry": { "type": "Polygon", "coordinates": [ [ [ 6.493765750858155, 62.478572415666996 ], [ 6.495111281383408, 62.479777294025865 ], [ 6.492820458128072, 62.481197038072551 ], [ 6.493765750858155, 62.478572415666996 ] ] ] } },
{ "type": "Feature", "properties": { }, "geometry": { "type": "Polygon", "coordinates": [ [ [ 6.495111281383408, 62.479777294025865 ], [ 6.494455758991932, 62.481349280576957 ], [ 6.492820458128072, 62.481197038072551 ], [ 6.495111281383408, 62.479777294025865 ] ] ] } },
{ "type": "Feature", "properties": { }, "geometry": { "type": "Polygon", "coordinates": [ [ [ 6.492123710527947, 62.47939020653719 ], [ 6.492820458128072, 62.481197038072551 ], [ 6.491191821725092, 62.480970289323793 ], [ 6.492123710527947, 62.47939020653719 ] ] ] } },
{ "type": "Feature", "properties": { }, "geometry": { "type": "Polygon", "coordinates": [ [ [ 6.495111281383408, 62.479777294025865 ], [ 6.495715601204338, 62.481369666116983 ], [ 6.494455758991932, 62.481349280576957 ], [ 6.495111281383408, 62.479777294025865 ] ] ] } },
{ "type": "Feature", "properties": { }, "geometry": { "type": "Polygon", "coordinates": [ [ [ 6.494455758991932, 62.481349280576957 ], [ 6.495715601204338, 62.481369666116983 ], [ 6.495138828335341, 62.482316158416133 ], [ 6.494455758991932, 62.481349280576957 ] ] ] } },
{ "type": "Feature", "properties": { }, "geometry": { "type": "Polygon", "coordinates": [ [ [ 6.550276491536824, 62.481412945955697 ], [ 6.551507120418528, 62.481099598444409 ], [ 6.550722872198991, 62.482377440101679 ], [ 6.550276491536824, 62.481412945955697 ] ] ] } },
{ "type": "Feature", "properties": { }, "geometry": { "type": "Polygon", "coordinates": [ [ [ 6.393589460833421, 62.466945827896303 ], [ 6.395220036706416, 62.468557285924774 ], [ 6.393730560354993, 62.468433743690341 ], [ 6.393589460833421, 62.466945827896303 ] ] ] } },
{ "type": "Feature", "properties": { }, "geometry": { "type": "Polygon", "coordinates": [ [ [ 6.393589460833421, 62.466945827896303 ], [ 6.393730560354993, 62.468433743690341 ], [ 6.392348703403949, 62.467747666458948 ], [ 6.393589460833421, 62.466945827896303 ] ] ] } },
{ "type": "Feature", "properties": { }, "geometry": { "type": "Polygon", "coordinates": [ [ [ 6.392788584197621, 62.466274585310309 ], [ 6.393589460833421, 62.466945827896303 ], [ 6.392348703403949, 62.467747666458948 ], [ 6.392788584197621, 62.466274585310309 ] ] ] } },
{ "type": "Feature", "properties": { }, "geometry": { "type": "Polygon", "coordinates": [ [ [ 6.416022085175619, 62.472365946068152 ], [ 6.415173949941932, 62.474327437095063 ], [ 6.414274003265837, 62.47359516942457 ], [ 6.416022085175619, 62.472365946068152 ] ] ] } },
{ "type": "Feature", "properties": { }, "geometry": { "type": "Polygon", "coordinates": [ [ [ 6.416022085175619, 62.472365946068152 ], [ 6.416577503203605, 62.473770214439917 ], [ 6.415173949941932, 62.474327437095063 ], [ 6.416022085175619, 62.472365946068152 ] ] ] } },
{ "type": "Feature", "properties": { }, "geometry": { "type": "Polygon", "coordinates": [ [ [ 6.415173949941932, 62.474327437095063 ], [ 6.416577503203605, 62.473770214439917 ], [ 6.416079897291945, 62.475195993946869 ], [ 6.415173949941932, 62.474327437095063 ] ] ] } },
{ "type": "Feature", "properties": { }, "geometry": { "type": "Polygon", "coordinates": [ [ [ 6.392788584197621, 62.466274585310309 ], [ 6.392348703403949, 62.467747666458948 ], [ 6.391164513303751, 62.467525312454775 ], [ 6.392788584197621, 62.466274585310309 ] ] ] } },
{ "type": "Feature", "properties": { }, "geometry": { "type": "Polygon", "coordinates": [ [ [ 6.391385841410664, 62.465775657426825 ], [ 6.392788584197621, 62.466274585310309 ], [ 6.391164513303751, 62.467525312454775 ], [ 6.391385841410664, 62.465775657426825 ] ] ] } },
{ "type": "Feature", "properties": { }, "geometry": { "type": "Polygon", "coordinates": [ [ [ 6.46044145821187, 62.477915212694285 ], [ 6.462322065168378, 62.479900090419356 ], [ 6.460735998895025, 62.479696092761181 ], [ 6.46044145821187, 62.477915212694285 ] ] ] } },
{ "type": "Feature", "properties": { }, "geometry": { "type": "Polygon", "coordinates": [ [ [ 6.46044145821187, 62.477915212694285 ], [ 6.460735998895025, 62.479696092761181 ], [ 6.45976201808897, 62.4795875311885 ], [ 6.46044145821187, 62.477915212694285 ] ] ] } },
{ "type": "Feature", "properties": { }, "geometry": { "type": "Polygon", "coordinates": [ [ [ 6.466172025561316, 62.478679657735448 ], [ 6.465075136241212, 62.480535138485685 ], [ 6.464120346593158, 62.479798599743425 ], [ 6.466172025561316, 62.478679657735448 ] ] ] } },
{ "type": "Feature", "properties": { }, "geometry": { "type": "Polygon", "coordinates": [ [ [ 6.466172025561316, 62.478679657735448 ], [ 6.466777946696086, 62.479747870410797 ], [ 6.465075136241212, 62.480535138485685 ], [ 6.466172025561316, 62.478679657735448 ] ] ] } },
{ "type": "Feature", "properties": { }, "geometry": { "type": "Polygon", "coordinates": [ [ [ 6.466777946696086, 62.479747870410797 ], [ 6.466206349988849, 62.480834836806601 ], [ 6.465075136241212, 62.480535138485685 ], [ 6.466777946696086, 62.479747870410797 ] ] ] } },
{ "type": "Feature", "properties": { }, "geometry": { "type": "Polygon", "coordinates": [ [ [ 6.464120346593158, 62.479798599743425 ], [ 6.465075136241212, 62.480535138485685 ], [ 6.464416714104383, 62.480967479073882 ], [ 6.464120346593158, 62.479798599743425 ] ] ] } },
{ "type": "Feature", "properties": { }, "geometry": { "type": "Polygon", "coordinates": [ [ [ 6.399118544619102, 62.466192499659662 ], [ 6.399957733892221, 62.46664766806564 ], [ 6.398961374819558, 62.467483458476394 ], [ 6.399118544619102, 62.466192499659662 ] ] ] } },
{ "type": "Feature", "properties": { }, "geometry": { "type": "Polygon", "coordinates": [ [ [ 6.398247583865817, 62.466212409881706 ], [ 6.399118544619102, 62.466192499659662 ], [ 6.398961374819558, 62.467483458476394 ], [ 6.398247583865817, 62.466212409881706 ] ] ] } },
{ "type": "Feature", "properties": { }, "geometry": { "type": "Polygon", "coordinates": [ [ [ 6.51592009146455, 62.477827395952581 ], [ 6.516205583200669, 62.479200788432266 ], [ 6.515111794191736, 62.479435073944018 ], [ 6.51592009146455, 62.477827395952581 ] ] ] } },
{ "type": "Feature", "properties": { }, "geometry": { "type": "Polygon", "coordinates": [ [ [ 6.4211126818276, 62.468574588962831 ], [ 6.422435703533373, 62.468360582843758 ], [ 6.422153566492504, 62.47081293841039 ], [ 6.4211126818276, 62.468574588962831 ] ] ] } },
{ "type": "Feature", "properties": { }, "geometry": { "type": "Polygon", "coordinates": [ [ [ 6.4211126818276, 62.468574588962831 ], [ 6.422153566492504, 62.47081293841039 ], [ 6.420137656905638, 62.470389190816491 ], [ 6.4211126818276, 62.468574588962831 ] ] ] } },
{ "type": "Feature", "properties": { }, "geometry": { "type": "Polygon", "coordinates": [ [ [ 6.419621089577489, 62.468395046468345 ], [ 6.4211126818276, 62.468574588962831 ], [ 6.420137656905638, 62.470389190816491 ], [ 6.419621089577489, 62.468395046468345 ] ] ] } },
{ "type": "Feature", "properties": { }, "geometry": { "type": "Polygon", "coordinates": [ [ [ 6.420470992276043, 62.475965692867391 ], [ 6.421747887192056, 62.47628194902866 ], [ 6.420688959150553, 62.477062429642771 ], [ 6.420470992276043, 62.475965692867391 ] ] ] } },
{ "type": "Feature", "properties": { }, "geometry": { "type": "Polygon", "coordinates": [ [ [ 6.471607868388963, 62.473420450196713 ], [ 6.472817079840992, 62.472972892635248 ], [ 6.472964277658096, 62.473943525858651 ], [ 6.471607868388963, 62.473420450196713 ] ] ] } },
{ "type": "Feature", "properties": { }, "geometry": { "type": "Polygon", "coordinates": [ [ [ 6.438356516702828, 62.468962339250155 ], [ 6.438242322491995, 62.470238613960525 ], [ 6.437094295060331, 62.469669447490794 ], [ 6.438356516702828, 62.468962339250155 ] ] ] } },
{ "type": "Feature", "properties": { }, "geometry": { "type": "Polygon", "coordinates": [ [ [ 6.559168060135088, 62.482080439022539 ], [ 6.559998567958803, 62.483709118657544 ], [ 6.557641701057585, 62.484115285848276 ], [ 6.559168060135088, 62.482080439022539 ] ] ] } },
{ "type": "Feature", "properties": { }, "geometry": { "type": "Polygon", "coordinates": [ [ [ 6.559168060135088, 62.482080439022539 ], [ 6.560902812440434, 62.482657478915293 ], [ 6.559998567958803, 62.483709118657544 ], [ 6.559168060135088, 62.482080439022539 ] ] ] } },
{ "type": "Feature", "properties": { }, "geometry": { "type": "Polygon", "coordinates": [ [ [ 6.556404522268384, 62.482644089362239 ], [ 6.557641701057585, 62.484115285848276 ], [ 6.556343285726424, 62.483951376184613 ], [ 6.556404522268384, 62.482644089362239 ] ] ] } },
{ "type": "Feature", "properties": { }, "geometry": { "type": "Polygon", "coordinates": [ [ [ 6.416577503203605, 62.473770214439917 ], [ 6.417848486795808, 62.474928282467268 ], [ 6.416079897291945, 62.475195993946869 ], [ 6.416577503203605, 62.473770214439917 ] ] ] } },
{ "type": "Feature", "properties": { }, "geometry": { "type": "Polygon", "coordinates": [ [ [ 6.416079897291945, 62.475195993946869 ], [ 6.417848486795808, 62.474928282467268 ], [ 6.417241250405798, 62.476140339949012 ], [ 6.416079897291945, 62.475195993946869 ] ] ] } },
{ "type": "Feature", "properties": { }, "geometry": { "type": "Polygon", "coordinates": [ [ [ 6.488649704783185, 62.47643037983125 ], [ 6.489767500345305, 62.476908588928296 ], [ 6.488360869757006, 62.478651027549169 ], [ 6.488649704783185, 62.47643037983125 ] ] ] } },
{ "type": "Feature", "properties": { }, "geometry": { "type": "Polygon", "coordinates": [ [ [ 6.489767500345305, 62.476908588928296 ], [ 6.492727864276753, 62.477658133616899 ], [ 6.490185106489279, 62.479311714308075 ], [ 6.489767500345305, 62.476908588928296 ] ] ] } },
{ "type": "Feature", "properties": { }, "geometry": { "type": "Polygon", "coordinates": [ [ [ 6.489767500345305, 62.476908588928296 ], [ 6.490185106489279, 62.479311714308075 ], [ 6.488360869757006, 62.478651027549169 ], [ 6.489767500345305, 62.476908588928296 ] ] ] } },
{ "type": "Feature", "properties": { }, "geometry": { "type": "Polygon", "coordinates": [ [ [ 6.497879580460289, 62.48174140752338 ], [ 6.498585361562601, 62.482259176172299 ], [ 6.497925737176116, 62.482615524732779 ], [ 6.497879580460289, 62.48174140752338 ] ] ] } },
{ "type": "Feature", "properties": { }, "geometry": { "type": "Polygon", "coordinates": [ [ [ 6.497879580460289, 62.48174140752338 ], [ 6.498716648102229, 62.481340300089819 ], [ 6.498585361562601, 62.482259176172299 ], [ 6.497879580460289, 62.48174140752338 ] ] ] } },
{ "type": "Feature", "properties": { }, "geometry": { "type": "Polygon", "coordinates": [ [ [ 6.498716648102229, 62.481340300089819 ], [ 6.499604531351667, 62.481610915584213 ], [ 6.498585361562601, 62.482259176172299 ], [ 6.498716648102229, 62.481340300089819 ] ] ] } },
{ "type": "Feature", "properties": { }, "geometry": { "type": "Polygon", "coordinates": [ [ [ 6.499604531351667, 62.481610915584213 ], [ 6.501406499857618, 62.481727355061096 ], [ 6.50041983883493, 62.482502107234055 ], [ 6.499604531351667, 62.481610915584213 ] ] ] } },
{ "type": "Feature", "properties": { }, "geometry": { "type": "Polygon", "coordinates": [ [ [ 6.408063636206682, 62.466432543307384 ], [ 6.410154975416083, 62.466610243533701 ], [ 6.408763702344484, 62.468579114603465 ], [ 6.408063636206682, 62.466432543307384 ] ] ] } },
{ "type": "Feature", "properties": { }, "geometry": { "type": "Polygon", "coordinates": [ [ [ 6.406382660999161, 62.46654211987957 ], [ 6.408063636206682, 62.466432543307384 ], [ 6.408763702344484, 62.468579114603465 ], [ 6.406382660999161, 62.46654211987957 ] ] ] } },
{ "type": "Feature", "properties": { }, "geometry": { "type": "Polygon", "coordinates": [ [ [ 6.542915288880665, 62.481478333181713 ], [ 6.54483522530476, 62.480781670429025 ], [ 6.544555774723506, 62.482347162619 ], [ 6.542915288880665, 62.481478333181713 ] ] ] } },
{ "type": "Feature", "properties": { }, "geometry": { "type": "Polygon", "coordinates": [ [ [ 6.457189232601568, 62.476602214507515 ], [ 6.457393181543214, 62.478095244829056 ], [ 6.456227022871736, 62.477761907202868 ], [ 6.457189232601568, 62.476602214507515 ] ] ] } },
{ "type": "Feature", "properties": { }, "geometry": { "type": "Polygon", "coordinates": [ [ [ 6.456227022871736, 62.477761907202868 ], [ 6.457393181543214, 62.478095244829056 ], [ 6.456784060213052, 62.479144059028634 ], [ 6.456227022871736, 62.477761907202868 ] ] ] } },
{ "type": "Feature", "properties": { }, "geometry": { "type": "Polygon", "coordinates": [ [ [ 6.45622229107023, 62.475446464194164 ], [ 6.456227022871736, 62.477761907202868 ], [ 6.455016427134427, 62.477423125744565 ], [ 6.45622229107023, 62.475446464194164 ] ] ] } },
{ "type": "Feature", "properties": { }, "geometry": { "type": "Polygon", "coordinates": [ [ [ 6.45622229107023, 62.475446464194164 ], [ 6.457189232601568, 62.476602214507515 ], [ 6.456227022871736, 62.477761907202868 ], [ 6.45622229107023, 62.475446464194164 ] ] ] } },
{ "type": "Feature", "properties": { }, "geometry": { "type": "Polygon", "coordinates": [ [ [ 6.473767836939714, 62.481063887221772 ], [ 6.474037974582887, 62.481865693247769 ], [ 6.47331023621321, 62.481775553453012 ], [ 6.473767836939714, 62.481063887221772 ] ] ] } },
{ "type": "Feature", "properties": { }, "geometry": { "type": "Polygon", "coordinates": [ [ [ 6.473767836939714, 62.481063887221772 ], [ 6.474518512071112, 62.480673561592731 ], [ 6.474037974582887, 62.481865693247769 ], [ 6.473767836939714, 62.481063887221772 ] ] ] } },
{ "type": "Feature", "properties": { }, "geometry": { "type": "Polygon", "coordinates": [ [ [ 6.449086209785303, 62.47023069455792 ], [ 6.449806698781424, 62.470775643721161 ], [ 6.44869399392037, 62.471498013150914 ], [ 6.449086209785303, 62.47023069455792 ] ] ] } },
{ "type": "Feature", "properties": { }, "geometry": { "type": "Polygon", "coordinates": [ [ [ 6.446648259014755, 62.470215131249788 ], [ 6.447569533303849, 62.470146326115717 ], [ 6.447797633429579, 62.471100130597108 ], [ 6.446648259014755, 62.470215131249788 ] ] ] } },
{ "type": "Feature", "properties": { }, "geometry": { "type": "Polygon", "coordinates": [ [ [ 6.559883525426867, 62.480398044890656 ], [ 6.561749078206708, 62.481175111403019 ], [ 6.560902812440434, 62.482657478915293 ], [ 6.559883525426867, 62.480398044890656 ] ] ] } },
{ "type": "Feature", "properties": { }, "geometry": { "type": "Polygon", "coordinates": [ [ [ 6.559883525426867, 62.480398044890656 ], [ 6.561883636621034, 62.479621089100952 ], [ 6.561749078206708, 62.481175111403019 ], [ 6.559883525426867, 62.480398044890656 ] ] ] } },
{ "type": "Feature", "properties": { }, "geometry": { "type": "Polygon", "coordinates": [ [ [ 6.4003161804096, 62.468251783106552 ], [ 6.401731909352133, 62.468416624699529 ], [ 6.401266246662812, 62.469652314101317 ], [ 6.4003161804096, 62.468251783106552 ] ] ] } },
{ "type": "Feature", "properties": { }, "geometry": { "type": "Polygon", "coordinates": [ [ [ 6.401731909352133, 62.468416624699529 ], [ 6.402277677850031, 62.470327884509615 ], [ 6.401266246662812, 62.469652314101317 ], [ 6.401731909352133, 62.468416624699529 ] ] ] } },
{ "type": "Feature", "properties": { }, "geometry": { "type": "Polygon", "coordinates": [ [ [ 6.401266246662812, 62.469652314101317 ], [ 6.402277677850031, 62.470327884509615 ], [ 6.401473998718552, 62.470323428190795 ], [ 6.401266246662812, 62.469652314101317 ] ] ] } },
{ "type": "Feature", "properties": { }, "geometry": { "type": "Polygon", "coordinates": [ [ [ 6.403856828088359, 62.470536956549843 ], [ 6.404823774722535, 62.470079902480954 ], [ 6.404675976786486, 62.471139166369383 ], [ 6.403856828088359, 62.470536956549843 ] ] ] } },
{ "type": "Feature", "properties": { }, "geometry": { "type": "Polygon", "coordinates": [ [ [ 6.404823774722535, 62.470079902480954 ], [ 6.405814842632235, 62.471491013653569 ], [ 6.404675976786486, 62.471139166369383 ], [ 6.404823774722535, 62.470079902480954 ] ] ] } },
{ "type": "Feature", "properties": { }, "geometry": { "type": "Polygon", "coordinates": [ [ [ 6.403856828088359, 62.470536956549843 ], [ 6.404675976786486, 62.471139166369383 ], [ 6.403939282340097, 62.471517712673574 ], [ 6.403856828088359, 62.470536956549843 ] ] ] } },
{ "type": "Feature", "properties": { }, "geometry": { "type": "Polygon", "coordinates": [ [ [ 6.491191821725092, 62.480970289323793 ], [ 6.490662538687548, 62.482162674813296 ], [ 6.48945004017467, 62.481694376265608 ], [ 6.491191821725092, 62.480970289323793 ] ] ] } },
{ "type": "Feature", "properties": { }, "geometry": { "type": "Polygon", "coordinates": [ [ [ 6.480973143582565, 62.473057015985788 ], [ 6.481987463866792, 62.473297067700045 ], [ 6.481346085260557, 62.473744171767805 ], [ 6.480973143582565, 62.473057015985788 ] ] ] } },
{ "type": "Feature", "properties": { }, "geometry": { "type": "Polygon", "coordinates": [ [ [ 6.480973143582565, 62.473057015985788 ], [ 6.481346085260557, 62.473744171767805 ], [ 6.480570259460058, 62.473647409733807 ], [ 6.480973143582565, 62.473057015985788 ] ] ] } },
{ "type": "Feature", "properties": { }, "geometry": { "type": "Polygon", "coordinates": [ [ [ 6.453426355006828, 62.470994649031525 ], [ 6.454332687925932, 62.472389684278404 ], [ 6.452877954744419, 62.473452712677549 ], [ 6.453426355006828, 62.470994649031525 ] ] ] } },
{ "type": "Feature", "properties": { }, "geometry": { "type": "Polygon", "coordinates": [ [ [ 6.451576364282475, 62.471628217400038 ], [ 6.453426355006828, 62.470994649031525 ], [ 6.452877954744419, 62.473452712677549 ], [ 6.451576364282475, 62.471628217400038 ] ] ] } },
{ "type": "Feature", "properties": { }, "geometry": { "type": "Polygon", "coordinates": [ [ [ 6.528613514139706, 62.479491765306477 ], [ 6.529278800858171, 62.481168536850717 ], [ 6.528065508215504, 62.480786881281887 ], [ 6.528613514139706, 62.479491765306477 ] ] ] } },
{ "type": "Feature", "properties": { }, "geometry": { "type": "Polygon", "coordinates": [ [ [ 6.528613514139706, 62.479491765306477 ], [ 6.530047965576936, 62.479892990582222 ], [ 6.529278800858171, 62.481168536850717 ], [ 6.528613514139706, 62.479491765306477 ] ] ] } },
{ "type": "Feature", "properties": { }, "geometry": { "type": "Polygon", "coordinates": [ [ [ 6.54483522530476, 62.480781670429025 ], [ 6.545938394851096, 62.482137628743288 ], [ 6.544555774723506, 62.482347162619 ], [ 6.54483522530476, 62.480781670429025 ] ] ] } },
{ "type": "Feature", "properties": { }, "geometry": { "type": "Polygon", "coordinates": [ [ [ 6.544555774723506, 62.482347162619 ], [ 6.545938394851096, 62.482137628743288 ], [ 6.544869036298016, 62.483038747574099 ], [ 6.544555774723506, 62.482347162619 ] ] ] } },
{ "type": "Feature", "properties": { }, "geometry": { "type": "Polygon", "coordinates": [ [ [ 6.391385841410664, 62.465775657426825 ], [ 6.391164513303751, 62.467525312454775 ], [ 6.39018434923566, 62.466735494613708 ], [ 6.391385841410664, 62.465775657426825 ] ] ] } },
{ "type": "Feature", "properties": { }, "geometry": { "type": "Polygon", "coordinates": [ [ [ 6.441557362952715, 62.475819493432603 ], [ 6.442878271956377, 62.475990905155292 ], [ 6.442569411524554, 62.476644805899191 ], [ 6.441557362952715, 62.475819493432603 ] ] ] } },
{ "type": "Feature", "properties": { }, "geometry": { "type": "Polygon", "coordinates": [ [ [ 6.454332687925932, 62.472389684278404 ], [ 6.455909819222175, 62.47178882716512 ], [ 6.456824265905018, 62.473552871751792 ], [ 6.454332687925932, 62.472389684278404 ] ] ] } },
{ "type": "Feature", "properties": { }, "geometry": { "type": "Polygon", "coordinates": [ [ [ 6.454332687925932, 62.472389684278404 ], [ 6.456824265905018, 62.473552871751792 ], [ 6.454627423112139, 62.474319924392567 ], [ 6.454332687925932, 62.472389684278404 ] ] ] } },
{ "type": "Feature", "properties": { }, "geometry": { "type": "Polygon", "coordinates": [ [ [ 6.454332687925932, 62.472389684278404 ], [ 6.454627423112139, 62.474319924392567 ], [ 6.452877954744419, 62.473452712677549 ], [ 6.454332687925932, 62.472389684278404 ] ] ] } },
{ "type": "Feature", "properties": { }, "geometry": { "type": "Polygon", "coordinates": [ [ [ 6.470252399061602, 62.479601853759483 ], [ 6.470950550315739, 62.480585778512769 ], [ 6.470333521161852, 62.480805573950654 ], [ 6.470252399061602, 62.479601853759483 ] ] ] } },
{ "type": "Feature", "properties": { }, "geometry": { "type": "Polygon", "coordinates": [ [ [ 6.470252399061602, 62.479601853759483 ], [ 6.471309880432627, 62.479591161479931 ], [ 6.470950550315739, 62.480585778512769 ], [ 6.470252399061602, 62.479601853759483 ] ] ] } },
{ "type": "Feature", "properties": { }, "geometry": { "type": "Polygon", "coordinates": [ [ [ 6.521689228743635, 62.478074390582911 ], [ 6.521513551276914, 62.479343252662169 ], [ 6.520382183782226, 62.479076537392473 ], [ 6.521689228743635, 62.478074390582911 ] ] ] } },
{ "type": "Feature", "properties": { }, "geometry": { "type": "Polygon", "coordinates": [ [ [ 6.520382183782226, 62.479076537392473 ], [ 6.521513551276914, 62.479343252662169 ], [ 6.52051885555783, 62.480065181721976 ], [ 6.520382183782226, 62.479076537392473 ] ] ] } },
{ "type": "Feature", "properties": { }, "geometry": { "type": "Polygon", "coordinates": [ [ [ 6.519515599534919, 62.479564857430368 ], [ 6.520382183782226, 62.479076537392473 ], [ 6.52051885555783, 62.480065181721976 ], [ 6.519515599534919, 62.479564857430368 ] ] ] } },
{ "type": "Feature", "properties": { }, "geometry": { "type": "Polygon", "coordinates": [ [ [ 6.496800228764504, 62.480344781677061 ], [ 6.496410992743778, 62.481785371965671 ], [ 6.495715601204338, 62.481369666116983 ], [ 6.496800228764504, 62.480344781677061 ] ] ] } },
{ "type": "Feature", "properties": { }, "geometry": { "type": "Polygon", "coordinates": [ [ [ 6.495111281383408, 62.479777294025865 ], [ 6.496800228764504, 62.480344781677061 ], [ 6.495715601204338, 62.481369666116983 ], [ 6.495111281383408, 62.479777294025865 ] ] ] } },
{ "type": "Feature", "properties": { }, "geometry": { "type": "Polygon", "coordinates": [ [ [ 6.548969125140283, 62.481430393575025 ], [ 6.550276491536824, 62.481412945955697 ], [ 6.548781978769408, 62.482533576697428 ], [ 6.548969125140283, 62.481430393575025 ] ] ] } },
{ "type": "Feature", "properties": { }, "geometry": { "type": "Polygon", "coordinates": [ [ [ 6.502483296365481, 62.477975315959327 ], [ 6.503168259021739, 62.479035332779226 ], [ 6.501485078313176, 62.47874756606064 ], [ 6.502483296365481, 62.477975315959327 ] ] ] } },
{ "type": "Feature", "properties": { }, "geometry": { "type": "Polygon", "coordinates": [ [ [ 6.458922694884443, 62.478096237559356 ], [ 6.45976201808897, 62.4795875311885 ], [ 6.457873343642283, 62.479209015172849 ], [ 6.458922694884443, 62.478096237559356 ] ] ] } },
{ "type": "Feature", "properties": { }, "geometry": { "type": "Polygon", "coordinates": [ [ [ 6.458922694884443, 62.478096237559356 ], [ 6.46044145821187, 62.477915212694285 ], [ 6.45976201808897, 62.4795875311885 ], [ 6.458922694884443, 62.478096237559356 ] ] ] } },
{ "type": "Feature", "properties": { }, "geometry": { "type": "Polygon", "coordinates": [ [ [ 6.466777946696086, 62.479747870410797 ], [ 6.467376499654694, 62.480820229071448 ], [ 6.466206349988849, 62.480834836806601 ], [ 6.466777946696086, 62.479747870410797 ] ] ] } },
{ "type": "Feature", "properties": { }, "geometry": { "type": "Polygon", "coordinates": [ [ [ 6.466777946696086, 62.479747870410797 ], [ 6.468159604087677, 62.479679902713485 ], [ 6.467376499654694, 62.480820229071448 ], [ 6.466777946696086, 62.479747870410797 ] ] ] } },
{ "type": "Feature", "properties": { }, "geometry": { "type": "Polygon", "coordinates": [ [ [ 6.468159604087677, 62.479679902713485 ], [ 6.469135893855167, 62.480659930797529 ], [ 6.467376499654694, 62.480820229071448 ], [ 6.468159604087677, 62.479679902713485 ] ] ] } },
{ "type": "Feature", "properties": { }, "geometry": { "type": "Polygon", "coordinates": [ [ [ 6.399957733892221, 62.46664766806564 ], [ 6.401259639738219, 62.467183445292591 ], [ 6.4003161804096, 62.468251783106552 ], [ 6.399957733892221, 62.46664766806564 ] ] ] } },
{ "type": "Feature", "properties": { }, "geometry": { "type": "Polygon", "coordinates": [ [ [ 6.399957733892221, 62.46664766806564 ], [ 6.4003161804096, 62.468251783106552 ], [ 6.398961374819558, 62.467483458476394 ], [ 6.399957733892221, 62.46664766806564 ] ] ] } },
{ "type": "Feature", "properties": { }, "geometry": { "type": "Polygon", "coordinates": [ [ [ 6.472964277658096, 62.473943525858651 ], [ 6.473941519907378, 62.47384975145939 ], [ 6.473587383201223, 62.475298128368905 ], [ 6.472964277658096, 62.473943525858651 ] ] ] } },
{ "type": "Feature", "properties": { }, "geometry": { "type": "Polygon", "coordinates": [ [ [ 6.499567961680324, 62.480139029772616 ], [ 6.50177625885817, 62.480246175206219 ], [ 6.501406499857618, 62.481727355061096 ], [ 6.499567961680324, 62.480139029772616 ] ] ] } },
{ "type": "Feature", "properties": { }, "geometry": { "type": "Polygon", "coordinates": [ [ [ 6.50177625885817, 62.480246175206219 ], [ 6.502772519477594, 62.481402929397554 ], [ 6.501406499857618, 62.481727355061096 ], [ 6.50177625885817, 62.480246175206219 ] ] ] } },
{ "type": "Feature", "properties": { }, "geometry": { "type": "Polygon", "coordinates": [ [ [ 6.499567961680324, 62.480139029772616 ], [ 6.501406499857618, 62.481727355061096 ], [ 6.499604531351667, 62.481610915584213 ], [ 6.499567961680324, 62.480139029772616 ] ] ] } },
{ "type": "Feature", "properties": { }, "geometry": { "type": "Polygon", "coordinates": [ [ [ 6.404823774722535, 62.470079902480954 ], [ 6.406725059793952, 62.469564344096021 ], [ 6.405814842632235, 62.471491013653569 ], [ 6.404823774722535, 62.470079902480954 ] ] ] } },
{ "type": "Feature", "properties": { }, "geometry": { "type": "Polygon", "coordinates": [ [ [ 6.406725059793952, 62.469564344096021 ], [ 6.40730293260745, 62.470750461873322 ], [ 6.405814842632235, 62.471491013653569 ], [ 6.406725059793952, 62.469564344096021 ] ] ] } },
{ "type": "Feature", "properties": { }, "geometry": { "type": "Polygon", "coordinates": [ [ [ 6.40730293260745, 62.470750461873322 ], [ 6.407000285785707, 62.472034680418389 ], [ 6.405814842632235, 62.471491013653569 ], [ 6.40730293260745, 62.470750461873322 ] ] ] } },
{ "type": "Feature", "properties": { }, "geometry": { "type": "Polygon", "coordinates": [ [ [ 6.490185106489279, 62.479311714308075 ], [ 6.492123710527947, 62.47939020653719 ], [ 6.491191821725092, 62.480970289323793 ], [ 6.490185106489279, 62.479311714308075 ] ] ] } },
{ "type": "Feature", "properties": { }, "geometry": { "type": "Polygon", "coordinates": [ [ [ 6.490185106489279, 62.479311714308075 ], [ 6.491191821725092, 62.480970289323793 ], [ 6.48945004017467, 62.481694376265608 ], [ 6.490185106489279, 62.479311714308075 ] ] ] } },
{ "type": "Feature", "properties": { }, "geometry": { "type": "Polygon", "coordinates": [ [ [ 6.480570259460058, 62.473647409733807 ], [ 6.48086627896386, 62.474432580428676 ], [ 6.48007253286382, 62.474160389878904 ], [ 6.480570259460058, 62.473647409733807 ] ] ] } },
{ "type": "Feature", "properties": { }, "geometry": { "type": "Polygon", "coordinates": [ [ [ 6.48007253286382, 62.474160389878904 ], [ 6.48086627896386, 62.474432580428676 ], [ 6.479986887157322, 62.475703578021282 ], [ 6.48007253286382, 62.474160389878904 ] ] ] } },
{ "type": "Feature", "properties": { }, "geometry": { "type": "Polygon", "coordinates": [ [ [ 6.48007253286382, 62.474160389878904 ], [ 6.479986887157322, 62.475703578021282 ], [ 6.477746376769447, 62.475049962815518 ], [ 6.48007253286382, 62.474160389878904 ] ] ] } },
{ "type": "Feature", "properties": { }, "geometry": { "type": "Polygon", "coordinates": [ [ [ 6.545938394851096, 62.482137628743288 ], [ 6.545699050583556, 62.483315068181362 ], [ 6.544869036298016, 62.483038747574099 ], [ 6.545938394851096, 62.482137628743288 ] ] ] } },
{ "type": "Feature", "properties": { }, "geometry": { "type": "Polygon", "coordinates": [ [ [ 6.442981664766186, 62.473647554341291 ], [ 6.444713872704012, 62.475130785741285 ], [ 6.44323798347785, 62.475363538778659 ], [ 6.442981664766186, 62.473647554341291 ] ] ] } },
{ "type": "Feature", "properties": { }, "geometry": { "type": "Polygon", "coordinates": [ [ [ 6.44230354608327, 62.475244569345328 ], [ 6.44323798347785, 62.475363538778659 ], [ 6.442878271956377, 62.475990905155292 ], [ 6.44230354608327, 62.475244569345328 ] ] ] } },
{ "type": "Feature", "properties": { }, "geometry": { "type": "Polygon", "coordinates": [ [ [ 6.442981664766186, 62.473647554341291 ], [ 6.44323798347785, 62.475363538778659 ], [ 6.44230354608327, 62.475244569345328 ], [ 6.442981664766186, 62.473647554341291 ] ] ] } },
{ "type": "Feature", "properties": { }, "geometry": { "type": "Polygon", "coordinates": [ [ [ 6.470252399061602, 62.479601853759483 ], [ 6.470333521161852, 62.480805573950654 ], [ 6.469135893855167, 62.480659930797529 ], [ 6.470252399061602, 62.479601853759483 ] ] ] } },
{ "type": "Feature", "properties": { }, "geometry": { "type": "Polygon", "coordinates": [ [ [ 6.496800228764504, 62.480344781677061 ], [ 6.497131940251252, 62.481317568399021 ], [ 6.496410992743778, 62.481785371965671 ], [ 6.496800228764504, 62.480344781677061 ] ] ] } },
{ "type": "Feature", "properties": { }, "geometry": { "type": "Polygon", "coordinates": [ [ [ 6.503168259021739, 62.479035332779226 ], [ 6.504769853230135, 62.47998573147725 ], [ 6.504010952102404, 62.480741456611163 ], [ 6.503168259021739, 62.479035332779226 ] ] ] } },
{ "type": "Feature", "properties": { }, "geometry": { "type": "Polygon", "coordinates": [ [ [ 6.503168259021739, 62.479035332779226 ], [ 6.504010952102404, 62.480741456611163 ], [ 6.50177625885817, 62.480246175206219 ], [ 6.503168259021739, 62.479035332779226 ] ] ] } },
{ "type": "Feature", "properties": { }, "geometry": { "type": "Polygon", "coordinates": [ [ [ 6.501485078313176, 62.47874756606064 ], [ 6.503168259021739, 62.479035332779226 ], [ 6.50177625885817, 62.480246175206219 ], [ 6.501485078313176, 62.47874756606064 ] ] ] } },
{ "type": "Feature", "properties": { }, "geometry": { "type": "Polygon", "coordinates": [ [ [ 6.401259639738219, 62.467183445292591 ], [ 6.402177552535336, 62.467173575146539 ], [ 6.401731909352133, 62.468416624699529 ], [ 6.401259639738219, 62.467183445292591 ] ] ] } },
{ "type": "Feature", "properties": { }, "geometry": { "type": "Polygon", "coordinates": [ [ [ 6.401259639738219, 62.467183445292591 ], [ 6.401731909352133, 62.468416624699529 ], [ 6.4003161804096, 62.468251783106552 ], [ 6.401259639738219, 62.467183445292591 ] ] ] } },
{ "type": "Feature", "properties": { }, "geometry": { "type": "Polygon", "coordinates": [ [ [ 6.501485078313176, 62.47874756606064 ], [ 6.50177625885817, 62.480246175206219 ], [ 6.499567961680324, 62.480139029772616 ], [ 6.501485078313176, 62.47874756606064 ] ] ] } },
{ "type": "Feature", "properties": { }, "geometry": { "type": "Polygon", "coordinates": [ [ [ 6.499451227448517, 62.478011678996104 ], [ 6.501485078313176, 62.47874756606064 ], [ 6.499567961680324, 62.480139029772616 ], [ 6.499451227448517, 62.478011678996104 ] ] ] } },
{ "type": "Feature", "properties": { }, "geometry": { "type": "Polygon", "coordinates": [ [ [ 6.50092357978775, 62.477080424060929 ], [ 6.501485078313176, 62.47874756606064 ], [ 6.499451227448517, 62.478011678996104 ], [ 6.50092357978775, 62.477080424060929 ] ] ] } },
{ "type": "Feature", "properties": { }, "geometry": { "type": "Polygon", "coordinates": [ [ [ 6.468159604087677, 62.479679902713485 ], [ 6.470252399061602, 62.479601853759483 ], [ 6.469135893855167, 62.480659930797529 ], [ 6.468159604087677, 62.479679902713485 ] ] ] } },
{ "type": "Feature", "properties": { }, "geometry": { "type": "Polygon", "coordinates": [ [ [ 6.468368632518105, 62.478139633054461 ], [ 6.470252399061602, 62.479601853759483 ], [ 6.468159604087677, 62.479679902713485 ], [ 6.468368632518105, 62.478139633054461 ] ] ] } },
{ "type": "Feature", "properties": { }, "geometry": { "type": "Polygon", "coordinates": [ [ [ 6.468368632518105, 62.478139633054461 ], [ 6.470762185285109, 62.477721884872466 ], [ 6.470252399061602, 62.479601853759483 ], [ 6.468368632518105, 62.478139633054461 ] ] ] } },
{ "type": "Feature", "properties": { }, "geometry": { "type": "Polygon", "coordinates": [ [ [ 6.470762185285109, 62.477721884872466 ], [ 6.471309880432627, 62.479591161479931 ], [ 6.470252399061602, 62.479601853759483 ], [ 6.470762185285109, 62.477721884872466 ] ] ] } },
{ "type": "Feature", "properties": { }, "geometry": { "type": "Polygon", "coordinates": [ [ [ 6.487280228967857, 62.475970316376817 ], [ 6.488649704783185, 62.47643037983125 ], [ 6.487556158464554, 62.477417252482176 ], [ 6.487280228967857, 62.475970316376817 ] ] ] } },
{ "type": "Feature", "properties": { }, "geometry": { "type": "Polygon", "coordinates": [ [ [ 6.485217927749899, 62.475893895287044 ], [ 6.487280228967857, 62.475970316376817 ], [ 6.487556158464554, 62.477417252482176 ], [ 6.485217927749899, 62.475893895287044 ] ] ] } },
{ "type": "Feature", "properties": { }, "geometry": { "type": "Polygon", "coordinates": [ [ [ 6.486078090806528, 62.47477232863308 ], [ 6.487280228967857, 62.475970316376817 ], [ 6.485217927749899, 62.475893895287044 ], [ 6.486078090806528, 62.47477232863308 ] ] ] } },
{ "type": "Feature", "properties": { }, "geometry": { "type": "Polygon", "coordinates": [ [ [ 6.494834918537881, 62.477694918831894 ], [ 6.49635045166415, 62.478608829932334 ], [ 6.495111281383408, 62.479777294025865 ], [ 6.494834918537881, 62.477694918831894 ] ] ] } },
{ "type": "Feature", "properties": { }, "geometry": { "type": "Polygon", "coordinates": [ [ [ 6.493765750858155, 62.478572415666996 ], [ 6.494834918537881, 62.477694918831894 ], [ 6.495111281383408, 62.479777294025865 ], [ 6.493765750858155, 62.478572415666996 ] ] ] } },
{ "type": "Feature", "properties": { }, "geometry": { "type": "Polygon", "coordinates": [ [ [ 6.493903546243543, 62.477196140747239 ], [ 6.494834918537881, 62.477694918831894 ], [ 6.493765750858155, 62.478572415666996 ], [ 6.493903546243543, 62.477196140747239 ] ] ] } },
{ "type": "Feature", "properties": { }, "geometry": { "type": "Polygon", "coordinates": [ [ [ 6.428029938400938, 62.467638863419772 ], [ 6.428409795223279, 62.468941630974811 ], [ 6.426890488146795, 62.468677863202572 ], [ 6.428029938400938, 62.467638863419772 ] ] ] } },
{ "type": "Feature", "properties": { }, "geometry": { "type": "Polygon", "coordinates": [ [ [ 6.486389437601918, 62.481399447855615 ], [ 6.487908546208607, 62.482595371036389 ], [ 6.486873820868154, 62.483024699414372 ], [ 6.486389437601918, 62.481399447855615 ] ] ] } },
{ "type": "Feature", "properties": { }, "geometry": { "type": "Polygon", "coordinates": [ [ [ 6.396572509779788, 62.465949408635836 ], [ 6.397389409806003, 62.466062388770624 ], [ 6.396829201254433, 62.467103185002998 ], [ 6.396572509779788, 62.465949408635836 ] ] ] } },
{ "type": "Feature", "properties": { }, "geometry": { "type": "Polygon", "coordinates": [ [ [ 6.511830212849494, 62.477329867578852 ], [ 6.513102006227805, 62.477918054912116 ], [ 6.511512478518866, 62.478138519159181 ], [ 6.511830212849494, 62.477329867578852 ] ] ] } },
{ "type": "Feature", "properties": { }, "geometry": { "type": "Polygon", "coordinates": [ [ [ 6.457393181543214, 62.478095244829056 ], [ 6.457873343642283, 62.479209015172849 ], [ 6.456784060213052, 62.479144059028634 ], [ 6.457393181543214, 62.478095244829056 ] ] ] } },
{ "type": "Feature", "properties": { }, "geometry": { "type": "Polygon", "coordinates": [ [ [ 6.411801454620788, 62.466161088479403 ], [ 6.412576460174688, 62.465657977903788 ], [ 6.41296047160066, 62.467097995174228 ], [ 6.411801454620788, 62.466161088479403 ] ] ] } },
{ "type": "Feature", "properties": { }, "geometry": { "type": "Polygon", "coordinates": [ [ [ 6.411801454620788, 62.466161088479403 ], [ 6.41296047160066, 62.467097995174228 ], [ 6.41138189716487, 62.467865454006386 ], [ 6.411801454620788, 62.466161088479403 ] ] ] } },
{ "type": "Feature", "properties": { }, "geometry": { "type": "Polygon", "coordinates": [ [ [ 6.410154975416083, 62.466610243533701 ], [ 6.411801454620788, 62.466161088479403 ], [ 6.41138189716487, 62.467865454006386 ], [ 6.410154975416083, 62.466610243533701 ] ] ] } },
{ "type": "Feature", "properties": { }, "geometry": { "type": "Polygon", "coordinates": [ [ [ 6.448086183498438, 62.475767082705794 ], [ 6.449148908126891, 62.475686731036539 ], [ 6.449201446337799, 62.476751193230825 ], [ 6.448086183498438, 62.475767082705794 ] ] ] } },
{ "type": "Feature", "properties": { }, "geometry": { "type": "Polygon", "coordinates": [ [ [ 6.449148908126891, 62.475686731036539 ], [ 6.450048755232597, 62.476257796017975 ], [ 6.449201446337799, 62.476751193230825 ], [ 6.449148908126891, 62.475686731036539 ] ] ] } },
{ "type": "Feature", "properties": { }, "geometry": { "type": "Polygon", "coordinates": [ [ [ 6.432432488003673, 62.473385893541035 ], [ 6.43376520388211, 62.475277508774241 ], [ 6.432206987927196, 62.475688557545261 ], [ 6.432432488003673, 62.473385893541035 ] ] ] } },
{ "type": "Feature", "properties": { }, "geometry": { "type": "Polygon", "coordinates": [ [ [ 6.432432488003673, 62.473385893541035 ], [ 6.432206987927196, 62.475688557545261 ], [ 6.431037001629382, 62.475231355429024 ], [ 6.432432488003673, 62.473385893541035 ] ] ] } },
{ "type": "Feature", "properties": { }, "geometry": { "type": "Polygon", "coordinates": [ [ [ 6.396982789681612, 62.468467553184766 ], [ 6.397785434998764, 62.468038834520399 ], [ 6.397886474434627, 62.469539950543592 ], [ 6.396982789681612, 62.468467553184766 ] ] ] } },
{ "type": "Feature", "properties": { }, "geometry": { "type": "Polygon", "coordinates": [ [ [ 6.397785434998764, 62.468038834520399 ], [ 6.398505146048016, 62.468744349568254 ], [ 6.397886474434627, 62.469539950543592 ], [ 6.397785434998764, 62.468038834520399 ] ] ] } },
{ "type": "Feature", "properties": { }, "geometry": { "type": "Polygon", "coordinates": [ [ [ 6.396982789681612, 62.468467553184766 ], [ 6.397886474434627, 62.469539950543592 ], [ 6.39708719848081, 62.469371510042677 ], [ 6.396982789681612, 62.468467553184766 ] ] ] } },
{ "type": "Feature", "properties": { }, "geometry": { "type": "Polygon", "coordinates": [ [ [ 6.409933568785507, 62.470510247285759 ], [ 6.411431799485179, 62.470661787796871 ], [ 6.410739002225433, 62.471998833687195 ], [ 6.409933568785507, 62.470510247285759 ] ] ] } },
{ "type": "Feature", "properties": { }, "geometry": { "type": "Polygon", "coordinates": [ [ [ 6.411431799485179, 62.470661787796871 ], [ 6.412015769496827, 62.472049821939621 ], [ 6.410739002225433, 62.471998833687195 ], [ 6.411431799485179, 62.470661787796871 ] ] ] } },
{ "type": "Feature", "properties": { }, "geometry": { "type": "Polygon", "coordinates": [ [ [ 6.409933568785507, 62.470510247285759 ], [ 6.410739002225433, 62.471998833687195 ], [ 6.409842458624534, 62.472200309840595 ], [ 6.409933568785507, 62.470510247285759 ] ] ] } },
{ "type": "Feature", "properties": { }, "geometry": { "type": "Polygon", "coordinates": [ [ [ 6.521689228743635, 62.478074390582911 ], [ 6.522929082851237, 62.479191658951414 ], [ 6.521513551276914, 62.479343252662169 ], [ 6.521689228743635, 62.478074390582911 ] ] ] } },
{ "type": "Feature", "properties": { }, "geometry": { "type": "Polygon", "coordinates": [ [ [ 6.521513551276914, 62.479343252662169 ], [ 6.522929082851237, 62.479191658951414 ], [ 6.522867829432671, 62.479966394998343 ], [ 6.521513551276914, 62.479343252662169 ] ] ] } },
{ "type": "Feature", "properties": { }, "geometry": { "type": "Polygon", "coordinates": [ [ [ 6.554122904234956, 62.481406414468253 ], [ 6.55567124462497, 62.480719399654092 ], [ 6.555041316299444, 62.482680347608444 ], [ 6.554122904234956, 62.481406414468253 ] ] ] } },
{ "type": "Feature", "properties": { }, "geometry": { "type": "Polygon", "coordinates": [ [ [ 6.55567124462497, 62.480719399654092 ], [ 6.556404522268384, 62.482644089362239 ], [ 6.555041316299444, 62.482680347608444 ], [ 6.55567124462497, 62.480719399654092 ] ] ] } },
{ "type": "Feature", "properties": { }, "geometry": { "type": "Polygon", "coordinates": [ [ [ 6.554122904234956, 62.481406414468253 ], [ 6.555041316299444, 62.482680347608444 ], [ 6.553562625904713, 62.482750441864795 ], [ 6.554122904234956, 62.481406414468253 ] ] ] } },
{ "type": "Feature", "properties": { }, "geometry": { "type": "Polygon", "coordinates": [ [ [ 6.406382660999161, 62.46654211987957 ], [ 6.408763702344484, 62.468579114603465 ], [ 6.406725059793952, 62.469564344096021 ], [ 6.406382660999161, 62.46654211987957 ] ] ] } },
{ "type": "Feature", "properties": { }, "geometry": { "type": "Polygon", "coordinates": [ [ [ 6.405244960099265, 62.467771905627103 ], [ 6.406382660999161, 62.46654211987957 ], [ 6.406725059793952, 62.469564344096021 ], [ 6.405244960099265, 62.467771905627103 ] ] ] } },
{ "type": "Feature", "properties": { }, "geometry": { "type": "Polygon", "coordinates": [ [ [ 6.521513551276914, 62.479343252662169 ], [ 6.522867829432671, 62.479966394998343 ], [ 6.522167837048982, 62.480304002146475 ], [ 6.521513551276914, 62.479343252662169 ] ] ] } },
{ "type": "Feature", "properties": { }, "geometry": { "type": "Polygon", "coordinates": [ [ [ 6.466694546035281, 62.47284145210007 ], [ 6.467815224623436, 62.472615434112015 ], [ 6.467534421098128, 62.474114482126112 ], [ 6.466694546035281, 62.47284145210007 ] ] ] } },
{ "type": "Feature", "properties": { }, "geometry": { "type": "Polygon", "coordinates": [ [ [ 6.466694546035281, 62.47284145210007 ], [ 6.467534421098128, 62.474114482126112 ], [ 6.465784734807917, 62.474355262070404 ], [ 6.466694546035281, 62.47284145210007 ] ] ] } },
{ "type": "Feature", "properties": { }, "geometry": { "type": "Polygon", "coordinates": [ [ [ 6.464542578636268, 62.47309970436924 ], [ 6.466694546035281, 62.47284145210007 ], [ 6.465784734807917, 62.474355262070404 ], [ 6.464542578636268, 62.47309970436924 ] ] ] } },
{ "type": "Feature", "properties": { }, "geometry": { "type": "Polygon", "coordinates": [ [ [ 6.464120346593158, 62.479798599743425 ], [ 6.464416714104383, 62.480967479073882 ], [ 6.463564173189018, 62.480868545412797 ], [ 6.464120346593158, 62.479798599743425 ] ] ] } },
{ "type": "Feature", "properties": { }, "geometry": { "type": "Polygon", "coordinates": [ [ [ 6.419918065447357, 62.473729017770189 ], [ 6.419539786002229, 62.475346664605944 ], [ 6.418750261547559, 62.47491058904415 ], [ 6.419918065447357, 62.473729017770189 ] ] ] } },
{ "type": "Feature", "properties": { }, "geometry": { "type": "Polygon", "coordinates": [ [ [ 6.419918065447357, 62.473729017770189 ], [ 6.420611601794651, 62.474744251021505 ], [ 6.419539786002229, 62.475346664605944 ], [ 6.419918065447357, 62.473729017770189 ] ] ] } },
{ "type": "Feature", "properties": { }, "geometry": { "type": "Polygon", "coordinates": [ [ [ 6.419539786002229, 62.475346664605944 ], [ 6.420611601794651, 62.474744251021505 ], [ 6.420470992276043, 62.475965692867391 ], [ 6.419539786002229, 62.475346664605944 ] ] ] } },
{ "type": "Feature", "properties": { }, "geometry": { "type": "Polygon", "coordinates": [ [ [ 6.418750261547559, 62.47491058904415 ], [ 6.419539786002229, 62.475346664605944 ], [ 6.41888464030186, 62.475802470824718 ], [ 6.418750261547559, 62.47491058904415 ] ] ] } },
{ "type": "Feature", "properties": { }, "geometry": { "type": "Polygon", "coordinates": [ [ [ 6.471607868388963, 62.473420450196713 ], [ 6.472964277658096, 62.473943525858651 ], [ 6.471779939524173, 62.474994463869898 ], [ 6.471607868388963, 62.473420450196713 ] ] ] } },
{ "type": "Feature", "properties": { }, "geometry": { "type": "Polygon", "coordinates": [ [ [ 6.471607868388963, 62.473420450196713 ], [ 6.471779939524173, 62.474994463869898 ], [ 6.470196674917028, 62.474974446309908 ], [ 6.471607868388963, 62.473420450196713 ] ] ] } },
{ "type": "Feature", "properties": { }, "geometry": { "type": "Polygon", "coordinates": [ [ [ 6.470587868012128, 62.472912083854517 ], [ 6.471607868388963, 62.473420450196713 ], [ 6.470196674917028, 62.474974446309908 ], [ 6.470587868012128, 62.472912083854517 ] ] ] } },
{ "type": "Feature", "properties": { }, "geometry": { "type": "Polygon", "coordinates": [ [ [ 6.437094295060331, 62.469669447490794 ], [ 6.438242322491995, 62.470238613960525 ], [ 6.43692890860869, 62.471445425107405 ], [ 6.437094295060331, 62.469669447490794 ] ] ] } },
{ "type": "Feature", "properties": { }, "geometry": { "type": "Polygon", "coordinates": [ [ [ 6.434964446816767, 62.469233278196675 ], [ 6.437094295060331, 62.469669447490794 ], [ 6.43692890860869, 62.471445425107405 ], [ 6.434964446816767, 62.469233278196675 ] ] ] } },
{ "type": "Feature", "properties": { }, "geometry": { "type": "Polygon", "coordinates": [ [ [ 6.559883525426867, 62.480398044890656 ], [ 6.560902812440434, 62.482657478915293 ], [ 6.559168060135088, 62.482080439022539 ], [ 6.559883525426867, 62.480398044890656 ] ] ] } },
{ "type": "Feature", "properties": { }, "geometry": { "type": "Polygon", "coordinates": [ [ [ 6.556404522268384, 62.482644089362239 ], [ 6.559168060135088, 62.482080439022539 ], [ 6.557641701057585, 62.484115285848276 ], [ 6.556404522268384, 62.482644089362239 ] ] ] } },
{ "type": "Feature", "properties": { }, "geometry": { "type": "Polygon", "coordinates": [ [ [ 6.54796275323344, 62.480571562014077 ], [ 6.548969125140283, 62.481430393575025 ], [ 6.547485733650247, 62.482523803893997 ], [ 6.54796275323344, 62.480571562014077 ] ] ] } },
{ "type": "Feature", "properties": { }, "geometry": { "type": "Polygon", "coordinates": [ [ [ 6.546425142830529, 62.480813618597715 ], [ 6.54796275323344, 62.480571562014077 ], [ 6.547485733650247, 62.482523803893997 ], [ 6.546425142830529, 62.480813618597715 ] ] ] } },
{ "type": "Feature", "properties": { }, "geometry": { "type": "Polygon", "coordinates": [ [ [ 6.453475208975577, 62.476198953756608 ], [ 6.45622229107023, 62.475446464194164 ], [ 6.455016427134427, 62.477423125744565 ], [ 6.453475208975577, 62.476198953756608 ] ] ] } },
{ "type": "Feature", "properties": { }, "geometry": { "type": "Polygon", "coordinates": [ [ [ 6.476316575694725, 62.479298746345222 ], [ 6.47662115712087, 62.481541597190507 ], [ 6.474518512071112, 62.480673561592731 ], [ 6.476316575694725, 62.479298746345222 ] ] ] } },
{ "type": "Feature", "properties": { }, "geometry": { "type": "Polygon", "coordinates": [ [ [ 6.47345123484285, 62.479537984485333 ], [ 6.474518512071112, 62.480673561592731 ], [ 6.473767836939714, 62.481063887221772 ], [ 6.47345123484285, 62.479537984485333 ] ] ] } },
{ "type": "Feature", "properties": { }, "geometry": { "type": "Polygon", "coordinates": [ [ [ 6.47345123484285, 62.479537984485333 ], [ 6.476316575694725, 62.479298746345222 ], [ 6.474518512071112, 62.480673561592731 ], [ 6.47345123484285, 62.479537984485333 ] ] ] } },
{ "type": "Feature", "properties": { }, "geometry": { "type": "Polygon", "coordinates": [ [ [ 6.449806698781424, 62.470775643721161 ], [ 6.450469956895407, 62.471661847398181 ], [ 6.44869399392037, 62.471498013150914 ], [ 6.449806698781424, 62.470775643721161 ] ] ] } },
{ "type": "Feature", "properties": { }, "geometry": { "type": "Polygon", "coordinates": [ [ [ 6.446648259014755, 62.470215131249788 ], [ 6.447797633429579, 62.471100130597108 ], [ 6.446351871387063, 62.471788921168915 ], [ 6.446648259014755, 62.470215131249788 ] ] ] } },
{ "type": "Feature", "properties": { }, "geometry": { "type": "Polygon", "coordinates": [ [ [ 6.445465680904819, 62.470455007092006 ], [ 6.446648259014755, 62.470215131249788 ], [ 6.446351871387063, 62.471788921168915 ], [ 6.445465680904819, 62.470455007092006 ] ] ] } },
{ "type": "Feature", "properties": { }, "geometry": { "type": "Polygon", "coordinates": [ [ [ 6.401731909352133, 62.468416624699529 ], [ 6.403215605378887, 62.467631905996562 ], [ 6.403203271256118, 62.469801059311841 ], [ 6.401731909352133, 62.468416624699529 ] ] ] } },
{ "type": "Feature", "properties": { }, "geometry": { "type": "Polygon", "coordinates": [ [ [ 6.403215605378887, 62.467631905996562 ], [ 6.40483459246589, 62.469010431961649 ], [ 6.403203271256118, 62.469801059311841 ], [ 6.403215605378887, 62.467631905996562 ] ] ] } },
{ "type": "Feature", "properties": { }, "geometry": { "type": "Polygon", "coordinates": [ [ [ 6.40483459246589, 62.469010431961649 ], [ 6.404823774722535, 62.470079902480954 ], [ 6.403203271256118, 62.469801059311841 ], [ 6.40483459246589, 62.469010431961649 ] ] ] } },
{ "type": "Feature", "properties": { }, "geometry": { "type": "Polygon", "coordinates": [ [ [ 6.403203271256118, 62.469801059311841 ], [ 6.404823774722535, 62.470079902480954 ], [ 6.403856828088359, 62.470536956549843 ], [ 6.403203271256118, 62.469801059311841 ] ] ] } },
{ "type": "Feature", "properties": { }, "geometry": { "type": "Polygon", "coordinates": [ [ [ 6.401731909352133, 62.468416624699529 ], [ 6.403203271256118, 62.469801059311841 ], [ 6.402277677850031, 62.470327884509615 ], [ 6.401731909352133, 62.468416624699529 ] ] ] } },
{ "type": "Feature", "properties": { }, "geometry": { "type": "Polygon", "coordinates": [ [ [ 6.481346085260557, 62.473744171767805 ], [ 6.481987463866792, 62.473297067700045 ], [ 6.482459366734822, 62.474657607067968 ], [ 6.481346085260557, 62.473744171767805 ] ] ] } },
{ "type": "Feature", "properties": { }, "geometry": { "type": "Polygon", "coordinates": [ [ [ 6.44230354608327, 62.475244569345328 ], [ 6.442878271956377, 62.475990905155292 ], [ 6.441557362952715, 62.475819493432603 ], [ 6.44230354608327, 62.475244569345328 ] ] ] } },
{ "type": "Feature", "properties": { }, "geometry": { "type": "Polygon", "coordinates": [ [ [ 6.440911272713495, 62.47420925454535 ], [ 6.441557362952715, 62.475819493432603 ], [ 6.439557371784511, 62.476121301980669 ], [ 6.440911272713495, 62.47420925454535 ] ] ] } },
{ "type": "Feature", "properties": { }, "geometry": { "type": "Polygon", "coordinates": [ [ [ 6.440911272713495, 62.47420925454535 ], [ 6.44230354608327, 62.475244569345328 ], [ 6.441557362952715, 62.475819493432603 ], [ 6.440911272713495, 62.47420925454535 ] ] ] } },
{ "type": "Feature", "properties": { }, "geometry": { "type": "Polygon", "coordinates": [ [ [ 6.529405894384076, 62.478397265766183 ], [ 6.530047965576936, 62.479892990582222 ], [ 6.528613514139706, 62.479491765306477 ], [ 6.529405894384076, 62.478397265766183 ] ] ] } },
{ "type": "Feature", "properties": { }, "geometry": { "type": "Polygon", "coordinates": [ [ [ 6.548969125140283, 62.481430393575025 ], [ 6.548781978769408, 62.482533576697428 ], [ 6.547485733650247, 62.482523803893997 ], [ 6.548969125140283, 62.481430393575025 ] ] ] } },
{ "type": "Feature", "properties": { }, "geometry": { "type": "Polygon", "coordinates": [ [ [ 6.472964277658096, 62.473943525858651 ], [ 6.473587383201223, 62.475298128368905 ], [ 6.471779939524173, 62.474994463869898 ], [ 6.472964277658096, 62.473943525858651 ] ] ] } },
{ "type": "Feature", "properties": { }, "geometry": { "type": "Polygon", "coordinates": [ [ [ 6.480570259460058, 62.473647409733807 ], [ 6.481346085260557, 62.473744171767805 ], [ 6.48086627896386, 62.474432580428676 ], [ 6.480570259460058, 62.473647409733807 ] ] ] } },
{ "type": "Feature", "properties": { }, "geometry": { "type": "Polygon", "coordinates": [ [ [ 6.546425142830529, 62.480813618597715 ], [ 6.547485733650247, 62.482523803893997 ], [ 6.545938394851096, 62.482137628743288 ], [ 6.546425142830529, 62.480813618597715 ] ] ] } },
{ "type": "Feature", "properties": { }, "geometry": { "type": "Polygon", "coordinates": [ [ [ 6.54483522530476, 62.480781670429025 ], [ 6.546425142830529, 62.480813618597715 ], [ 6.545938394851096, 62.482137628743288 ], [ 6.54483522530476, 62.480781670429025 ] ] ] } },
{ "type": "Feature", "properties": { }, "geometry": { "type": "Polygon", "coordinates": [ [ [ 6.412518666879274, 62.473224483035395 ], [ 6.413486862349122, 62.472981146280645 ], [ 6.413161647674314, 62.473924995134716 ], [ 6.412518666879274, 62.473224483035395 ] ] ] } },
{ "type": "Feature", "properties": { }, "geometry": { "type": "Polygon", "coordinates": [ [ [ 6.413486862349122, 62.472981146280645 ], [ 6.414274003265837, 62.47359516942457 ], [ 6.413161647674314, 62.473924995134716 ], [ 6.413486862349122, 62.472981146280645 ] ] ] } },
{ "type": "Feature", "properties": { }, "geometry": { "type": "Polygon", "coordinates": [ [ [ 6.49635045166415, 62.478608829932334 ], [ 6.496800228764504, 62.480344781677061 ], [ 6.495111281383408, 62.479777294025865 ], [ 6.49635045166415, 62.478608829932334 ] ] ] } },
{ "type": "Feature", "properties": { }, "geometry": { "type": "Polygon", "coordinates": [ [ [ 6.49635045166415, 62.478608829932334 ], [ 6.497980762596183, 62.478022881829759 ], [ 6.496800228764504, 62.480344781677061 ], [ 6.49635045166415, 62.478608829932334 ] ] ] } },
{ "type": "Feature", "properties": { }, "geometry": { "type": "Polygon", "coordinates": [ [ [ 6.497980762596183, 62.478022881829759 ], [ 6.49812582323583, 62.480435714605655 ], [ 6.496800228764504, 62.480344781677061 ], [ 6.497980762596183, 62.478022881829759 ] ] ] } },
{ "type": "Feature", "properties": { }, "geometry": { "type": "Polygon", "coordinates": [ [ [ 6.496800228764504, 62.480344781677061 ], [ 6.49812582323583, 62.480435714605655 ], [ 6.497131940251252, 62.481317568399021 ], [ 6.496800228764504, 62.480344781677061 ] ] ] } },
{ "type": "Feature", "properties": { }, "geometry": { "type": "Polygon", "coordinates": [ [ [ 6.5065421819312, 62.478582724547962 ], [ 6.506459583569008, 62.479899843012213 ], [ 6.504769853230135, 62.47998573147725 ], [ 6.5065421819312, 62.478582724547962 ] ] ] } },
{ "type": "Feature", "properties": { }, "geometry": { "type": "Polygon", "coordinates": [ [ [ 6.402177552535336, 62.467173575146539 ], [ 6.403215605378887, 62.467631905996562 ], [ 6.401731909352133, 62.468416624699529 ], [ 6.402177552535336, 62.467173575146539 ] ] ] } },
{ "type": "Feature", "properties": { }, "geometry": { "type": "Polygon", "coordinates": [ [ [ 6.484237182311023, 62.47487608851393 ], [ 6.485052109460375, 62.474490222768921 ], [ 6.485217927749899, 62.475893895287044 ], [ 6.484237182311023, 62.47487608851393 ] ] ] } },
{ "type": "Feature", "properties": { }, "geometry": { "type": "Polygon", "coordinates": [ [ [ 6.484237182311023, 62.47487608851393 ], [ 6.485217927749899, 62.475893895287044 ], [ 6.483076833137909, 62.476975606160224 ], [ 6.484237182311023, 62.47487608851393 ] ] ] } },
{ "type": "Feature", "properties": { }, "geometry": { "type": "Polygon", "coordinates": [ [ [ 6.482459366734822, 62.474657607067968 ], [ 6.484237182311023, 62.47487608851393 ], [ 6.483076833137909, 62.476975606160224 ], [ 6.482459366734822, 62.474657607067968 ] ] ] } },
{ "type": "Feature", "properties": { }, "geometry": { "type": "Polygon", "coordinates": [ [ [ 6.486389437601918, 62.481399447855615 ], [ 6.48945004017467, 62.481694376265608 ], [ 6.487908546208607, 62.482595371036389 ], [ 6.486389437601918, 62.481399447855615 ] ] ] } },
{ "type": "Feature", "properties": { }, "geometry": { "type": "Polygon", "coordinates": [ [ [ 6.488360869757006, 62.478651027549169 ], [ 6.48945004017467, 62.481694376265608 ], [ 6.486389437601918, 62.481399447855615 ], [ 6.488360869757006, 62.478651027549169 ] ] ] } },
{ "type": "Feature", "properties": { }, "geometry": { "type": "Polygon", "coordinates": [ [ [ 6.488360869757006, 62.478651027549169 ], [ 6.490185106489279, 62.479311714308075 ], [ 6.48945004017467, 62.481694376265608 ], [ 6.488360869757006, 62.478651027549169 ] ] ] } },
{ "type": "Feature", "properties": { }, "geometry": { "type": "Polygon", "coordinates": [ [ [ 6.397389409806003, 62.466062388770624 ], [ 6.398247583865817, 62.466212409881706 ], [ 6.39768634123123, 62.46689337634151 ], [ 6.397389409806003, 62.466062388770624 ] ] ] } },
{ "type": "Feature", "properties": { }, "geometry": { "type": "Polygon", "coordinates": [ [ [ 6.397389409806003, 62.466062388770624 ], [ 6.39768634123123, 62.46689337634151 ], [ 6.396829201254433, 62.467103185002998 ], [ 6.397389409806003, 62.466062388770624 ] ] ] } },
{ "type": "Feature", "properties": { }, "geometry": { "type": "Polygon", "coordinates": [ [ [ 6.513102006227805, 62.477918054912116 ], [ 6.515111794191736, 62.479435073944018 ], [ 6.513361854103205, 62.479441825356254 ], [ 6.513102006227805, 62.477918054912116 ] ] ] } },
{ "type": "Feature", "properties": { }, "geometry": { "type": "Polygon", "coordinates": [ [ [ 6.511512478518866, 62.478138519159181 ], [ 6.513102006227805, 62.477918054912116 ], [ 6.513361854103205, 62.479441825356254 ], [ 6.511512478518866, 62.478138519159181 ] ] ] } },
{ "type": "Feature", "properties": { }, "geometry": { "type": "Polygon", "coordinates": [ [ [ 6.448501875899032, 62.47419706602119 ], [ 6.449148908126891, 62.475686731036539 ], [ 6.448086183498438, 62.475767082705794 ], [ 6.448501875899032, 62.47419706602119 ] ] ] } },
{ "type": "Feature", "properties": { }, "geometry": { "type": "Polygon", "coordinates": [ [ [ 6.447048122790691, 62.474652196319134 ], [ 6.448086183498438, 62.475767082705794 ], [ 6.44691127142824, 62.476169369148025 ], [ 6.447048122790691, 62.474652196319134 ] ] ] } },
{ "type": "Feature", "properties": { }, "geometry": { "type": "Polygon", "coordinates": [ [ [ 6.447048122790691, 62.474652196319134 ], [ 6.448501875899032, 62.47419706602119 ], [ 6.448086183498438, 62.475767082705794 ], [ 6.447048122790691, 62.474652196319134 ] ] ] } },
{ "type": "Feature", "properties": { }, "geometry": { "type": "Polygon", "coordinates": [ [ [ 6.450319820879868, 62.474836175575682 ], [ 6.450048755232597, 62.476257796017975 ], [ 6.449148908126891, 62.475686731036539 ], [ 6.450319820879868, 62.474836175575682 ] ] ] } },
{ "type": "Feature", "properties": { }, "geometry": { "type": "Polygon", "coordinates": [ [ [ 6.432432488003673, 62.473385893541035 ], [ 6.43483540382135, 62.473373932538919 ], [ 6.43376520388211, 62.475277508774241 ], [ 6.432432488003673, 62.473385893541035 ] ] ] } },
{ "type": "Feature", "properties": { }, "geometry": { "type": "Polygon", "coordinates": [ [ [ 6.43483540382135, 62.473373932538919 ], [ 6.434917615642629, 62.475556172583019 ], [ 6.43376520388211, 62.475277508774241 ], [ 6.43483540382135, 62.473373932538919 ] ] ] } },
{ "type": "Feature", "properties": { }, "geometry": { "type": "Polygon", "coordinates": [ [ [ 6.396982789681612, 62.468467553184766 ], [ 6.39708719848081, 62.469371510042677 ], [ 6.396256597582415, 62.469015900003285 ], [ 6.396982789681612, 62.468467553184766 ] ] ] } },
{ "type": "Feature", "properties": { }, "geometry": { "type": "Polygon", "coordinates": [ [ [ 6.40874032818932, 62.470836837920288 ], [ 6.409842458624534, 62.472200309840595 ], [ 6.40893033719707, 62.472059286749449 ], [ 6.40874032818932, 62.470836837920288 ] ] ] } },
{ "type": "Feature", "properties": { }, "geometry": { "type": "Polygon", "coordinates": [ [ [ 6.40874032818932, 62.470836837920288 ], [ 6.409933568785507, 62.470510247285759 ], [ 6.409842458624534, 62.472200309840595 ], [ 6.40874032818932, 62.470836837920288 ] ] ] } },
{ "type": "Feature", "properties": { }, "geometry": { "type": "Polygon", "coordinates": [ [ [ 6.55567124462497, 62.480719399654092 ], [ 6.557789571862231, 62.480500885953873 ], [ 6.556404522268384, 62.482644089362239 ], [ 6.55567124462497, 62.480719399654092 ] ] ] } },
{ "type": "Feature", "properties": { }, "geometry": { "type": "Polygon", "coordinates": [ [ [ 6.557789571862231, 62.480500885953873 ], [ 6.559168060135088, 62.482080439022539 ], [ 6.556404522268384, 62.482644089362239 ], [ 6.557789571862231, 62.480500885953873 ] ] ] } },
{ "type": "Feature", "properties": { }, "geometry": { "type": "Polygon", "coordinates": [ [ [ 6.451576364282475, 62.471628217400038 ], [ 6.452877954744419, 62.473452712677549 ], [ 6.451082777298262, 62.473606387475755 ], [ 6.451576364282475, 62.471628217400038 ] ] ] } },
{ "type": "Feature", "properties": { }, "geometry": { "type": "Polygon", "coordinates": [ [ [ 6.450469956895407, 62.471661847398181 ], [ 6.451576364282475, 62.471628217400038 ], [ 6.451082777298262, 62.473606387475755 ], [ 6.450469956895407, 62.471661847398181 ] ] ] } },
{ "type": "Feature", "properties": { }, "geometry": { "type": "Polygon", "coordinates": [ [ [ 6.462322065168378, 62.479900090419356 ], [ 6.464120346593158, 62.479798599743425 ], [ 6.463564173189018, 62.480868545412797 ], [ 6.462322065168378, 62.479900090419356 ] ] ] } },
{ "type": "Feature", "properties": { }, "geometry": { "type": "Polygon", "coordinates": [ [ [ 6.417848486795808, 62.474928282467268 ], [ 6.418750261547559, 62.47491058904415 ], [ 6.41888464030186, 62.475802470824718 ], [ 6.417848486795808, 62.474928282467268 ] ] ] } },
{ "type": "Feature", "properties": { }, "geometry": { "type": "Polygon", "coordinates": [ [ [ 6.438242322491995, 62.470238613960525 ], [ 6.439584454827664, 62.470551046896915 ], [ 6.438453193910416, 62.472371709886531 ], [ 6.438242322491995, 62.470238613960525 ] ] ] } },
{ "type": "Feature", "properties": { }, "geometry": { "type": "Polygon", "coordinates": [ [ [ 6.438242322491995, 62.470238613960525 ], [ 6.438453193910416, 62.472371709886531 ], [ 6.43692890860869, 62.471445425107405 ], [ 6.438242322491995, 62.470238613960525 ] ] ] } },
{ "type": "Feature", "properties": { }, "geometry": { "type": "Polygon", "coordinates": [ [ [ 6.49812582323583, 62.480435714605655 ], [ 6.498716648102229, 62.481340300089819 ], [ 6.497879580460289, 62.48174140752338 ], [ 6.49812582323583, 62.480435714605655 ] ] ] } },
{ "type": "Feature", "properties": { }, "geometry": { "type": "Polygon", "coordinates": [ [ [ 6.49812582323583, 62.480435714605655 ], [ 6.497879580460289, 62.48174140752338 ], [ 6.497131940251252, 62.481317568399021 ], [ 6.49812582323583, 62.480435714605655 ] ] ] } },
{ "type": "Feature", "properties": { }, "geometry": { "type": "Polygon", "coordinates": [ [ [ 6.472382806801865, 62.479655143304605 ], [ 6.47345123484285, 62.479537984485333 ], [ 6.473767836939714, 62.481063887221772 ], [ 6.472382806801865, 62.479655143304605 ] ] ] } },
{ "type": "Feature", "properties": { }, "geometry": { "type": "Polygon", "coordinates": [ [ [ 6.44869399392037, 62.471498013150914 ], [ 6.450469956895407, 62.471661847398181 ], [ 6.448501875899032, 62.47419706602119 ], [ 6.44869399392037, 62.471498013150914 ] ] ] } },
{ "type": "Feature", "properties": { }, "geometry": { "type": "Polygon", "coordinates": [ [ [ 6.44869399392037, 62.471498013150914 ], [ 6.448501875899032, 62.47419706602119 ], [ 6.447540477669507, 62.472888071748436 ], [ 6.44869399392037, 62.471498013150914 ] ] ] } },
{ "type": "Feature", "properties": { }, "geometry": { "type": "Polygon", "coordinates": [ [ [ 6.447797633429579, 62.471100130597108 ], [ 6.44869399392037, 62.471498013150914 ], [ 6.447540477669507, 62.472888071748436 ], [ 6.447797633429579, 62.471100130597108 ] ] ] } },
{ "type": "Feature", "properties": { }, "geometry": { "type": "Polygon", "coordinates": [ [ [ 6.481346085260557, 62.473744171767805 ], [ 6.482459366734822, 62.474657607067968 ], [ 6.48086627896386, 62.474432580428676 ], [ 6.481346085260557, 62.473744171767805 ] ] ] } },
{ "type": "Feature", "properties": { }, "geometry": { "type": "Polygon", "coordinates": [ [ [ 6.440911272713495, 62.47420925454535 ], [ 6.442981664766186, 62.473647554341291 ], [ 6.44230354608327, 62.475244569345328 ], [ 6.440911272713495, 62.47420925454535 ] ] ] } },
{ "type": "Feature", "properties": { }, "geometry": { "type": "Polygon", "coordinates": [ [ [ 6.485052109460375, 62.474490222768921 ], [ 6.486078090806528, 62.47477232863308 ], [ 6.485217927749899, 62.475893895287044 ], [ 6.485052109460375, 62.474490222768921 ] ] ] } },
{ "type": "Feature", "properties": { }, "geometry": { "type": "Polygon", "coordinates": [ [ [ 6.447048122790691, 62.474652196319134 ], [ 6.44691127142824, 62.476169369148025 ], [ 6.445618522445622, 62.476319916444496 ], [ 6.447048122790691, 62.474652196319134 ] ] ] } },
{ "type": "Feature", "properties": { }, "geometry": { "type": "Polygon", "coordinates": [ [ [ 6.396076464311931, 62.468022311751135 ], [ 6.396982789681612, 62.468467553184766 ], [ 6.396256597582415, 62.469015900003285 ], [ 6.396076464311931, 62.468022311751135 ] ] ] } },
{ "type": "Feature", "properties": { }, "geometry": { "type": "Polygon", "coordinates": [ [ [ 6.396076464311931, 62.468022311751135 ], [ 6.396256597582415, 62.469015900003285 ], [ 6.395220036706416, 62.468557285924774 ], [ 6.396076464311931, 62.468022311751135 ] ] ] } },
{ "type": "Feature", "properties": { }, "geometry": { "type": "Polygon", "coordinates": [ [ [ 6.39768634123123, 62.46689337634151 ], [ 6.398961374819558, 62.467483458476394 ], [ 6.397785434998764, 62.468038834520399 ], [ 6.39768634123123, 62.46689337634151 ] ] ] } },
{ "type": "Feature", "properties": { }, "geometry": { "type": "Polygon", "coordinates": [ [ [ 6.397785434998764, 62.468038834520399 ], [ 6.398961374819558, 62.467483458476394 ], [ 6.398505146048016, 62.468744349568254 ], [ 6.397785434998764, 62.468038834520399 ] ] ] } },
{ "type": "Feature", "properties": { }, "geometry": { "type": "Polygon", "coordinates": [ [ [ 6.396829201254433, 62.467103185002998 ], [ 6.397785434998764, 62.468038834520399 ], [ 6.396982789681612, 62.468467553184766 ], [ 6.396829201254433, 62.467103185002998 ] ] ] } },
{ "type": "Feature", "properties": { }, "geometry": { "type": "Polygon", "coordinates": [ [ [ 6.396829201254433, 62.467103185002998 ], [ 6.39768634123123, 62.46689337634151 ], [ 6.397785434998764, 62.468038834520399 ], [ 6.396829201254433, 62.467103185002998 ] ] ] } },
{ "type": "Feature", "properties": { }, "geometry": { "type": "Polygon", "coordinates": [ [ [ 6.463077389054693, 62.477301099890099 ], [ 6.466172025561316, 62.478679657735448 ], [ 6.464120346593158, 62.479798599743425 ], [ 6.463077389054693, 62.477301099890099 ] ] ] } },
{ "type": "Feature", "properties": { }, "geometry": { "type": "Polygon", "coordinates": [ [ [ 6.463077389054693, 62.477301099890099 ], [ 6.464120346593158, 62.479798599743425 ], [ 6.462322065168378, 62.479900090419356 ], [ 6.463077389054693, 62.477301099890099 ] ] ] } },
{ "type": "Feature", "properties": { }, "geometry": { "type": "Polygon", "coordinates": [ [ [ 6.416577503203605, 62.473770214439917 ], [ 6.418268008613516, 62.473320837890213 ], [ 6.417848486795808, 62.474928282467268 ], [ 6.416577503203605, 62.473770214439917 ] ] ] } },
{ "type": "Feature", "properties": { }, "geometry": { "type": "Polygon", "coordinates": [ [ [ 6.418268008613516, 62.473320837890213 ], [ 6.418750261547559, 62.47491058904415 ], [ 6.417848486795808, 62.474928282467268 ], [ 6.418268008613516, 62.473320837890213 ] ] ] } },
{ "type": "Feature", "properties": { }, "geometry": { "type": "Polygon", "coordinates": [ [ [ 6.446351871387063, 62.471788921168915 ], [ 6.447797633429579, 62.471100130597108 ], [ 6.447540477669507, 62.472888071748436 ], [ 6.446351871387063, 62.471788921168915 ] ] ] } },
{ "type": "Feature", "properties": { }, "geometry": { "type": "Polygon", "coordinates": [ [ [ 6.48086627896386, 62.474432580428676 ], [ 6.482459366734822, 62.474657607067968 ], [ 6.479986887157322, 62.475703578021282 ], [ 6.48086627896386, 62.474432580428676 ] ] ] } },
{ "type": "Feature", "properties": { }, "geometry": { "type": "Polygon", "coordinates": [ [ [ 6.479986887157322, 62.475703578021282 ], [ 6.482459366734822, 62.474657607067968 ], [ 6.483076833137909, 62.476975606160224 ], [ 6.479986887157322, 62.475703578021282 ] ] ] } },
{ "type": "Feature", "properties": { }, "geometry": { "type": "Polygon", "coordinates": [ [ [ 6.418268008613516, 62.473320837890213 ], [ 6.419918065447357, 62.473729017770189 ], [ 6.418750261547559, 62.47491058904415 ], [ 6.418268008613516, 62.473320837890213 ] ] ] } },
{ "type": "Feature", "properties": { }, "geometry": { "type": "Polygon", "coordinates": [ [ [ 6.458783363344423, 62.472375451961945 ], [ 6.460882954620788, 62.472139042720364 ], [ 6.459934892242782, 62.474153938404385 ], [ 6.458783363344423, 62.472375451961945 ] ] ] } },
{ "type": "Feature", "properties": { }, "geometry": { "type": "Polygon", "coordinates": [ [ [ 6.458783363344423, 62.472375451961945 ], [ 6.459934892242782, 62.474153938404385 ], [ 6.45797610715938, 62.474961523586721 ], [ 6.458783363344423, 62.472375451961945 ] ] ] } },
{ "type": "Feature", "properties": { }, "geometry": { "type": "Polygon", "coordinates": [ [ [ 6.456824265905018, 62.473552871751792 ], [ 6.458783363344423, 62.472375451961945 ], [ 6.45797610715938, 62.474961523586721 ], [ 6.456824265905018, 62.473552871751792 ] ] ] } },
{ "type": "Feature", "properties": { }, "geometry": { "type": "Polygon", "coordinates": [ [ [ 6.438653892387957, 62.475101309075619 ], [ 6.440911272713495, 62.47420925454535 ], [ 6.439557371784511, 62.476121301980669 ], [ 6.438653892387957, 62.475101309075619 ] ] ] } },
{ "type": "Feature", "properties": { }, "geometry": { "type": "Polygon", "coordinates": [ [ [ 6.477820469429015, 62.480990329448503 ], [ 6.479060039829943, 62.481443883587481 ], [ 6.478251882544768, 62.482237778389099 ], [ 6.477820469429015, 62.480990329448503 ] ] ] } },
{ "type": "Feature", "properties": { }, "geometry": { "type": "Polygon", "coordinates": [ [ [ 6.47662115712087, 62.481541597190507 ], [ 6.477820469429015, 62.480990329448503 ], [ 6.478251882544768, 62.482237778389099 ], [ 6.47662115712087, 62.481541597190507 ] ] ] } },
{ "type": "Feature", "properties": { }, "geometry": { "type": "Polygon", "coordinates": [ [ [ 6.430039238167359, 62.473143873722584 ], [ 6.429799168768096, 62.475445064389262 ], [ 6.426931273242081, 62.475030640488455 ], [ 6.430039238167359, 62.473143873722584 ] ] ] } },
{ "type": "Feature", "properties": { }, "geometry": { "type": "Polygon", "coordinates": [ [ [ 6.430039238167359, 62.473143873722584 ], [ 6.431037001629382, 62.475231355429024 ], [ 6.429799168768096, 62.475445064389262 ], [ 6.430039238167359, 62.473143873722584 ] ] ] } },
{ "type": "Feature", "properties": { }, "geometry": { "type": "Polygon", "coordinates": [ [ [ 6.552754847892269, 62.481905156178193 ], [ 6.554122904234956, 62.481406414468253 ], [ 6.553562625904713, 62.482750441864795 ], [ 6.552754847892269, 62.481905156178193 ] ] ] } },
{ "type": "Feature", "properties": { }, "geometry": { "type": "Polygon", "coordinates": [ [ [ 6.552719418809003, 62.47999172671846 ], [ 6.554190811208862, 62.479951866396547 ], [ 6.554122904234956, 62.481406414468253 ], [ 6.552719418809003, 62.47999172671846 ] ] ] } },
{ "type": "Feature", "properties": { }, "geometry": { "type": "Polygon", "coordinates": [ [ [ 6.552719418809003, 62.47999172671846 ], [ 6.554122904234956, 62.481406414468253 ], [ 6.552754847892269, 62.481905156178193 ], [ 6.552719418809003, 62.47999172671846 ] ] ] } },
{ "type": "Feature", "properties": { }, "geometry": { "type": "Polygon", "coordinates": [ [ [ 6.552719418809003, 62.47999172671846 ], [ 6.552754847892269, 62.481905156178193 ], [ 6.551507120418528, 62.481099598444409 ], [ 6.552719418809003, 62.47999172671846 ] ] ] } },
{ "type": "Feature", "properties": { }, "geometry": { "type": "Polygon", "coordinates": [ [ [ 6.531527529718908, 62.478687492298171 ], [ 6.533778952219344, 62.478468714827073 ], [ 6.532569586195766, 62.479940943667472 ], [ 6.531527529718908, 62.478687492298171 ] ] ] } },
{ "type": "Feature", "properties": { }, "geometry": { "type": "Polygon", "coordinates": [ [ [ 6.5065421819312, 62.478582724547962 ], [ 6.508201744965358, 62.478565725862119 ], [ 6.507657206097292, 62.479535536288473 ], [ 6.5065421819312, 62.478582724547962 ] ] ] } },
{ "type": "Feature", "properties": { }, "geometry": { "type": "Polygon", "coordinates": [ [ [ 6.5065421819312, 62.478582724547962 ], [ 6.507657206097292, 62.479535536288473 ], [ 6.506459583569008, 62.479899843012213 ], [ 6.5065421819312, 62.478582724547962 ] ] ] } },
{ "type": "Feature", "properties": { }, "geometry": { "type": "Polygon", "coordinates": [ [ [ 6.477746376769447, 62.475049962815518 ], [ 6.479986887157322, 62.475703578021282 ], [ 6.479368016221358, 62.479380123251069 ], [ 6.477746376769447, 62.475049962815518 ] ] ] } },
{ "type": "Feature", "properties": { }, "geometry": { "type": "Polygon", "coordinates": [ [ [ 6.47574288331922, 62.476510478703467 ], [ 6.477746376769447, 62.475049962815518 ], [ 6.479368016221358, 62.479380123251069 ], [ 6.47574288331922, 62.476510478703467 ] ] ] } },
{ "type": "Feature", "properties": { }, "geometry": { "type": "Polygon", "coordinates": [ [ [ 6.499567961680324, 62.480139029772616 ], [ 6.499604531351667, 62.481610915584213 ], [ 6.498716648102229, 62.481340300089819 ], [ 6.499567961680324, 62.480139029772616 ] ] ] } },
{ "type": "Feature", "properties": { }, "geometry": { "type": "Polygon", "coordinates": [ [ [ 6.40874032818932, 62.470836837920288 ], [ 6.40893033719707, 62.472059286749449 ], [ 6.408031278340113, 62.471850609528829 ], [ 6.40874032818932, 62.470836837920288 ] ] ] } },
{ "type": "Feature", "properties": { }, "geometry": { "type": "Polygon", "coordinates": [ [ [ 6.408031278340113, 62.471850609528829 ], [ 6.40893033719707, 62.472059286749449 ], [ 6.407699592208938, 62.472814294596077 ], [ 6.408031278340113, 62.471850609528829 ] ] ] } },
{ "type": "Feature", "properties": { }, "geometry": { "type": "Polygon", "coordinates": [ [ [ 6.407000285785707, 62.472034680418389 ], [ 6.408031278340113, 62.471850609528829 ], [ 6.407699592208938, 62.472814294596077 ], [ 6.407000285785707, 62.472034680418389 ] ] ] } },
{ "type": "Feature", "properties": { }, "geometry": { "type": "Polygon", "coordinates": [ [ [ 6.40730293260745, 62.470750461873322 ], [ 6.408031278340113, 62.471850609528829 ], [ 6.407000285785707, 62.472034680418389 ], [ 6.40730293260745, 62.470750461873322 ] ] ] } },
{ "type": "Feature", "properties": { }, "geometry": { "type": "Polygon", "coordinates": [ [ [ 6.40730293260745, 62.470750461873322 ], [ 6.40874032818932, 62.470836837920288 ], [ 6.408031278340113, 62.471850609528829 ], [ 6.40730293260745, 62.470750461873322 ] ] ] } },
{ "type": "Feature", "properties": { }, "geometry": { "type": "Polygon", "coordinates": [ [ [ 6.497980762596183, 62.478022881829759 ], [ 6.499451227448517, 62.478011678996104 ], [ 6.499567961680324, 62.480139029772616 ], [ 6.497980762596183, 62.478022881829759 ] ] ] } },
{ "type": "Feature", "properties": { }, "geometry": { "type": "Polygon", "coordinates": [ [ [ 6.471908297420383, 62.478584234396415 ], [ 6.472382806801865, 62.479655143304605 ], [ 6.471309880432627, 62.479591161479931 ], [ 6.471908297420383, 62.478584234396415 ] ] ] } },
{ "type": "Feature", "properties": { }, "geometry": { "type": "Polygon", "coordinates": [ [ [ 6.470762185285109, 62.477721884872466 ], [ 6.471908297420383, 62.478584234396415 ], [ 6.471309880432627, 62.479591161479931 ], [ 6.470762185285109, 62.477721884872466 ] ] ] } },
{ "type": "Feature", "properties": { }, "geometry": { "type": "Polygon", "coordinates": [ [ [ 6.492727864276753, 62.477658133616899 ], [ 6.493903546243543, 62.477196140747239 ], [ 6.493765750858155, 62.478572415666996 ], [ 6.492727864276753, 62.477658133616899 ] ] ] } },
{ "type": "Feature", "properties": { }, "geometry": { "type": "Polygon", "coordinates": [ [ [ 6.492727864276753, 62.477658133616899 ], [ 6.493765750858155, 62.478572415666996 ], [ 6.492123710527947, 62.47939020653719 ], [ 6.492727864276753, 62.477658133616899 ] ] ] } },
{ "type": "Feature", "properties": { }, "geometry": { "type": "Polygon", "coordinates": [ [ [ 6.492727864276753, 62.477658133616899 ], [ 6.492123710527947, 62.47939020653719 ], [ 6.490185106489279, 62.479311714308075 ], [ 6.492727864276753, 62.477658133616899 ] ] ] } },
{ "type": "Feature", "properties": { }, "geometry": { "type": "Polygon", "coordinates": [ [ [ 6.457393181543214, 62.478095244829056 ], [ 6.458922694884443, 62.478096237559356 ], [ 6.457873343642283, 62.479209015172849 ], [ 6.457393181543214, 62.478095244829056 ] ] ] } },
{ "type": "Feature", "properties": { }, "geometry": { "type": "Polygon", "coordinates": [ [ [ 6.412576460174688, 62.465657977903788 ], [ 6.41378107880803, 62.465853921894372 ], [ 6.41296047160066, 62.467097995174228 ], [ 6.412576460174688, 62.465657977903788 ] ] ] } },
{ "type": "Feature", "properties": { }, "geometry": { "type": "Polygon", "coordinates": [ [ [ 6.468773818345047, 62.473225724547959 ], [ 6.470587868012128, 62.472912083854517 ], [ 6.470196674917028, 62.474974446309908 ], [ 6.468773818345047, 62.473225724547959 ] ] ] } },
{ "type": "Feature", "properties": { }, "geometry": { "type": "Polygon", "coordinates": [ [ [ 6.468773818345047, 62.473225724547959 ], [ 6.470196674917028, 62.474974446309908 ], [ 6.467534421098128, 62.474114482126112 ], [ 6.468773818345047, 62.473225724547959 ] ] ] } },
{ "type": "Feature", "properties": { }, "geometry": { "type": "Polygon", "coordinates": [ [ [ 6.467815224623436, 62.472615434112015 ], [ 6.468773818345047, 62.473225724547959 ], [ 6.467534421098128, 62.474114482126112 ], [ 6.467815224623436, 62.472615434112015 ] ] ] } },
{ "type": "Feature", "properties": { }, "geometry": { "type": "Polygon", "coordinates": [ [ [ 6.445465680904819, 62.470455007092006 ], [ 6.446351871387063, 62.471788921168915 ], [ 6.444580141003748, 62.472004647533964 ], [ 6.445465680904819, 62.470455007092006 ] ] ] } },
{ "type": "Feature", "properties": { }, "geometry": { "type": "Polygon", "coordinates": [ [ [ 6.444056252867858, 62.470298450699829 ], [ 6.445465680904819, 62.470455007092006 ], [ 6.444580141003748, 62.472004647533964 ], [ 6.444056252867858, 62.470298450699829 ] ] ] } },
{ "type": "Feature", "properties": { }, "geometry": { "type": "Polygon", "coordinates": [ [ [ 6.529405894384076, 62.478397265766183 ], [ 6.531527529718908, 62.478687492298171 ], [ 6.530047965576936, 62.479892990582222 ], [ 6.529405894384076, 62.478397265766183 ] ] ] } },
{ "type": "Feature", "properties": { }, "geometry": { "type": "Polygon", "coordinates": [ [ [ 6.473587383201223, 62.475298128368905 ], [ 6.47574288331922, 62.476510478703467 ], [ 6.472712643252045, 62.477732745802342 ], [ 6.473587383201223, 62.475298128368905 ] ] ] } },
{ "type": "Feature", "properties": { }, "geometry": { "type": "Polygon", "coordinates": [ [ [ 6.471779939524173, 62.474994463869898 ], [ 6.473587383201223, 62.475298128368905 ], [ 6.472712643252045, 62.477732745802342 ], [ 6.471779939524173, 62.474994463869898 ] ] ] } },
{ "type": "Feature", "properties": { }, "geometry": { "type": "Polygon", "coordinates": [ [ [ 6.412015769496827, 62.472049821939621 ], [ 6.413486862349122, 62.472981146280645 ], [ 6.412518666879274, 62.473224483035395 ], [ 6.412015769496827, 62.472049821939621 ] ] ] } },
{ "type": "Feature", "properties": { }, "geometry": { "type": "Polygon", "coordinates": [ [ [ 6.414660847122065, 62.472287713414836 ], [ 6.414274003265837, 62.47359516942457 ], [ 6.413486862349122, 62.472981146280645 ], [ 6.414660847122065, 62.472287713414836 ] ] ] } },
{ "type": "Feature", "properties": { }, "geometry": { "type": "Polygon", "coordinates": [ [ [ 6.414660847122065, 62.472287713414836 ], [ 6.416022085175619, 62.472365946068152 ], [ 6.414274003265837, 62.47359516942457 ], [ 6.414660847122065, 62.472287713414836 ] ] ] } },
{ "type": "Feature", "properties": { }, "geometry": { "type": "Polygon", "coordinates": [ [ [ 6.50177625885817, 62.480246175206219 ], [ 6.504010952102404, 62.480741456611163 ], [ 6.502772519477594, 62.481402929397554 ], [ 6.50177625885817, 62.480246175206219 ] ] ] } },
{ "type": "Feature", "properties": { }, "geometry": { "type": "Polygon", "coordinates": [ [ [ 6.398247583865817, 62.466212409881706 ], [ 6.398961374819558, 62.467483458476394 ], [ 6.39768634123123, 62.46689337634151 ], [ 6.398247583865817, 62.466212409881706 ] ] ] } },
{ "type": "Feature", "properties": { }, "geometry": { "type": "Polygon", "coordinates": [ [ [ 6.396829201254433, 62.467103185002998 ], [ 6.396982789681612, 62.468467553184766 ], [ 6.396076464311931, 62.468022311751135 ], [ 6.396829201254433, 62.467103185002998 ] ] ] } },
{ "type": "Feature", "properties": { }, "geometry": { "type": "Polygon", "coordinates": [ [ [ 6.43483540382135, 62.473373932538919 ], [ 6.436205956618106, 62.473794727305787 ], [ 6.434917615642629, 62.475556172583019 ], [ 6.43483540382135, 62.473373932538919 ] ] ] } },
{ "type": "Feature", "properties": { }, "geometry": { "type": "Polygon", "coordinates": [ [ [ 6.436205956618106, 62.473794727305787 ], [ 6.436501279990707, 62.47519767680955 ], [ 6.434917615642629, 62.475556172583019 ], [ 6.436205956618106, 62.473794727305787 ] ] ] } },
{ "type": "Feature", "properties": { }, "geometry": { "type": "Polygon", "coordinates": [ [ [ 6.408763702344484, 62.468579114603465 ], [ 6.410815372053684, 62.469274176164539 ], [ 6.409933568785507, 62.470510247285759 ], [ 6.408763702344484, 62.468579114603465 ] ] ] } },
{ "type": "Feature", "properties": { }, "geometry": { "type": "Polygon", "coordinates": [ [ [ 6.410815372053684, 62.469274176164539 ], [ 6.411431799485179, 62.470661787796871 ], [ 6.409933568785507, 62.470510247285759 ], [ 6.410815372053684, 62.469274176164539 ] ] ] } },
{ "type": "Feature", "properties": { }, "geometry": { "type": "Polygon", "coordinates": [ [ [ 6.408763702344484, 62.468579114603465 ], [ 6.409933568785507, 62.470510247285759 ], [ 6.40874032818932, 62.470836837920288 ], [ 6.408763702344484, 62.468579114603465 ] ] ] } },
{ "type": "Feature", "properties": { }, "geometry": { "type": "Polygon", "coordinates": [ [ [ 6.450469956895407, 62.471661847398181 ], [ 6.451082777298262, 62.473606387475755 ], [ 6.448501875899032, 62.47419706602119 ], [ 6.450469956895407, 62.471661847398181 ] ] ] } },
{ "type": "Feature", "properties": { }, "geometry": { "type": "Polygon", "coordinates": [ [ [ 6.46044145821187, 62.477915212694285 ], [ 6.463077389054693, 62.477301099890099 ], [ 6.462322065168378, 62.479900090419356 ], [ 6.46044145821187, 62.477915212694285 ] ] ] } },
{ "type": "Feature", "properties": { }, "geometry": { "type": "Polygon", "coordinates": [ [ [ 6.398961374819558, 62.467483458476394 ], [ 6.4003161804096, 62.468251783106552 ], [ 6.398505146048016, 62.468744349568254 ], [ 6.398961374819558, 62.467483458476394 ] ] ] } },
{ "type": "Feature", "properties": { }, "geometry": { "type": "Polygon", "coordinates": [ [ [ 6.497980762596183, 62.478022881829759 ], [ 6.499567961680324, 62.480139029772616 ], [ 6.49812582323583, 62.480435714605655 ], [ 6.497980762596183, 62.478022881829759 ] ] ] } },
{ "type": "Feature", "properties": { }, "geometry": { "type": "Polygon", "coordinates": [ [ [ 6.49812582323583, 62.480435714605655 ], [ 6.499567961680324, 62.480139029772616 ], [ 6.498716648102229, 62.481340300089819 ], [ 6.49812582323583, 62.480435714605655 ] ] ] } },
{ "type": "Feature", "properties": { }, "geometry": { "type": "Polygon", "coordinates": [ [ [ 6.419464800498804, 62.472022083418594 ], [ 6.419918065447357, 62.473729017770189 ], [ 6.418268008613516, 62.473320837890213 ], [ 6.419464800498804, 62.472022083418594 ] ] ] } },
{ "type": "Feature", "properties": { }, "geometry": { "type": "Polygon", "coordinates": [ [ [ 6.416022085175619, 62.472365946068152 ], [ 6.418268008613516, 62.473320837890213 ], [ 6.416577503203605, 62.473770214439917 ], [ 6.416022085175619, 62.472365946068152 ] ] ] } },
{ "type": "Feature", "properties": { }, "geometry": { "type": "Polygon", "coordinates": [ [ [ 6.416022085175619, 62.472365946068152 ], [ 6.417682130416922, 62.47158016148218 ], [ 6.418268008613516, 62.473320837890213 ], [ 6.416022085175619, 62.472365946068152 ] ] ] } },
{ "type": "Feature", "properties": { }, "geometry": { "type": "Polygon", "coordinates": [ [ [ 6.417682130416922, 62.47158016148218 ], [ 6.419464800498804, 62.472022083418594 ], [ 6.418268008613516, 62.473320837890213 ], [ 6.417682130416922, 62.47158016148218 ] ] ] } },
{ "type": "Feature", "properties": { }, "geometry": { "type": "Polygon", "coordinates": [ [ [ 6.460882954620788, 62.472139042720364 ], [ 6.463418602951908, 62.472107154164988 ], [ 6.462221073093205, 62.474595928088355 ], [ 6.460882954620788, 62.472139042720364 ] ] ] } },
{ "type": "Feature", "properties": { }, "geometry": { "type": "Polygon", "coordinates": [ [ [ 6.460882954620788, 62.472139042720364 ], [ 6.462221073093205, 62.474595928088355 ], [ 6.459934892242782, 62.474153938404385 ], [ 6.460882954620788, 62.472139042720364 ] ] ] } },
{ "type": "Feature", "properties": { }, "geometry": { "type": "Polygon", "coordinates": [ [ [ 6.439960387348708, 62.472701178398857 ], [ 6.441503037944326, 62.472680912642375 ], [ 6.440911272713495, 62.47420925454535 ], [ 6.439960387348708, 62.472701178398857 ] ] ] } },
{ "type": "Feature", "properties": { }, "geometry": { "type": "Polygon", "coordinates": [ [ [ 6.441503037944326, 62.472680912642375 ], [ 6.442981664766186, 62.473647554341291 ], [ 6.440911272713495, 62.47420925454535 ], [ 6.441503037944326, 62.472680912642375 ] ] ] } },
{ "type": "Feature", "properties": { }, "geometry": { "type": "Polygon", "coordinates": [ [ [ 6.438800418332543, 62.47371835755839 ], [ 6.440911272713495, 62.47420925454535 ], [ 6.438653892387957, 62.475101309075619 ], [ 6.438800418332543, 62.47371835755839 ] ] ] } },
{ "type": "Feature", "properties": { }, "geometry": { "type": "Polygon", "coordinates": [ [ [ 6.439960387348708, 62.472701178398857 ], [ 6.440911272713495, 62.47420925454535 ], [ 6.438800418332543, 62.47371835755839 ], [ 6.439960387348708, 62.472701178398857 ] ] ] } },
{ "type": "Feature", "properties": { }, "geometry": { "type": "Polygon", "coordinates": [ [ [ 6.479986887157322, 62.475703578021282 ], [ 6.483076833137909, 62.476975606160224 ], [ 6.479368016221358, 62.479380123251069 ], [ 6.479986887157322, 62.475703578021282 ] ] ] } },
{ "type": "Feature", "properties": { }, "geometry": { "type": "Polygon", "coordinates": [ [ [ 6.471908297420383, 62.478584234396415 ], [ 6.472712643252045, 62.477732745802342 ], [ 6.47345123484285, 62.479537984485333 ], [ 6.471908297420383, 62.478584234396415 ] ] ] } },
{ "type": "Feature", "properties": { }, "geometry": { "type": "Polygon", "coordinates": [ [ [ 6.472712643252045, 62.477732745802342 ], [ 6.47574288331922, 62.476510478703467 ], [ 6.47345123484285, 62.479537984485333 ], [ 6.472712643252045, 62.477732745802342 ] ] ] } },
{ "type": "Feature", "properties": { }, "geometry": { "type": "Polygon", "coordinates": [ [ [ 6.47574288331922, 62.476510478703467 ], [ 6.476316575694725, 62.479298746345222 ], [ 6.47345123484285, 62.479537984485333 ], [ 6.47574288331922, 62.476510478703467 ] ] ] } },
{ "type": "Feature", "properties": { }, "geometry": { "type": "Polygon", "coordinates": [ [ [ 6.471908297420383, 62.478584234396415 ], [ 6.47345123484285, 62.479537984485333 ], [ 6.472382806801865, 62.479655143304605 ], [ 6.471908297420383, 62.478584234396415 ] ] ] } },
{ "type": "Feature", "properties": { }, "geometry": { "type": "Polygon", "coordinates": [ [ [ 6.486199124046835, 62.479181675810615 ], [ 6.486389437601918, 62.481399447855615 ], [ 6.484422808952083, 62.481112252681974 ], [ 6.486199124046835, 62.479181675810615 ] ] ] } },
{ "type": "Feature", "properties": { }, "geometry": { "type": "Polygon", "coordinates": [ [ [ 6.486199124046835, 62.479181675810615 ], [ 6.488360869757006, 62.478651027549169 ], [ 6.486389437601918, 62.481399447855615 ], [ 6.486199124046835, 62.479181675810615 ] ] ] } },
{ "type": "Feature", "properties": { }, "geometry": { "type": "Polygon", "coordinates": [ [ [ 6.41378107880803, 62.465853921894372 ], [ 6.415102365623434, 62.467450634100324 ], [ 6.41296047160066, 62.467097995174228 ], [ 6.41378107880803, 62.465853921894372 ] ] ] } },
{ "type": "Feature", "properties": { }, "geometry": { "type": "Polygon", "coordinates": [ [ [ 6.412015769496827, 62.472049821939621 ], [ 6.413399159887749, 62.471492168618418 ], [ 6.413486862349122, 62.472981146280645 ], [ 6.412015769496827, 62.472049821939621 ] ] ] } },
{ "type": "Feature", "properties": { }, "geometry": { "type": "Polygon", "coordinates": [ [ [ 6.411431799485179, 62.470661787796871 ], [ 6.413399159887749, 62.471492168618418 ], [ 6.412015769496827, 62.472049821939621 ], [ 6.411431799485179, 62.470661787796871 ] ] ] } },
{ "type": "Feature", "properties": { }, "geometry": { "type": "Polygon", "coordinates": [ [ [ 6.413399159887749, 62.471492168618418 ], [ 6.414660847122065, 62.472287713414836 ], [ 6.413486862349122, 62.472981146280645 ], [ 6.413399159887749, 62.471492168618418 ] ] ] } },
{ "type": "Feature", "properties": { }, "geometry": { "type": "Polygon", "coordinates": [ [ [ 6.485217927749899, 62.475893895287044 ], [ 6.487556158464554, 62.477417252482176 ], [ 6.486199124046835, 62.479181675810615 ], [ 6.485217927749899, 62.475893895287044 ] ] ] } },
{ "type": "Feature", "properties": { }, "geometry": { "type": "Polygon", "coordinates": [ [ [ 6.483076833137909, 62.476975606160224 ], [ 6.485217927749899, 62.475893895287044 ], [ 6.486199124046835, 62.479181675810615 ], [ 6.483076833137909, 62.476975606160224 ] ] ] } },
{ "type": "Feature", "properties": { }, "geometry": { "type": "Polygon", "coordinates": [ [ [ 6.419918065447357, 62.473729017770189 ], [ 6.422028389246247, 62.473031896543738 ], [ 6.420611601794651, 62.474744251021505 ], [ 6.419918065447357, 62.473729017770189 ] ] ] } },
{ "type": "Feature", "properties": { }, "geometry": { "type": "Polygon", "coordinates": [ [ [ 6.419464800498804, 62.472022083418594 ], [ 6.422028389246247, 62.473031896543738 ], [ 6.419918065447357, 62.473729017770189 ], [ 6.419464800498804, 62.472022083418594 ] ] ] } },
{ "type": "Feature", "properties": { }, "geometry": { "type": "Polygon", "coordinates": [ [ [ 6.442337363931447, 62.47127026909844 ], [ 6.444580141003748, 62.472004647533964 ], [ 6.442981664766186, 62.473647554341291 ], [ 6.442337363931447, 62.47127026909844 ] ] ] } },
{ "type": "Feature", "properties": { }, "geometry": { "type": "Polygon", "coordinates": [ [ [ 6.444580141003748, 62.472004647533964 ], [ 6.445965286271494, 62.473399215495832 ], [ 6.442981664766186, 62.473647554341291 ], [ 6.444580141003748, 62.472004647533964 ] ] ] } },
{ "type": "Feature", "properties": { }, "geometry": { "type": "Polygon", "coordinates": [ [ [ 6.442981664766186, 62.473647554341291 ], [ 6.445965286271494, 62.473399215495832 ], [ 6.444713872704012, 62.475130785741285 ], [ 6.442981664766186, 62.473647554341291 ] ] ] } },
{ "type": "Feature", "properties": { }, "geometry": { "type": "Polygon", "coordinates": [ [ [ 6.442337363931447, 62.47127026909844 ], [ 6.442981664766186, 62.473647554341291 ], [ 6.441503037944326, 62.472680912642375 ], [ 6.442337363931447, 62.47127026909844 ] ] ] } },
{ "type": "Feature", "properties": { }, "geometry": { "type": "Polygon", "coordinates": [ [ [ 6.408763702344484, 62.468579114603465 ], [ 6.40874032818932, 62.470836837920288 ], [ 6.40730293260745, 62.470750461873322 ], [ 6.408763702344484, 62.468579114603465 ] ] ] } },
{ "type": "Feature", "properties": { }, "geometry": { "type": "Polygon", "coordinates": [ [ [ 6.415102365623434, 62.467450634100324 ], [ 6.416579698852353, 62.467975892787116 ], [ 6.415471424997005, 62.470065562584914 ], [ 6.415102365623434, 62.467450634100324 ] ] ] } },
{ "type": "Feature", "properties": { }, "geometry": { "type": "Polygon", "coordinates": [ [ [ 6.415102365623434, 62.467450634100324 ], [ 6.415471424997005, 62.470065562584914 ], [ 6.412763645347293, 62.469239408012655 ], [ 6.415102365623434, 62.467450634100324 ] ] ] } },
{ "type": "Feature", "properties": { }, "geometry": { "type": "Polygon", "coordinates": [ [ [ 6.41296047160066, 62.467097995174228 ], [ 6.415102365623434, 62.467450634100324 ], [ 6.412763645347293, 62.469239408012655 ], [ 6.41296047160066, 62.467097995174228 ] ] ] } },
{ "type": "Feature", "properties": { }, "geometry": { "type": "Polygon", "coordinates": [ [ [ 6.41138189716487, 62.467865454006386 ], [ 6.41296047160066, 62.467097995174228 ], [ 6.412763645347293, 62.469239408012655 ], [ 6.41138189716487, 62.467865454006386 ] ] ] } },
{ "type": "Feature", "properties": { }, "geometry": { "type": "Polygon", "coordinates": [ [ [ 6.417792909794082, 62.468835542409586 ], [ 6.419621089577489, 62.468395046468345 ], [ 6.420137656905638, 62.470389190816491 ], [ 6.417792909794082, 62.468835542409586 ] ] ] } },
{ "type": "Feature", "properties": { }, "geometry": { "type": "Polygon", "coordinates": [ [ [ 6.422435703533373, 62.468360582843758 ], [ 6.42469919991442, 62.469345587040713 ], [ 6.422153566492504, 62.47081293841039 ], [ 6.422435703533373, 62.468360582843758 ] ] ] } },
{ "type": "Feature", "properties": { }, "geometry": { "type": "Polygon", "coordinates": [ [ [ 6.420611601794651, 62.474744251021505 ], [ 6.421747887192056, 62.47628194902866 ], [ 6.420470992276043, 62.475965692867391 ], [ 6.420611601794651, 62.474744251021505 ] ] ] } },
{ "type": "Feature", "properties": { }, "geometry": { "type": "Polygon", "coordinates": [ [ [ 6.448501875899032, 62.47419706602119 ], [ 6.450319820879868, 62.474836175575682 ], [ 6.449148908126891, 62.475686731036539 ], [ 6.448501875899032, 62.47419706602119 ] ] ] } },
{ "type": "Feature", "properties": { }, "geometry": { "type": "Polygon", "coordinates": [ [ [ 6.405244960099265, 62.467771905627103 ], [ 6.406725059793952, 62.469564344096021 ], [ 6.40483459246589, 62.469010431961649 ], [ 6.405244960099265, 62.467771905627103 ] ] ] } },
{ "type": "Feature", "properties": { }, "geometry": { "type": "Polygon", "coordinates": [ [ [ 6.40483459246589, 62.469010431961649 ], [ 6.406725059793952, 62.469564344096021 ], [ 6.404823774722535, 62.470079902480954 ], [ 6.40483459246589, 62.469010431961649 ] ] ] } },
{ "type": "Feature", "properties": { }, "geometry": { "type": "Polygon", "coordinates": [ [ [ 6.447540477669507, 62.472888071748436 ], [ 6.448501875899032, 62.47419706602119 ], [ 6.447048122790691, 62.474652196319134 ], [ 6.447540477669507, 62.472888071748436 ] ] ] } },
{ "type": "Feature", "properties": { }, "geometry": { "type": "Polygon", "coordinates": [ [ [ 6.445965286271494, 62.473399215495832 ], [ 6.447540477669507, 62.472888071748436 ], [ 6.447048122790691, 62.474652196319134 ], [ 6.445965286271494, 62.473399215495832 ] ] ] } },
{ "type": "Feature", "properties": { }, "geometry": { "type": "Polygon", "coordinates": [ [ [ 6.446351871387063, 62.471788921168915 ], [ 6.447540477669507, 62.472888071748436 ], [ 6.445965286271494, 62.473399215495832 ], [ 6.446351871387063, 62.471788921168915 ] ] ] } },
{ "type": "Feature", "properties": { }, "geometry": { "type": "Polygon", "coordinates": [ [ [ 6.476316575694725, 62.479298746345222 ], [ 6.477820469429015, 62.480990329448503 ], [ 6.47662115712087, 62.481541597190507 ], [ 6.476316575694725, 62.479298746345222 ] ] ] } },
{ "type": "Feature", "properties": { }, "geometry": { "type": "Polygon", "coordinates": [ [ [ 6.479368016221358, 62.479380123251069 ], [ 6.482479344762927, 62.479675185278836 ], [ 6.480183815453149, 62.481300651250663 ], [ 6.479368016221358, 62.479380123251069 ] ] ] } },
{ "type": "Feature", "properties": { }, "geometry": { "type": "Polygon", "coordinates": [ [ [ 6.479368016221358, 62.479380123251069 ], [ 6.480183815453149, 62.481300651250663 ], [ 6.479060039829943, 62.481443883587481 ], [ 6.479368016221358, 62.479380123251069 ] ] ] } },
{ "type": "Feature", "properties": { }, "geometry": { "type": "Polygon", "coordinates": [ [ [ 6.429371166737814, 62.469899367535128 ], [ 6.431945942208693, 62.469878805101089 ], [ 6.430039238167359, 62.473143873722584 ], [ 6.429371166737814, 62.469899367535128 ] ] ] } },
{ "type": "Feature", "properties": { }, "geometry": { "type": "Polygon", "coordinates": [ [ [ 6.427192678266446, 62.471124745740134 ], [ 6.429371166737814, 62.469899367535128 ], [ 6.430039238167359, 62.473143873722584 ], [ 6.427192678266446, 62.471124745740134 ] ] ] } },
{ "type": "Feature", "properties": { }, "geometry": { "type": "Polygon", "coordinates": [ [ [ 6.428409795223279, 62.468941630974811 ], [ 6.429371166737814, 62.469899367535128 ], [ 6.427192678266446, 62.471124745740134 ], [ 6.428409795223279, 62.468941630974811 ] ] ] } },
{ "type": "Feature", "properties": { }, "geometry": { "type": "Polygon", "coordinates": [ [ [ 6.457189232601568, 62.476602214507515 ], [ 6.458922694884443, 62.478096237559356 ], [ 6.457393181543214, 62.478095244829056 ], [ 6.457189232601568, 62.476602214507515 ] ] ] } },
{ "type": "Feature", "properties": { }, "geometry": { "type": "Polygon", "coordinates": [ [ [ 6.470196674917028, 62.474974446309908 ], [ 6.471779939524173, 62.474994463869898 ], [ 6.470762185285109, 62.477721884872466 ], [ 6.470196674917028, 62.474974446309908 ] ] ] } },
{ "type": "Feature", "properties": { }, "geometry": { "type": "Polygon", "coordinates": [ [ [ 6.470196674917028, 62.474974446309908 ], [ 6.470762185285109, 62.477721884872466 ], [ 6.468368632518105, 62.478139633054461 ], [ 6.470196674917028, 62.474974446309908 ] ] ] } },
{ "type": "Feature", "properties": { }, "geometry": { "type": "Polygon", "coordinates": [ [ [ 6.466948572234529, 62.476334919649098 ], [ 6.470196674917028, 62.474974446309908 ], [ 6.468368632518105, 62.478139633054461 ], [ 6.466948572234529, 62.476334919649098 ] ] ] } },
{ "type": "Feature", "properties": { }, "geometry": { "type": "Polygon", "coordinates": [ [ [ 6.467534421098128, 62.474114482126112 ], [ 6.470196674917028, 62.474974446309908 ], [ 6.466948572234529, 62.476334919649098 ], [ 6.467534421098128, 62.474114482126112 ] ] ] } },
{ "type": "Feature", "properties": { }, "geometry": { "type": "Polygon", "coordinates": [ [ [ 6.451082777298262, 62.473606387475755 ], [ 6.452877954744419, 62.473452712677549 ], [ 6.45198350884607, 62.475016760164593 ], [ 6.451082777298262, 62.473606387475755 ] ] ] } },
{ "type": "Feature", "properties": { }, "geometry": { "type": "Polygon", "coordinates": [ [ [ 6.451082777298262, 62.473606387475755 ], [ 6.45198350884607, 62.475016760164593 ], [ 6.450319820879868, 62.474836175575682 ], [ 6.451082777298262, 62.473606387475755 ] ] ] } },
{ "type": "Feature", "properties": { }, "geometry": { "type": "Polygon", "coordinates": [ [ [ 6.448501875899032, 62.47419706602119 ], [ 6.451082777298262, 62.473606387475755 ], [ 6.450319820879868, 62.474836175575682 ], [ 6.448501875899032, 62.47419706602119 ] ] ] } },
{ "type": "Feature", "properties": { }, "geometry": { "type": "Polygon", "coordinates": [ [ [ 6.415471424997005, 62.470065562584914 ], [ 6.416022085175619, 62.472365946068152 ], [ 6.414660847122065, 62.472287713414836 ], [ 6.415471424997005, 62.470065562584914 ] ] ] } },
{ "type": "Feature", "properties": { }, "geometry": { "type": "Polygon", "coordinates": [ [ [ 6.415471424997005, 62.470065562584914 ], [ 6.417682130416922, 62.47158016148218 ], [ 6.416022085175619, 62.472365946068152 ], [ 6.415471424997005, 62.470065562584914 ] ] ] } },
{ "type": "Feature", "properties": { }, "geometry": { "type": "Polygon", "coordinates": [ [ [ 6.462221073093205, 62.474595928088355 ], [ 6.463077389054693, 62.477301099890099 ], [ 6.46044145821187, 62.477915212694285 ], [ 6.462221073093205, 62.474595928088355 ] ] ] } },
{ "type": "Feature", "properties": { }, "geometry": { "type": "Polygon", "coordinates": [ [ [ 6.459469338072012, 62.476220890785008 ], [ 6.46044145821187, 62.477915212694285 ], [ 6.458922694884443, 62.478096237559356 ], [ 6.459469338072012, 62.476220890785008 ] ] ] } },
{ "type": "Feature", "properties": { }, "geometry": { "type": "Polygon", "coordinates": [ [ [ 6.459469338072012, 62.476220890785008 ], [ 6.462221073093205, 62.474595928088355 ], [ 6.46044145821187, 62.477915212694285 ], [ 6.459469338072012, 62.476220890785008 ] ] ] } },
{ "type": "Feature", "properties": { }, "geometry": { "type": "Polygon", "coordinates": [ [ [ 6.444056252867858, 62.470298450699829 ], [ 6.444580141003748, 62.472004647533964 ], [ 6.442337363931447, 62.47127026909844 ], [ 6.444056252867858, 62.470298450699829 ] ] ] } },
{ "type": "Feature", "properties": { }, "geometry": { "type": "Polygon", "coordinates": [ [ [ 6.440896155757365, 62.471158510240912 ], [ 6.442337363931447, 62.47127026909844 ], [ 6.441503037944326, 62.472680912642375 ], [ 6.440896155757365, 62.471158510240912 ] ] ] } },
{ "type": "Feature", "properties": { }, "geometry": { "type": "Polygon", "coordinates": [ [ [ 6.417792909794082, 62.468835542409586 ], [ 6.420137656905638, 62.470389190816491 ], [ 6.417682130416922, 62.47158016148218 ], [ 6.417792909794082, 62.468835542409586 ] ] ] } },
{ "type": "Feature", "properties": { }, "geometry": { "type": "Polygon", "coordinates": [ [ [ 6.415471424997005, 62.470065562584914 ], [ 6.417792909794082, 62.468835542409586 ], [ 6.417682130416922, 62.47158016148218 ], [ 6.415471424997005, 62.470065562584914 ] ] ] } },
{ "type": "Feature", "properties": { }, "geometry": { "type": "Polygon", "coordinates": [ [ [ 6.416579698852353, 62.467975892787116 ], [ 6.417792909794082, 62.468835542409586 ], [ 6.415471424997005, 62.470065562584914 ], [ 6.416579698852353, 62.467975892787116 ] ] ] } },
{ "type": "Feature", "properties": { }, "geometry": { "type": "Polygon", "coordinates": [ [ [ 6.422028389246247, 62.473031896543738 ], [ 6.421747887192056, 62.47628194902866 ], [ 6.420611601794651, 62.474744251021505 ], [ 6.422028389246247, 62.473031896543738 ] ] ] } },
{ "type": "Feature", "properties": { }, "geometry": { "type": "Polygon", "coordinates": [ [ [ 6.422028389246247, 62.473031896543738 ], [ 6.424087609489225, 62.474846752400417 ], [ 6.421747887192056, 62.47628194902866 ], [ 6.422028389246247, 62.473031896543738 ] ] ] } },
{ "type": "Feature", "properties": { }, "geometry": { "type": "Polygon", "coordinates": [ [ [ 6.479368016221358, 62.479380123251069 ], [ 6.479060039829943, 62.481443883587481 ], [ 6.477820469429015, 62.480990329448503 ], [ 6.479368016221358, 62.479380123251069 ] ] ] } },
{ "type": "Feature", "properties": { }, "geometry": { "type": "Polygon", "coordinates": [ [ [ 6.465784734807917, 62.474355262070404 ], [ 6.467534421098128, 62.474114482126112 ], [ 6.466948572234529, 62.476334919649098 ], [ 6.465784734807917, 62.474355262070404 ] ] ] } },
{ "type": "Feature", "properties": { }, "geometry": { "type": "Polygon", "coordinates": [ [ [ 6.471779939524173, 62.474994463869898 ], [ 6.472712643252045, 62.477732745802342 ], [ 6.470762185285109, 62.477721884872466 ], [ 6.471779939524173, 62.474994463869898 ] ] ] } },
{ "type": "Feature", "properties": { }, "geometry": { "type": "Polygon", "coordinates": [ [ [ 6.470762185285109, 62.477721884872466 ], [ 6.472712643252045, 62.477732745802342 ], [ 6.471908297420383, 62.478584234396415 ], [ 6.470762185285109, 62.477721884872466 ] ] ] } },
{ "type": "Feature", "properties": { }, "geometry": { "type": "Polygon", "coordinates": [ [ [ 6.415471424997005, 62.470065562584914 ], [ 6.414660847122065, 62.472287713414836 ], [ 6.413399159887749, 62.471492168618418 ], [ 6.415471424997005, 62.470065562584914 ] ] ] } },
{ "type": "Feature", "properties": { }, "geometry": { "type": "Polygon", "coordinates": [ [ [ 6.406725059793952, 62.469564344096021 ], [ 6.408763702344484, 62.468579114603465 ], [ 6.40730293260745, 62.470750461873322 ], [ 6.406725059793952, 62.469564344096021 ] ] ] } },
{ "type": "Feature", "properties": { }, "geometry": { "type": "Polygon", "coordinates": [ [ [ 6.476316575694725, 62.479298746345222 ], [ 6.479368016221358, 62.479380123251069 ], [ 6.477820469429015, 62.480990329448503 ], [ 6.476316575694725, 62.479298746345222 ] ] ] } },
{ "type": "Feature", "properties": { }, "geometry": { "type": "Polygon", "coordinates": [ [ [ 6.483076833137909, 62.476975606160224 ], [ 6.482479344762927, 62.479675185278836 ], [ 6.479368016221358, 62.479380123251069 ], [ 6.483076833137909, 62.476975606160224 ] ] ] } },
{ "type": "Feature", "properties": { }, "geometry": { "type": "Polygon", "coordinates": [ [ [ 6.47574288331922, 62.476510478703467 ], [ 6.479368016221358, 62.479380123251069 ], [ 6.476316575694725, 62.479298746345222 ], [ 6.47574288331922, 62.476510478703467 ] ] ] } },
{ "type": "Feature", "properties": { }, "geometry": { "type": "Polygon", "coordinates": [ [ [ 6.45198350884607, 62.475016760164593 ], [ 6.454627423112139, 62.474319924392567 ], [ 6.453475208975577, 62.476198953756608 ], [ 6.45198350884607, 62.475016760164593 ] ] ] } },
{ "type": "Feature", "properties": { }, "geometry": { "type": "Polygon", "coordinates": [ [ [ 6.454627423112139, 62.474319924392567 ], [ 6.45622229107023, 62.475446464194164 ], [ 6.453475208975577, 62.476198953756608 ], [ 6.454627423112139, 62.474319924392567 ] ] ] } },
{ "type": "Feature", "properties": { }, "geometry": { "type": "Polygon", "coordinates": [ [ [ 6.487556158464554, 62.477417252482176 ], [ 6.488649704783185, 62.47643037983125 ], [ 6.488360869757006, 62.478651027549169 ], [ 6.487556158464554, 62.477417252482176 ] ] ] } },
{ "type": "Feature", "properties": { }, "geometry": { "type": "Polygon", "coordinates": [ [ [ 6.557789571862231, 62.480500885953873 ], [ 6.559883525426867, 62.480398044890656 ], [ 6.559168060135088, 62.482080439022539 ], [ 6.557789571862231, 62.480500885953873 ] ] ] } },
{ "type": "Feature", "properties": { }, "geometry": { "type": "Polygon", "coordinates": [ [ [ 6.410154975416083, 62.466610243533701 ], [ 6.41138189716487, 62.467865454006386 ], [ 6.408763702344484, 62.468579114603465 ], [ 6.410154975416083, 62.466610243533701 ] ] ] } },
{ "type": "Feature", "properties": { }, "geometry": { "type": "Polygon", "coordinates": [ [ [ 6.464542578636268, 62.47309970436924 ], [ 6.465784734807917, 62.474355262070404 ], [ 6.464028241403708, 62.474850779380411 ], [ 6.464542578636268, 62.47309970436924 ] ] ] } },
{ "type": "Feature", "properties": { }, "geometry": { "type": "Polygon", "coordinates": [ [ [ 6.464542578636268, 62.47309970436924 ], [ 6.464028241403708, 62.474850779380411 ], [ 6.462221073093205, 62.474595928088355 ], [ 6.464542578636268, 62.47309970436924 ] ] ] } },
{ "type": "Feature", "properties": { }, "geometry": { "type": "Polygon", "coordinates": [ [ [ 6.463418602951908, 62.472107154164988 ], [ 6.464542578636268, 62.47309970436924 ], [ 6.462221073093205, 62.474595928088355 ], [ 6.463418602951908, 62.472107154164988 ] ] ] } },
{ "type": "Feature", "properties": { }, "geometry": { "type": "Polygon", "coordinates": [ [ [ 6.456824265905018, 62.473552871751792 ], [ 6.45797610715938, 62.474961523586721 ], [ 6.45622229107023, 62.475446464194164 ], [ 6.456824265905018, 62.473552871751792 ] ] ] } },
{ "type": "Feature", "properties": { }, "geometry": { "type": "Polygon", "coordinates": [ [ [ 6.45622229107023, 62.475446464194164 ], [ 6.45797610715938, 62.474961523586721 ], [ 6.457189232601568, 62.476602214507515 ], [ 6.45622229107023, 62.475446464194164 ] ] ] } },
{ "type": "Feature", "properties": { }, "geometry": { "type": "Polygon", "coordinates": [ [ [ 6.454627423112139, 62.474319924392567 ], [ 6.456824265905018, 62.473552871751792 ], [ 6.45622229107023, 62.475446464194164 ], [ 6.454627423112139, 62.474319924392567 ] ] ] } },
{ "type": "Feature", "properties": { }, "geometry": { "type": "Polygon", "coordinates": [ [ [ 6.554190811208862, 62.479951866396547 ], [ 6.55567124462497, 62.480719399654092 ], [ 6.554122904234956, 62.481406414468253 ], [ 6.554190811208862, 62.479951866396547 ] ] ] } },
{ "type": "Feature", "properties": { }, "geometry": { "type": "Polygon", "coordinates": [ [ [ 6.439584454827664, 62.470551046896915 ], [ 6.440896155757365, 62.471158510240912 ], [ 6.439960387348708, 62.472701178398857 ], [ 6.439584454827664, 62.470551046896915 ] ] ] } },
{ "type": "Feature", "properties": { }, "geometry": { "type": "Polygon", "coordinates": [ [ [ 6.439584454827664, 62.470551046896915 ], [ 6.439960387348708, 62.472701178398857 ], [ 6.438453193910416, 62.472371709886531 ], [ 6.439584454827664, 62.470551046896915 ] ] ] } },
{ "type": "Feature", "properties": { }, "geometry": { "type": "Polygon", "coordinates": [ [ [ 6.438453193910416, 62.472371709886531 ], [ 6.437542954893893, 62.474312336052868 ], [ 6.436205956618106, 62.473794727305787 ], [ 6.438453193910416, 62.472371709886531 ] ] ] } },
{ "type": "Feature", "properties": { }, "geometry": { "type": "Polygon", "coordinates": [ [ [ 6.438453193910416, 62.472371709886531 ], [ 6.438800418332543, 62.47371835755839 ], [ 6.437542954893893, 62.474312336052868 ], [ 6.438453193910416, 62.472371709886531 ] ] ] } },
{ "type": "Feature", "properties": { }, "geometry": { "type": "Polygon", "coordinates": [ [ [ 6.437542954893893, 62.474312336052868 ], [ 6.438800418332543, 62.47371835755839 ], [ 6.438653892387957, 62.475101309075619 ], [ 6.437542954893893, 62.474312336052868 ] ] ] } },
{ "type": "Feature", "properties": { }, "geometry": { "type": "Polygon", "coordinates": [ [ [ 6.437542954893893, 62.474312336052868 ], [ 6.438653892387957, 62.475101309075619 ], [ 6.436501279990707, 62.47519767680955 ], [ 6.437542954893893, 62.474312336052868 ] ] ] } },
{ "type": "Feature", "properties": { }, "geometry": { "type": "Polygon", "coordinates": [ [ [ 6.436205956618106, 62.473794727305787 ], [ 6.437542954893893, 62.474312336052868 ], [ 6.436501279990707, 62.47519767680955 ], [ 6.436205956618106, 62.473794727305787 ] ] ] } },
{ "type": "Feature", "properties": { }, "geometry": { "type": "Polygon", "coordinates": [ [ [ 6.444713872704012, 62.475130785741285 ], [ 6.447048122790691, 62.474652196319134 ], [ 6.445618522445622, 62.476319916444496 ], [ 6.444713872704012, 62.475130785741285 ] ] ] } },
{ "type": "Feature", "properties": { }, "geometry": { "type": "Polygon", "coordinates": [ [ [ 6.424569404296211, 62.472062232010067 ], [ 6.427192678266446, 62.471124745740134 ], [ 6.426931273242081, 62.475030640488455 ], [ 6.424569404296211, 62.472062232010067 ] ] ] } },
{ "type": "Feature", "properties": { }, "geometry": { "type": "Polygon", "coordinates": [ [ [ 6.427192678266446, 62.471124745740134 ], [ 6.430039238167359, 62.473143873722584 ], [ 6.426931273242081, 62.475030640488455 ], [ 6.427192678266446, 62.471124745740134 ] ] ] } },
{ "type": "Feature", "properties": { }, "geometry": { "type": "Polygon", "coordinates": [ [ [ 6.424569404296211, 62.472062232010067 ], [ 6.426931273242081, 62.475030640488455 ], [ 6.424087609489225, 62.474846752400417 ], [ 6.424569404296211, 62.472062232010067 ] ] ] } },
{ "type": "Feature", "properties": { }, "geometry": { "type": "Polygon", "coordinates": [ [ [ 6.430039238167359, 62.473143873722584 ], [ 6.432432488003673, 62.473385893541035 ], [ 6.431037001629382, 62.475231355429024 ], [ 6.430039238167359, 62.473143873722584 ] ] ] } },
{ "type": "Feature", "properties": { }, "geometry": { "type": "Polygon", "coordinates": [ [ [ 6.444580141003748, 62.472004647533964 ], [ 6.446351871387063, 62.471788921168915 ], [ 6.445965286271494, 62.473399215495832 ], [ 6.444580141003748, 62.472004647533964 ] ] ] } },
{ "type": "Feature", "properties": { }, "geometry": { "type": "Polygon", "coordinates": [ [ [ 6.410815372053684, 62.469274176164539 ], [ 6.412763645347293, 62.469239408012655 ], [ 6.411431799485179, 62.470661787796871 ], [ 6.410815372053684, 62.469274176164539 ] ] ] } },
{ "type": "Feature", "properties": { }, "geometry": { "type": "Polygon", "coordinates": [ [ [ 6.412763645347293, 62.469239408012655 ], [ 6.413399159887749, 62.471492168618418 ], [ 6.411431799485179, 62.470661787796871 ], [ 6.412763645347293, 62.469239408012655 ] ] ] } },
{ "type": "Feature", "properties": { }, "geometry": { "type": "Polygon", "coordinates": [ [ [ 6.41138189716487, 62.467865454006386 ], [ 6.410815372053684, 62.469274176164539 ], [ 6.408763702344484, 62.468579114603465 ], [ 6.41138189716487, 62.467865454006386 ] ] ] } },
{ "type": "Feature", "properties": { }, "geometry": { "type": "Polygon", "coordinates": [ [ [ 6.42469919991442, 62.469345587040713 ], [ 6.426890488146795, 62.468677863202572 ], [ 6.427192678266446, 62.471124745740134 ], [ 6.42469919991442, 62.469345587040713 ] ] ] } },
{ "type": "Feature", "properties": { }, "geometry": { "type": "Polygon", "coordinates": [ [ [ 6.42469919991442, 62.469345587040713 ], [ 6.427192678266446, 62.471124745740134 ], [ 6.424569404296211, 62.472062232010067 ], [ 6.42469919991442, 62.469345587040713 ] ] ] } },
{ "type": "Feature", "properties": { }, "geometry": { "type": "Polygon", "coordinates": [ [ [ 6.42469919991442, 62.469345587040713 ], [ 6.424569404296211, 62.472062232010067 ], [ 6.422153566492504, 62.47081293841039 ], [ 6.42469919991442, 62.469345587040713 ] ] ] } },
{ "type": "Feature", "properties": { }, "geometry": { "type": "Polygon", "coordinates": [ [ [ 6.422153566492504, 62.47081293841039 ], [ 6.424569404296211, 62.472062232010067 ], [ 6.422028389246247, 62.473031896543738 ], [ 6.422153566492504, 62.47081293841039 ] ] ] } },
{ "type": "Feature", "properties": { }, "geometry": { "type": "Polygon", "coordinates": [ [ [ 6.422153566492504, 62.47081293841039 ], [ 6.422028389246247, 62.473031896543738 ], [ 6.419464800498804, 62.472022083418594 ], [ 6.422153566492504, 62.47081293841039 ] ] ] } },
{ "type": "Feature", "properties": { }, "geometry": { "type": "Polygon", "coordinates": [ [ [ 6.420137656905638, 62.470389190816491 ], [ 6.422153566492504, 62.47081293841039 ], [ 6.419464800498804, 62.472022083418594 ], [ 6.420137656905638, 62.470389190816491 ] ] ] } },
{ "type": "Feature", "properties": { }, "geometry": { "type": "Polygon", "coordinates": [ [ [ 6.466948572234529, 62.476334919649098 ], [ 6.468368632518105, 62.478139633054461 ], [ 6.466172025561316, 62.478679657735448 ], [ 6.466948572234529, 62.476334919649098 ] ] ] } },
{ "type": "Feature", "properties": { }, "geometry": { "type": "Polygon", "coordinates": [ [ [ 6.466172025561316, 62.478679657735448 ], [ 6.468368632518105, 62.478139633054461 ], [ 6.466777946696086, 62.479747870410797 ], [ 6.466172025561316, 62.478679657735448 ] ] ] } },
{ "type": "Feature", "properties": { }, "geometry": { "type": "Polygon", "coordinates": [ [ [ 6.463077389054693, 62.477301099890099 ], [ 6.466948572234529, 62.476334919649098 ], [ 6.466172025561316, 62.478679657735448 ], [ 6.463077389054693, 62.477301099890099 ] ] ] } },
{ "type": "Feature", "properties": { }, "geometry": { "type": "Polygon", "coordinates": [ [ [ 6.431945942208693, 62.469878805101089 ], [ 6.433546766610029, 62.469254044484011 ], [ 6.434285500441603, 62.471284456890267 ], [ 6.431945942208693, 62.469878805101089 ] ] ] } },
{ "type": "Feature", "properties": { }, "geometry": { "type": "Polygon", "coordinates": [ [ [ 6.431945942208693, 62.469878805101089 ], [ 6.434285500441603, 62.471284456890267 ], [ 6.432432488003673, 62.473385893541035 ], [ 6.431945942208693, 62.469878805101089 ] ] ] } },
{ "type": "Feature", "properties": { }, "geometry": { "type": "Polygon", "coordinates": [ [ [ 6.431945942208693, 62.469878805101089 ], [ 6.432432488003673, 62.473385893541035 ], [ 6.430039238167359, 62.473143873722584 ], [ 6.431945942208693, 62.469878805101089 ] ] ] } },
{ "type": "Feature", "properties": { }, "geometry": { "type": "Polygon", "coordinates": [ [ [ 6.426890488146795, 62.468677863202572 ], [ 6.428409795223279, 62.468941630974811 ], [ 6.427192678266446, 62.471124745740134 ], [ 6.426890488146795, 62.468677863202572 ] ] ] } },
{ "type": "Feature", "properties": { }, "geometry": { "type": "Polygon", "coordinates": [ [ [ 6.457189232601568, 62.476602214507515 ], [ 6.459469338072012, 62.476220890785008 ], [ 6.458922694884443, 62.478096237559356 ], [ 6.457189232601568, 62.476602214507515 ] ] ] } },
{ "type": "Feature", "properties": { }, "geometry": { "type": "Polygon", "coordinates": [ [ [ 6.445965286271494, 62.473399215495832 ], [ 6.447048122790691, 62.474652196319134 ], [ 6.444713872704012, 62.475130785741285 ], [ 6.445965286271494, 62.473399215495832 ] ] ] } },
{ "type": "Feature", "properties": { }, "geometry": { "type": "Polygon", "coordinates": [ [ [ 6.412763645347293, 62.469239408012655 ], [ 6.415471424997005, 62.470065562584914 ], [ 6.413399159887749, 62.471492168618418 ], [ 6.412763645347293, 62.469239408012655 ] ] ] } },
{ "type": "Feature", "properties": { }, "geometry": { "type": "Polygon", "coordinates": [ [ [ 6.487556158464554, 62.477417252482176 ], [ 6.488360869757006, 62.478651027549169 ], [ 6.486199124046835, 62.479181675810615 ], [ 6.487556158464554, 62.477417252482176 ] ] ] } },
{ "type": "Feature", "properties": { }, "geometry": { "type": "Polygon", "coordinates": [ [ [ 6.45797610715938, 62.474961523586721 ], [ 6.459469338072012, 62.476220890785008 ], [ 6.457189232601568, 62.476602214507515 ], [ 6.45797610715938, 62.474961523586721 ] ] ] } },
{ "type": "Feature", "properties": { }, "geometry": { "type": "Polygon", "coordinates": [ [ [ 6.440896155757365, 62.471158510240912 ], [ 6.441503037944326, 62.472680912642375 ], [ 6.439960387348708, 62.472701178398857 ], [ 6.440896155757365, 62.471158510240912 ] ] ] } },
{ "type": "Feature", "properties": { }, "geometry": { "type": "Polygon", "coordinates": [ [ [ 6.438453193910416, 62.472371709886531 ], [ 6.439960387348708, 62.472701178398857 ], [ 6.438800418332543, 62.47371835755839 ], [ 6.438453193910416, 62.472371709886531 ] ] ] } },
{ "type": "Feature", "properties": { }, "geometry": { "type": "Polygon", "coordinates": [ [ [ 6.43692890860869, 62.471445425107405 ], [ 6.438453193910416, 62.472371709886531 ], [ 6.436205956618106, 62.473794727305787 ], [ 6.43692890860869, 62.471445425107405 ] ] ] } },
{ "type": "Feature", "properties": { }, "geometry": { "type": "Polygon", "coordinates": [ [ [ 6.434285500441603, 62.471284456890267 ], [ 6.43483540382135, 62.473373932538919 ], [ 6.432432488003673, 62.473385893541035 ], [ 6.434285500441603, 62.471284456890267 ] ] ] } },
{ "type": "Feature", "properties": { }, "geometry": { "type": "Polygon", "coordinates": [ [ [ 6.422028389246247, 62.473031896543738 ], [ 6.424569404296211, 62.472062232010067 ], [ 6.424087609489225, 62.474846752400417 ], [ 6.422028389246247, 62.473031896543738 ] ] ] } },
{ "type": "Feature", "properties": { }, "geometry": { "type": "Polygon", "coordinates": [ [ [ 6.468368632518105, 62.478139633054461 ], [ 6.468159604087677, 62.479679902713485 ], [ 6.466777946696086, 62.479747870410797 ], [ 6.468368632518105, 62.478139633054461 ] ] ] } },
{ "type": "Feature", "properties": { }, "geometry": { "type": "Polygon", "coordinates": [ [ [ 6.43692890860869, 62.471445425107405 ], [ 6.436205956618106, 62.473794727305787 ], [ 6.43483540382135, 62.473373932538919 ], [ 6.43692890860869, 62.471445425107405 ] ] ] } },
{ "type": "Feature", "properties": { }, "geometry": { "type": "Polygon", "coordinates": [ [ [ 6.434285500441603, 62.471284456890267 ], [ 6.43692890860869, 62.471445425107405 ], [ 6.43483540382135, 62.473373932538919 ], [ 6.434285500441603, 62.471284456890267 ] ] ] } },
{ "type": "Feature", "properties": { }, "geometry": { "type": "Polygon", "coordinates": [ [ [ 6.434964446816767, 62.469233278196675 ], [ 6.43692890860869, 62.471445425107405 ], [ 6.434285500441603, 62.471284456890267 ], [ 6.434964446816767, 62.469233278196675 ] ] ] } },
{ "type": "Feature", "properties": { }, "geometry": { "type": "Polygon", "coordinates": [ [ [ 6.483076833137909, 62.476975606160224 ], [ 6.486199124046835, 62.479181675810615 ], [ 6.482479344762927, 62.479675185278836 ], [ 6.483076833137909, 62.476975606160224 ] ] ] } },
{ "type": "Feature", "properties": { }, "geometry": { "type": "Polygon", "coordinates": [ [ [ 6.452877954744419, 62.473452712677549 ], [ 6.454627423112139, 62.474319924392567 ], [ 6.45198350884607, 62.475016760164593 ], [ 6.452877954744419, 62.473452712677549 ] ] ] } },
{ "type": "Feature", "properties": { }, "geometry": { "type": "Polygon", "coordinates": [ [ [ 6.41138189716487, 62.467865454006386 ], [ 6.412763645347293, 62.469239408012655 ], [ 6.410815372053684, 62.469274176164539 ], [ 6.41138189716487, 62.467865454006386 ] ] ] } },
{ "type": "Feature", "properties": { }, "geometry": { "type": "Polygon", "coordinates": [ [ [ 6.464028241403708, 62.474850779380411 ], [ 6.465784734807917, 62.474355262070404 ], [ 6.466948572234529, 62.476334919649098 ], [ 6.464028241403708, 62.474850779380411 ] ] ] } },
{ "type": "Feature", "properties": { }, "geometry": { "type": "Polygon", "coordinates": [ [ [ 6.420137656905638, 62.470389190816491 ], [ 6.419464800498804, 62.472022083418594 ], [ 6.417682130416922, 62.47158016148218 ], [ 6.420137656905638, 62.470389190816491 ] ] ] } },
{ "type": "Feature", "properties": { }, "geometry": { "type": "Polygon", "coordinates": [ [ [ 6.433546766610029, 62.469254044484011 ], [ 6.434964446816767, 62.469233278196675 ], [ 6.434285500441603, 62.471284456890267 ], [ 6.433546766610029, 62.469254044484011 ] ] ] } },
{ "type": "Feature", "properties": { }, "geometry": { "type": "Polygon", "coordinates": [ [ [ 6.45797610715938, 62.474961523586721 ], [ 6.459934892242782, 62.474153938404385 ], [ 6.459469338072012, 62.476220890785008 ], [ 6.45797610715938, 62.474961523586721 ] ] ] } },
{ "type": "Feature", "properties": { }, "geometry": { "type": "Polygon", "coordinates": [ [ [ 6.482479344762927, 62.479675185278836 ], [ 6.486199124046835, 62.479181675810615 ], [ 6.484422808952083, 62.481112252681974 ], [ 6.482479344762927, 62.479675185278836 ] ] ] } },
{ "type": "Feature", "properties": { }, "geometry": { "type": "Polygon", "coordinates": [ [ [ 6.462221073093205, 62.474595928088355 ], [ 6.464028241403708, 62.474850779380411 ], [ 6.463077389054693, 62.477301099890099 ], [ 6.462221073093205, 62.474595928088355 ] ] ] } },
{ "type": "Feature", "properties": { }, "geometry": { "type": "Polygon", "coordinates": [ [ [ 6.459934892242782, 62.474153938404385 ], [ 6.462221073093205, 62.474595928088355 ], [ 6.459469338072012, 62.476220890785008 ], [ 6.459934892242782, 62.474153938404385 ] ] ] } },
{ "type": "Feature", "properties": { }, "geometry": { "type": "Polygon", "coordinates": [ [ [ 6.464028241403708, 62.474850779380411 ], [ 6.466948572234529, 62.476334919649098 ], [ 6.463077389054693, 62.477301099890099 ], [ 6.464028241403708, 62.474850779380411 ] ] ] } }
]
}
