{
"type": "FeatureCollection",
"name": "point",
"crs": { "type": "name", "properties": { "name": "urn:ogc:def:crs:OGC:1.3:CRS84" } },
"features": [
{ "type": "Feature", "properties": { "Depth": -50.0 }, "geometry": { "type": "Point", "coordinates": [ 6.454333, 62.47239 ] } },
{ "type": "Feature", "properties": { "Depth": -10.0 }, "geometry": { "type": "Point", "coordinates": [ 6.402278, 62.470328 ] } },
{ "type": "Feature", "properties": { "Depth": 0.0 }, "geometry": { "type": "Point", "coordinates": [ 6.514603, 62.482029 ] } },
{ "type": "Feature", "properties": { "Depth": -10.0 }, "geometry": { "type": "Point", "coordinates": [ 6.482056, 62.483775 ] } },
{ "type": "Feature", "properties": { "Depth": -14.29 }, "geometry": { "type": "Point", "coordinates": [ 6.411326, 62.474033 ] } },
{ "type": "Feature", "properties": { "Depth": 0.0 }, "geometry": { "type": "Point", "coordinates": [ 6.475383, 62.472652 ] } },
{ "type": "Feature", "properties": { "Depth": -10.0 }, "geometry": { "type": "Point", "coordinates": [ 6.542095, 62.483351 ] } },
{ "type": "Feature", "properties": { "Depth": 0.0 }, "geometry": { "type": "Point", "coordinates": [ 6.509182, 62.48174 ] } },
{ "type": "Feature", "properties": { "Depth": 0.0 }, "geometry": { "type": "Point", "coordinates": [ 6.538098, 62.479007 ] } },
{ "type": "Feature", "properties": { "Depth": 0.0 }, "geometry": { "type": "Point", "coordinates": [ 6.52498, 62.477202 ] } },
{ "type": "Feature", "properties": { "Depth": -10.0 }, "geometry": { "type": "Point", "coordinates": [ 6.396076, 62.468022 ] } },
{ "type": "Feature", "properties": { "Depth": -10.0 }, "geometry": { "type": "Point", "coordinates": [ 6.477282, 62.473342 ] } },
{ "type": "Feature", "properties": { "Depth": 0.0 }, "geometry": { "type": "Point", "coordinates": [ 6.514472, 62.482648 ] } },
{ "type": "Feature", "properties": { "Depth": -10.0 }, "geometry": { "type": "Point", "coordinates": [ 6.431237, 62.476471 ] } },
{ "type": "Feature", "properties": { "Depth": -10.0 }, "geometry": { "type": "Point", "coordinates": [ 6.521454, 62.481594 ] } },
{ "type": "Feature", "properties": { "Depth": 0.0 }, "geometry": { "type": "Point", "coordinates": [ 6.431513, 62.477196 ] } },
{ "type": "Feature", "properties": { "Depth": -20.0 }, "geometry": { "type": "Point", "coordinates": [ 6.509428, 62.477505 ] } },
{ "type": "Feature", "properties": { "Depth": 0.0 }, "geometry": { "type": "Point", "coordinates": [ 6.563091, 62.482235 ] } },
{ "type": "Feature", "properties": { "Depth": -20.0 }, "geometry": { "type": "Point", "coordinates": [ 6.550457, 62.483287 ] } },
{ "type": "Feature", "properties": { "Depth": -26.89 }, "geometry": { "type": "Point", "coordinates": [ 6.470588, 62.472912 ] } },
{ "type": "Feature", "properties": { "Depth": -30.0 }, "geometry": { "type": "Point", "coordinates": [ 6.443238, 62.475364 ] } },
{ "type": "Feature", "properties": { "Depth": -20.0 }, "geometry": { "type": "Point", "coordinates": [ 6.455007, 62.471453 ] } },
{ "type": "Feature", "properties": { "Depth": -10.0 }, "geometry": { "type": "Point", "coordinates": [ 6.520874, 62.480998 ] } },
{ "type": "Feature", "properties": { "Depth": -20.0 }, "geometry": { "type": "Point", "coordinates": [ 6.457124, 62.471589 ] } },
{ "type": "Feature", "properties": { "Depth": -60.0 }, "geometry": { "type": "Point", "coordinates": [ 6.486199, 62.479182 ] } },
{ "type": "Feature", "properties": { "Depth": -70.0 }, "geometry": { "type": "Point", "coordinates": [ 6.456824, 62.473553 ] } },
{ "type": "Feature", "properties": { "Depth": 0.0 }, "geometry": { "type": "Point", "coordinates": [ 6.563968, 62.484812 ] } },
{ "type": "Feature", "properties": { "Depth": -30.0 }, "geometry": { "type": "Point", "coordinates": [ 6.417848, 62.474928 ] } },
{ "type": "Feature", "properties": { "Depth": -70.0 }, "geometry": { "type": "Point", "coordinates": [ 6.452878, 62.473453 ] } },
{ "type": "Feature", "properties": { "Depth": 0.0 }, "geometry": { "type": "Point", "coordinates": [ 6.523992, 62.481489 ] } },
{ "type": "Feature", "properties": { "Depth": 0.0 }, "geometry": { "type": "Point", "coordinates": [ 6.447892, 62.469517 ] } },
{ "type": "Feature", "properties": { "Depth": 0.0 }, "geometry": { "type": "Point", "coordinates": [ 6.449819, 62.469872 ] } },
{ "type": "Feature", "properties": { "Depth": 0.0 }, "geometry": { "type": "Point", "coordinates": [ 6.525255, 62.481848 ] } },
{ "type": "Feature", "properties": { "Depth": 0.0 }, "geometry": { "type": "Point", "coordinates": [ 6.521293, 62.481895 ] } },
{ "type": "Feature", "properties": { "Depth": 0.0 }, "geometry": { "type": "Point", "coordinates": [ 6.475361, 62.472698 ] } },
{ "type": "Feature", "properties": { "Depth": -40.0 }, "geometry": { "type": "Point", "coordinates": [ 6.508202, 62.478566 ] } },
{ "type": "Feature", "properties": { "Depth": -10.0 }, "geometry": { "type": "Point", "coordinates": [ 6.491094, 62.482721 ] } },
{ "type": "Feature", "properties": { "Depth": -10.0 }, "geometry": { "type": "Point", "coordinates": [ 6.499623, 62.483704 ] } },
{ "type": "Feature", "properties": { "Depth": 0.0 }, "geometry": { "type": "Point", "coordinates": [ 6.454989, 62.470368 ] } },
{ "type": "Feature", "properties": { "Depth": 0.0 }, "geometry": { "type": "Point", "coordinates": [ 6.447221, 62.477372 ] } },
{ "type": "Feature", "properties": { "Depth": -10.0 }, "geometry": { "type": "Point", "coordinates": [ 6.420471, 62.475966 ] } },
{ "type": "Feature", "properties": { "Depth": -10.0 }, "geometry": { "type": "Point", "coordinates": [ 6.510972, 62.476683 ] } },
{ "type": "Feature", "properties": { "Depth": 0.0 }, "geometry": { "type": "Point", "coordinates": [ 6.523212, 62.48189 ] } },
{ "type": "Feature", "properties": { "Depth": -10.0 }, "geometry": { "type": "Point", "coordinates": [ 6.460736, 62.479696 ] } },
{ "type": "Feature", "properties": { "Depth": 0.0 }, "geometry": { "type": "Point", "coordinates": [ 6.401143, 62.470943 ] } },
{ "type": "Feature", "properties": { "Depth": 0.0 }, "geometry": { "type": "Point", "coordinates": [ 6.454774, 62.470724 ] } },
{ "type": "Feature", "properties": { "Depth": -30.0 }, "geometry": { "type": "Point", "coordinates": [ 6.530048, 62.479893 ] } },
{ "type": "Feature", "properties": { "Depth": -10.0 }, "geometry": { "type": "Point", "coordinates": [ 6.519242, 62.481235 ] } },
{ "type": "Feature", "properties": { "Depth": -30.0 }, "geometry": { "type": "Point", "coordinates": [ 6.433765, 62.475278 ] } },
{ "type": "Feature", "properties": { "Depth": -10.0 }, "geometry": { "type": "Point", "coordinates": [ 6.482218, 62.483949 ] } },
{ "type": "Feature", "properties": { "Depth": -10.0 }, "geometry": { "type": "Point", "coordinates": [ 6.52366, 62.480887 ] } },
{ "type": "Feature", "properties": { "Depth": -10.0 }, "geometry": { "type": "Point", "coordinates": [ 6.562699, 62.483154 ] } },
{ "type": "Feature", "properties": { "Depth": 0.0 }, "geometry": { "type": "Point", "coordinates": [ 6.546172, 62.484051 ] } },
{ "type": "Feature", "properties": { "Depth": -4.51 }, "geometry": { "type": "Point", "coordinates": [ 6.551457, 62.483982 ] } },
{ "type": "Feature", "properties": { "Depth": -60.0 }, "geometry": { "type": "Point", "coordinates": [ 6.490185, 62.479312 ] } },
{ "type": "Feature", "properties": { "Depth": 0.0 }, "geometry": { "type": "Point", "coordinates": [ 6.458015, 62.480291 ] } },
{ "type": "Feature", "properties": { "Depth": -10.0 }, "geometry": { "type": "Point", "coordinates": [ 6.500127, 62.483791 ] } },
{ "type": "Feature", "properties": { "Depth": -30.0 }, "geometry": { "type": "Point", "coordinates": [ 6.505584, 62.481129 ] } },
{ "type": "Feature", "properties": { "Depth": -20.0 }, "geometry": { "type": "Point", "coordinates": [ 6.50755, 62.480643 ] } },
{ "type": "Feature", "properties": { "Depth": -10.0 }, "geometry": { "type": "Point", "coordinates": [ 6.530652, 62.481829 ] } },
{ "type": "Feature", "properties": { "Depth": -4.47 }, "geometry": { "type": "Point", "coordinates": [ 6.532348, 62.477279 ] } },
{ "type": "Feature", "properties": { "Depth": -10.0 }, "geometry": { "type": "Point", "coordinates": [ 6.564308, 62.482303 ] } },
{ "type": "Feature", "properties": { "Depth": 0.0 }, "geometry": { "type": "Point", "coordinates": [ 6.456271, 62.479801 ] } },
{ "type": "Feature", "properties": { "Depth": 0.0 }, "geometry": { "type": "Point", "coordinates": [ 6.514924, 62.482237 ] } },
{ "type": "Feature", "properties": { "Depth": -30.0 }, "geometry": { "type": "Point", "coordinates": [ 6.479987, 62.475704 ] } },
{ "type": "Feature", "properties": { "Depth": -50.0 }, "geometry": { "type": "Point", "coordinates": [ 6.45047, 62.471662 ] } },
{ "type": "Feature", "properties": { "Depth": 0.0 }, "geometry": { "type": "Point", "coordinates": [ 6.517556, 62.482458 ] } },
{ "type": "Feature", "properties": { "Depth": -40.0 }, "geometry": { "type": "Point", "coordinates": [ 6.547963, 62.480572 ] } },
{ "type": "Feature", "properties": { "Depth": -23.56 }, "geometry": { "type": "Point", "coordinates": [ 6.467815, 62.472615 ] } },
{ "type": "Feature", "properties": { "Depth": 0.0 }, "geometry": { "type": "Point", "coordinates": [ 6.46049, 62.470583 ] } },
{ "type": "Feature", "properties": { "Depth": 0.0 }, "geometry": { "type": "Point", "coordinates": [ 6.386938, 62.467419 ] } },
{ "type": "Feature", "properties": { "Depth": -80.0 }, "geometry": { "type": "Point", "coordinates": [ 6.471908, 62.478584 ] } },
{ "type": "Feature", "properties": { "Depth": -10.0 }, "geometry": { "type": "Point", "coordinates": [ 6.443082, 62.469268 ] } },
{ "type": "Feature", "properties": { "Depth": -90.0 }, "geometry": { "type": "Point", "coordinates": [ 6.464028, 62.474851 ] } },
{ "type": "Feature", "properties": { "Depth": -10.0 }, "geometry": { "type": "Point", "coordinates": [ 6.486874, 62.483025 ] } },
{ "type": "Feature", "properties": { "Depth": -30.0 }, "geometry": { "type": "Point", "coordinates": [ 6.451675, 62.476662 ] } },
{ "type": "Feature", "properties": { "Depth": 0.0 }, "geometry": { "type": "Point", "coordinates": [ 6.433019, 62.477222 ] } },
{ "type": "Feature", "properties": { "Depth": -40.0 }, "geometry": { "type": "Point", "coordinates": [ 6.541129, 62.480298 ] } },
{ "type": "Feature", "properties": { "Depth": 0.0 }, "geometry": { "type": "Point", "coordinates": [ 6.437569, 62.477223 ] } },
{ "type": "Feature", "properties": { "Depth": 0.0 }, "geometry": { "type": "Point", "coordinates": [ 6.474598, 62.482729 ] } },
{ "type": "Feature", "properties": { "Depth": -20.0 }, "geometry": { "type": "Point", "coordinates": [ 6.49788, 62.481741 ] } },
{ "type": "Feature", "properties": { "Depth": -10.0 }, "geometry": { "type": "Point", "coordinates": [ 6.409471, 62.473627 ] } },
{ "type": "Feature", "properties": { "Depth": 0.0 }, "geometry": { "type": "Point", "coordinates": [ 6.515515, 62.48245 ] } },
{ "type": "Feature", "properties": { "Depth": -10.0 }, "geometry": { "type": "Point", "coordinates": [ 6.51076, 62.481008 ] } },
{ "type": "Feature", "properties": { "Depth": -40.0 }, "geometry": { "type": "Point", "coordinates": [ 6.412519, 62.473224 ] } },
{ "type": "Feature", "properties": { "Depth": 0.0 }, "geometry": { "type": "Point", "coordinates": [ 6.567069, 62.483747 ] } },
{ "type": "Feature", "properties": { "Depth": -10.0 }, "geometry": { "type": "Point", "coordinates": [ 6.520545, 62.481465 ] } },
{ "type": "Feature", "properties": { "Depth": 0.0 }, "geometry": { "type": "Point", "coordinates": [ 6.524108, 62.482082 ] } },
{ "type": "Feature", "properties": { "Depth": -10.0 }, "geometry": { "type": "Point", "coordinates": [ 6.501563, 62.483501 ] } },
{ "type": "Feature", "properties": { "Depth": -10.0 }, "geometry": { "type": "Point", "coordinates": [ 6.561116, 62.48424 ] } },
{ "type": "Feature", "properties": { "Depth": -10.0 }, "geometry": { "type": "Point", "coordinates": [ 6.464417, 62.480967 ] } },
{ "type": "Feature", "properties": { "Depth": -10.0 }, "geometry": { "type": "Point", "coordinates": [ 6.419345, 62.477228 ] } },
{ "type": "Feature", "properties": { "Depth": 0.0 }, "geometry": { "type": "Point", "coordinates": [ 6.475409, 62.472681 ] } },
{ "type": "Feature", "properties": { "Depth": -10.0 }, "geometry": { "type": "Point", "coordinates": [ 6.542772, 62.483381 ] } },
{ "type": "Feature", "properties": { "Depth": -10.0 }, "geometry": { "type": "Point", "coordinates": [ 6.437044, 62.476453 ] } },
{ "type": "Feature", "properties": { "Depth": -10.0 }, "geometry": { "type": "Point", "coordinates": [ 6.511061, 62.480907 ] } },
{ "type": "Feature", "properties": { "Depth": -10.0 }, "geometry": { "type": "Point", "coordinates": [ 6.466895, 62.481781 ] } },
{ "type": "Feature", "properties": { "Depth": 0.0 }, "geometry": { "type": "Point", "coordinates": [ 6.47109, 62.471889 ] } },
{ "type": "Feature", "properties": { "Depth": 0.0 }, "geometry": { "type": "Point", "coordinates": [ 6.388526, 62.468338 ] } },
{ "type": "Feature", "properties": { "Depth": 0.0 }, "geometry": { "type": "Point", "coordinates": [ 6.562114, 62.481973 ] } },
{ "type": "Feature", "properties": { "Depth": 0.0 }, "geometry": { "type": "Point", "coordinates": [ 6.515806, 62.482499 ] } },
{ "type": "Feature", "properties": { "Depth": 0.0 }, "geometry": { "type": "Point", "coordinates": [ 6.386885, 62.46713 ] } },
{ "type": "Feature", "properties": { "Depth": 0.0 }, "geometry": { "type": "Point", "coordinates": [ 6.522868, 62.479966 ] } },
{ "type": "Feature", "properties": { "Depth": -20.0 }, "geometry": { "type": "Point", "coordinates": [ 6.502773, 62.481403 ] } },
{ "type": "Feature", "properties": { "Depth": 0.0 }, "geometry": { "type": "Point", "coordinates": [ 6.537568, 62.478469 ] } },
{ "type": "Feature", "properties": { "Depth": -50.0 }, "geometry": { "type": "Point", "coordinates": [ 6.412764, 62.469239 ] } },
{ "type": "Feature", "properties": { "Depth": -40.0 }, "geometry": { "type": "Point", "coordinates": [ 6.49635, 62.478609 ] } },
{ "type": "Feature", "properties": { "Depth": -10.0 }, "geometry": { "type": "Point", "coordinates": [ 6.510593, 62.481076 ] } },
{ "type": "Feature", "properties": { "Depth": -30.0 }, "geometry": { "type": "Point", "coordinates": [ 6.535057, 62.481364 ] } },
{ "type": "Feature", "properties": { "Depth": -10.0 }, "geometry": { "type": "Point", "coordinates": [ 6.419647, 62.477323 ] } },
{ "type": "Feature", "properties": { "Depth": -10.0 }, "geometry": { "type": "Point", "coordinates": [ 6.554985, 62.484278 ] } },
{ "type": "Feature", "properties": { "Depth": -10.0 }, "geometry": { "type": "Point", "coordinates": [ 6.541668, 62.482762 ] } },
{ "type": "Feature", "properties": { "Depth": -60.0 }, "geometry": { "type": "Point", "coordinates": [ 6.416022, 62.472366 ] } },
{ "type": "Feature", "properties": { "Depth": -30.0 }, "geometry": { "type": "Point", "coordinates": [ 6.42689, 62.468678 ] } },
{ "type": "Feature", "properties": { "Depth": -20.0 }, "geometry": { "type": "Point", "coordinates": [ 6.550123, 62.479826 ] } },
{ "type": "Feature", "properties": { "Depth": -10.0 }, "geometry": { "type": "Point", "coordinates": [ 6.500866, 62.483586 ] } },
{ "type": "Feature", "properties": { "Depth": 0.0 }, "geometry": { "type": "Point", "coordinates": [ 6.472226, 62.482318 ] } },
{ "type": "Feature", "properties": { "Depth": -90.0 }, "geometry": { "type": "Point", "coordinates": [ 6.470762, 62.477722 ] } },
{ "type": "Feature", "properties": { "Depth": -40.0 }, "geometry": { "type": "Point", "coordinates": [ 6.487556, 62.477417 ] } },
{ "type": "Feature", "properties": { "Depth": 0.0 }, "geometry": { "type": "Point", "coordinates": [ 6.406116, 62.472595 ] } },
{ "type": "Feature", "properties": { "Depth": -10.0 }, "geometry": { "type": "Point", "coordinates": [ 6.398714, 62.465412 ] } },
{ "type": "Feature", "properties": { "Depth": 0.0 }, "geometry": { "type": "Point", "coordinates": [ 6.514732, 62.482406 ] } },
{ "type": "Feature", "properties": { "Depth": -30.0 }, "geometry": { "type": "Point", "coordinates": [ 6.535413, 62.481013 ] } },
{ "type": "Feature", "properties": { "Depth": 0.0 }, "geometry": { "type": "Point", "coordinates": [ 6.563035, 62.482209 ] } },
{ "type": "Feature", "properties": { "Depth": 0.0 }, "geometry": { "type": "Point", "coordinates": [ 6.452592, 62.478557 ] } },
{ "type": "Feature", "properties": { "Depth": -80.0 }, "geometry": { "type": "Point", "coordinates": [ 6.456222, 62.475446 ] } },
{ "type": "Feature", "properties": { "Depth": 0.0 }, "geometry": { "type": "Point", "coordinates": [ 6.566352, 62.484257 ] } },
{ "type": "Feature", "properties": { "Depth": 0.0 }, "geometry": { "type": "Point", "coordinates": [ 6.524516, 62.481616 ] } },
{ "type": "Feature", "properties": { "Depth": 0.0 }, "geometry": { "type": "Point", "coordinates": [ 6.514887, 62.481051 ] } },
{ "type": "Feature", "properties": { "Depth": -20.0 }, "geometry": { "type": "Point", "coordinates": [ 6.40126, 62.467183 ] } },
{ "type": "Feature", "properties": { "Depth": 0.0 }, "geometry": { "type": "Point", "coordinates": [ 6.455621, 62.470358 ] } },
{ "type": "Feature", "properties": { "Depth": 0.0 }, "geometry": { "type": "Point", "coordinates": [ 6.511556, 62.481328 ] } },
{ "type": "Feature", "properties": { "Depth": -30.0 }, "geometry": { "type": "Point", "coordinates": [ 6.50477, 62.479986 ] } },
{ "type": "Feature", "properties": { "Depth": 0.0 }, "geometry": { "type": "Point", "coordinates": [ 6.454394, 62.479282 ] } },
{ "type": "Feature", "properties": { "Depth": -40.0 }, "geometry": { "type": "Point", "coordinates": [ 6.548782, 62.482534 ] } },
{ "type": "Feature", "properties": { "Depth": -10.0 }, "geometry": { "type": "Point", "coordinates": [ 6.500012, 62.483834 ] } },
{ "type": "Feature", "properties": { "Depth": -40.0 }, "geometry": { "type": "Point", "coordinates": [ 6.551507, 62.4811 ] } },
{ "type": "Feature", "properties": { "Depth": -10.0 }, "geometry": { "type": "Point", "coordinates": [ 6.553971, 62.484341 ] } },
{ "type": "Feature", "properties": { "Depth": -20.0 }, "geometry": { "type": "Point", "coordinates": [ 6.504117, 62.481807 ] } },
{ "type": "Feature", "properties": { "Depth": -10.0 }, "geometry": { "type": "Point", "coordinates": [ 6.418918, 62.4766 ] } },
{ "type": "Feature", "properties": { "Depth": -50.0 }, "geometry": { "type": "Point", "coordinates": [ 6.413399, 62.471492 ] } },
{ "type": "Feature", "properties": { "Depth": 0.0 }, "geometry": { "type": "Point", "coordinates": [ 6.439557, 62.476121 ] } },
{ "type": "Feature", "properties": { "Depth": -20.0 }, "geometry": { "type": "Point", "coordinates": [ 6.470334, 62.480806 ] } },
{ "type": "Feature", "properties": { "Depth": -10.0 }, "geometry": { "type": "Point", "coordinates": [ 6.499633, 62.483395 ] } },
{ "type": "Feature", "properties": { "Depth": -40.0 }, "geometry": { "type": "Point", "coordinates": [ 6.414274, 62.473595 ] } },
{ "type": "Feature", "properties": { "Depth": -20.0 }, "geometry": { "type": "Point", "coordinates": [ 6.473501, 62.473122 ] } },
{ "type": "Feature", "properties": { "Depth": -20.0 }, "geometry": { "type": "Point", "coordinates": [ 6.48728, 62.47597 ] } },
{ "type": "Feature", "properties": { "Depth": 0.0 }, "geometry": { "type": "Point", "coordinates": [ 6.449602, 62.477672 ] } },
{ "type": "Feature", "properties": { "Depth": -10.0 }, "geometry": { "type": "Point", "coordinates": [ 6.455321, 62.47925 ] } },
{ "type": "Feature", "properties": { "Depth": -10.0 }, "geometry": { "type": "Point", "coordinates": [ 6.404676, 62.471139 ] } },
{ "type": "Feature", "properties": { "Depth": 0.0 }, "geometry": { "type": "Point", "coordinates": [ 6.513489, 62.482117 ] } },
{ "type": "Feature", "properties": { "Depth": -10.0 }, "geometry": { "type": "Point", "coordinates": [ 6.402149, 62.465844 ] } },
{ "type": "Feature", "properties": { "Depth": -20.0 }, "geometry": { "type": "Point", "coordinates": [ 6.397686, 62.466893 ] } },
{ "type": "Feature", "properties": { "Depth": -30.0 }, "geometry": { "type": "Point", "coordinates": [ 6.405205, 62.466468 ] } },
{ "type": "Feature", "properties": { "Depth": -3.97 }, "geometry": { "type": "Point", "coordinates": [ 6.410296, 62.47415 ] } },
{ "type": "Feature", "properties": { "Depth": -10.0 }, "geometry": { "type": "Point", "coordinates": [ 6.486223, 62.483676 ] } },
{ "type": "Feature", "properties": { "Depth": 0.0 }, "geometry": { "type": "Point", "coordinates": [ 6.481365, 62.472461 ] } },
{ "type": "Feature", "properties": { "Depth": -50.0 }, "geometry": { "type": "Point", "coordinates": [ 6.548969, 62.48143 ] } },
{ "type": "Feature", "properties": { "Depth": -10.0 }, "geometry": { "type": "Point", "coordinates": [ 6.493775, 62.482699 ] } },
{ "type": "Feature", "properties": { "Depth": -10.0 }, "geometry": { "type": "Point", "coordinates": [ 6.471767, 62.481489 ] } },
{ "type": "Feature", "properties": { "Depth": -10.0 }, "geometry": { "type": "Point", "coordinates": [ 6.412576, 62.465658 ] } },
{ "type": "Feature", "properties": { "Depth": -20.0 }, "geometry": { "type": "Point", "coordinates": [ 6.411801, 62.466161 ] } },
{ "type": "Feature", "properties": { "Depth": -20.0 }, "geometry": { "type": "Point", "coordinates": [ 6.533027, 62.481236 ] } },
{ "type": "Feature", "properties": { "Depth": -20.0 }, "geometry": { "type": "Point", "coordinates": [ 6.453903, 62.478008 ] } },
{ "type": "Feature", "properties": { "Depth": -10.0 }, "geometry": { "type": "Point", "coordinates": [ 6.531724, 62.48149 ] } },
{ "type": "Feature", "properties": { "Depth": -10.0 }, "geometry": { "type": "Point", "coordinates": [ 6.510531, 62.481164 ] } },
{ "type": "Feature", "properties": { "Depth": 0.0 }, "geometry": { "type": "Point", "coordinates": [ 6.514362, 62.482366 ] } },
{ "type": "Feature", "properties": { "Depth": -10.0 }, "geometry": { "type": "Point", "coordinates": [ 6.545699, 62.483315 ] } },
{ "type": "Feature", "properties": { "Depth": -10.0 }, "geometry": { "type": "Point", "coordinates": [ 6.450181, 62.477621 ] } },
{ "type": "Feature", "properties": { "Depth": -10.0 }, "geometry": { "type": "Point", "coordinates": [ 6.395185, 62.46604 ] } },
{ "type": "Feature", "properties": { "Depth": -20.0 }, "geometry": { "type": "Point", "coordinates": [ 6.407303, 62.47075 ] } },
{ "type": "Feature", "properties": { "Depth": -50.0 }, "geometry": { "type": "Point", "coordinates": [ 6.492124, 62.47939 ] } },
{ "type": "Feature", "properties": { "Depth": -10.0 }, "geometry": { "type": "Point", "coordinates": [ 6.564778, 62.482258 ] } },
{ "type": "Feature", "properties": { "Depth": -10.0 }, "geometry": { "type": "Point", "coordinates": [ 6.54217, 62.483047 ] } },
{ "type": "Feature", "properties": { "Depth": -10.0 }, "geometry": { "type": "Point", "coordinates": [ 6.563278, 62.482321 ] } },
{ "type": "Feature", "properties": { "Depth": -30.0 }, "geometry": { "type": "Point", "coordinates": [ 6.508523, 62.480234 ] } },
{ "type": "Feature", "properties": { "Depth": -10.0 }, "geometry": { "type": "Point", "coordinates": [ 6.467468, 62.481891 ] } },
{ "type": "Feature", "properties": { "Depth": 0.0 }, "geometry": { "type": "Point", "coordinates": [ 6.521448, 62.481981 ] } },
{ "type": "Feature", "properties": { "Depth": 0.0 }, "geometry": { "type": "Point", "coordinates": [ 6.396461, 62.469896 ] } },
{ "type": "Feature", "properties": { "Depth": -5.3 }, "geometry": { "type": "Point", "coordinates": [ 6.561646, 62.484654 ] } },
{ "type": "Feature", "properties": { "Depth": -10.0 }, "geometry": { "type": "Point", "coordinates": [ 6.47331, 62.481776 ] } },
{ "type": "Feature", "properties": { "Depth": -40.0 }, "geometry": { "type": "Point", "coordinates": [ 6.480184, 62.481301 ] } },
{ "type": "Feature", "properties": { "Depth": 0.0 }, "geometry": { "type": "Point", "coordinates": [ 6.56714, 62.484319 ] } },
{ "type": "Feature", "properties": { "Depth": 0.0 }, "geometry": { "type": "Point", "coordinates": [ 6.509226, 62.482499 ] } },
{ "type": "Feature", "properties": { "Depth": -40.0 }, "geometry": { "type": "Point", "coordinates": [ 6.466695, 62.472841 ] } },
{ "type": "Feature", "properties": { "Depth": -10.0 }, "geometry": { "type": "Point", "coordinates": [ 6.478243, 62.473351 ] } },
{ "type": "Feature", "properties": { "Depth": 0.0 }, "geometry": { "type": "Point", "coordinates": [ 6.448867, 62.477861 ] } },
{ "type": "Feature", "properties": { "Depth": 0.0 }, "geometry": { "type": "Point", "coordinates": [ 6.463977, 62.481621 ] } },
{ "type": "Feature", "properties": { "Depth": -10.0 }, "geometry": { "type": "Point", "coordinates": [ 6.500267, 62.483839 ] } },
{ "type": "Feature", "properties": { "Depth": -10.0 }, "geometry": { "type": "Point", "coordinates": [ 6.393589, 62.466946 ] } },
{ "type": "Feature", "properties": { "Depth": 0.0 }, "geometry": { "type": "Point", "coordinates": [ 6.450884, 62.469698 ] } },
{ "type": "Feature", "properties": { "Depth": -10.0 }, "geometry": { "type": "Point", "coordinates": [ 6.393731, 62.468434 ] } },
{ "type": "Feature", "properties": { "Depth": 0.0 }, "geometry": { "type": "Point", "coordinates": [ 6.453481, 62.47861 ] } },
{ "type": "Feature", "properties": { "Depth": -20.0 }, "geometry": { "type": "Point", "coordinates": [ 6.398961, 62.467483 ] } },
{ "type": "Feature", "properties": { "Depth": -10.0 }, "geometry": { "type": "Point", "coordinates": [ 6.511413, 62.480994 ] } },
{ "type": "Feature", "properties": { "Depth": -10.0 }, "geometry": { "type": "Point", "coordinates": [ 6.490239, 62.482727 ] } },
{ "type": "Feature", "properties": { "Depth": -10.0 }, "geometry": { "type": "Point", "coordinates": [ 6.526425, 62.481538 ] } },
{ "type": "Feature", "properties": { "Depth": -30.0 }, "geometry": { "type": "Point", "coordinates": [ 6.45591, 62.471789 ] } },
{ "type": "Feature", "properties": { "Depth": -10.0 }, "geometry": { "type": "Point", "coordinates": [ 6.479979, 62.483824 ] } },
{ "type": "Feature", "properties": { "Depth": -20.0 }, "geometry": { "type": "Point", "coordinates": [ 6.403839, 62.466236 ] } },
{ "type": "Feature", "properties": { "Depth": -60.0 }, "geometry": { "type": "Point", "coordinates": [ 6.417682, 62.47158 ] } },
{ "type": "Feature", "properties": { "Depth": -10.0 }, "geometry": { "type": "Point", "coordinates": [ 6.519956, 62.477969 ] } },
{ "type": "Feature", "properties": { "Depth": -10.0 }, "geometry": { "type": "Point", "coordinates": [ 6.438357, 62.468962 ] } },
{ "type": "Feature", "properties": { "Depth": 0.0 }, "geometry": { "type": "Point", "coordinates": [ 6.479629, 62.473074 ] } },
{ "type": "Feature", "properties": { "Depth": 0.0 }, "geometry": { "type": "Point", "coordinates": [ 6.52472, 62.481358 ] } },
{ "type": "Feature", "properties": { "Depth": -20.0 }, "geometry": { "type": "Point", "coordinates": [ 6.535153, 62.481854 ] } },
{ "type": "Feature", "properties": { "Depth": 0.0 }, "geometry": { "type": "Point", "coordinates": [ 6.389544, 62.468028 ] } },
{ "type": "Feature", "properties": { "Depth": -10.0 }, "geometry": { "type": "Point", "coordinates": [ 6.396107, 62.465273 ] } },
{ "type": "Feature", "properties": { "Depth": -30.0 }, "geometry": { "type": "Point", "coordinates": [ 6.513102, 62.477918 ] } },
{ "type": "Feature", "properties": { "Depth": -10.0 }, "geometry": { "type": "Point", "coordinates": [ 6.538308, 62.482907 ] } },
{ "type": "Feature", "properties": { "Depth": 0.0 }, "geometry": { "type": "Point", "coordinates": [ 6.522304, 62.481984 ] } },
{ "type": "Feature", "properties": { "Depth": 0.0 }, "geometry": { "type": "Point", "coordinates": [ 6.472704, 62.482408 ] } },
{ "type": "Feature", "properties": { "Depth": 0.0 }, "geometry": { "type": "Point", "coordinates": [ 6.521107, 62.481717 ] } },
{ "type": "Feature", "properties": { "Depth": -30.0 }, "geometry": { "type": "Point", "coordinates": [ 6.442304, 62.475245 ] } },
{ "type": "Feature", "properties": { "Depth": -10.0 }, "geometry": { "type": "Point", "coordinates": [ 6.491524, 62.483187 ] } },
{ "type": "Feature", "properties": { "Depth": -0.284 }, "geometry": { "type": "Point", "coordinates": [ 6.529838, 62.477117 ] } },
{ "type": "Feature", "properties": { "Depth": -10.0 }, "geometry": { "type": "Point", "coordinates": [ 6.495909, 62.476388 ] } },
{ "type": "Feature", "properties": { "Depth": 0.0 }, "geometry": { "type": "Point", "coordinates": [ 6.525159, 62.481269 ] } },
{ "type": "Feature", "properties": { "Depth": 0.0 }, "geometry": { "type": "Point", "coordinates": [ 6.524379, 62.482023 ] } },
{ "type": "Feature", "properties": { "Depth": 0.0 }, "geometry": { "type": "Point", "coordinates": [ 6.502927, 62.476957 ] } },
{ "type": "Feature", "properties": { "Depth": -40.0 }, "geometry": { "type": "Point", "coordinates": [ 6.542915, 62.481478 ] } },
{ "type": "Feature", "properties": { "Depth": 0.0 }, "geometry": { "type": "Point", "coordinates": [ 6.502444, 62.476706 ] } },
{ "type": "Feature", "properties": { "Depth": 0.0 }, "geometry": { "type": "Point", "coordinates": [ 6.433024, 62.477489 ] } },
{ "type": "Feature", "properties": { "Depth": -30.0 }, "geometry": { "type": "Point", "coordinates": [ 6.419621, 62.468395 ] } },
{ "type": "Feature", "properties": { "Depth": -30.0 }, "geometry": { "type": "Point", "coordinates": [ 6.432207, 62.475689 ] } },
{ "type": "Feature", "properties": { "Depth": 0.0 }, "geometry": { "type": "Point", "coordinates": [ 6.39435, 62.464737 ] } },
{ "type": "Feature", "properties": { "Depth": -10.0 }, "geometry": { "type": "Point", "coordinates": [ 6.5, 62.48383 ] } },
{ "type": "Feature", "properties": { "Depth": 0.0 }, "geometry": { "type": "Point", "coordinates": [ 6.513968, 62.482431 ] } },
{ "type": "Feature", "properties": { "Depth": -30.0 }, "geometry": { "type": "Point", "coordinates": [ 6.419918, 62.473729 ] } },
{ "type": "Feature", "properties": { "Depth": -20.0 }, "geometry": { "type": "Point", "coordinates": [ 6.433547, 62.469254 ] } },
{ "type": "Feature", "properties": { "Depth": 0.0 }, "geometry": { "type": "Point", "coordinates": [ 6.524796, 62.481547 ] } },
{ "type": "Feature", "properties": { "Depth": -10.0 }, "geometry": { "type": "Point", "coordinates": [ 6.439063, 62.468619 ] } },
{ "type": "Feature", "properties": { "Depth": -10.0 }, "geometry": { "type": "Point", "coordinates": [ 6.400072, 62.469656 ] } },
{ "type": "Feature", "properties": { "Depth": -80.0 }, "geometry": { "type": "Point", "coordinates": [ 6.459935, 62.474154 ] } },
{ "type": "Feature", "properties": { "Depth": -10.0 }, "geometry": { "type": "Point", "coordinates": [ 6.451776, 62.477757 ] } },
{ "type": "Feature", "properties": { "Depth": 0.0 }, "geometry": { "type": "Point", "coordinates": [ 6.441989, 62.477052 ] } },
{ "type": "Feature", "properties": { "Depth": 0.0 }, "geometry": { "type": "Point", "coordinates": [ 6.455546, 62.470313 ] } },
{ "type": "Feature", "properties": { "Depth": -40.0 }, "geometry": { "type": "Point", "coordinates": [ 6.507657, 62.479536 ] } },
{ "type": "Feature", "properties": { "Depth": -80.0 }, "geometry": { "type": "Point", "coordinates": [ 6.454627, 62.47432 ] } },
{ "type": "Feature", "properties": { "Depth": 0.0 }, "geometry": { "type": "Point", "coordinates": [ 6.520617, 62.477385 ] } },
{ "type": "Feature", "properties": { "Depth": -10.0 }, "geometry": { "type": "Point", "coordinates": [ 6.415453, 62.475882 ] } },
{ "type": "Feature", "properties": { "Depth": 0.0 }, "geometry": { "type": "Point", "coordinates": [ 6.562952, 62.481757 ] } },
{ "type": "Feature", "properties": { "Depth": -60.0 }, "geometry": { "type": "Point", "coordinates": [ 6.446352, 62.471789 ] } },
{ "type": "Feature", "properties": { "Depth": -20.0 }, "geometry": { "type": "Point", "coordinates": [ 6.41095, 62.473791 ] } },
{ "type": "Feature", "properties": { "Depth": -20.0 }, "geometry": { "type": "Point", "coordinates": [ 6.554191, 62.479952 ] } },
{ "type": "Feature", "properties": { "Depth": -10.0 }, "geometry": { "type": "Point", "coordinates": [ 6.482099, 62.483994 ] } },
{ "type": "Feature", "properties": { "Depth": -20.0 }, "geometry": { "type": "Point", "coordinates": [ 6.535697, 62.481846 ] } },
{ "type": "Feature", "properties": { "Depth": -10.0 }, "geometry": { "type": "Point", "coordinates": [ 6.414263, 62.476065 ] } },
{ "type": "Feature", "properties": { "Depth": 0.0 }, "geometry": { "type": "Point", "coordinates": [ 6.5241, 62.481206 ] } },
{ "type": "Feature", "properties": { "Depth": -70.0 }, "geometry": { "type": "Point", "coordinates": [ 6.448502, 62.474197 ] } },
{ "type": "Feature", "properties": { "Depth": 0.0 }, "geometry": { "type": "Point", "coordinates": [ 6.538314, 62.478354 ] } },
{ "type": "Feature", "properties": { "Depth": 0.0 }, "geometry": { "type": "Point", "coordinates": [ 6.510292, 62.482051 ] } },
{ "type": "Feature", "properties": { "Depth": -4.82 }, "geometry": { "type": "Point", "coordinates": [ 6.550768, 62.483765 ] } },
{ "type": "Feature", "properties": { "Depth": -50.0 }, "geometry": { "type": "Point", "coordinates": [ 6.424569, 62.472062 ] } },
{ "type": "Feature", "properties": { "Depth": -10.0 }, "geometry": { "type": "Point", "coordinates": [ 6.399511, 62.470041 ] } },
{ "type": "Feature", "properties": { "Depth": -70.0 }, "geometry": { "type": "Point", "coordinates": [ 6.479368, 62.47938 ] } },
{ "type": "Feature", "properties": { "Depth": 0.0 }, "geometry": { "type": "Point", "coordinates": [ 6.524378, 62.481328 ] } },
{ "type": "Feature", "properties": { "Depth": -30.0 }, "geometry": { "type": "Point", "coordinates": [ 6.53257, 62.479941 ] } },
{ "type": "Feature", "properties": { "Depth": -10.0 }, "geometry": { "type": "Point", "coordinates": [ 6.55013, 62.483719 ] } },
{ "type": "Feature", "properties": { "Depth": -10.0 }, "geometry": { "type": "Point", "coordinates": [ 6.552606, 62.48394 ] } },
{ "type": "Feature", "properties": { "Depth": -10.0 }, "geometry": { "type": "Point", "coordinates": [ 6.496847, 62.483139 ] } },
{ "type": "Feature", "properties": { "Depth": 0.0 }, "geometry": { "type": "Point", "coordinates": [ 6.525312, 62.481485 ] } },
{ "type": "Feature", "properties": { "Depth": 0.0 }, "geometry": { "type": "Point", "coordinates": [ 6.517032, 62.477088 ] } },
{ "type": "Feature", "properties": { "Depth": -20.0 }, "geometry": { "type": "Point", "coordinates": [ 6.51592, 62.477827 ] } },
{ "type": "Feature", "properties": { "Depth": 0.0 }, "geometry": { "type": "Point", "coordinates": [ 6.561592, 62.484905 ] } },
{ "type": "Feature", "properties": { "Depth": -50.0 }, "geometry": { "type": "Point", "coordinates": [ 6.457393, 62.478095 ] } },
{ "type": "Feature", "properties": { "Depth": -70.0 }, "geometry": { "type": "Point", "coordinates": [ 6.460441, 62.477915 ] } },
{ "type": "Feature", "properties": { "Depth": 0.0 }, "geometry": { "type": "Point", "coordinates": [ 6.475414, 62.472614 ] } },
{ "type": "Feature", "properties": { "Depth": -10.0 }, "geometry": { "type": "Point", "coordinates": [ 6.560657, 62.478531 ] } },
{ "type": "Feature", "properties": { "Depth": 0.0 }, "geometry": { "type": "Point", "coordinates": [ 6.463564, 62.480869 ] } },
{ "type": "Feature", "properties": { "Depth": 0.0 }, "geometry": { "type": "Point", "coordinates": [ 6.54699, 62.479521 ] } },
{ "type": "Feature", "properties": { "Depth": -10.0 }, "geometry": { "type": "Point", "coordinates": [ 6.548772, 62.483652 ] } },
{ "type": "Feature", "properties": { "Depth": -10.0 }, "geometry": { "type": "Point", "coordinates": [ 6.408801, 62.473925 ] } },
{ "type": "Feature", "properties": { "Depth": -10.0 }, "geometry": { "type": "Point", "coordinates": [ 6.531578, 62.481899 ] } },
{ "type": "Feature", "properties": { "Depth": -10.0 }, "geometry": { "type": "Point", "coordinates": [ 6.541947, 62.483267 ] } },
{ "type": "Feature", "properties": { "Depth": 0.0 }, "geometry": { "type": "Point", "coordinates": [ 6.522218, 62.481769 ] } },
{ "type": "Feature", "properties": { "Depth": -10.0 }, "geometry": { "type": "Point", "coordinates": [ 6.397886, 62.46954 ] } },
{ "type": "Feature", "properties": { "Depth": 0.0 }, "geometry": { "type": "Point", "coordinates": [ 6.525267, 62.480844 ] } },
{ "type": "Feature", "properties": { "Depth": -20.0 }, "geometry": { "type": "Point", "coordinates": [ 6.54965, 62.48324 ] } },
{ "type": "Feature", "properties": { "Depth": -20.0 }, "geometry": { "type": "Point", "coordinates": [ 6.40893, 62.472059 ] } },
{ "type": "Feature", "properties": { "Depth": -10.0 }, "geometry": { "type": "Point", "coordinates": [ 6.56296, 62.483947 ] } },
{ "type": "Feature", "properties": { "Depth": -10.0 }, "geometry": { "type": "Point", "coordinates": [ 6.516862, 62.477358 ] } },
{ "type": "Feature", "properties": { "Depth": 0.0 }, "geometry": { "type": "Point", "coordinates": [ 6.506172, 62.477026 ] } },
{ "type": "Feature", "properties": { "Depth": 0.0 }, "geometry": { "type": "Point", "coordinates": [ 6.449181, 62.477558 ] } },
{ "type": "Feature", "properties": { "Depth": -30.0 }, "geometry": { "type": "Point", "coordinates": [ 6.504866, 62.481386 ] } },
{ "type": "Feature", "properties": { "Depth": 0.0 }, "geometry": { "type": "Point", "coordinates": [ 6.525255, 62.481903 ] } },
{ "type": "Feature", "properties": { "Depth": -10.0 }, "geometry": { "type": "Point", "coordinates": [ 6.482019, 62.483494 ] } },
{ "type": "Feature", "properties": { "Depth": 0.0 }, "geometry": { "type": "Point", "coordinates": [ 6.524567, 62.481668 ] } },
{ "type": "Feature", "properties": { "Depth": 0.0 }, "geometry": { "type": "Point", "coordinates": [ 6.511217, 62.481299 ] } },
{ "type": "Feature", "properties": { "Depth": 0.0 }, "geometry": { "type": "Point", "coordinates": [ 6.467412, 62.471553 ] } },
{ "type": "Feature", "properties": { "Depth": 0.0 }, "geometry": { "type": "Point", "coordinates": [ 6.556449, 62.484654 ] } },
{ "type": "Feature", "properties": { "Depth": -20.0 }, "geometry": { "type": "Point", "coordinates": [ 6.399958, 62.466648 ] } },
{ "type": "Feature", "properties": { "Depth": 0.0 }, "geometry": { "type": "Point", "coordinates": [ 6.474206, 62.482543 ] } },
{ "type": "Feature", "properties": { "Depth": 0.0 }, "geometry": { "type": "Point", "coordinates": [ 6.459817, 62.480566 ] } },
{ "type": "Feature", "properties": { "Depth": -10.0 }, "geometry": { "type": "Point", "coordinates": [ 6.562802, 62.482605 ] } },
{ "type": "Feature", "properties": { "Depth": -10.0 }, "geometry": { "type": "Point", "coordinates": [ 6.517224, 62.479994 ] } },
{ "type": "Feature", "properties": { "Depth": -10.0 }, "geometry": { "type": "Point", "coordinates": [ 6.396573, 62.465949 ] } },
{ "type": "Feature", "properties": { "Depth": 0.0 }, "geometry": { "type": "Point", "coordinates": [ 6.47558, 62.472836 ] } },
{ "type": "Feature", "properties": { "Depth": -10.0 }, "geometry": { "type": "Point", "coordinates": [ 6.48057, 62.473647 ] } },
{ "type": "Feature", "properties": { "Depth": -10.0 }, "geometry": { "type": "Point", "coordinates": [ 6.559315, 62.48474 ] } },
{ "type": "Feature", "properties": { "Depth": -10.0 }, "geometry": { "type": "Point", "coordinates": [ 6.510456, 62.481045 ] } },
{ "type": "Feature", "properties": { "Depth": 0.0 }, "geometry": { "type": "Point", "coordinates": [ 6.51063, 62.481257 ] } },
{ "type": "Feature", "properties": { "Depth": -10.0 }, "geometry": { "type": "Point", "coordinates": [ 6.565713, 62.482211 ] } },
{ "type": "Feature", "properties": { "Depth": -10.0 }, "geometry": { "type": "Point", "coordinates": [ 6.550197, 62.47947 ] } },
{ "type": "Feature", "properties": { "Depth": -60.0 }, "geometry": { "type": "Point", "coordinates": [ 6.44458, 62.472005 ] } },
{ "type": "Feature", "properties": { "Depth": -10.0 }, "geometry": { "type": "Point", "coordinates": [ 6.492932, 62.482602 ] } },
{ "type": "Feature", "properties": { "Depth": 0.0 }, "geometry": { "type": "Point", "coordinates": [ 6.470333, 62.481978 ] } },
{ "type": "Feature", "properties": { "Depth": -20.0 }, "geometry": { "type": "Point", "coordinates": [ 6.437094, 62.469669 ] } },
{ "type": "Feature", "properties": { "Depth": 0.0 }, "geometry": { "type": "Point", "coordinates": [ 6.514321, 62.481165 ] } },
{ "type": "Feature", "properties": { "Depth": 0.0 }, "geometry": { "type": "Point", "coordinates": [ 6.519255, 62.481644 ] } },
{ "type": "Feature", "properties": { "Depth": -10.0 }, "geometry": { "type": "Point", "coordinates": [ 6.423284, 62.467323 ] } },
{ "type": "Feature", "properties": { "Depth": 0.0 }, "geometry": { "type": "Point", "coordinates": [ 6.506215, 62.482292 ] } },
{ "type": "Feature", "properties": { "Depth": 0.0 }, "geometry": { "type": "Point", "coordinates": [ 6.507857, 62.48216 ] } },
{ "type": "Feature", "properties": { "Depth": -10.0 }, "geometry": { "type": "Point", "coordinates": [ 6.391386, 62.465776 ] } },
{ "type": "Feature", "properties": { "Depth": -30.0 }, "geometry": { "type": "Point", "coordinates": [ 6.526653, 62.479008 ] } },
{ "type": "Feature", "properties": { "Depth": -10.0 }, "geometry": { "type": "Point", "coordinates": [ 6.48249, 62.483294 ] } },
{ "type": "Feature", "properties": { "Depth": 0.0 }, "geometry": { "type": "Point", "coordinates": [ 6.548099, 62.484453 ] } },
{ "type": "Feature", "properties": { "Depth": 0.0 }, "geometry": { "type": "Point", "coordinates": [ 6.483016, 62.473128 ] } },
{ "type": "Feature", "properties": { "Depth": -20.0 }, "geometry": { "type": "Point", "coordinates": [ 6.41608, 62.475196 ] } },
{ "type": "Feature", "properties": { "Depth": 0.0 }, "geometry": { "type": "Point", "coordinates": [ 6.5211, 62.481821 ] } },
{ "type": "Feature", "properties": { "Depth": -10.0 }, "geometry": { "type": "Point", "coordinates": [ 6.418675, 62.467228 ] } },
{ "type": "Feature", "properties": { "Depth": -10.0 }, "geometry": { "type": "Point", "coordinates": [ 6.501406, 62.481727 ] } },
{ "type": "Feature", "properties": { "Depth": -20.0 }, "geometry": { "type": "Point", "coordinates": [ 6.401266, 62.469652 ] } },
{ "type": "Feature", "properties": { "Depth": 0.0 }, "geometry": { "type": "Point", "coordinates": [ 6.471829, 62.482185 ] } },
{ "type": "Feature", "properties": { "Depth": 0.0 }, "geometry": { "type": "Point", "coordinates": [ 6.515033, 62.482 ] } },
{ "type": "Feature", "properties": { "Depth": -20.0 }, "geometry": { "type": "Point", "coordinates": [ 6.408031, 62.471851 ] } },
{ "type": "Feature", "properties": { "Depth": -20.0 }, "geometry": { "type": "Point", "coordinates": [ 6.532061, 62.481217 ] } },
{ "type": "Feature", "properties": { "Depth": -10.0 }, "geometry": { "type": "Point", "coordinates": [ 6.397075, 62.4653 ] } },
{ "type": "Feature", "properties": { "Depth": -10.0 }, "geometry": { "type": "Point", "coordinates": [ 6.560673, 62.484746 ] } },
{ "type": "Feature", "properties": { "Depth": -10.0 }, "geometry": { "type": "Point", "coordinates": [ 6.502859, 62.482817 ] } },
{ "type": "Feature", "properties": { "Depth": -10.0 }, "geometry": { "type": "Point", "coordinates": [ 6.52281, 62.480741 ] } },
{ "type": "Feature", "properties": { "Depth": 0.0 }, "geometry": { "type": "Point", "coordinates": [ 6.4693, 62.471713 ] } },
{ "type": "Feature", "properties": { "Depth": -40.0 }, "geometry": { "type": "Point", "coordinates": [ 6.497981, 62.478023 ] } },
{ "type": "Feature", "properties": { "Depth": 0.0 }, "geometry": { "type": "Point", "coordinates": [ 6.413059, 62.46487 ] } },
{ "type": "Feature", "properties": { "Depth": -50.0 }, "geometry": { "type": "Point", "coordinates": [ 6.448694, 62.471498 ] } },
{ "type": "Feature", "properties": { "Depth": -10.0 }, "geometry": { "type": "Point", "coordinates": [ 6.522747, 62.481359 ] } },
{ "type": "Feature", "properties": { "Depth": -10.0 }, "geometry": { "type": "Point", "coordinates": [ 6.405847, 62.465491 ] } },
{ "type": "Feature", "properties": { "Depth": 0.0 }, "geometry": { "type": "Point", "coordinates": [ 6.522608, 62.481882 ] } },
{ "type": "Feature", "properties": { "Depth": -10.0 }, "geometry": { "type": "Point", "coordinates": [ 6.392789, 62.466275 ] } },
{ "type": "Feature", "properties": { "Depth": -30.0 }, "geometry": { "type": "Point", "coordinates": [ 6.534532, 62.480996 ] } },
{ "type": "Feature", "properties": { "Depth": -20.0 }, "geometry": { "type": "Point", "coordinates": [ 6.542795, 62.482735 ] } },
{ "type": "Feature", "properties": { "Depth": -10.0 }, "geometry": { "type": "Point", "coordinates": [ 6.40907, 62.473628 ] } },
{ "type": "Feature", "properties": { "Depth": 0.0 }, "geometry": { "type": "Point", "coordinates": [ 6.524535, 62.481986 ] } },
{ "type": "Feature", "properties": { "Depth": -10.0 }, "geometry": { "type": "Point", "coordinates": [ 6.408529, 62.473407 ] } },
{ "type": "Feature", "properties": { "Depth": -30.0 }, "geometry": { "type": "Point", "coordinates": [ 6.413162, 62.473925 ] } },
{ "type": "Feature", "properties": { "Depth": 0.0 }, "geometry": { "type": "Point", "coordinates": [ 6.516413, 62.482541 ] } },
{ "type": "Feature", "properties": { "Depth": -90.0 }, "geometry": { "type": "Point", "coordinates": [ 6.459469, 62.476221 ] } },
{ "type": "Feature", "properties": { "Depth": -10.0 }, "geometry": { "type": "Point", "coordinates": [ 6.407633, 62.465245 ] } },
{ "type": "Feature", "properties": { "Depth": 0.0 }, "geometry": { "type": "Point", "coordinates": [ 6.524993, 62.48174 ] } },
{ "type": "Feature", "properties": { "Depth": -10.0 }, "geometry": { "type": "Point", "coordinates": [ 6.565271, 62.482733 ] } },
{ "type": "Feature", "properties": { "Depth": -20.0 }, "geometry": { "type": "Point", "coordinates": [ 6.455983, 62.478915 ] } },
{ "type": "Feature", "properties": { "Depth": 0.0 }, "geometry": { "type": "Point", "coordinates": [ 6.475414, 62.472643 ] } },
{ "type": "Feature", "properties": { "Depth": 0.0 }, "geometry": { "type": "Point", "coordinates": [ 6.522913, 62.481652 ] } },
{ "type": "Feature", "properties": { "Depth": 0.0 }, "geometry": { "type": "Point", "coordinates": [ 6.565331, 62.484695 ] } },
{ "type": "Feature", "properties": { "Depth": 0.0 }, "geometry": { "type": "Point", "coordinates": [ 6.514844, 62.482635 ] } },
{ "type": "Feature", "properties": { "Depth": 0.0 }, "geometry": { "type": "Point", "coordinates": [ 6.524449, 62.481732 ] } },
{ "type": "Feature", "properties": { "Depth": -30.0 }, "geometry": { "type": "Point", "coordinates": [ 6.410155, 62.46661 ] } },
{ "type": "Feature", "properties": { "Depth": 0.0 }, "geometry": { "type": "Point", "coordinates": [ 6.517046, 62.482426 ] } },
{ "type": "Feature", "properties": { "Depth": -10.0 }, "geometry": { "type": "Point", "coordinates": [ 6.509917, 62.476772 ] } },
{ "type": "Feature", "properties": { "Depth": 0.0 }, "geometry": { "type": "Point", "coordinates": [ 6.563301, 62.480369 ] } },
{ "type": "Feature", "properties": { "Depth": -10.0 }, "geometry": { "type": "Point", "coordinates": [ 6.553384, 62.48416 ] } },
{ "type": "Feature", "properties": { "Depth": -5.41 }, "geometry": { "type": "Point", "coordinates": [ 6.497994, 62.476552 ] } },
{ "type": "Feature", "properties": { "Depth": -10.0 }, "geometry": { "type": "Point", "coordinates": [ 6.40043, 62.465818 ] } },
{ "type": "Feature", "properties": { "Depth": 0.0 }, "geometry": { "type": "Point", "coordinates": [ 6.411804, 62.475112 ] } },
{ "type": "Feature", "properties": { "Depth": -20.0 }, "geometry": { "type": "Point", "coordinates": [ 6.412247, 62.474136 ] } },
{ "type": "Feature", "properties": { "Depth": -10.0 }, "geometry": { "type": "Point", "coordinates": [ 6.400986, 62.465607 ] } },
{ "type": "Feature", "properties": { "Depth": -40.0 }, "geometry": { "type": "Point", "coordinates": [ 6.510138, 62.479329 ] } },
{ "type": "Feature", "properties": { "Depth": -40.0 }, "geometry": { "type": "Point", "coordinates": [ 6.438242, 62.470239 ] } },
{ "type": "Feature", "properties": { "Depth": -10.0 }, "geometry": { "type": "Point", "coordinates": [ 6.40025, 62.470279 ] } },
{ "type": "Feature", "properties": { "Depth": 0.0 }, "geometry": { "type": "Point", "coordinates": [ 6.518619, 62.481579 ] } },
{ "type": "Feature", "properties": { "Depth": -40.0 }, "geometry": { "type": "Point", "coordinates": [ 6.455016, 62.477423 ] } },
{ "type": "Feature", "properties": { "Depth": 0.0 }, "geometry": { "type": "Point", "coordinates": [ 6.524557, 62.481568 ] } },
{ "type": "Feature", "properties": { "Depth": 0.0 }, "geometry": { "type": "Point", "coordinates": [ 6.523988, 62.479921 ] } },
{ "type": "Feature", "properties": { "Depth": -20.0 }, "geometry": { "type": "Point", "coordinates": [ 6.503138, 62.477774 ] } },
{ "type": "Feature", "properties": { "Depth": 0.0 }, "geometry": { "type": "Point", "coordinates": [ 6.52243, 62.481766 ] } },
{ "type": "Feature", "properties": { "Depth": 0.0 }, "geometry": { "type": "Point", "coordinates": [ 6.510925, 62.481193 ] } },
{ "type": "Feature", "properties": { "Depth": -10.0 }, "geometry": { "type": "Point", "coordinates": [ 6.454468, 62.478554 ] } },
{ "type": "Feature", "properties": { "Depth": 0.0 }, "geometry": { "type": "Point", "coordinates": [ 6.550307, 62.484638 ] } },
{ "type": "Feature", "properties": { "Depth": 0.0 }, "geometry": { "type": "Point", "coordinates": [ 6.404145, 62.472572 ] } },
{ "type": "Feature", "properties": { "Depth": -3.39 }, "geometry": { "type": "Point", "coordinates": [ 6.510639, 62.481233 ] } },
{ "type": "Feature", "properties": { "Depth": -10.0 }, "geometry": { "type": "Point", "coordinates": [ 6.524122, 62.478102 ] } },
{ "type": "Feature", "properties": { "Depth": 0.0 }, "geometry": { "type": "Point", "coordinates": [ 6.429528, 62.47729 ] } },
{ "type": "Feature", "properties": { "Depth": -30.0 }, "geometry": { "type": "Point", "coordinates": [ 6.501776, 62.480246 ] } },
{ "type": "Feature", "properties": { "Depth": 0.0 }, "geometry": { "type": "Point", "coordinates": [ 6.45709, 62.470871 ] } },
{ "type": "Feature", "properties": { "Depth": 0.0 }, "geometry": { "type": "Point", "coordinates": [ 6.516353, 62.481288 ] } },
{ "type": "Feature", "properties": { "Depth": -10.0 }, "geometry": { "type": "Point", "coordinates": [ 6.481346, 62.473744 ] } },
{ "type": "Feature", "properties": { "Depth": 0.0 }, "geometry": { "type": "Point", "coordinates": [ 6.561731, 62.484896 ] } },
{ "type": "Feature", "properties": { "Depth": 0.0 }, "geometry": { "type": "Point", "coordinates": [ 6.43074, 62.477645 ] } },
{ "type": "Feature", "properties": { "Depth": -10.0 }, "geometry": { "type": "Point", "coordinates": [ 6.5275, 62.481692 ] } },
{ "type": "Feature", "properties": { "Depth": -20.0 }, "geometry": { "type": "Point", "coordinates": [ 6.406725, 62.469564 ] } },
{ "type": "Feature", "properties": { "Depth": -40.0 }, "geometry": { "type": "Point", "coordinates": [ 6.486389, 62.481399 ] } },
{ "type": "Feature", "properties": { "Depth": -20.0 }, "geometry": { "type": "Point", "coordinates": [ 6.446648, 62.470215 ] } },
{ "type": "Feature", "properties": { "Depth": -90.0 }, "geometry": { "type": "Point", "coordinates": [ 6.457976, 62.474962 ] } },
{ "type": "Feature", "properties": { "Depth": -20.0 }, "geometry": { "type": "Point", "coordinates": [ 6.518859, 62.478208 ] } },
{ "type": "Feature", "properties": { "Depth": 0.0 }, "geometry": { "type": "Point", "coordinates": [ 6.525619, 62.481105 ] } },
{ "type": "Feature", "properties": { "Depth": -10.0 }, "geometry": { "type": "Point", "coordinates": [ 6.508938, 62.481533 ] } },
{ "type": "Feature", "properties": { "Depth": -10.0 }, "geometry": { "type": "Point", "coordinates": [ 6.52232, 62.481392 ] } },
{ "type": "Feature", "properties": { "Depth": 0.0 }, "geometry": { "type": "Point", "coordinates": [ 6.512024, 62.482701 ] } },
{ "type": "Feature", "properties": { "Depth": -70.0 }, "geometry": { "type": "Point", "coordinates": [ 6.482479, 62.479675 ] } },
{ "type": "Feature", "properties": { "Depth": -10.0 }, "geometry": { "type": "Point", "coordinates": [ 6.495139, 62.482316 ] } },
{ "type": "Feature", "properties": { "Depth": -30.0 }, "geometry": { "type": "Point", "coordinates": [ 6.528614, 62.479492 ] } },
{ "type": "Feature", "properties": { "Depth": 0.0 }, "geometry": { "type": "Point", "coordinates": [ 6.521205, 62.477315 ] } },
{ "type": "Feature", "properties": { "Depth": 0.0 }, "geometry": { "type": "Point", "coordinates": [ 6.50704, 62.477062 ] } },
{ "type": "Feature", "properties": { "Depth": 0.0 }, "geometry": { "type": "Point", "coordinates": [ 6.402603, 62.471789 ] } },
{ "type": "Feature", "properties": { "Depth": 0.0 }, "geometry": { "type": "Point", "coordinates": [ 6.433656, 62.477357 ] } },
{ "type": "Feature", "properties": { "Depth": -70.0 }, "geometry": { "type": "Point", "coordinates": [ 6.473587, 62.475298 ] } },
{ "type": "Feature", "properties": { "Depth": 0.0 }, "geometry": { "type": "Point", "coordinates": [ 6.45, 62.478127 ] } },
{ "type": "Feature", "properties": { "Depth": 0.0 }, "geometry": { "type": "Point", "coordinates": [ 6.562762, 62.481923 ] } },
{ "type": "Feature", "properties": { "Depth": 0.0 }, "geometry": { "type": "Point", "coordinates": [ 6.527694, 62.477232 ] } },
{ "type": "Feature", "properties": { "Depth": -10.0 }, "geometry": { "type": "Point", "coordinates": [ 6.561996, 62.483512 ] } },
{ "type": "Feature", "properties": { "Depth": 0.0 }, "geometry": { "type": "Point", "coordinates": [ 6.515779, 62.481251 ] } },
{ "type": "Feature", "properties": { "Depth": -10.0 }, "geometry": { "type": "Point", "coordinates": [ 6.49999, 62.483582 ] } },
{ "type": "Feature", "properties": { "Depth": 0.0 }, "geometry": { "type": "Point", "coordinates": [ 6.416585, 62.466489 ] } },
{ "type": "Feature", "properties": { "Depth": -10.0 }, "geometry": { "type": "Point", "coordinates": [ 6.467376, 62.48082 ] } },
{ "type": "Feature", "properties": { "Depth": 0.0 }, "geometry": { "type": "Point", "coordinates": [ 6.390157, 62.468988 ] } },
{ "type": "Feature", "properties": { "Depth": 0.0 }, "geometry": { "type": "Point", "coordinates": [ 6.550472, 62.483857 ] } },
{ "type": "Feature", "properties": { "Depth": -10.0 }, "geometry": { "type": "Point", "coordinates": [ 6.453426, 62.470995 ] } },
{ "type": "Feature", "properties": { "Depth": 0.0 }, "geometry": { "type": "Point", "coordinates": [ 6.51824, 62.477271 ] } },
{ "type": "Feature", "properties": { "Depth": -10.0 }, "geometry": { "type": "Point", "coordinates": [ 6.410454, 62.46493 ] } },
{ "type": "Feature", "properties": { "Depth": -10.0 }, "geometry": { "type": "Point", "coordinates": [ 6.415273, 62.476506 ] } },
{ "type": "Feature", "properties": { "Depth": -10.0 }, "geometry": { "type": "Point", "coordinates": [ 6.517204, 62.480812 ] } },
{ "type": "Feature", "properties": { "Depth": 0.0 }, "geometry": { "type": "Point", "coordinates": [ 6.469999, 62.482026 ] } },
{ "type": "Feature", "properties": { "Depth": -10.0 }, "geometry": { "type": "Point", "coordinates": [ 6.397087, 62.469372 ] } },
{ "type": "Feature", "properties": { "Depth": 0.0 }, "geometry": { "type": "Point", "coordinates": [ 6.473691, 62.472557 ] } },
{ "type": "Feature", "properties": { "Depth": -10.0 }, "geometry": { "type": "Point", "coordinates": [ 6.553003, 62.484072 ] } },
{ "type": "Feature", "properties": { "Depth": 0.0 }, "geometry": { "type": "Point", "coordinates": [ 6.403536, 62.472115 ] } },
{ "type": "Feature", "properties": { "Depth": 0.0 }, "geometry": { "type": "Point", "coordinates": [ 6.550188, 62.484786 ] } },
{ "type": "Feature", "properties": { "Depth": -10.0 }, "geometry": { "type": "Point", "coordinates": [ 6.510669, 62.48115 ] } },
{ "type": "Feature", "properties": { "Depth": -10.0 }, "geometry": { "type": "Point", "coordinates": [ 6.559884, 62.480398 ] } },
{ "type": "Feature", "properties": { "Depth": 0.0 }, "geometry": { "type": "Point", "coordinates": [ 6.567937, 62.484702 ] } },
{ "type": "Feature", "properties": { "Depth": -10.0 }, "geometry": { "type": "Point", "coordinates": [ 6.487909, 62.482595 ] } },
{ "type": "Feature", "properties": { "Depth": -10.0 }, "geometry": { "type": "Point", "coordinates": [ 6.42803, 62.467639 ] } },
{ "type": "Feature", "properties": { "Depth": -10.0 }, "geometry": { "type": "Point", "coordinates": [ 6.415915, 62.476715 ] } },
{ "type": "Feature", "properties": { "Depth": -10.0 }, "geometry": { "type": "Point", "coordinates": [ 6.416265, 62.476107 ] } },
{ "type": "Feature", "properties": { "Depth": 0.0 }, "geometry": { "type": "Point", "coordinates": [ 6.475585, 62.472721 ] } },
{ "type": "Feature", "properties": { "Depth": 0.0 }, "geometry": { "type": "Point", "coordinates": [ 6.550094, 62.484273 ] } },
{ "type": "Feature", "properties": { "Depth": -10.0 }, "geometry": { "type": "Point", "coordinates": [ 6.474038, 62.481866 ] } },
{ "type": "Feature", "properties": { "Depth": -10.0 }, "geometry": { "type": "Point", "coordinates": [ 6.410674, 62.473869 ] } },
{ "type": "Feature", "properties": { "Depth": -20.0 }, "geometry": { "type": "Point", "coordinates": [ 6.409983, 62.473108 ] } },
{ "type": "Feature", "properties": { "Depth": 0.0 }, "geometry": { "type": "Point", "coordinates": [ 6.517031, 62.481309 ] } },
{ "type": "Feature", "properties": { "Depth": 0.0 }, "geometry": { "type": "Point", "coordinates": [ 6.395323, 62.464917 ] } },
{ "type": "Feature", "properties": { "Depth": 0.0 }, "geometry": { "type": "Point", "coordinates": [ 6.514265, 62.482588 ] } },
{ "type": "Feature", "properties": { "Depth": -10.0 }, "geometry": { "type": "Point", "coordinates": [ 6.407645, 62.473832 ] } },
{ "type": "Feature", "properties": { "Depth": -10.0 }, "geometry": { "type": "Point", "coordinates": [ 6.520774, 62.481538 ] } },
{ "type": "Feature", "properties": { "Depth": 0.0 }, "geometry": { "type": "Point", "coordinates": [ 6.475472, 62.472698 ] } },
{ "type": "Feature", "properties": { "Depth": 0.0 }, "geometry": { "type": "Point", "coordinates": [ 6.523095, 62.481867 ] } },
{ "type": "Feature", "properties": { "Depth": -30.0 }, "geometry": { "type": "Point", "coordinates": [ 6.493904, 62.477196 ] } },
{ "type": "Feature", "properties": { "Depth": -10.0 }, "geometry": { "type": "Point", "coordinates": [ 6.417705, 62.467004 ] } },
{ "type": "Feature", "properties": { "Depth": -40.0 }, "geometry": { "type": "Point", "coordinates": [ 6.48945, 62.481694 ] } },
{ "type": "Feature", "properties": { "Depth": -10.0 }, "geometry": { "type": "Point", "coordinates": [ 6.517635, 62.480702 ] } },
{ "type": "Feature", "properties": { "Depth": -10.0 }, "geometry": { "type": "Point", "coordinates": [ 6.465075, 62.480535 ] } },
{ "type": "Feature", "properties": { "Depth": 0.0 }, "geometry": { "type": "Point", "coordinates": [ 6.528275, 62.481939 ] } },
{ "type": "Feature", "properties": { "Depth": -40.0 }, "geometry": { "type": "Point", "coordinates": [ 6.434835, 62.473374 ] } },
{ "type": "Feature", "properties": { "Depth": 0.0 }, "geometry": { "type": "Point", "coordinates": [ 6.388976, 62.465849 ] } },
{ "type": "Feature", "properties": { "Depth": -10.0 }, "geometry": { "type": "Point", "coordinates": [ 6.563216, 62.482473 ] } },
{ "type": "Feature", "properties": { "Depth": -30.0 }, "geometry": { "type": "Point", "coordinates": [ 6.537778, 62.481688 ] } },
{ "type": "Feature", "properties": { "Depth": -70.0 }, "geometry": { "type": "Point", "coordinates": [ 6.476317, 62.479299 ] } },
{ "type": "Feature", "properties": { "Depth": 0.0 }, "geometry": { "type": "Point", "coordinates": [ 6.514118, 62.482113 ] } },
{ "type": "Feature", "properties": { "Depth": -10.0 }, "geometry": { "type": "Point", "coordinates": [ 6.481967, 62.483901 ] } },
{ "type": "Feature", "properties": { "Depth": 0.0 }, "geometry": { "type": "Point", "coordinates": [ 6.567251, 62.482725 ] } },
{ "type": "Feature", "properties": { "Depth": -50.0 }, "geometry": { "type": "Point", "coordinates": [ 6.468774, 62.473226 ] } },
{ "type": "Feature", "properties": { "Depth": 0.0 }, "geometry": { "type": "Point", "coordinates": [ 6.525905, 62.48035 ] } },
{ "type": "Feature", "properties": { "Depth": -10.0 }, "geometry": { "type": "Point", "coordinates": [ 6.426565, 62.477442 ] } },
{ "type": "Feature", "properties": { "Depth": 0.0 }, "geometry": { "type": "Point", "coordinates": [ 6.492652, 62.476005 ] } },
{ "type": "Feature", "properties": { "Depth": -50.0 }, "geometry": { "type": "Point", "coordinates": [ 6.546425, 62.480814 ] } },
{ "type": "Feature", "properties": { "Depth": 0.0 }, "geometry": { "type": "Point", "coordinates": [ 6.537153, 62.477839 ] } },
{ "type": "Feature", "properties": { "Depth": 0.0 }, "geometry": { "type": "Point", "coordinates": [ 6.44983, 62.469544 ] } },
{ "type": "Feature", "properties": { "Depth": 0.0 }, "geometry": { "type": "Point", "coordinates": [ 6.389122, 62.465735 ] } },
{ "type": "Feature", "properties": { "Depth": -10.0 }, "geometry": { "type": "Point", "coordinates": [ 6.552776, 62.483997 ] } },
{ "type": "Feature", "properties": { "Depth": -70.0 }, "geometry": { "type": "Point", "coordinates": [ 6.47178, 62.474994 ] } },
{ "type": "Feature", "properties": { "Depth": -50.0 }, "geometry": { "type": "Point", "coordinates": [ 6.471608, 62.47342 ] } },
{ "type": "Feature", "properties": { "Depth": 0.0 }, "geometry": { "type": "Point", "coordinates": [ 6.436145, 62.477187 ] } },
{ "type": "Feature", "properties": { "Depth": -10.0 }, "geometry": { "type": "Point", "coordinates": [ 6.518344, 62.481152 ] } },
{ "type": "Feature", "properties": { "Depth": 0.0 }, "geometry": { "type": "Point", "coordinates": [ 6.457056, 62.479932 ] } },
{ "type": "Feature", "properties": { "Depth": -10.0 }, "geometry": { "type": "Point", "coordinates": [ 6.492335, 62.48278 ] } },
{ "type": "Feature", "properties": { "Depth": 0.0 }, "geometry": { "type": "Point", "coordinates": [ 6.45477, 62.470083 ] } },
{ "type": "Feature", "properties": { "Depth": -10.0 }, "geometry": { "type": "Point", "coordinates": [ 6.482093, 62.483925 ] } },
{ "type": "Feature", "properties": { "Depth": 0.0 }, "geometry": { "type": "Point", "coordinates": [ 6.550138, 62.484453 ] } },
{ "type": "Feature", "properties": { "Depth": -60.0 }, "geometry": { "type": "Point", "coordinates": [ 6.436929, 62.471445 ] } },
{ "type": "Feature", "properties": { "Depth": -10.0 }, "geometry": { "type": "Point", "coordinates": [ 6.478769, 62.483218 ] } },
{ "type": "Feature", "properties": { "Depth": -10.0 }, "geometry": { "type": "Point", "coordinates": [ 6.527204, 62.481251 ] } },
{ "type": "Feature", "properties": { "Depth": 0.0 }, "geometry": { "type": "Point", "coordinates": [ 6.47528, 62.472746 ] } },
{ "type": "Feature", "properties": { "Depth": 0.0 }, "geometry": { "type": "Point", "coordinates": [ 6.459191, 62.480384 ] } },
{ "type": "Feature", "properties": { "Depth": -10.0 }, "geometry": { "type": "Point", "coordinates": [ 6.555184, 62.484227 ] } },
{ "type": "Feature", "properties": { "Depth": 0.0 }, "geometry": { "type": "Point", "coordinates": [ 6.524234, 62.481771 ] } },
{ "type": "Feature", "properties": { "Depth": -10.0 }, "geometry": { "type": "Point", "coordinates": [ 6.443277, 62.476594 ] } },
{ "type": "Feature", "properties": { "Depth": 0.0 }, "geometry": { "type": "Point", "coordinates": [ 6.539475, 62.478868 ] } },
{ "type": "Feature", "properties": { "Depth": -60.0 }, "geometry": { "type": "Point", "coordinates": [ 6.472383, 62.479655 ] } },
{ "type": "Feature", "properties": { "Depth": -70.0 }, "geometry": { "type": "Point", "coordinates": [ 6.441503, 62.472681 ] } },
{ "type": "Feature", "properties": { "Depth": -10.0 }, "geometry": { "type": "Point", "coordinates": [ 6.523736, 62.481388 ] } },
{ "type": "Feature", "properties": { "Depth": -10.0 }, "geometry": { "type": "Point", "coordinates": [ 6.557642, 62.484115 ] } },
{ "type": "Feature", "properties": { "Depth": 0.0 }, "geometry": { "type": "Point", "coordinates": [ 6.539277, 62.478685 ] } },
{ "type": "Feature", "properties": { "Depth": -10.0 }, "geometry": { "type": "Point", "coordinates": [ 6.393405, 62.465431 ] } },
{ "type": "Feature", "properties": { "Depth": -50.0 }, "geometry": { "type": "Point", "coordinates": [ 6.415471, 62.470066 ] } },
{ "type": "Feature", "properties": { "Depth": -10.0 }, "geometry": { "type": "Point", "coordinates": [ 6.506583, 62.48187 ] } },
{ "type": "Feature", "properties": { "Depth": -10.0 }, "geometry": { "type": "Point", "coordinates": [ 6.484548, 62.483096 ] } },
{ "type": "Feature", "properties": { "Depth": -10.0 }, "geometry": { "type": "Point", "coordinates": [ 6.520227, 62.481626 ] } },
{ "type": "Feature", "properties": { "Depth": -40.0 }, "geometry": { "type": "Point", "coordinates": [ 6.539661, 62.480766 ] } },
{ "type": "Feature", "properties": { "Depth": -10.0 }, "geometry": { "type": "Point", "coordinates": [ 6.496188, 62.47641 ] } },
{ "type": "Feature", "properties": { "Depth": -10.0 }, "geometry": { "type": "Point", "coordinates": [ 6.5201, 62.480981 ] } },
{ "type": "Feature", "properties": { "Depth": 0.0 }, "geometry": { "type": "Point", "coordinates": [ 6.475368, 62.472623 ] } },
{ "type": "Feature", "properties": { "Depth": -20.0 }, "geometry": { "type": "Point", "coordinates": [ 6.534295, 62.481668 ] } },
{ "type": "Feature", "properties": { "Depth": 0.0 }, "geometry": { "type": "Point", "coordinates": [ 6.515141, 62.482092 ] } },
{ "type": "Feature", "properties": { "Depth": -10.0 }, "geometry": { "type": "Point", "coordinates": [ 6.53122, 62.48166 ] } },
{ "type": "Feature", "properties": { "Depth": -10.0 }, "geometry": { "type": "Point", "coordinates": [ 6.415089, 62.476359 ] } },
{ "type": "Feature", "properties": { "Depth": 0.0 }, "geometry": { "type": "Point", "coordinates": [ 6.523194, 62.481671 ] } },
{ "type": "Feature", "properties": { "Depth": 0.0 }, "geometry": { "type": "Point", "coordinates": [ 6.48795, 62.474681 ] } },
{ "type": "Feature", "properties": { "Depth": 0.0 }, "geometry": { "type": "Point", "coordinates": [ 6.502717, 62.483541 ] } },
{ "type": "Feature", "properties": { "Depth": 0.0 }, "geometry": { "type": "Point", "coordinates": [ 6.508759, 62.481991 ] } },
{ "type": "Feature", "properties": { "Depth": 0.0 }, "geometry": { "type": "Point", "coordinates": [ 6.389251, 62.466051 ] } },
{ "type": "Feature", "properties": { "Depth": 0.0 }, "geometry": { "type": "Point", "coordinates": [ 6.497132, 62.481318 ] } },
{ "type": "Feature", "properties": { "Depth": 0.0 }, "geometry": { "type": "Point", "coordinates": [ 6.475787, 62.472788 ] } },
{ "type": "Feature", "properties": { "Depth": -30.0 }, "geometry": { "type": "Point", "coordinates": [ 6.478252, 62.482238 ] } },
{ "type": "Feature", "properties": { "Depth": 0.0 }, "geometry": { "type": "Point", "coordinates": [ 6.521375, 62.481772 ] } },
{ "type": "Feature", "properties": { "Depth": -10.0 }, "geometry": { "type": "Point", "coordinates": [ 6.415164, 62.475351 ] } },
{ "type": "Feature", "properties": { "Depth": 0.0 }, "geometry": { "type": "Point", "coordinates": [ 6.389746, 62.465664 ] } },
{ "type": "Feature", "properties": { "Depth": -10.0 }, "geometry": { "type": "Point", "coordinates": [ 6.45059, 62.477801 ] } },
{ "type": "Feature", "properties": { "Depth": -80.0 }, "geometry": { "type": "Point", "coordinates": [ 6.470197, 62.474974 ] } },
{ "type": "Feature", "properties": { "Depth": -10.0 }, "geometry": { "type": "Point", "coordinates": [ 6.544217, 62.483428 ] } },
{ "type": "Feature", "properties": { "Depth": -35.89 }, "geometry": { "type": "Point", "coordinates": [ 6.549832, 62.480448 ] } },
{ "type": "Feature", "properties": { "Depth": 0.0 }, "geometry": { "type": "Point", "coordinates": [ 6.518433, 62.481486 ] } },
{ "type": "Feature", "properties": { "Depth": -30.0 }, "geometry": { "type": "Point", "coordinates": [ 6.404175, 62.467026 ] } },
{ "type": "Feature", "properties": { "Depth": -40.0 }, "geometry": { "type": "Point", "coordinates": [ 6.418268, 62.473321 ] } },
{ "type": "Feature", "properties": { "Depth": -10.0 }, "geometry": { "type": "Point", "coordinates": [ 6.491721, 62.482811 ] } },
{ "type": "Feature", "properties": { "Depth": 0.0 }, "geometry": { "type": "Point", "coordinates": [ 6.501919, 62.476566 ] } },
{ "type": "Feature", "properties": { "Depth": -40.0 }, "geometry": { "type": "Point", "coordinates": [ 6.547486, 62.482524 ] } },
{ "type": "Feature", "properties": { "Depth": 0.0 }, "geometry": { "type": "Point", "coordinates": [ 6.503055, 62.483879 ] } },
{ "type": "Feature", "properties": { "Depth": -20.0 }, "geometry": { "type": "Point", "coordinates": [ 6.401355, 62.466081 ] } },
{ "type": "Feature", "properties": { "Depth": 0.0 }, "geometry": { "type": "Point", "coordinates": [ 6.478419, 62.472407 ] } },
{ "type": "Feature", "properties": { "Depth": -10.0 }, "geometry": { "type": "Point", "coordinates": [ 6.452589, 62.477833 ] } },
{ "type": "Feature", "properties": { "Depth": 0.0 }, "geometry": { "type": "Point", "coordinates": [ 6.516055, 62.482539 ] } },
{ "type": "Feature", "properties": { "Depth": -10.0 }, "geometry": { "type": "Point", "coordinates": [ 6.451368, 62.470267 ] } },
{ "type": "Feature", "properties": { "Depth": 0.0 }, "geometry": { "type": "Point", "coordinates": [ 6.475463, 62.472637 ] } },
{ "type": "Feature", "properties": { "Depth": -50.0 }, "geometry": { "type": "Point", "coordinates": [ 6.550276, 62.481413 ] } },
{ "type": "Feature", "properties": { "Depth": 0.0 }, "geometry": { "type": "Point", "coordinates": [ 6.410624, 62.474262 ] } },
{ "type": "Feature", "properties": { "Depth": 0.0 }, "geometry": { "type": "Point", "coordinates": [ 6.523902, 62.481871 ] } },
{ "type": "Feature", "properties": { "Depth": 0.0 }, "geometry": { "type": "Point", "coordinates": [ 6.524451, 62.481519 ] } },
{ "type": "Feature", "properties": { "Depth": -10.0 }, "geometry": { "type": "Point", "coordinates": [ 6.510367, 62.481154 ] } },
{ "type": "Feature", "properties": { "Depth": -20.0 }, "geometry": { "type": "Point", "coordinates": [ 6.396829, 62.467103 ] } },
{ "type": "Feature", "properties": { "Depth": 0.0 }, "geometry": { "type": "Point", "coordinates": [ 6.434562, 62.477428 ] } },
{ "type": "Feature", "properties": { "Depth": 0.0 }, "geometry": { "type": "Point", "coordinates": [ 6.475416, 62.472774 ] } },
{ "type": "Feature", "properties": { "Depth": -40.0 }, "geometry": { "type": "Point", "coordinates": [ 6.458783, 62.472375 ] } },
{ "type": "Feature", "properties": { "Depth": -10.0 }, "geometry": { "type": "Point", "coordinates": [ 6.433861, 62.476743 ] } },
{ "type": "Feature", "properties": { "Depth": 0.0 }, "geometry": { "type": "Point", "coordinates": [ 6.387076, 62.466721 ] } },
{ "type": "Feature", "properties": { "Depth": 0.0 }, "geometry": { "type": "Point", "coordinates": [ 6.395091, 62.464913 ] } },
{ "type": "Feature", "properties": { "Depth": 0.0 }, "geometry": { "type": "Point", "coordinates": [ 6.388683, 62.466095 ] } },
{ "type": "Feature", "properties": { "Depth": 0.0 }, "geometry": { "type": "Point", "coordinates": [ 6.513507, 62.482476 ] } },
{ "type": "Feature", "properties": { "Depth": -50.0 }, "geometry": { "type": "Point", "coordinates": [ 6.456227, 62.477762 ] } },
{ "type": "Feature", "properties": { "Depth": -30.0 }, "geometry": { "type": "Point", "coordinates": [ 6.491959, 62.481884 ] } },
{ "type": "Feature", "properties": { "Depth": 0.0 }, "geometry": { "type": "Point", "coordinates": [ 6.51507, 62.482372 ] } },
{ "type": "Feature", "properties": { "Depth": -3.74 }, "geometry": { "type": "Point", "coordinates": [ 6.521042, 62.481581 ] } },
{ "type": "Feature", "properties": { "Depth": -60.0 }, "geometry": { "type": "Point", "coordinates": [ 6.45032, 62.474836 ] } },
{ "type": "Feature", "properties": { "Depth": 0.0 }, "geometry": { "type": "Point", "coordinates": [ 6.53639, 62.478542 ] } },
{ "type": "Feature", "properties": { "Depth": -30.0 }, "geometry": { "type": "Point", "coordinates": [ 6.520382, 62.479077 ] } },
{ "type": "Feature", "properties": { "Depth": -10.0 }, "geometry": { "type": "Point", "coordinates": [ 6.480885, 62.483772 ] } },
{ "type": "Feature", "properties": { "Depth": -40.0 }, "geometry": { "type": "Point", "coordinates": [ 6.51137, 62.479637 ] } },
{ "type": "Feature", "properties": { "Depth": 0.0 }, "geometry": { "type": "Point", "coordinates": [ 6.561741, 62.478559 ] } },
{ "type": "Feature", "properties": { "Depth": -30.0 }, "geometry": { "type": "Point", "coordinates": [ 6.402178, 62.467174 ] } },
{ "type": "Feature", "properties": { "Depth": 0.0 }, "geometry": { "type": "Point", "coordinates": [ 6.435596, 62.477241 ] } },
{ "type": "Feature", "properties": { "Depth": -10.0 }, "geometry": { "type": "Point", "coordinates": [ 6.485052, 62.47449 ] } },
{ "type": "Feature", "properties": { "Depth": 0.0 }, "geometry": { "type": "Point", "coordinates": [ 6.498717, 62.48134 ] } },
{ "type": "Feature", "properties": { "Depth": 0.0 }, "geometry": { "type": "Point", "coordinates": [ 6.523399, 62.481765 ] } },
{ "type": "Feature", "properties": { "Depth": -10.0 }, "geometry": { "type": "Point", "coordinates": [ 6.403584, 62.465846 ] } },
{ "type": "Feature", "properties": { "Depth": -50.0 }, "geometry": { "type": "Point", "coordinates": [ 6.442337, 62.47127 ] } },
{ "type": "Feature", "properties": { "Depth": 0.0 }, "geometry": { "type": "Point", "coordinates": [ 6.453858, 62.478742 ] } },
{ "type": "Feature", "properties": { "Depth": -20.0 }, "geometry": { "type": "Point", "coordinates": [ 6.550971, 62.483292 ] } },
{ "type": "Feature", "properties": { "Depth": -10.0 }, "geometry": { "type": "Point", "coordinates": [ 6.564925, 62.483725 ] } },
{ "type": "Feature", "properties": { "Depth": 0.0 }, "geometry": { "type": "Point", "coordinates": [ 6.401581, 62.471491 ] } },
{ "type": "Feature", "properties": { "Depth": 0.0 }, "geometry": { "type": "Point", "coordinates": [ 6.524555, 62.481112 ] } },
{ "type": "Feature", "properties": { "Depth": -10.0 }, "geometry": { "type": "Point", "coordinates": [ 6.4103, 62.473765 ] } },
{ "type": "Feature", "properties": { "Depth": -10.0 }, "geometry": { "type": "Point", "coordinates": [ 6.530817, 62.48151 ] } },
{ "type": "Feature", "properties": { "Depth": 0.0 }, "geometry": { "type": "Point", "coordinates": [ 6.479238, 62.472368 ] } },
{ "type": "Feature", "properties": { "Depth": 0.0 }, "geometry": { "type": "Point", "coordinates": [ 6.475324, 62.472663 ] } },
{ "type": "Feature", "properties": { "Depth": 0.0 }, "geometry": { "type": "Point", "coordinates": [ 6.52377, 62.482011 ] } },
{ "type": "Feature", "properties": { "Depth": -20.0 }, "geometry": { "type": "Point", "coordinates": [ 6.531528, 62.478687 ] } },
{ "type": "Feature", "properties": { "Depth": 0.0 }, "geometry": { "type": "Point", "coordinates": [ 6.539536, 62.479067 ] } },
{ "type": "Feature", "properties": { "Depth": -30.0 }, "geometry": { "type": "Point", "coordinates": [ 6.533932, 62.480116 ] } },
{ "type": "Feature", "properties": { "Depth": -10.0 }, "geometry": { "type": "Point", "coordinates": [ 6.437801, 62.468407 ] } },
{ "type": "Feature", "properties": { "Depth": 0.0 }, "geometry": { "type": "Point", "coordinates": [ 6.52272, 62.481857 ] } },
{ "type": "Feature", "properties": { "Depth": -10.0 }, "geometry": { "type": "Point", "coordinates": [ 6.500566, 62.483339 ] } },
{ "type": "Feature", "properties": { "Depth": -30.0 }, "geometry": { "type": "Point", "coordinates": [ 6.409842, 62.4722 ] } },
{ "type": "Feature", "properties": { "Depth": -10.0 }, "geometry": { "type": "Point", "coordinates": [ 6.563161, 62.482319 ] } },
{ "type": "Feature", "properties": { "Depth": -60.0 }, "geometry": { "type": "Point", "coordinates": [ 6.473451, 62.479538 ] } },
{ "type": "Feature", "properties": { "Depth": 0.0 }, "geometry": { "type": "Point", "coordinates": [ 6.524823, 62.481864 ] } },
{ "type": "Feature", "properties": { "Depth": -10.0 }, "geometry": { "type": "Point", "coordinates": [ 6.433018, 62.467619 ] } },
{ "type": "Feature", "properties": { "Depth": -10.0 }, "geometry": { "type": "Point", "coordinates": [ 6.403996, 62.465797 ] } },
{ "type": "Feature", "properties": { "Depth": -20.0 }, "geometry": { "type": "Point", "coordinates": [ 6.457873, 62.479209 ] } },
{ "type": "Feature", "properties": { "Depth": -10.0 }, "geometry": { "type": "Point", "coordinates": [ 6.527702, 62.48183 ] } },
{ "type": "Feature", "properties": { "Depth": -20.0 }, "geometry": { "type": "Point", "coordinates": [ 6.49601, 62.476894 ] } },
{ "type": "Feature", "properties": { "Depth": 0.0 }, "geometry": { "type": "Point", "coordinates": [ 6.562853, 62.482158 ] } },
{ "type": "Feature", "properties": { "Depth": -10.0 }, "geometry": { "type": "Point", "coordinates": [ 6.551939, 62.479052 ] } },
{ "type": "Feature", "properties": { "Depth": -40.0 }, "geometry": { "type": "Point", "coordinates": [ 6.477746, 62.47505 ] } },
{ "type": "Feature", "properties": { "Depth": 0.0 }, "geometry": { "type": "Point", "coordinates": [ 6.514363, 62.482084 ] } },
{ "type": "Feature", "properties": { "Depth": -10.0 }, "geometry": { "type": "Point", "coordinates": [ 6.4792, 62.483405 ] } },
{ "type": "Feature", "properties": { "Depth": 0.0 }, "geometry": { "type": "Point", "coordinates": [ 6.403955, 62.472533 ] } },
{ "type": "Feature", "properties": { "Depth": -10.0 }, "geometry": { "type": "Point", "coordinates": [ 6.434568, 62.467872 ] } },
{ "type": "Feature", "properties": { "Depth": 0.0 }, "geometry": { "type": "Point", "coordinates": [ 6.506512, 62.482226 ] } },
{ "type": "Feature", "properties": { "Depth": -10.0 }, "geometry": { "type": "Point", "coordinates": [ 6.489647, 62.475735 ] } },
{ "type": "Feature", "properties": { "Depth": 0.0 }, "geometry": { "type": "Point", "coordinates": [ 6.524567, 62.481408 ] } },
{ "type": "Feature", "properties": { "Depth": -10.0 }, "geometry": { "type": "Point", "coordinates": [ 6.484237, 62.474876 ] } },
{ "type": "Feature", "properties": { "Depth": -10.0 }, "geometry": { "type": "Point", "coordinates": [ 6.494538, 62.482353 ] } },
{ "type": "Feature", "properties": { "Depth": -10.0 }, "geometry": { "type": "Point", "coordinates": [ 6.542438, 62.483274 ] } },
{ "type": "Feature", "properties": { "Depth": 0.0 }, "geometry": { "type": "Point", "coordinates": [ 6.567206, 62.482228 ] } },
{ "type": "Feature", "properties": { "Depth": 0.0 }, "geometry": { "type": "Point", "coordinates": [ 6.503448, 62.483814 ] } },
{ "type": "Feature", "properties": { "Depth": -30.0 }, "geometry": { "type": "Point", "coordinates": [ 6.473768, 62.481064 ] } },
{ "type": "Feature", "properties": { "Depth": -10.0 }, "geometry": { "type": "Point", "coordinates": [ 6.518596, 62.481264 ] } },
{ "type": "Feature", "properties": { "Depth": -10.0 }, "geometry": { "type": "Point", "coordinates": [ 6.504499, 62.482434 ] } },
{ "type": "Feature", "properties": { "Depth": -10.0 }, "geometry": { "type": "Point", "coordinates": [ 6.409426, 62.474107 ] } },
{ "type": "Feature", "properties": { "Depth": 0.0 }, "geometry": { "type": "Point", "coordinates": [ 6.515224, 62.482498 ] } },
{ "type": "Feature", "properties": { "Depth": 0.0 }, "geometry": { "type": "Point", "coordinates": [ 6.389045, 62.46708 ] } },
{ "type": "Feature", "properties": { "Depth": -0.533 }, "geometry": { "type": "Point", "coordinates": [ 6.530759, 62.47725 ] } },
{ "type": "Feature", "properties": { "Depth": -40.0 }, "geometry": { "type": "Point", "coordinates": [ 6.449149, 62.475687 ] } },
{ "type": "Feature", "properties": { "Depth": -10.0 }, "geometry": { "type": "Point", "coordinates": [ 6.540986, 62.483152 ] } },
{ "type": "Feature", "properties": { "Depth": -10.0 }, "geometry": { "type": "Point", "coordinates": [ 6.395708, 62.465185 ] } },
{ "type": "Feature", "properties": { "Depth": 0.0 }, "geometry": { "type": "Point", "coordinates": [ 6.392319, 62.464439 ] } },
{ "type": "Feature", "properties": { "Depth": 0.0 }, "geometry": { "type": "Point", "coordinates": [ 6.454374, 62.470614 ] } },
{ "type": "Feature", "properties": { "Depth": -10.0 }, "geometry": { "type": "Point", "coordinates": [ 6.475298, 62.473001 ] } },
{ "type": "Feature", "properties": { "Depth": -20.0 }, "geometry": { "type": "Point", "coordinates": [ 6.398248, 62.466212 ] } },
{ "type": "Feature", "properties": { "Depth": 0.0 }, "geometry": { "type": "Point", "coordinates": [ 6.511063, 62.482118 ] } },
{ "type": "Feature", "properties": { "Depth": -20.0 }, "geometry": { "type": "Point", "coordinates": [ 6.496956, 62.476968 ] } },
{ "type": "Feature", "properties": { "Depth": -10.0 }, "geometry": { "type": "Point", "coordinates": [ 6.441557, 62.475819 ] } },
{ "type": "Feature", "properties": { "Depth": -40.0 }, "geometry": { "type": "Point", "coordinates": [ 6.416578, 62.47377 ] } },
{ "type": "Feature", "properties": { "Depth": -30.0 }, "geometry": { "type": "Point", "coordinates": [ 6.406383, 62.466542 ] } },
{ "type": "Feature", "properties": { "Depth": -10.0 }, "geometry": { "type": "Point", "coordinates": [ 6.391165, 62.467525 ] } },
{ "type": "Feature", "properties": { "Depth": -20.0 }, "geometry": { "type": "Point", "coordinates": [ 6.41377, 62.47464 ] } },
{ "type": "Feature", "properties": { "Depth": 0.0 }, "geometry": { "type": "Point", "coordinates": [ 6.524678, 62.481842 ] } },
{ "type": "Feature", "properties": { "Depth": 0.0 }, "geometry": { "type": "Point", "coordinates": [ 6.452213, 62.478452 ] } },
{ "type": "Feature", "properties": { "Depth": -20.0 }, "geometry": { "type": "Point", "coordinates": [ 6.485218, 62.475894 ] } },
{ "type": "Feature", "properties": { "Depth": -20.0 }, "geometry": { "type": "Point", "coordinates": [ 6.454418, 62.471239 ] } },
{ "type": "Feature", "properties": { "Depth": 0.0 }, "geometry": { "type": "Point", "coordinates": [ 6.53575, 62.477204 ] } },
{ "type": "Feature", "properties": { "Depth": -20.0 }, "geometry": { "type": "Point", "coordinates": [ 6.474876, 62.473294 ] } },
{ "type": "Feature", "properties": { "Depth": 0.0 }, "geometry": { "type": "Point", "coordinates": [ 6.462906, 62.470698 ] } },
{ "type": "Feature", "properties": { "Depth": 0.0 }, "geometry": { "type": "Point", "coordinates": [ 6.56101, 62.484904 ] } },
{ "type": "Feature", "properties": { "Depth": -10.0 }, "geometry": { "type": "Point", "coordinates": [ 6.562565, 62.480854 ] } },
{ "type": "Feature", "properties": { "Depth": 0.0 }, "geometry": { "type": "Point", "coordinates": [ 6.399177, 62.470351 ] } },
{ "type": "Feature", "properties": { "Depth": -10.0 }, "geometry": { "type": "Point", "coordinates": [ 6.484482, 62.483833 ] } },
{ "type": "Feature", "properties": { "Depth": -10.0 }, "geometry": { "type": "Point", "coordinates": [ 6.518878, 62.481047 ] } },
{ "type": "Feature", "properties": { "Depth": 0.0 }, "geometry": { "type": "Point", "coordinates": [ 6.488525, 62.475221 ] } },
{ "type": "Feature", "properties": { "Depth": 0.0 }, "geometry": { "type": "Point", "coordinates": [ 6.400099, 62.470783 ] } },
{ "type": "Feature", "properties": { "Depth": -10.0 }, "geometry": { "type": "Point", "coordinates": [ 6.488424, 62.48359 ] } },
{ "type": "Feature", "properties": { "Depth": 0.0 }, "geometry": { "type": "Point", "coordinates": [ 6.455696, 62.470849 ] } },
{ "type": "Feature", "properties": { "Depth": -10.0 }, "geometry": { "type": "Point", "coordinates": [ 6.475768, 62.473179 ] } },
{ "type": "Feature", "properties": { "Depth": -30.0 }, "geometry": { "type": "Point", "coordinates": [ 6.470951, 62.480586 ] } },
{ "type": "Feature", "properties": { "Depth": 0.0 }, "geometry": { "type": "Point", "coordinates": [ 6.521523, 62.481776 ] } },
{ "type": "Feature", "properties": { "Depth": 0.0 }, "geometry": { "type": "Point", "coordinates": [ 6.548969, 62.484496 ] } },
{ "type": "Feature", "properties": { "Depth": 0.0 }, "geometry": { "type": "Point", "coordinates": [ 6.465344, 62.481753 ] } },
{ "type": "Feature", "properties": { "Depth": -10.0 }, "geometry": { "type": "Point", "coordinates": [ 6.39376, 62.46589 ] } },
{ "type": "Feature", "properties": { "Depth": -10.0 }, "geometry": { "type": "Point", "coordinates": [ 6.449086, 62.470231 ] } },
{ "type": "Feature", "properties": { "Depth": 0.0 }, "geometry": { "type": "Point", "coordinates": [ 6.511929, 62.481281 ] } },
{ "type": "Feature", "properties": { "Depth": -10.0 }, "geometry": { "type": "Point", "coordinates": [ 6.521039, 62.481318 ] } },
{ "type": "Feature", "properties": { "Depth": -10.0 }, "geometry": { "type": "Point", "coordinates": [ 6.480866, 62.474433 ] } },
{ "type": "Feature", "properties": { "Depth": -10.0 }, "geometry": { "type": "Point", "coordinates": [ 6.421748, 62.476282 ] } },
{ "type": "Feature", "properties": { "Depth": -70.0 }, "geometry": { "type": "Point", "coordinates": [ 6.466172, 62.47868 ] } },
{ "type": "Feature", "properties": { "Depth": -10.0 }, "geometry": { "type": "Point", "coordinates": [ 6.55, 62.479484 ] } },
{ "type": "Feature", "properties": { "Depth": -60.0 }, "geometry": { "type": "Point", "coordinates": [ 6.4388, 62.473718 ] } },
{ "type": "Feature", "properties": { "Depth": 0.0 }, "geometry": { "type": "Point", "coordinates": [ 6.45379, 62.469975 ] } },
{ "type": "Feature", "properties": { "Depth": -70.0 }, "geometry": { "type": "Point", "coordinates": [ 6.451984, 62.475017 ] } },
{ "type": "Feature", "properties": { "Depth": -70.0 }, "geometry": { "type": "Point", "coordinates": [ 6.442982, 62.473648 ] } },
{ "type": "Feature", "properties": { "Depth": 0.0 }, "geometry": { "type": "Point", "coordinates": [ 6.495263, 62.476339 ] } },
{ "type": "Feature", "properties": { "Depth": -20.0 }, "geometry": { "type": "Point", "coordinates": [ 6.559168, 62.48208 ] } },
{ "type": "Feature", "properties": { "Depth": -10.0 }, "geometry": { "type": "Point", "coordinates": [ 6.442569, 62.476645 ] } },
{ "type": "Feature", "properties": { "Depth": -10.0 }, "geometry": { "type": "Point", "coordinates": [ 6.50182, 62.482885 ] } },
{ "type": "Feature", "properties": { "Depth": 0.0 }, "geometry": { "type": "Point", "coordinates": [ 6.471107, 62.481777 ] } },
{ "type": "Feature", "properties": { "Depth": -30.0 }, "geometry": { "type": "Point", "coordinates": [ 6.41296, 62.467098 ] } },
{ "type": "Feature", "properties": { "Depth": -2.82 }, "geometry": { "type": "Point", "coordinates": [ 6.446449, 62.477322 ] } },
{ "type": "Feature", "properties": { "Depth": -10.0 }, "geometry": { "type": "Point", "coordinates": [ 6.548775, 62.479567 ] } },
{ "type": "Feature", "properties": { "Depth": -4.38 }, "geometry": { "type": "Point", "coordinates": [ 6.510502, 62.481248 ] } },
{ "type": "Feature", "properties": { "Depth": -100.0 }, "geometry": { "type": "Point", "coordinates": [ 6.466949, 62.476335 ] } },
{ "type": "Feature", "properties": { "Depth": -20.0 }, "geometry": { "type": "Point", "coordinates": [ 6.456784, 62.479144 ] } },
{ "type": "Feature", "properties": { "Depth": 0.0 }, "geometry": { "type": "Point", "coordinates": [ 6.454999, 62.470132 ] } },
{ "type": "Feature", "properties": { "Depth": -80.0 }, "geometry": { "type": "Point", "coordinates": [ 6.457189, 62.476602 ] } },
{ "type": "Feature", "properties": { "Depth": -10.0 }, "geometry": { "type": "Point", "coordinates": [ 6.43908, 62.469269 ] } },
{ "type": "Feature", "properties": { "Depth": 0.0 }, "geometry": { "type": "Point", "coordinates": [ 6.51344, 62.481307 ] } },
{ "type": "Feature", "properties": { "Depth": 0.0 }, "geometry": { "type": "Point", "coordinates": [ 6.563114, 62.482246 ] } },
{ "type": "Feature", "properties": { "Depth": 0.0 }, "geometry": { "type": "Point", "coordinates": [ 6.50456, 62.482828 ] } },
{ "type": "Feature", "properties": { "Depth": -30.0 }, "geometry": { "type": "Point", "coordinates": [ 6.430039, 62.473144 ] } },
{ "type": "Feature", "properties": { "Depth": 0.0 }, "geometry": { "type": "Point", "coordinates": [ 6.513728, 62.481349 ] } },
{ "type": "Feature", "properties": { "Depth": 0.0 }, "geometry": { "type": "Point", "coordinates": [ 6.508388, 62.482313 ] } },
{ "type": "Feature", "properties": { "Depth": -10.0 }, "geometry": { "type": "Point", "coordinates": [ 6.561749, 62.481175 ] } },
{ "type": "Feature", "properties": { "Depth": -10.0 }, "geometry": { "type": "Point", "coordinates": [ 6.551943, 62.483982 ] } },
{ "type": "Feature", "properties": { "Depth": -10.0 }, "geometry": { "type": "Point", "coordinates": [ 6.418213, 62.476234 ] } },
{ "type": "Feature", "properties": { "Depth": -10.0 }, "geometry": { "type": "Point", "coordinates": [ 6.50985, 62.481306 ] } },
{ "type": "Feature", "properties": { "Depth": 0.0 }, "geometry": { "type": "Point", "coordinates": [ 6.475418, 62.472622 ] } },
{ "type": "Feature", "properties": { "Depth": -4.99 }, "geometry": { "type": "Point", "coordinates": [ 6.515678, 62.476803 ] } },
{ "type": "Feature", "properties": { "Depth": -20.0 }, "geometry": { "type": "Point", "coordinates": [ 6.479316, 62.482547 ] } },
{ "type": "Feature", "properties": { "Depth": -40.0 }, "geometry": { "type": "Point", "coordinates": [ 6.431946, 62.469879 ] } },
{ "type": "Feature", "properties": { "Depth": -20.0 }, "geometry": { "type": "Point", "coordinates": [ 6.552032, 62.48355 ] } },
{ "type": "Feature", "properties": { "Depth": 0.0 }, "geometry": { "type": "Point", "coordinates": [ 6.395592, 62.469628 ] } },
{ "type": "Feature", "properties": { "Depth": 0.0 }, "geometry": { "type": "Point", "coordinates": [ 6.475523, 62.472623 ] } },
{ "type": "Feature", "properties": { "Depth": 0.0 }, "geometry": { "type": "Point", "coordinates": [ 6.506851, 62.482115 ] } },
{ "type": "Feature", "properties": { "Depth": -10.0 }, "geometry": { "type": "Point", "coordinates": [ 6.49952, 62.482816 ] } },
{ "type": "Feature", "properties": { "Depth": 0.0 }, "geometry": { "type": "Point", "coordinates": [ 6.399898, 62.47028 ] } },
{ "type": "Feature", "properties": { "Depth": -10.0 }, "geometry": { "type": "Point", "coordinates": [ 6.509082, 62.481436 ] } },
{ "type": "Feature", "properties": { "Depth": 0.0 }, "geometry": { "type": "Point", "coordinates": [ 6.523096, 62.477456 ] } },
{ "type": "Feature", "properties": { "Depth": 0.0 }, "geometry": { "type": "Point", "coordinates": [ 6.395473, 62.464983 ] } },
{ "type": "Feature", "properties": { "Depth": -30.0 }, "geometry": { "type": "Point", "coordinates": [ 6.403476, 62.466527 ] } },
{ "type": "Feature", "properties": { "Depth": 0.0 }, "geometry": { "type": "Point", "coordinates": [ 6.455504, 62.470468 ] } },
{ "type": "Feature", "properties": { "Depth": 0.0 }, "geometry": { "type": "Point", "coordinates": [ 6.499101, 62.47639 ] } },
{ "type": "Feature", "properties": { "Depth": 0.0 }, "geometry": { "type": "Point", "coordinates": [ 6.550442, 62.484764 ] } },
{ "type": "Feature", "properties": { "Depth": -10.0 }, "geometry": { "type": "Point", "coordinates": [ 6.537052, 62.479719 ] } },
{ "type": "Feature", "properties": { "Depth": -70.0 }, "geometry": { "type": "Point", "coordinates": [ 6.467534, 62.474114 ] } },
{ "type": "Feature", "properties": { "Depth": -10.0 }, "geometry": { "type": "Point", "coordinates": [ 6.41494, 62.476361 ] } },
{ "type": "Feature", "properties": { "Depth": 0.0 }, "geometry": { "type": "Point", "coordinates": [ 6.392954, 62.464505 ] } },
{ "type": "Feature", "properties": { "Depth": -10.0 }, "geometry": { "type": "Point", "coordinates": [ 6.499934, 62.483724 ] } },
{ "type": "Feature", "properties": { "Depth": -10.0 }, "geometry": { "type": "Point", "coordinates": [ 6.454962, 62.479068 ] } },
{ "type": "Feature", "properties": { "Depth": 0.0 }, "geometry": { "type": "Point", "coordinates": [ 6.400626, 62.471312 ] } },
{ "type": "Feature", "properties": { "Depth": -70.0 }, "geometry": { "type": "Point", "coordinates": [ 6.445965, 62.473399 ] } },
{ "type": "Feature", "properties": { "Depth": -20.0 }, "geometry": { "type": "Point", "coordinates": [ 6.555669, 62.483727 ] } },
{ "type": "Feature", "properties": { "Depth": -20.0 }, "geometry": { "type": "Point", "coordinates": [ 6.475361, 62.473543 ] } },
{ "type": "Feature", "properties": { "Depth": 0.0 }, "geometry": { "type": "Point", "coordinates": [ 6.475369, 62.482797 ] } },
{ "type": "Feature", "properties": { "Depth": 0.0 }, "geometry": { "type": "Point", "coordinates": [ 6.534674, 62.477077 ] } },
{ "type": "Feature", "properties": { "Depth": -10.0 }, "geometry": { "type": "Point", "coordinates": [ 6.500105, 62.483696 ] } },
{ "type": "Feature", "properties": { "Depth": 0.0 }, "geometry": { "type": "Point", "coordinates": [ 6.538725, 62.478724 ] } },
{ "type": "Feature", "properties": { "Depth": -10.0 }, "geometry": { "type": "Point", "coordinates": [ 6.490475, 62.483231 ] } },
{ "type": "Feature", "properties": { "Depth": -10.0 }, "geometry": { "type": "Point", "coordinates": [ 6.53951, 62.479618 ] } },
{ "type": "Feature", "properties": { "Depth": -10.0 }, "geometry": { "type": "Point", "coordinates": [ 6.4077, 62.472814 ] } },
{ "type": "Feature", "properties": { "Depth": -20.0 }, "geometry": { "type": "Point", "coordinates": [ 6.552463, 62.483643 ] } },
{ "type": "Feature", "properties": { "Depth": 0.0 }, "geometry": { "type": "Point", "coordinates": [ 6.522212, 62.477341 ] } },
{ "type": "Feature", "properties": { "Depth": 0.0 }, "geometry": { "type": "Point", "coordinates": [ 6.389512, 62.465042 ] } },
{ "type": "Feature", "properties": { "Depth": 0.0 }, "geometry": { "type": "Point", "coordinates": [ 6.390668, 62.464686 ] } },
{ "type": "Feature", "properties": { "Depth": -10.0 }, "geometry": { "type": "Point", "coordinates": [ 6.495718, 62.482478 ] } },
{ "type": "Feature", "properties": { "Depth": 0.0 }, "geometry": { "type": "Point", "coordinates": [ 6.465562, 62.471187 ] } },
{ "type": "Feature", "properties": { "Depth": -10.0 }, "geometry": { "type": "Point", "coordinates": [ 6.414737, 62.475741 ] } },
{ "type": "Feature", "properties": { "Depth": -30.0 }, "geometry": { "type": "Point", "coordinates": [ 6.493594, 62.48187 ] } },
{ "type": "Feature", "properties": { "Depth": -10.0 }, "geometry": { "type": "Point", "coordinates": [ 6.396983, 62.468468 ] } },
{ "type": "Feature", "properties": { "Depth": 0.0 }, "geometry": { "type": "Point", "coordinates": [ 6.470262, 62.47182 ] } },
{ "type": "Feature", "properties": { "Depth": 0.0 }, "geometry": { "type": "Point", "coordinates": [ 6.461616, 62.481308 ] } },
{ "type": "Feature", "properties": { "Depth": 0.0 }, "geometry": { "type": "Point", "coordinates": [ 6.475419, 62.472613 ] } },
{ "type": "Feature", "properties": { "Depth": -50.0 }, "geometry": { "type": "Point", "coordinates": [ 6.473942, 62.47385 ] } },
{ "type": "Feature", "properties": { "Depth": -40.0 }, "geometry": { "type": "Point", "coordinates": [ 6.429371, 62.469899 ] } },
{ "type": "Feature", "properties": { "Depth": -10.0 }, "geometry": { "type": "Point", "coordinates": [ 6.522582, 62.477954 ] } },
{ "type": "Feature", "properties": { "Depth": 0.0 }, "geometry": { "type": "Point", "coordinates": [ 6.464668, 62.481714 ] } },
{ "type": "Feature", "properties": { "Depth": -50.0 }, "geometry": { "type": "Point", "coordinates": [ 6.440896, 62.471159 ] } },
{ "type": "Feature", "properties": { "Depth": -10.0 }, "geometry": { "type": "Point", "coordinates": [ 6.523463, 62.481354 ] } },
{ "type": "Feature", "properties": { "Depth": 0.0 }, "geometry": { "type": "Point", "coordinates": [ 6.564738, 62.480371 ] } },
{ "type": "Feature", "properties": { "Depth": -20.0 }, "geometry": { "type": "Point", "coordinates": [ 6.552719, 62.479992 ] } },
{ "type": "Feature", "properties": { "Depth": -10.0 }, "geometry": { "type": "Point", "coordinates": [ 6.426418, 62.46721 ] } },
{ "type": "Feature", "properties": { "Depth": -10.0 }, "geometry": { "type": "Point", "coordinates": [ 6.499956, 62.483214 ] } },
{ "type": "Feature", "properties": { "Depth": -20.0 }, "geometry": { "type": "Point", "coordinates": [ 6.502483, 62.477975 ] } },
{ "type": "Feature", "properties": { "Depth": -40.0 }, "geometry": { "type": "Point", "coordinates": [ 6.510683, 62.478397 ] } },
{ "type": "Feature", "properties": { "Depth": -30.0 }, "geometry": { "type": "Point", "coordinates": [ 6.4968, 62.480345 ] } },
{ "type": "Feature", "properties": { "Depth": -30.0 }, "geometry": { "type": "Point", "coordinates": [ 6.506542, 62.478583 ] } },
{ "type": "Feature", "properties": { "Depth": -70.0 }, "geometry": { "type": "Point", "coordinates": [ 6.43996, 62.472701 ] } },
{ "type": "Feature", "properties": { "Depth": -10.0 }, "geometry": { "type": "Point", "coordinates": [ 6.422252, 62.477497 ] } },
{ "type": "Feature", "properties": { "Depth": 0.0 }, "geometry": { "type": "Point", "coordinates": [ 6.475401, 62.472626 ] } },
{ "type": "Feature", "properties": { "Depth": 0.0 }, "geometry": { "type": "Point", "coordinates": [ 6.523525, 62.481982 ] } },
{ "type": "Feature", "properties": { "Depth": 0.0 }, "geometry": { "type": "Point", "coordinates": [ 6.514025, 62.482642 ] } },
{ "type": "Feature", "properties": { "Depth": -10.0 }, "geometry": { "type": "Point", "coordinates": [ 6.439405, 62.468706 ] } },
{ "type": "Feature", "properties": { "Depth": -10.0 }, "geometry": { "type": "Point", "coordinates": [ 6.483234, 62.483581 ] } },
{ "type": "Feature", "properties": { "Depth": -30.0 }, "geometry": { "type": "Point", "coordinates": [ 6.498585, 62.482259 ] } },
{ "type": "Feature", "properties": { "Depth": -10.0 }, "geometry": { "type": "Point", "coordinates": [ 6.434971, 62.476741 ] } },
{ "type": "Feature", "properties": { "Depth": -30.0 }, "geometry": { "type": "Point", "coordinates": [ 6.421113, 62.468575 ] } },
{ "type": "Feature", "properties": { "Depth": -30.0 }, "geometry": { "type": "Point", "coordinates": [ 6.47621, 62.474082 ] } },
{ "type": "Feature", "properties": { "Depth": -10.0 }, "geometry": { "type": "Point", "coordinates": [ 6.441926, 62.469174 ] } },
{ "type": "Feature", "properties": { "Depth": -10.0 }, "geometry": { "type": "Point", "coordinates": [ 6.39256, 62.465207 ] } },
{ "type": "Feature", "properties": { "Depth": -10.0 }, "geometry": { "type": "Point", "coordinates": [ 6.513658, 62.480817 ] } },
{ "type": "Feature", "properties": { "Depth": 0.0 }, "geometry": { "type": "Point", "coordinates": [ 6.431031, 62.47765 ] } },
{ "type": "Feature", "properties": { "Depth": 0.0 }, "geometry": { "type": "Point", "coordinates": [ 6.403249, 62.471311 ] } },
{ "type": "Feature", "properties": { "Depth": -30.0 }, "geometry": { "type": "Point", "coordinates": [ 6.476621, 62.481542 ] } },
{ "type": "Feature", "properties": { "Depth": 0.0 }, "geometry": { "type": "Point", "coordinates": [ 6.508693, 62.47702 ] } },
{ "type": "Feature", "properties": { "Depth": -10.0 }, "geometry": { "type": "Point", "coordinates": [ 6.496644, 62.482561 ] } },
{ "type": "Feature", "properties": { "Depth": -10.0 }, "geometry": { "type": "Point", "coordinates": [ 6.559304, 62.478462 ] } },
{ "type": "Feature", "properties": { "Depth": 0.0 }, "geometry": { "type": "Point", "coordinates": [ 6.431557, 62.477624 ] } },
{ "type": "Feature", "properties": { "Depth": -10.0 }, "geometry": { "type": "Point", "coordinates": [ 6.500017, 62.483732 ] } },
{ "type": "Feature", "properties": { "Depth": -10.0 }, "geometry": { "type": "Point", "coordinates": [ 6.408317, 62.465195 ] } },
{ "type": "Feature", "properties": { "Depth": -10.0 }, "geometry": { "type": "Point", "coordinates": [ 6.484877, 62.483759 ] } },
{ "type": "Feature", "properties": { "Depth": -10.0 }, "geometry": { "type": "Point", "coordinates": [ 6.491903, 62.483069 ] } },
{ "type": "Feature", "properties": { "Depth": 0.0 }, "geometry": { "type": "Point", "coordinates": [ 6.523623, 62.48179 ] } },
{ "type": "Feature", "properties": { "Depth": -10.0 }, "geometry": { "type": "Point", "coordinates": [ 6.501065, 62.483996 ] } },
{ "type": "Feature", "properties": { "Depth": -10.0 }, "geometry": { "type": "Point", "coordinates": [ 6.532289, 62.481849 ] } },
{ "type": "Feature", "properties": { "Depth": 0.0 }, "geometry": { "type": "Point", "coordinates": [ 6.563533, 62.48158 ] } },
{ "type": "Feature", "properties": { "Depth": -30.0 }, "geometry": { "type": "Point", "coordinates": [ 6.415174, 62.474327 ] } },
{ "type": "Feature", "properties": { "Depth": -20.0 }, "geometry": { "type": "Point", "coordinates": [ 6.450704, 62.476987 ] } },
{ "type": "Feature", "properties": { "Depth": -20.0 }, "geometry": { "type": "Point", "coordinates": [ 6.51183, 62.47733 ] } },
{ "type": "Feature", "properties": { "Depth": -10.0 }, "geometry": { "type": "Point", "coordinates": [ 6.415119, 62.476143 ] } },
{ "type": "Feature", "properties": { "Depth": -10.0 }, "geometry": { "type": "Point", "coordinates": [ 6.563883, 62.483273 ] } },
{ "type": "Feature", "properties": { "Depth": 0.0 }, "geometry": { "type": "Point", "coordinates": [ 6.478927, 62.472676 ] } },
{ "type": "Feature", "properties": { "Depth": -10.0 }, "geometry": { "type": "Point", "coordinates": [ 6.51779, 62.479162 ] } },
{ "type": "Feature", "properties": { "Depth": -10.0 }, "geometry": { "type": "Point", "coordinates": [ 6.445076, 62.469313 ] } },
{ "type": "Feature", "properties": { "Depth": -10.0 }, "geometry": { "type": "Point", "coordinates": [ 6.518668, 62.480761 ] } },
{ "type": "Feature", "properties": { "Depth": -20.0 }, "geometry": { "type": "Point", "coordinates": [ 6.550624, 62.479744 ] } },
{ "type": "Feature", "properties": { "Depth": -10.0 }, "geometry": { "type": "Point", "coordinates": [ 6.405815, 62.471491 ] } },
{ "type": "Feature", "properties": { "Depth": -30.0 }, "geometry": { "type": "Point", "coordinates": [ 6.511512, 62.478139 ] } },
{ "type": "Feature", "properties": { "Depth": -20.0 }, "geometry": { "type": "Point", "coordinates": [ 6.508241, 62.480871 ] } },
{ "type": "Feature", "properties": { "Depth": 0.0 }, "geometry": { "type": "Point", "coordinates": [ 6.494488, 62.476316 ] } },
{ "type": "Feature", "properties": { "Depth": -10.0 }, "geometry": { "type": "Point", "coordinates": [ 6.563399, 62.482459 ] } },
{ "type": "Feature", "properties": { "Depth": 0.0 }, "geometry": { "type": "Point", "coordinates": [ 6.517116, 62.48122 ] } },
{ "type": "Feature", "properties": { "Depth": -10.0 }, "geometry": { "type": "Point", "coordinates": [ 6.395752, 62.465936 ] } },
{ "type": "Feature", "properties": { "Depth": -20.0 }, "geometry": { "type": "Point", "coordinates": [ 6.531258, 62.480941 ] } },
{ "type": "Feature", "properties": { "Depth": -20.0 }, "geometry": { "type": "Point", "coordinates": [ 6.551546, 62.483502 ] } },
{ "type": "Feature", "properties": { "Depth": 0.0 }, "geometry": { "type": "Point", "coordinates": [ 6.45747, 62.470959 ] } },
{ "type": "Feature", "properties": { "Depth": 0.0 }, "geometry": { "type": "Point", "coordinates": [ 6.50319, 62.483477 ] } },
{ "type": "Feature", "properties": { "Depth": 0.0 }, "geometry": { "type": "Point", "coordinates": [ 6.561924, 62.484884 ] } },
{ "type": "Feature", "properties": { "Depth": 0.0 }, "geometry": { "type": "Point", "coordinates": [ 6.52371, 62.481891 ] } },
{ "type": "Feature", "properties": { "Depth": -30.0 }, "geometry": { "type": "Point", "coordinates": [ 6.533984, 62.48118 ] } },
{ "type": "Feature", "properties": { "Depth": -40.0 }, "geometry": { "type": "Point", "coordinates": [ 6.492728, 62.477658 ] } },
{ "type": "Feature", "properties": { "Depth": 0.0 }, "geometry": { "type": "Point", "coordinates": [ 6.529279, 62.481169 ] } },
{ "type": "Feature", "properties": { "Depth": -50.0 }, "geometry": { "type": "Point", "coordinates": [ 6.544835, 62.480782 ] } },
{ "type": "Feature", "properties": { "Depth": 0.0 }, "geometry": { "type": "Point", "coordinates": [ 6.517608, 62.477161 ] } },
{ "type": "Feature", "properties": { "Depth": -10.0 }, "geometry": { "type": "Point", "coordinates": [ 6.499463, 62.483653 ] } },
{ "type": "Feature", "properties": { "Depth": 0.0 }, "geometry": { "type": "Point", "coordinates": [ 6.546551, 62.484166 ] } },
{ "type": "Feature", "properties": { "Depth": -10.0 }, "geometry": { "type": "Point", "coordinates": [ 6.476303, 62.473008 ] } },
{ "type": "Feature", "properties": { "Depth": 0.0 }, "geometry": { "type": "Point", "coordinates": [ 6.449924, 62.47773 ] } },
{ "type": "Feature", "properties": { "Depth": 0.0 }, "geometry": { "type": "Point", "coordinates": [ 6.528962, 62.481853 ] } },
{ "type": "Feature", "properties": { "Depth": -10.0 }, "geometry": { "type": "Point", "coordinates": [ 6.44827, 62.470241 ] } },
{ "type": "Feature", "properties": { "Depth": 0.0 }, "geometry": { "type": "Point", "coordinates": [ 6.549809, 62.4839 ] } },
{ "type": "Feature", "properties": { "Depth": 0.0 }, "geometry": { "type": "Point", "coordinates": [ 6.411408, 62.47453 ] } },
{ "type": "Feature", "properties": { "Depth": -10.0 }, "geometry": { "type": "Point", "coordinates": [ 6.511356, 62.476735 ] } },
{ "type": "Feature", "properties": { "Depth": 0.0 }, "geometry": { "type": "Point", "coordinates": [ 6.472405, 62.472407 ] } },
{ "type": "Feature", "properties": { "Depth": -24.97 }, "geometry": { "type": "Point", "coordinates": [ 6.463419, 62.472107 ] } },
{ "type": "Feature", "properties": { "Depth": -10.0 }, "geometry": { "type": "Point", "coordinates": [ 6.530843, 62.481868 ] } },
{ "type": "Feature", "properties": { "Depth": 0.0 }, "geometry": { "type": "Point", "coordinates": [ 6.393729, 62.464959 ] } },
{ "type": "Feature", "properties": { "Depth": -10.0 }, "geometry": { "type": "Point", "coordinates": [ 6.493406, 62.482736 ] } },
{ "type": "Feature", "properties": { "Depth": -40.0 }, "geometry": { "type": "Point", "coordinates": [ 6.50646, 62.4799 ] } },
{ "type": "Feature", "properties": { "Depth": 0.0 }, "geometry": { "type": "Point", "coordinates": [ 6.567681, 62.483116 ] } },
{ "type": "Feature", "properties": { "Depth": -20.0 }, "geometry": { "type": "Point", "coordinates": [ 6.51058, 62.480818 ] } },
{ "type": "Feature", "properties": { "Depth": 0.0 }, "geometry": { "type": "Point", "coordinates": [ 6.45519, 62.47071 ] } },
{ "type": "Feature", "properties": { "Depth": -60.0 }, "geometry": { "type": "Point", "coordinates": [ 6.419465, 62.472022 ] } },
{ "type": "Feature", "properties": { "Depth": 0.0 }, "geometry": { "type": "Point", "coordinates": [ 6.550871, 62.484036 ] } },
{ "type": "Feature", "properties": { "Depth": -10.0 }, "geometry": { "type": "Point", "coordinates": [ 6.500205, 62.483486 ] } },
{ "type": "Feature", "properties": { "Depth": 0.0 }, "geometry": { "type": "Point", "coordinates": [ 6.524642, 62.480498 ] } },
{ "type": "Feature", "properties": { "Depth": 0.0 }, "geometry": { "type": "Point", "coordinates": [ 6.517742, 62.480166 ] } },
{ "type": "Feature", "properties": { "Depth": -10.0 }, "geometry": { "type": "Point", "coordinates": [ 6.502448, 62.477291 ] } },
{ "type": "Feature", "properties": { "Depth": 0.0 }, "geometry": { "type": "Point", "coordinates": [ 6.393291, 62.46487 ] } },
{ "type": "Feature", "properties": { "Depth": -30.0 }, "geometry": { "type": "Point", "coordinates": [ 6.491368, 62.48215 ] } },
{ "type": "Feature", "properties": { "Depth": -10.0 }, "geometry": { "type": "Point", "coordinates": [ 6.41463, 62.475195 ] } },
{ "type": "Feature", "properties": { "Depth": -10.0 }, "geometry": { "type": "Point", "coordinates": [ 6.407, 62.472035 ] } },
{ "type": "Feature", "properties": { "Depth": -20.0 }, "geometry": { "type": "Point", "coordinates": [ 6.480376, 62.482808 ] } },
{ "type": "Feature", "properties": { "Depth": -20.0 }, "geometry": { "type": "Point", "coordinates": [ 6.472817, 62.472973 ] } },
{ "type": "Feature", "properties": { "Depth": 0.0 }, "geometry": { "type": "Point", "coordinates": [ 6.454771, 62.479414 ] } },
{ "type": "Feature", "properties": { "Depth": 0.0 }, "geometry": { "type": "Point", "coordinates": [ 6.400139, 62.471114 ] } },
{ "type": "Feature", "properties": { "Depth": -70.0 }, "geometry": { "type": "Point", "coordinates": [ 6.438453, 62.472372 ] } },
{ "type": "Feature", "properties": { "Depth": -20.0 }, "geometry": { "type": "Point", "coordinates": [ 6.549756, 62.479765 ] } },
{ "type": "Feature", "properties": { "Depth": 0.0 }, "geometry": { "type": "Point", "coordinates": [ 6.521227, 62.481777 ] } },
{ "type": "Feature", "properties": { "Depth": -30.0 }, "geometry": { "type": "Point", "coordinates": [ 6.553563, 62.48275 ] } },
{ "type": "Feature", "properties": { "Depth": -20.0 }, "geometry": { "type": "Point", "coordinates": [ 6.449201, 62.476751 ] } },
{ "type": "Feature", "properties": { "Depth": 0.0 }, "geometry": { "type": "Point", "coordinates": [ 6.52463, 62.48216 ] } },
{ "type": "Feature", "properties": { "Depth": 0.0 }, "geometry": { "type": "Point", "coordinates": [ 6.535313, 62.477097 ] } },
{ "type": "Feature", "properties": { "Depth": 0.0 }, "geometry": { "type": "Point", "coordinates": [ 6.400509, 62.470902 ] } },
{ "type": "Feature", "properties": { "Depth": -20.0 }, "geometry": { "type": "Point", "coordinates": [ 6.551509, 62.47983 ] } },
{ "type": "Feature", "properties": { "Depth": -60.0 }, "geometry": { "type": "Point", "coordinates": [ 6.420138, 62.470389 ] } },
{ "type": "Feature", "properties": { "Depth": 0.0 }, "geometry": { "type": "Point", "coordinates": [ 6.52465, 62.481712 ] } },
{ "type": "Feature", "properties": { "Depth": 0.0 }, "geometry": { "type": "Point", "coordinates": [ 6.503385, 62.476967 ] } },
{ "type": "Feature", "properties": { "Depth": -10.0 }, "geometry": { "type": "Point", "coordinates": [ 6.421428, 62.467477 ] } },
{ "type": "Feature", "properties": { "Depth": -20.0 }, "geometry": { "type": "Point", "coordinates": [ 6.469136, 62.48066 ] } },
{ "type": "Feature", "properties": { "Depth": 0.0 }, "geometry": { "type": "Point", "coordinates": [ 6.523847, 62.481686 ] } },
{ "type": "Feature", "properties": { "Depth": 0.0 }, "geometry": { "type": "Point", "coordinates": [ 6.515188, 62.482695 ] } },
{ "type": "Feature", "properties": { "Depth": -15.73 }, "geometry": { "type": "Point", "coordinates": [ 6.492499, 62.48224 ] } },
{ "type": "Feature", "properties": { "Depth": -20.0 }, "geometry": { "type": "Point", "coordinates": [ 6.555671, 62.480719 ] } },
{ "type": "Feature", "properties": { "Depth": -10.0 }, "geometry": { "type": "Point", "coordinates": [ 6.495408, 62.482934 ] } },
{ "type": "Feature", "properties": { "Depth": -30.0 }, "geometry": { "type": "Point", "coordinates": [ 6.504011, 62.480741 ] } },
{ "type": "Feature", "properties": { "Depth": 0.0 }, "geometry": { "type": "Point", "coordinates": [ 6.515026, 62.482739 ] } },
{ "type": "Feature", "properties": { "Depth": -20.0 }, "geometry": { "type": "Point", "coordinates": [ 6.542156, 62.482486 ] } },
{ "type": "Feature", "properties": { "Depth": -10.0 }, "geometry": { "type": "Point", "coordinates": [ 6.562636, 62.48236 ] } },
{ "type": "Feature", "properties": { "Depth": 0.0 }, "geometry": { "type": "Point", "coordinates": [ 6.450217, 62.478046 ] } },
{ "type": "Feature", "properties": { "Depth": -10.0 }, "geometry": { "type": "Point", "coordinates": [ 6.423606, 62.477549 ] } },
{ "type": "Feature", "properties": { "Depth": -10.0 }, "geometry": { "type": "Point", "coordinates": [ 6.495692, 62.483029 ] } },
{ "type": "Feature", "properties": { "Depth": -10.0 }, "geometry": { "type": "Point", "coordinates": [ 6.471273, 62.481345 ] } },
{ "type": "Feature", "properties": { "Depth": -40.0 }, "geometry": { "type": "Point", "coordinates": [ 6.422028, 62.473032 ] } },
{ "type": "Feature", "properties": { "Depth": -10.0 }, "geometry": { "type": "Point", "coordinates": [ 6.486078, 62.474772 ] } },
{ "type": "Feature", "properties": { "Depth": -10.0 }, "geometry": { "type": "Point", "coordinates": [ 6.399846, 62.465699 ] } },
{ "type": "Feature", "properties": { "Depth": -10.0 }, "geometry": { "type": "Point", "coordinates": [ 6.49989, 62.483793 ] } },
{ "type": "Feature", "properties": { "Depth": 0.0 }, "geometry": { "type": "Point", "coordinates": [ 6.517512, 62.481129 ] } },
{ "type": "Feature", "properties": { "Depth": -10.0 }, "geometry": { "type": "Point", "coordinates": [ 6.409182, 62.474013 ] } },
{ "type": "Feature", "properties": { "Depth": -10.0 }, "geometry": { "type": "Point", "coordinates": [ 6.472625, 62.481516 ] } },
{ "type": "Feature", "properties": { "Depth": 0.0 }, "geometry": { "type": "Point", "coordinates": [ 6.403939, 62.471518 ] } },
{ "type": "Feature", "properties": { "Depth": -40.0 }, "geometry": { "type": "Point", "coordinates": [ 6.448086, 62.475767 ] } },
{ "type": "Feature", "properties": { "Depth": 0.0 }, "geometry": { "type": "Point", "coordinates": [ 6.563387, 62.481009 ] } },
{ "type": "Feature", "properties": { "Depth": 0.0 }, "geometry": { "type": "Point", "coordinates": [ 6.563914, 62.481425 ] } },
{ "type": "Feature", "properties": { "Depth": 0.0 }, "geometry": { "type": "Point", "coordinates": [ 6.521566, 62.48199 ] } },
{ "type": "Feature", "properties": { "Depth": -20.0 }, "geometry": { "type": "Point", "coordinates": [ 6.552792, 62.483667 ] } },
{ "type": "Feature", "properties": { "Depth": -30.0 }, "geometry": { "type": "Point", "coordinates": [ 6.411568, 62.473247 ] } },
{ "type": "Feature", "properties": { "Depth": -30.0 }, "geometry": { "type": "Point", "coordinates": [ 6.54918, 62.48014 ] } },
{ "type": "Feature", "properties": { "Depth": -10.0 }, "geometry": { "type": "Point", "coordinates": [ 6.539962, 62.483089 ] } },
{ "type": "Feature", "properties": { "Depth": 0.0 }, "geometry": { "type": "Point", "coordinates": [ 6.387363, 62.466547 ] } },
{ "type": "Feature", "properties": { "Depth": -40.0 }, "geometry": { "type": "Point", "coordinates": [ 6.550723, 62.482377 ] } },
{ "type": "Feature", "properties": { "Depth": 0.0 }, "geometry": { "type": "Point", "coordinates": [ 6.520519, 62.480065 ] } },
{ "type": "Feature", "properties": { "Depth": 0.0 }, "geometry": { "type": "Point", "coordinates": [ 6.455121, 62.470172 ] } },
{ "type": "Feature", "properties": { "Depth": -30.0 }, "geometry": { "type": "Point", "coordinates": [ 6.422436, 62.468361 ] } },
{ "type": "Feature", "properties": { "Depth": -50.0 }, "geometry": { "type": "Point", "coordinates": [ 6.495111, 62.479777 ] } },
{ "type": "Feature", "properties": { "Depth": -70.0 }, "geometry": { "type": "Point", "coordinates": [ 6.465785, 62.474355 ] } },
{ "type": "Feature", "properties": { "Depth": 0.0 }, "geometry": { "type": "Point", "coordinates": [ 6.389203, 62.468584 ] } },
{ "type": "Feature", "properties": { "Depth": 0.0 }, "geometry": { "type": "Point", "coordinates": [ 6.471357, 62.4818 ] } },
{ "type": "Feature", "properties": { "Depth": 0.0 }, "geometry": { "type": "Point", "coordinates": [ 6.516916, 62.481114 ] } },
{ "type": "Feature", "properties": { "Depth": -10.0 }, "geometry": { "type": "Point", "coordinates": [ 6.435786, 62.476363 ] } },
{ "type": "Feature", "properties": { "Depth": -10.0 }, "geometry": { "type": "Point", "coordinates": [ 6.435918, 62.468184 ] } },
{ "type": "Feature", "properties": { "Depth": 0.0 }, "geometry": { "type": "Point", "coordinates": [ 6.45, 62.469598 ] } },
{ "type": "Feature", "properties": { "Depth": 0.0 }, "geometry": { "type": "Point", "coordinates": [ 6.510644, 62.481258 ] } },
{ "type": "Feature", "properties": { "Depth": -10.0 }, "geometry": { "type": "Point", "coordinates": [ 6.404621, 62.465755 ] } },
{ "type": "Feature", "properties": { "Depth": 0.0 }, "geometry": { "type": "Point", "coordinates": [ 6.478814, 62.472379 ] } },
{ "type": "Feature", "properties": { "Depth": 0.0 }, "geometry": { "type": "Point", "coordinates": [ 6.513809, 62.482281 ] } },
{ "type": "Feature", "properties": { "Depth": -70.0 }, "geometry": { "type": "Point", "coordinates": [ 6.427193, 62.471125 ] } },
{ "type": "Feature", "properties": { "Depth": 0.0 }, "geometry": { "type": "Point", "coordinates": [ 6.404119, 62.472216 ] } },
{ "type": "Feature", "properties": { "Depth": 0.0 }, "geometry": { "type": "Point", "coordinates": [ 6.462872, 62.481376 ] } },
{ "type": "Feature", "properties": { "Depth": -10.0 }, "geometry": { "type": "Point", "coordinates": [ 6.396257, 62.469016 ] } },
{ "type": "Feature", "properties": { "Depth": -30.0 }, "geometry": { "type": "Point", "coordinates": [ 6.460883, 62.472139 ] } },
{ "type": "Feature", "properties": { "Depth": -60.0 }, "geometry": { "type": "Point", "coordinates": [ 6.422154, 62.470813 ] } },
{ "type": "Feature", "properties": { "Depth": 0.0 }, "geometry": { "type": "Point", "coordinates": [ 6.510772, 62.481267 ] } },
{ "type": "Feature", "properties": { "Depth": -30.0 }, "geometry": { "type": "Point", "coordinates": [ 6.496411, 62.481785 ] } },
{ "type": "Feature", "properties": { "Depth": 0.0 }, "geometry": { "type": "Point", "coordinates": [ 6.514307, 62.482787 ] } },
{ "type": "Feature", "properties": { "Depth": -10.0 }, "geometry": { "type": "Point", "coordinates": [ 6.395521, 62.465573 ] } },
{ "type": "Feature", "properties": { "Depth": 0.0 }, "geometry": { "type": "Point", "coordinates": [ 6.415864, 62.465856 ] } },
{ "type": "Feature", "properties": { "Depth": 0.0 }, "geometry": { "type": "Point", "coordinates": [ 6.518765, 62.48169 ] } },
{ "type": "Feature", "properties": { "Depth": 0.0 }, "geometry": { "type": "Point", "coordinates": [ 6.536673, 62.477544 ] } },
{ "type": "Feature", "properties": { "Depth": -70.0 }, "geometry": { "type": "Point", "coordinates": [ 6.451083, 62.473606 ] } },
{ "type": "Feature", "properties": { "Depth": -10.0 }, "geometry": { "type": "Point", "coordinates": [ 6.436944, 62.468212 ] } },
{ "type": "Feature", "properties": { "Depth": -20.0 }, "geometry": { "type": "Point", "coordinates": [ 6.401917, 62.466293 ] } },
{ "type": "Feature", "properties": { "Depth": -10.0 }, "geometry": { "type": "Point", "coordinates": [ 6.413046, 62.475558 ] } },
{ "type": "Feature", "properties": { "Depth": -10.0 }, "geometry": { "type": "Point", "coordinates": [ 6.482459, 62.474658 ] } },
{ "type": "Feature", "properties": { "Depth": -10.0 }, "geometry": { "type": "Point", "coordinates": [ 6.44069, 62.469728 ] } },
{ "type": "Feature", "properties": { "Depth": -10.0 }, "geometry": { "type": "Point", "coordinates": [ 6.50023, 62.483718 ] } },
{ "type": "Feature", "properties": { "Depth": 0.0 }, "geometry": { "type": "Point", "coordinates": [ 6.535342, 62.477925 ] } },
{ "type": "Feature", "properties": { "Depth": 0.0 }, "geometry": { "type": "Point", "coordinates": [ 6.512929, 62.482325 ] } },
{ "type": "Feature", "properties": { "Depth": -10.0 }, "geometry": { "type": "Point", "coordinates": [ 6.517829, 62.47776 ] } },
{ "type": "Feature", "properties": { "Depth": 0.0 }, "geometry": { "type": "Point", "coordinates": [ 6.518068, 62.480605 ] } },
{ "type": "Feature", "properties": { "Depth": 0.0 }, "geometry": { "type": "Point", "coordinates": [ 6.475433, 62.472651 ] } },
{ "type": "Feature", "properties": { "Depth": -10.0 }, "geometry": { "type": "Point", "coordinates": [ 6.518868, 62.481403 ] } },
{ "type": "Feature", "properties": { "Depth": -50.0 }, "geometry": { "type": "Point", "coordinates": [ 6.424699, 62.469346 ] } },
{ "type": "Feature", "properties": { "Depth": -10.0 }, "geometry": { "type": "Point", "coordinates": [ 6.433082, 62.476577 ] } },
{ "type": "Feature", "properties": { "Depth": -10.0 }, "geometry": { "type": "Point", "coordinates": [ 6.523079, 62.481301 ] } },
{ "type": "Feature", "properties": { "Depth": -10.0 }, "geometry": { "type": "Point", "coordinates": [ 6.413107, 62.474862 ] } },
{ "type": "Feature", "properties": { "Depth": -10.0 }, "geometry": { "type": "Point", "coordinates": [ 6.533779, 62.478469 ] } },
{ "type": "Feature", "properties": { "Depth": -10.0 }, "geometry": { "type": "Point", "coordinates": [ 6.490177, 62.48328 ] } },
{ "type": "Feature", "properties": { "Depth": 0.0 }, "geometry": { "type": "Point", "coordinates": [ 6.455731, 62.470424 ] } },
{ "type": "Feature", "properties": { "Depth": -40.0 }, "geometry": { "type": "Point", "coordinates": [ 6.439584, 62.470551 ] } },
{ "type": "Feature", "properties": { "Depth": 0.0 }, "geometry": { "type": "Point", "coordinates": [ 6.564018, 62.479676 ] } },
{ "type": "Feature", "properties": { "Depth": 0.0 }, "geometry": { "type": "Point", "coordinates": [ 6.5, 62.476446 ] } },
{ "type": "Feature", "properties": { "Depth": -30.0 }, "geometry": { "type": "Point", "coordinates": [ 6.510559, 62.480263 ] } },
{ "type": "Feature", "properties": { "Depth": 0.0 }, "geometry": { "type": "Point", "coordinates": [ 6.562648, 62.484816 ] } },
{ "type": "Feature", "properties": { "Depth": 0.0 }, "geometry": { "type": "Point", "coordinates": [ 6.435705, 62.47752 ] } },
{ "type": "Feature", "properties": { "Depth": -10.0 }, "geometry": { "type": "Point", "coordinates": [ 6.517281, 62.477433 ] } },
{ "type": "Feature", "properties": { "Depth": -30.0 }, "geometry": { "type": "Point", "coordinates": [ 6.544556, 62.482347 ] } },
{ "type": "Feature", "properties": { "Depth": -30.0 }, "geometry": { "type": "Point", "coordinates": [ 6.510009, 62.480345 ] } },
{ "type": "Feature", "properties": { "Depth": 0.0 }, "geometry": { "type": "Point", "coordinates": [ 6.480973, 62.473057 ] } },
{ "type": "Feature", "properties": { "Depth": -10.0 }, "geometry": { "type": "Point", "coordinates": [ 6.399824, 62.465369 ] } },
{ "type": "Feature", "properties": { "Depth": -50.0 }, "geometry": { "type": "Point", "coordinates": [ 6.474676, 62.474279 ] } },
{ "type": "Feature", "properties": { "Depth": 0.0 }, "geometry": { "type": "Point", "coordinates": [ 6.458207, 62.470963 ] } },
{ "type": "Feature", "properties": { "Depth": 0.0 }, "geometry": { "type": "Point", "coordinates": [ 6.52262, 62.481671 ] } },
{ "type": "Feature", "properties": { "Depth": 0.0 }, "geometry": { "type": "Point", "coordinates": [ 6.562317, 62.478641 ] } },
{ "type": "Feature", "properties": { "Depth": -10.0 }, "geometry": { "type": "Point", "coordinates": [ 6.406574, 62.465378 ] } },
{ "type": "Feature", "properties": { "Depth": 0.0 }, "geometry": { "type": "Point", "coordinates": [ 6.564503, 62.479676 ] } },
{ "type": "Feature", "properties": { "Depth": -10.0 }, "geometry": { "type": "Point", "coordinates": [ 6.4, 62.465406 ] } },
{ "type": "Feature", "properties": { "Depth": 0.0 }, "geometry": { "type": "Point", "coordinates": [ 6.5675, 62.483868 ] } },
{ "type": "Feature", "properties": { "Depth": 0.0 }, "geometry": { "type": "Point", "coordinates": [ 6.394656, 62.464779 ] } },
{ "type": "Feature", "properties": { "Depth": -10.0 }, "geometry": { "type": "Point", "coordinates": [ 6.524245, 62.480755 ] } },
{ "type": "Feature", "properties": { "Depth": -10.0 }, "geometry": { "type": "Point", "coordinates": [ 6.563056, 62.482438 ] } },
{ "type": "Feature", "properties": { "Depth": 0.0 }, "geometry": { "type": "Point", "coordinates": [ 6.503651, 62.47675 ] } },
{ "type": "Feature", "properties": { "Depth": -10.0 }, "geometry": { "type": "Point", "coordinates": [ 6.413691, 62.475246 ] } },
{ "type": "Feature", "properties": { "Depth": -10.0 }, "geometry": { "type": "Point", "coordinates": [ 6.414618, 62.47622 ] } },
{ "type": "Feature", "properties": { "Depth": -10.0 }, "geometry": { "type": "Point", "coordinates": [ 6.5545, 62.484278 ] } },
{ "type": "Feature", "properties": { "Depth": 0.0 }, "geometry": { "type": "Point", "coordinates": [ 6.447951, 62.477682 ] } },
{ "type": "Feature", "properties": { "Depth": -10.0 }, "geometry": { "type": "Point", "coordinates": [ 6.403212, 62.46589 ] } },
{ "type": "Feature", "properties": { "Depth": 0.0 }, "geometry": { "type": "Point", "coordinates": [ 6.52404, 62.481729 ] } },
{ "type": "Feature", "properties": { "Depth": -10.0 }, "geometry": { "type": "Point", "coordinates": [ 6.542501, 62.482928 ] } },
{ "type": "Feature", "properties": { "Depth": 0.0 }, "geometry": { "type": "Point", "coordinates": [ 6.432003, 62.477623 ] } },
{ "type": "Feature", "properties": { "Depth": -10.0 }, "geometry": { "type": "Point", "coordinates": [ 6.480073, 62.47416 ] } },
{ "type": "Feature", "properties": { "Depth": -20.0 }, "geometry": { "type": "Point", "coordinates": [ 6.536127, 62.482051 ] } },
{ "type": "Feature", "properties": { "Depth": -40.0 }, "geometry": { "type": "Point", "coordinates": [ 6.410739, 62.471999 ] } },
{ "type": "Feature", "properties": { "Depth": -30.0 }, "geometry": { "type": "Point", "coordinates": [ 6.482886, 62.482373 ] } },
{ "type": "Feature", "properties": { "Depth": -40.0 }, "geometry": { "type": "Point", "coordinates": [ 6.552755, 62.481905 ] } },
{ "type": "Feature", "properties": { "Depth": 0.0 }, "geometry": { "type": "Point", "coordinates": [ 6.435156, 62.477519 ] } },
{ "type": "Feature", "properties": { "Depth": 0.0 }, "geometry": { "type": "Point", "coordinates": [ 6.524725, 62.482011 ] } },
{ "type": "Feature", "properties": { "Depth": 0.0 }, "geometry": { "type": "Point", "coordinates": [ 6.566456, 62.482547 ] } },
{ "type": "Feature", "properties": { "Depth": 0.0 }, "geometry": { "type": "Point", "coordinates": [ 6.52034, 62.477452 ] } },
{ "type": "Feature", "properties": { "Depth": -10.0 }, "geometry": { "type": "Point", "coordinates": [ 6.549475, 62.47952 ] } },
{ "type": "Feature", "properties": { "Depth": -30.0 }, "geometry": { "type": "Point", "coordinates": [ 6.450049, 62.476258 ] } },
{ "type": "Feature", "properties": { "Depth": 0.0 }, "geometry": { "type": "Point", "coordinates": [ 6.390462, 62.469057 ] } },
{ "type": "Feature", "properties": { "Depth": 0.0 }, "geometry": { "type": "Point", "coordinates": [ 6.433163, 62.477447 ] } },
{ "type": "Feature", "properties": { "Depth": -20.0 }, "geometry": { "type": "Point", "coordinates": [ 6.525139, 62.479274 ] } },
{ "type": "Feature", "properties": { "Depth": -20.0 }, "geometry": { "type": "Point", "coordinates": [ 6.403203, 62.469801 ] } },
{ "type": "Feature", "properties": { "Depth": -10.0 }, "geometry": { "type": "Point", "coordinates": [ 6.40188, 62.465789 ] } },
{ "type": "Feature", "properties": { "Depth": -10.0 }, "geometry": { "type": "Point", "coordinates": [ 6.449859, 62.47722 ] } },
{ "type": "Feature", "properties": { "Depth": 0.0 }, "geometry": { "type": "Point", "coordinates": [ 6.519516, 62.479565 ] } },
{ "type": "Feature", "properties": { "Depth": -10.0 }, "geometry": { "type": "Point", "coordinates": [ 6.441061, 62.469069 ] } },
{ "type": "Feature", "properties": { "Depth": 0.0 }, "geometry": { "type": "Point", "coordinates": [ 6.402948, 62.472056 ] } },
{ "type": "Feature", "properties": { "Depth": -10.0 }, "geometry": { "type": "Point", "coordinates": [ 6.516525, 62.480452 ] } },
{ "type": "Feature", "properties": { "Depth": 0.0 }, "geometry": { "type": "Point", "coordinates": [ 6.524556, 62.481788 ] } },
{ "type": "Feature", "properties": { "Depth": 0.0 }, "geometry": { "type": "Point", "coordinates": [ 6.46436, 62.47094 ] } },
{ "type": "Feature", "properties": { "Depth": -10.0 }, "geometry": { "type": "Point", "coordinates": [ 6.499091, 62.483222 ] } },
{ "type": "Feature", "properties": { "Depth": 0.0 }, "geometry": { "type": "Point", "coordinates": [ 6.525182, 62.481876 ] } },
{ "type": "Feature", "properties": { "Depth": -10.0 }, "geometry": { "type": "Point", "coordinates": [ 6.418416, 62.47717 ] } },
{ "type": "Feature", "properties": { "Depth": 0.0 }, "geometry": { "type": "Point", "coordinates": [ 6.512338, 62.482222 ] } },
{ "type": "Feature", "properties": { "Depth": 0.0 }, "geometry": { "type": "Point", "coordinates": [ 6.449405, 62.477933 ] } },
{ "type": "Feature", "properties": { "Depth": -10.0 }, "geometry": { "type": "Point", "coordinates": [ 6.481572, 62.483179 ] } },
{ "type": "Feature", "properties": { "Depth": -30.0 }, "geometry": { "type": "Point", "coordinates": [ 6.437543, 62.474312 ] } },
{ "type": "Feature", "properties": { "Depth": -10.0 }, "geometry": { "type": "Point", "coordinates": [ 6.397389, 62.466062 ] } },
{ "type": "Feature", "properties": { "Depth": -10.0 }, "geometry": { "type": "Point", "coordinates": [ 6.496272, 62.483048 ] } },
{ "type": "Feature", "properties": { "Depth": -10.0 }, "geometry": { "type": "Point", "coordinates": [ 6.492011, 62.482936 ] } },
{ "type": "Feature", "properties": { "Depth": -10.0 }, "geometry": { "type": "Point", "coordinates": [ 6.394856, 62.465271 ] } },
{ "type": "Feature", "properties": { "Depth": -10.0 }, "geometry": { "type": "Point", "coordinates": [ 6.500461, 62.483714 ] } },
{ "type": "Feature", "properties": { "Depth": -30.0 }, "geometry": { "type": "Point", "coordinates": [ 6.534991, 62.480039 ] } },
{ "type": "Feature", "properties": { "Depth": -4.89 }, "geometry": { "type": "Point", "coordinates": [ 6.50509, 62.482515 ] } },
{ "type": "Feature", "properties": { "Depth": -10.0 }, "geometry": { "type": "Point", "coordinates": [ 6.499789, 62.48368 ] } },
{ "type": "Feature", "properties": { "Depth": -30.0 }, "geometry": { "type": "Point", "coordinates": [ 6.42841, 62.468942 ] } },
{ "type": "Feature", "properties": { "Depth": 0.0 }, "geometry": { "type": "Point", "coordinates": [ 6.542536, 62.479407 ] } },
{ "type": "Feature", "properties": { "Depth": -10.0 }, "geometry": { "type": "Point", "coordinates": [ 6.550815, 62.479274 ] } },
{ "type": "Feature", "properties": { "Depth": -20.0 }, "geometry": { "type": "Point", "coordinates": [ 6.506658, 62.481205 ] } },
{ "type": "Feature", "properties": { "Depth": -10.0 }, "geometry": { "type": "Point", "coordinates": [ 6.393972, 62.465349 ] } },
{ "type": "Feature", "properties": { "Depth": 0.0 }, "geometry": { "type": "Point", "coordinates": [ 6.401889, 62.471515 ] } },
{ "type": "Feature", "properties": { "Depth": -10.0 }, "geometry": { "type": "Point", "coordinates": [ 6.403857, 62.470537 ] } },
{ "type": "Feature", "properties": { "Depth": 0.0 }, "geometry": { "type": "Point", "coordinates": [ 6.56818, 62.48291 ] } },
{ "type": "Feature", "properties": { "Depth": -10.0 }, "geometry": { "type": "Point", "coordinates": [ 6.509877, 62.480964 ] } },
{ "type": "Feature", "properties": { "Depth": -10.0 }, "geometry": { "type": "Point", "coordinates": [ 6.564079, 62.482679 ] } },
{ "type": "Feature", "properties": { "Depth": -10.0 }, "geometry": { "type": "Point", "coordinates": [ 6.414778, 62.476052 ] } },
{ "type": "Feature", "properties": { "Depth": 0.0 }, "geometry": { "type": "Point", "coordinates": [ 6.524686, 62.481559 ] } },
{ "type": "Feature", "properties": { "Depth": -10.0 }, "geometry": { "type": "Point", "coordinates": [ 6.502142, 62.48347 ] } },
{ "type": "Feature", "properties": { "Depth": 0.0 }, "geometry": { "type": "Point", "coordinates": [ 6.503934, 62.482723 ] } },
{ "type": "Feature", "properties": { "Depth": 0.0 }, "geometry": { "type": "Point", "coordinates": [ 6.410926, 62.474233 ] } },
{ "type": "Feature", "properties": { "Depth": 0.0 }, "geometry": { "type": "Point", "coordinates": [ 6.524397, 62.481625 ] } },
{ "type": "Feature", "properties": { "Depth": -50.0 }, "geometry": { "type": "Point", "coordinates": [ 6.412016, 62.47205 ] } },
{ "type": "Feature", "properties": { "Depth": 0.0 }, "geometry": { "type": "Point", "coordinates": [ 6.512325, 62.476752 ] } },
{ "type": "Feature", "properties": { "Depth": -60.0 }, "geometry": { "type": "Point", "coordinates": [ 6.458923, 62.478096 ] } },
{ "type": "Feature", "properties": { "Depth": 0.0 }, "geometry": { "type": "Point", "coordinates": [ 6.549381, 62.484269 ] } },
{ "type": "Feature", "properties": { "Depth": -0.605 }, "geometry": { "type": "Point", "coordinates": [ 6.516445, 62.476915 ] } },
{ "type": "Feature", "properties": { "Depth": -30.0 }, "geometry": { "type": "Point", "coordinates": [ 6.445466, 62.470455 ] } },
{ "type": "Feature", "properties": { "Depth": -30.0 }, "geometry": { "type": "Point", "coordinates": [ 6.552671, 62.483071 ] } },
{ "type": "Feature", "properties": { "Depth": -30.0 }, "geometry": { "type": "Point", "coordinates": [ 6.426931, 62.475031 ] } },
{ "type": "Feature", "properties": { "Depth": 0.0 }, "geometry": { "type": "Point", "coordinates": [ 6.437089, 62.477384 ] } },
{ "type": "Feature", "properties": { "Depth": -10.0 }, "geometry": { "type": "Point", "coordinates": [ 6.432412, 62.476918 ] } },
{ "type": "Feature", "properties": { "Depth": -10.0 }, "geometry": { "type": "Point", "coordinates": [ 6.394287, 62.466135 ] } },
{ "type": "Feature", "properties": { "Depth": -20.0 }, "geometry": { "type": "Point", "coordinates": [ 6.534681, 62.481693 ] } },
{ "type": "Feature", "properties": { "Depth": 0.0 }, "geometry": { "type": "Point", "coordinates": [ 6.549614, 62.484677 ] } },
{ "type": "Feature", "properties": { "Depth": -30.0 }, "geometry": { "type": "Point", "coordinates": [ 6.536064, 62.480152 ] } },
{ "type": "Feature", "properties": { "Depth": 0.0 }, "geometry": { "type": "Point", "coordinates": [ 6.514886, 62.482833 ] } },
{ "type": "Feature", "properties": { "Depth": -10.0 }, "geometry": { "type": "Point", "coordinates": [ 6.447251, 62.469515 ] } },
{ "type": "Feature", "properties": { "Depth": 0.0 }, "geometry": { "type": "Point", "coordinates": [ 6.503784, 62.483748 ] } },
{ "type": "Feature", "properties": { "Depth": 0.0 }, "geometry": { "type": "Point", "coordinates": [ 6.567602, 62.48237 ] } },
{ "type": "Feature", "properties": { "Depth": 0.0 }, "geometry": { "type": "Point", "coordinates": [ 6.550247, 62.484069 ] } },
{ "type": "Feature", "properties": { "Depth": -10.0 }, "geometry": { "type": "Point", "coordinates": [ 6.530169, 62.481378 ] } },
{ "type": "Feature", "properties": { "Depth": 0.0 }, "geometry": { "type": "Point", "coordinates": [ 6.564352, 62.480571 ] } },
{ "type": "Feature", "properties": { "Depth": -20.0 }, "geometry": { "type": "Point", "coordinates": [ 6.511006, 62.480594 ] } },
{ "type": "Feature", "properties": { "Depth": -40.0 }, "geometry": { "type": "Point", "coordinates": [ 6.494835, 62.477695 ] } },
{ "type": "Feature", "properties": { "Depth": -10.0 }, "geometry": { "type": "Point", "coordinates": [ 6.50835, 62.481558 ] } },
{ "type": "Feature", "properties": { "Depth": -10.0 }, "geometry": { "type": "Point", "coordinates": [ 6.414972, 62.476375 ] } },
{ "type": "Feature", "properties": { "Depth": 0.0 }, "geometry": { "type": "Point", "coordinates": [ 6.504133, 62.483521 ] } },
{ "type": "Feature", "properties": { "Depth": 0.0 }, "geometry": { "type": "Point", "coordinates": [ 6.493527, 62.476209 ] } },
{ "type": "Feature", "properties": { "Depth": 0.0 }, "geometry": { "type": "Point", "coordinates": [ 6.503499, 62.483185 ] } },
{ "type": "Feature", "properties": { "Depth": -10.0 }, "geometry": { "type": "Point", "coordinates": [ 6.527946, 62.481541 ] } },
{ "type": "Feature", "properties": { "Depth": -10.0 }, "geometry": { "type": "Point", "coordinates": [ 6.546565, 62.483437 ] } },
{ "type": "Feature", "properties": { "Depth": -10.0 }, "geometry": { "type": "Point", "coordinates": [ 6.395281, 62.465216 ] } },
{ "type": "Feature", "properties": { "Depth": -30.0 }, "geometry": { "type": "Point", "coordinates": [ 6.446911, 62.476169 ] } },
{ "type": "Feature", "properties": { "Depth": 0.0 }, "geometry": { "type": "Point", "coordinates": [ 6.443004, 62.477205 ] } },
{ "type": "Feature", "properties": { "Depth": -60.0 }, "geometry": { "type": "Point", "coordinates": [ 6.472964, 62.473944 ] } },
{ "type": "Feature", "properties": { "Depth": -20.0 }, "geometry": { "type": "Point", "coordinates": [ 6.559999, 62.483709 ] } },
{ "type": "Feature", "properties": { "Depth": 0.0 }, "geometry": { "type": "Point", "coordinates": [ 6.3985, 62.47032 ] } },
{ "type": "Feature", "properties": { "Depth": -3.91 }, "geometry": { "type": "Point", "coordinates": [ 6.510591, 62.481229 ] } },
{ "type": "Feature", "properties": { "Depth": 0.0 }, "geometry": { "type": "Point", "coordinates": [ 6.405494, 62.472589 ] } },
{ "type": "Feature", "properties": { "Depth": 0.0 }, "geometry": { "type": "Point", "coordinates": [ 6.430198, 62.477626 ] } },
{ "type": "Feature", "properties": { "Depth": -20.0 }, "geometry": { "type": "Point", "coordinates": [ 6.442878, 62.475991 ] } },
{ "type": "Feature", "properties": { "Depth": 0.0 }, "geometry": { "type": "Point", "coordinates": [ 6.515677, 62.482183 ] } },
{ "type": "Feature", "properties": { "Depth": -40.0 }, "geometry": { "type": "Point", "coordinates": [ 6.464543, 62.4731 ] } },
{ "type": "Feature", "properties": { "Depth": -30.0 }, "geometry": { "type": "Point", "coordinates": [ 6.436501, 62.475198 ] } },
{ "type": "Feature", "properties": { "Depth": 0.0 }, "geometry": { "type": "Point", "coordinates": [ 6.451575, 62.469549 ] } },
{ "type": "Feature", "properties": { "Depth": 0.0 }, "geometry": { "type": "Point", "coordinates": [ 6.451249, 62.47838 ] } },
{ "type": "Feature", "properties": { "Depth": -10.0 }, "geometry": { "type": "Point", "coordinates": [ 6.521416, 62.480502 ] } },
{ "type": "Feature", "properties": { "Depth": -10.0 }, "geometry": { "type": "Point", "coordinates": [ 6.563559, 62.482369 ] } },
{ "type": "Feature", "properties": { "Depth": -60.0 }, "geometry": { "type": "Point", "coordinates": [ 6.47131, 62.479591 ] } },
{ "type": "Feature", "properties": { "Depth": 0.0 }, "geometry": { "type": "Point", "coordinates": [ 6.567152, 62.483214 ] } },
{ "type": "Feature", "properties": { "Depth": 0.0 }, "geometry": { "type": "Point", "coordinates": [ 6.430489, 62.477072 ] } },
{ "type": "Feature", "properties": { "Depth": -10.0 }, "geometry": { "type": "Point", "coordinates": [ 6.50477, 62.482142 ] } },
{ "type": "Feature", "properties": { "Depth": 0.0 }, "geometry": { "type": "Point", "coordinates": [ 6.564741, 62.479859 ] } },
{ "type": "Feature", "properties": { "Depth": 0.0 }, "geometry": { "type": "Point", "coordinates": [ 6.389124, 62.465268 ] } },
{ "type": "Feature", "properties": { "Depth": -10.0 }, "geometry": { "type": "Point", "coordinates": [ 6.411457, 62.464777 ] } },
{ "type": "Feature", "properties": { "Depth": 0.0 }, "geometry": { "type": "Point", "coordinates": [ 6.484134, 62.473445 ] } },
{ "type": "Feature", "properties": { "Depth": 0.0 }, "geometry": { "type": "Point", "coordinates": [ 6.448326, 62.469426 ] } },
{ "type": "Feature", "properties": { "Depth": -10.0 }, "geometry": { "type": "Point", "coordinates": [ 6.503864, 62.477282 ] } },
{ "type": "Feature", "properties": { "Depth": -50.0 }, "geometry": { "type": "Point", "coordinates": [ 6.413487, 62.472981 ] } },
{ "type": "Feature", "properties": { "Depth": 0.0 }, "geometry": { "type": "Point", "coordinates": [ 6.456469, 62.471004 ] } },
{ "type": "Feature", "properties": { "Depth": -10.0 }, "geometry": { "type": "Point", "coordinates": [ 6.415649, 62.476442 ] } },
{ "type": "Feature", "properties": { "Depth": -10.0 }, "geometry": { "type": "Point", "coordinates": [ 6.482789, 62.484117 ] } },
{ "type": "Feature", "properties": { "Depth": -10.0 }, "geometry": { "type": "Point", "coordinates": [ 6.499972, 62.483797 ] } },
{ "type": "Feature", "properties": { "Depth": -20.0 }, "geometry": { "type": "Point", "coordinates": [ 6.415102, 62.467451 ] } },
{ "type": "Feature", "properties": { "Depth": -50.0 }, "geometry": { "type": "Point", "coordinates": [ 6.46816, 62.47968 ] } },
{ "type": "Feature", "properties": { "Depth": -10.0 }, "geometry": { "type": "Point", "coordinates": [ 6.497926, 62.482616 ] } },
{ "type": "Feature", "properties": { "Depth": 0.0 }, "geometry": { "type": "Point", "coordinates": [ 6.44999, 62.478002 ] } },
{ "type": "Feature", "properties": { "Depth": -30.0 }, "geometry": { "type": "Point", "coordinates": [ 6.420612, 62.474744 ] } },
{ "type": "Feature", "properties": { "Depth": 0.0 }, "geometry": { "type": "Point", "coordinates": [ 6.562902, 62.481408 ] } },
{ "type": "Feature", "properties": { "Depth": -30.0 }, "geometry": { "type": "Point", "coordinates": [ 6.41875, 62.474911 ] } },
{ "type": "Feature", "properties": { "Depth": 0.0 }, "geometry": { "type": "Point", "coordinates": [ 6.405996, 62.473379 ] } },
{ "type": "Feature", "properties": { "Depth": 0.0 }, "geometry": { "type": "Point", "coordinates": [ 6.521929, 62.481836 ] } },
{ "type": "Feature", "properties": { "Depth": -5.05 }, "geometry": { "type": "Point", "coordinates": [ 6.510619, 62.481179 ] } },
{ "type": "Feature", "properties": { "Depth": -10.0 }, "geometry": { "type": "Point", "coordinates": [ 6.462322, 62.4799 ] } },
{ "type": "Feature", "properties": { "Depth": -10.0 }, "geometry": { "type": "Point", "coordinates": [ 6.49739, 62.48314 ] } },
{ "type": "Feature", "properties": { "Depth": 0.0 }, "geometry": { "type": "Point", "coordinates": [ 6.525015, 62.482023 ] } },
{ "type": "Feature", "properties": { "Depth": -10.0 }, "geometry": { "type": "Point", "coordinates": [ 6.395652, 62.466993 ] } },
{ "type": "Feature", "properties": { "Depth": -10.0 }, "geometry": { "type": "Point", "coordinates": [ 6.521918, 62.48104 ] } },
{ "type": "Feature", "properties": { "Depth": -10.0 }, "geometry": { "type": "Point", "coordinates": [ 6.508838, 62.481229 ] } },
{ "type": "Feature", "properties": { "Depth": -10.0 }, "geometry": { "type": "Point", "coordinates": [ 6.540132, 62.479708 ] } },
{ "type": "Feature", "properties": { "Depth": 0.0 }, "geometry": { "type": "Point", "coordinates": [ 6.432771, 62.477494 ] } },
{ "type": "Feature", "properties": { "Depth": 0.0 }, "geometry": { "type": "Point", "coordinates": [ 6.524404, 62.482181 ] } },
{ "type": "Feature", "properties": { "Depth": -10.0 }, "geometry": { "type": "Point", "coordinates": [ 6.531925, 62.481875 ] } },
{ "type": "Feature", "properties": { "Depth": -3.73 }, "geometry": { "type": "Point", "coordinates": [ 6.510756, 62.481177 ] } },
{ "type": "Feature", "properties": { "Depth": 0.0 }, "geometry": { "type": "Point", "coordinates": [ 6.518575, 62.479888 ] } },
{ "type": "Feature", "properties": { "Depth": 0.0 }, "geometry": { "type": "Point", "coordinates": [ 6.528965, 62.47712 ] } },
{ "type": "Feature", "properties": { "Depth": -10.0 }, "geometry": { "type": "Point", "coordinates": [ 6.414981, 62.476311 ] } },
{ "type": "Feature", "properties": { "Depth": 0.0 }, "geometry": { "type": "Point", "coordinates": [ 6.520821, 62.48166 ] } },
{ "type": "Feature", "properties": { "Depth": 0.0 }, "geometry": { "type": "Point", "coordinates": [ 6.478986, 62.472364 ] } },
{ "type": "Feature", "properties": { "Depth": 0.0 }, "geometry": { "type": "Point", "coordinates": [ 6.562563, 62.481502 ] } },
{ "type": "Feature", "properties": { "Depth": -10.0 }, "geometry": { "type": "Point", "coordinates": [ 6.49326, 62.482626 ] } },
{ "type": "Feature", "properties": { "Depth": -30.0 }, "geometry": { "type": "Point", "coordinates": [ 6.449807, 62.470776 ] } },
{ "type": "Feature", "properties": { "Depth": -10.0 }, "geometry": { "type": "Point", "coordinates": [ 6.482067, 62.482951 ] } },
{ "type": "Feature", "properties": { "Depth": -10.0 }, "geometry": { "type": "Point", "coordinates": [ 6.494816, 62.482824 ] } },
{ "type": "Feature", "properties": { "Depth": -10.0 }, "geometry": { "type": "Point", "coordinates": [ 6.429288, 62.467218 ] } },
{ "type": "Feature", "properties": { "Depth": 0.0 }, "geometry": { "type": "Point", "coordinates": [ 6.469236, 62.482004 ] } },
{ "type": "Feature", "properties": { "Depth": 0.0 }, "geometry": { "type": "Point", "coordinates": [ 6.523534, 62.481575 ] } },
{ "type": "Feature", "properties": { "Depth": -10.0 }, "geometry": { "type": "Point", "coordinates": [ 6.563639, 62.482697 ] } },
{ "type": "Feature", "properties": { "Depth": -13.69 }, "geometry": { "type": "Point", "coordinates": [ 6.493128, 62.482175 ] } },
{ "type": "Feature", "properties": { "Depth": -20.0 }, "geometry": { "type": "Point", "coordinates": [ 6.410674, 62.47334 ] } },
{ "type": "Feature", "properties": { "Depth": -20.0 }, "geometry": { "type": "Point", "coordinates": [ 6.511072, 62.47739 ] } },
{ "type": "Feature", "properties": { "Depth": -3.73 }, "geometry": { "type": "Point", "coordinates": [ 6.527889, 62.481915 ] } },
{ "type": "Feature", "properties": { "Depth": -10.0 }, "geometry": { "type": "Point", "coordinates": [ 6.528553, 62.481374 ] } },
{ "type": "Feature", "properties": { "Depth": -10.0 }, "geometry": { "type": "Point", "coordinates": [ 6.415003, 62.475906 ] } },
{ "type": "Feature", "properties": { "Depth": -30.0 }, "geometry": { "type": "Point", "coordinates": [ 6.516206, 62.479201 ] } },
{ "type": "Feature", "properties": { "Depth": 0.0 }, "geometry": { "type": "Point", "coordinates": [ 6.520702, 62.481647 ] } },
{ "type": "Feature", "properties": { "Depth": -10.0 }, "geometry": { "type": "Point", "coordinates": [ 6.522929, 62.479192 ] } },
{ "type": "Feature", "properties": { "Depth": -25.0 }, "geometry": { "type": "Point", "coordinates": [ 6.404835, 62.46901 ] } },
{ "type": "Feature", "properties": { "Depth": -10.0 }, "geometry": { "type": "Point", "coordinates": [ 6.414213, 62.475563 ] } },
{ "type": "Feature", "properties": { "Depth": -30.0 }, "geometry": { "type": "Point", "coordinates": [ 6.408064, 62.466433 ] } },
{ "type": "Feature", "properties": { "Depth": 0.0 }, "geometry": { "type": "Point", "coordinates": [ 6.450396, 62.469725 ] } },
{ "type": "Feature", "properties": { "Depth": -20.0 }, "geometry": { "type": "Point", "coordinates": [ 6.402658, 62.466391 ] } },
{ "type": "Feature", "properties": { "Depth": -20.0 }, "geometry": { "type": "Point", "coordinates": [ 6.41954, 62.475347 ] } },
{ "type": "Feature", "properties": { "Depth": -60.0 }, "geometry": { "type": "Point", "coordinates": [ 6.440911, 62.474209 ] } },
{ "type": "Feature", "properties": { "Depth": -10.0 }, "geometry": { "type": "Point", "coordinates": [ 6.553196, 62.478867 ] } },
{ "type": "Feature", "properties": { "Depth": 0.0 }, "geometry": { "type": "Point", "coordinates": [ 6.52508, 62.481978 ] } },
{ "type": "Feature", "properties": { "Depth": -10.0 }, "geometry": { "type": "Point", "coordinates": [ 6.520847, 62.481357 ] } },
{ "type": "Feature", "properties": { "Depth": -10.0 }, "geometry": { "type": "Point", "coordinates": [ 6.543361, 62.483535 ] } },
{ "type": "Feature", "properties": { "Depth": 0.0 }, "geometry": { "type": "Point", "coordinates": [ 6.387815, 62.466474 ] } },
{ "type": "Feature", "properties": { "Depth": -10.0 }, "geometry": { "type": "Point", "coordinates": [ 6.518329, 62.481332 ] } },
{ "type": "Feature", "properties": { "Depth": -10.0 }, "geometry": { "type": "Point", "coordinates": [ 6.482573, 62.483799 ] } },
{ "type": "Feature", "properties": { "Depth": -40.0 }, "geometry": { "type": "Point", "coordinates": [ 6.483077, 62.476976 ] } },
{ "type": "Feature", "properties": { "Depth": -20.0 }, "geometry": { "type": "Point", "coordinates": [ 6.50042, 62.482502 ] } },
{ "type": "Feature", "properties": { "Depth": 0.0 }, "geometry": { "type": "Point", "coordinates": [ 6.45258, 62.469594 ] } },
{ "type": "Feature", "properties": { "Depth": -10.0 }, "geometry": { "type": "Point", "coordinates": [ 6.520904, 62.481544 ] } },
{ "type": "Feature", "properties": { "Depth": -10.0 }, "geometry": { "type": "Point", "coordinates": [ 6.514449, 62.480336 ] } },
{ "type": "Feature", "properties": { "Depth": -10.0 }, "geometry": { "type": "Point", "coordinates": [ 6.522168, 62.480304 ] } },
{ "type": "Feature", "properties": { "Depth": -35.1 }, "geometry": { "type": "Point", "coordinates": [ 6.471774, 62.480541 ] } },
{ "type": "Feature", "properties": { "Depth": -20.0 }, "geometry": { "type": "Point", "coordinates": [ 6.397785, 62.468039 ] } },
{ "type": "Feature", "properties": { "Depth": 0.0 }, "geometry": { "type": "Point", "coordinates": [ 6.405074, 62.473047 ] } },
{ "type": "Feature", "properties": { "Depth": 0.0 }, "geometry": { "type": "Point", "coordinates": [ 6.505929, 62.482467 ] } },
{ "type": "Feature", "properties": { "Depth": -10.0 }, "geometry": { "type": "Point", "coordinates": [ 6.563074, 62.48274 ] } },
{ "type": "Feature", "properties": { "Depth": -10.0 }, "geometry": { "type": "Point", "coordinates": [ 6.47414, 62.473022 ] } },
{ "type": "Feature", "properties": { "Depth": -10.0 }, "geometry": { "type": "Point", "coordinates": [ 6.413781, 62.465854 ] } },
{ "type": "Feature", "properties": { "Depth": 0.0 }, "geometry": { "type": "Point", "coordinates": [ 6.519746, 62.47736 ] } },
{ "type": "Feature", "properties": { "Depth": -20.0 }, "geometry": { "type": "Point", "coordinates": [ 6.516938, 62.478138 ] } },
{ "type": "Feature", "properties": { "Depth": -10.0 }, "geometry": { "type": "Point", "coordinates": [ 6.507086, 62.481589 ] } },
{ "type": "Feature", "properties": { "Depth": -10.0 }, "geometry": { "type": "Point", "coordinates": [ 6.521514, 62.479343 ] } },
{ "type": "Feature", "properties": { "Depth": -10.0 }, "geometry": { "type": "Point", "coordinates": [ 6.414872, 62.476264 ] } },
{ "type": "Feature", "properties": { "Depth": -10.0 }, "geometry": { "type": "Point", "coordinates": [ 6.448523, 62.477189 ] } },
{ "type": "Feature", "properties": { "Depth": -30.0 }, "geometry": { "type": "Point", "coordinates": [ 6.550469, 62.480368 ] } },
{ "type": "Feature", "properties": { "Depth": -10.0 }, "geometry": { "type": "Point", "coordinates": [ 6.498111, 62.483342 ] } },
{ "type": "Feature", "properties": { "Depth": 0.0 }, "geometry": { "type": "Point", "coordinates": [ 6.48708, 62.474414 ] } },
{ "type": "Feature", "properties": { "Depth": -10.0 }, "geometry": { "type": "Point", "coordinates": [ 6.416546, 62.476826 ] } },
{ "type": "Feature", "properties": { "Depth": -10.0 }, "geometry": { "type": "Point", "coordinates": [ 6.500587, 62.483907 ] } },
{ "type": "Feature", "properties": { "Depth": -10.0 }, "geometry": { "type": "Point", "coordinates": [ 6.509312, 62.480918 ] } },
{ "type": "Feature", "properties": { "Depth": 0.0 }, "geometry": { "type": "Point", "coordinates": [ 6.514175, 62.476911 ] } },
{ "type": "Feature", "properties": { "Depth": 0.0 }, "geometry": { "type": "Point", "coordinates": [ 6.511005, 62.482584 ] } },
{ "type": "Feature", "properties": { "Depth": -30.0 }, "geometry": { "type": "Point", "coordinates": [ 6.503168, 62.479035 ] } },
{ "type": "Feature", "properties": { "Depth": -60.0 }, "geometry": { "type": "Point", "coordinates": [ 6.414661, 62.472288 ] } },
{ "type": "Feature", "properties": { "Depth": 0.0 }, "geometry": { "type": "Point", "coordinates": [ 6.568041, 62.484614 ] } },
{ "type": "Feature", "properties": { "Depth": -50.0 }, "geometry": { "type": "Point", "coordinates": [ 6.491192, 62.48097 ] } },
{ "type": "Feature", "properties": { "Depth": 0.0 }, "geometry": { "type": "Point", "coordinates": [ 6.56643, 62.484855 ] } },
{ "type": "Feature", "properties": { "Depth": -10.0 }, "geometry": { "type": "Point", "coordinates": [ 6.417897, 62.477138 ] } },
{ "type": "Feature", "properties": { "Depth": -40.0 }, "geometry": { "type": "Point", "coordinates": [ 6.417793, 62.468836 ] } },
{ "type": "Feature", "properties": { "Depth": 0.0 }, "geometry": { "type": "Point", "coordinates": [ 6.468432, 62.471661 ] } },
{ "type": "Feature", "properties": { "Depth": -40.0 }, "geometry": { "type": "Point", "coordinates": [ 6.513362, 62.479442 ] } },
{ "type": "Feature", "properties": { "Depth": -30.0 }, "geometry": { "type": "Point", "coordinates": [ 6.481417, 62.482188 ] } },
{ "type": "Feature", "properties": { "Depth": 0.0 }, "geometry": { "type": "Point", "coordinates": [ 6.474638, 62.472609 ] } },
{ "type": "Feature", "properties": { "Depth": 0.0 }, "geometry": { "type": "Point", "coordinates": [ 6.503458, 62.476729 ] } },
{ "type": "Feature", "properties": { "Depth": 0.0 }, "geometry": { "type": "Point", "coordinates": [ 6.476622, 62.472546 ] } },
{ "type": "Feature", "properties": { "Depth": -40.0 }, "geometry": { "type": "Point", "coordinates": [ 6.545938, 62.482138 ] } },
{ "type": "Feature", "properties": { "Depth": 0.0 }, "geometry": { "type": "Point", "coordinates": [ 6.56384, 62.480725 ] } },
{ "type": "Feature", "properties": { "Depth": 0.0 }, "geometry": { "type": "Point", "coordinates": [ 6.45903, 62.47087 ] } },
{ "type": "Feature", "properties": { "Depth": 0.0 }, "geometry": { "type": "Point", "coordinates": [ 6.504848, 62.482627 ] } },
{ "type": "Feature", "properties": { "Depth": -30.0 }, "geometry": { "type": "Point", "coordinates": [ 6.429799, 62.475445 ] } },
{ "type": "Feature", "properties": { "Depth": -20.0 }, "geometry": { "type": "Point", "coordinates": [ 6.399119, 62.466192 ] } },
{ "type": "Feature", "properties": { "Depth": -20.0 }, "geometry": { "type": "Point", "coordinates": [ 6.404335, 62.466165 ] } },
{ "type": "Feature", "properties": { "Depth": 0.0 }, "geometry": { "type": "Point", "coordinates": [ 6.460407, 62.480918 ] } },
{ "type": "Feature", "properties": { "Depth": -10.0 }, "geometry": { "type": "Point", "coordinates": [ 6.520597, 62.47791 ] } },
{ "type": "Feature", "properties": { "Depth": 0.0 }, "geometry": { "type": "Point", "coordinates": [ 6.484897, 62.473602 ] } },
{ "type": "Feature", "properties": { "Depth": -10.0 }, "geometry": { "type": "Point", "coordinates": [ 6.560903, 62.482657 ] } },
{ "type": "Feature", "properties": { "Depth": -40.0 }, "geometry": { "type": "Point", "coordinates": [ 6.409934, 62.47051 ] } },
{ "type": "Feature", "properties": { "Depth": -10.0 }, "geometry": { "type": "Point", "coordinates": [ 6.490278, 62.475845 ] } },
{ "type": "Feature", "properties": { "Depth": -10.0 }, "geometry": { "type": "Point", "coordinates": [ 6.557463, 62.47843 ] } },
{ "type": "Feature", "properties": { "Depth": 0.0 }, "geometry": { "type": "Point", "coordinates": [ 6.524755, 62.481734 ] } },
{ "type": "Feature", "properties": { "Depth": -10.0 }, "geometry": { "type": "Point", "coordinates": [ 6.398868, 62.469684 ] } },
{ "type": "Feature", "properties": { "Depth": -40.0 }, "geometry": { "type": "Point", "coordinates": [ 6.47782, 62.48099 ] } },
{ "type": "Feature", "properties": { "Depth": 0.0 }, "geometry": { "type": "Point", "coordinates": [ 6.513866, 62.482492 ] } },
{ "type": "Feature", "properties": { "Depth": 0.0 }, "geometry": { "type": "Point", "coordinates": [ 6.475435, 62.472619 ] } },
{ "type": "Feature", "properties": { "Depth": -30.0 }, "geometry": { "type": "Point", "coordinates": [ 6.501485, 62.478748 ] } },
{ "type": "Feature", "properties": { "Depth": -10.0 }, "geometry": { "type": "Point", "coordinates": [ 6.505295, 62.482016 ] } },
{ "type": "Feature", "properties": { "Depth": 0.0 }, "geometry": { "type": "Point", "coordinates": [ 6.414898, 62.465362 ] } },
{ "type": "Feature", "properties": { "Depth": 0.0 }, "geometry": { "type": "Point", "coordinates": [ 6.516866, 62.477039 ] } },
{ "type": "Feature", "properties": { "Depth": -10.0 }, "geometry": { "type": "Point", "coordinates": [ 6.401778, 62.470957 ] } },
{ "type": "Feature", "properties": { "Depth": -40.0 }, "geometry": { "type": "Point", "coordinates": [ 6.447798, 62.4711 ] } },
{ "type": "Feature", "properties": { "Depth": -10.0 }, "geometry": { "type": "Point", "coordinates": [ 6.459762, 62.479588 ] } },
{ "type": "Feature", "properties": { "Depth": -10.0 }, "geometry": { "type": "Point", "coordinates": [ 6.561884, 62.479621 ] } },
{ "type": "Feature", "properties": { "Depth": -20.0 }, "geometry": { "type": "Point", "coordinates": [ 6.498126, 62.480436 ] } },
{ "type": "Feature", "properties": { "Depth": -10.0 }, "geometry": { "type": "Point", "coordinates": [ 6.440088, 62.46888 ] } },
{ "type": "Feature", "properties": { "Depth": 0.0 }, "geometry": { "type": "Point", "coordinates": [ 6.438236, 62.476398 ] } },
{ "type": "Feature", "properties": { "Depth": -10.0 }, "geometry": { "type": "Point", "coordinates": [ 6.562192, 62.484275 ] } },
{ "type": "Feature", "properties": { "Depth": -30.0 }, "geometry": { "type": "Point", "coordinates": [ 6.41658, 62.467976 ] } },
{ "type": "Feature", "properties": { "Depth": 0.0 }, "geometry": { "type": "Point", "coordinates": [ 6.410691, 62.474285 ] } },
{ "type": "Feature", "properties": { "Depth": -10.0 }, "geometry": { "type": "Point", "coordinates": [ 6.409864, 62.474065 ] } },
{ "type": "Feature", "properties": { "Depth": 0.0 }, "geometry": { "type": "Point", "coordinates": [ 6.45307, 62.469774 ] } },
{ "type": "Feature", "properties": { "Depth": -70.0 }, "geometry": { "type": "Point", "coordinates": [ 6.475743, 62.47651 ] } },
{ "type": "Feature", "properties": { "Depth": 0.0 }, "geometry": { "type": "Point", "coordinates": [ 6.480589, 62.472456 ] } },
{ "type": "Feature", "properties": { "Depth": -20.0 }, "geometry": { "type": "Point", "coordinates": [ 6.511587, 62.480653 ] } },
{ "type": "Feature", "properties": { "Depth": -10.0 }, "geometry": { "type": "Point", "coordinates": [ 6.481789, 62.483681 ] } },
{ "type": "Feature", "properties": { "Depth": -10.0 }, "geometry": { "type": "Point", "coordinates": [ 6.510106, 62.48122 ] } },
{ "type": "Feature", "properties": { "Depth": -10.0 }, "geometry": { "type": "Point", "coordinates": [ 6.401474, 62.470323 ] } },
{ "type": "Feature", "properties": { "Depth": -40.0 }, "geometry": { "type": "Point", "coordinates": [ 6.551874, 62.482674 ] } },
{ "type": "Feature", "properties": { "Depth": -20.0 }, "geometry": { "type": "Point", "coordinates": [ 6.544869, 62.483039 ] } },
{ "type": "Feature", "properties": { "Depth": 0.0 }, "geometry": { "type": "Point", "coordinates": [ 6.522179, 62.481997 ] } },
{ "type": "Feature", "properties": { "Depth": -30.0 }, "geometry": { "type": "Point", "coordinates": [ 6.432432, 62.473386 ] } },
{ "type": "Feature", "properties": { "Depth": -10.0 }, "geometry": { "type": "Point", "coordinates": [ 6.482062, 62.483987 ] } },
{ "type": "Feature", "properties": { "Depth": 0.0 }, "geometry": { "type": "Point", "coordinates": [ 6.525104, 62.481758 ] } },
{ "type": "Feature", "properties": { "Depth": -10.0 }, "geometry": { "type": "Point", "coordinates": [ 6.551143, 62.483777 ] } },
{ "type": "Feature", "properties": { "Depth": -10.0 }, "geometry": { "type": "Point", "coordinates": [ 6.493528, 62.482422 ] } },
{ "type": "Feature", "properties": { "Depth": 0.0 }, "geometry": { "type": "Point", "coordinates": [ 6.397134, 62.470187 ] } },
{ "type": "Feature", "properties": { "Depth": 0.0 }, "geometry": { "type": "Point", "coordinates": [ 6.473368, 62.472541 ] } },
{ "type": "Feature", "properties": { "Depth": 0.0 }, "geometry": { "type": "Point", "coordinates": [ 6.526751, 62.480973 ] } },
{ "type": "Feature", "properties": { "Depth": 0.0 }, "geometry": { "type": "Point", "coordinates": [ 6.524968, 62.481885 ] } },
{ "type": "Feature", "properties": { "Depth": 0.0 }, "geometry": { "type": "Point", "coordinates": [ 6.431094, 62.477234 ] } },
{ "type": "Feature", "properties": { "Depth": -10.0 }, "geometry": { "type": "Point", "coordinates": [ 6.500054, 62.483824 ] } },
{ "type": "Feature", "properties": { "Depth": 0.0 }, "geometry": { "type": "Point", "coordinates": [ 6.473633, 62.482434 ] } },
{ "type": "Feature", "properties": { "Depth": 0.0 }, "geometry": { "type": "Point", "coordinates": [ 6.503323, 62.476726 ] } },
{ "type": "Feature", "properties": { "Depth": -10.0 }, "geometry": { "type": "Point", "coordinates": [ 6.483703, 62.484097 ] } },
{ "type": "Feature", "properties": { "Depth": 0.0 }, "geometry": { "type": "Point", "coordinates": [ 6.520933, 62.481684 ] } },
{ "type": "Feature", "properties": { "Depth": -30.0 }, "geometry": { "type": "Point", "coordinates": [ 6.438654, 62.475101 ] } },
{ "type": "Feature", "properties": { "Depth": 0.0 }, "geometry": { "type": "Point", "coordinates": [ 6.438209, 62.477225 ] } },
{ "type": "Feature", "properties": { "Depth": 0.0 }, "geometry": { "type": "Point", "coordinates": [ 6.504332, 62.476951 ] } },
{ "type": "Feature", "properties": { "Depth": -30.0 }, "geometry": { "type": "Point", "coordinates": [ 6.499568, 62.480139 ] } },
{ "type": "Feature", "properties": { "Depth": -40.0 }, "geometry": { "type": "Point", "coordinates": [ 6.410815, 62.469274 ] } },
{ "type": "Feature", "properties": { "Depth": -30.0 }, "geometry": { "type": "Point", "coordinates": [ 6.495716, 62.48137 ] } },
{ "type": "Feature", "properties": { "Depth": -10.0 }, "geometry": { "type": "Point", "coordinates": [ 6.529643, 62.481829 ] } },
{ "type": "Feature", "properties": { "Depth": -10.0 }, "geometry": { "type": "Point", "coordinates": [ 6.510295, 62.476662 ] } },
{ "type": "Feature", "properties": { "Depth": 0.0 }, "geometry": { "type": "Point", "coordinates": [ 6.390432, 62.468482 ] } },
{ "type": "Feature", "properties": { "Depth": -10.0 }, "geometry": { "type": "Point", "coordinates": [ 6.492015, 62.482529 ] } },
{ "type": "Feature", "properties": { "Depth": 0.0 }, "geometry": { "type": "Point", "coordinates": [ 6.404764, 62.472348 ] } },
{ "type": "Feature", "properties": { "Depth": 0.0 }, "geometry": { "type": "Point", "coordinates": [ 6.475083, 62.472823 ] } },
{ "type": "Feature", "properties": { "Depth": -10.0 }, "geometry": { "type": "Point", "coordinates": [ 6.470676, 62.481364 ] } },
{ "type": "Feature", "properties": { "Depth": 0.0 }, "geometry": { "type": "Point", "coordinates": [ 6.394705, 62.469567 ] } },
{ "type": "Feature", "properties": { "Depth": 0.0 }, "geometry": { "type": "Point", "coordinates": [ 6.449762, 62.477958 ] } },
{ "type": "Feature", "properties": { "Depth": 0.0 }, "geometry": { "type": "Point", "coordinates": [ 6.499605, 62.481611 ] } },
{ "type": "Feature", "properties": { "Depth": 0.0 }, "geometry": { "type": "Point", "coordinates": [ 6.48011, 62.472384 ] } },
{ "type": "Feature", "properties": { "Depth": -10.0 }, "geometry": { "type": "Point", "coordinates": [ 6.505834, 62.48199 ] } },
{ "type": "Feature", "properties": { "Depth": 0.0 }, "geometry": { "type": "Point", "coordinates": [ 6.4, 62.470995 ] } },
{ "type": "Feature", "properties": { "Depth": -10.0 }, "geometry": { "type": "Point", "coordinates": [ 6.489584, 62.483378 ] } },
{ "type": "Feature", "properties": { "Depth": -10.0 }, "geometry": { "type": "Point", "coordinates": [ 6.494144, 62.482732 ] } },
{ "type": "Feature", "properties": { "Depth": -30.0 }, "geometry": { "type": "Point", "coordinates": [ 6.434918, 62.475556 ] } },
{ "type": "Feature", "properties": { "Depth": 0.0 }, "geometry": { "type": "Point", "coordinates": [ 6.511444, 62.482673 ] } },
{ "type": "Feature", "properties": { "Depth": 0.0 }, "geometry": { "type": "Point", "coordinates": [ 6.481987, 62.473297 ] } },
{ "type": "Feature", "properties": { "Depth": 0.0 }, "geometry": { "type": "Point", "coordinates": [ 6.515277, 62.482276 ] } },
{ "type": "Feature", "properties": { "Depth": 0.0 }, "geometry": { "type": "Point", "coordinates": [ 6.549821, 62.484435 ] } },
{ "type": "Feature", "properties": { "Depth": -10.0 }, "geometry": { "type": "Point", "coordinates": [ 6.398505, 62.468744 ] } },
{ "type": "Feature", "properties": { "Depth": -10.0 }, "geometry": { "type": "Point", "coordinates": [ 6.563327, 62.482704 ] } },
{ "type": "Feature", "properties": { "Depth": -10.0 }, "geometry": { "type": "Point", "coordinates": [ 6.394675, 62.465772 ] } },
{ "type": "Feature", "properties": { "Depth": -10.0 }, "geometry": { "type": "Point", "coordinates": [ 6.430343, 62.467372 ] } },
{ "type": "Feature", "properties": { "Depth": -10.0 }, "geometry": { "type": "Point", "coordinates": [ 6.431466, 62.467617 ] } },
{ "type": "Feature", "properties": { "Depth": -10.0 }, "geometry": { "type": "Point", "coordinates": [ 6.399341, 62.465342 ] } },
{ "type": "Feature", "properties": { "Depth": 0.0 }, "geometry": { "type": "Point", "coordinates": [ 6.524523, 62.482184 ] } },
{ "type": "Feature", "properties": { "Depth": -10.0 }, "geometry": { "type": "Point", "coordinates": [ 6.500924, 62.47708 ] } },
{ "type": "Feature", "properties": { "Depth": 0.0 }, "geometry": { "type": "Point", "coordinates": [ 6.514549, 62.482245 ] } },
{ "type": "Feature", "properties": { "Depth": -20.0 }, "geometry": { "type": "Point", "coordinates": [ 6.554994, 62.4839 ] } },
{ "type": "Feature", "properties": { "Depth": 0.0 }, "geometry": { "type": "Point", "coordinates": [ 6.455304, 62.470331 ] } },
{ "type": "Feature", "properties": { "Depth": -10.0 }, "geometry": { "type": "Point", "coordinates": [ 6.40923, 62.465176 ] } },
{ "type": "Feature", "properties": { "Depth": 0.0 }, "geometry": { "type": "Point", "coordinates": [ 6.524443, 62.481876 ] } },
{ "type": "Feature", "properties": { "Depth": 0.0 }, "geometry": { "type": "Point", "coordinates": [ 6.406524, 62.473559 ] } },
{ "type": "Feature", "properties": { "Depth": -10.0 }, "geometry": { "type": "Point", "coordinates": [ 6.397899, 62.465414 ] } },
{ "type": "Feature", "properties": { "Depth": -5.06 }, "geometry": { "type": "Point", "coordinates": [ 6.562931, 62.48233 ] } },
{ "type": "Feature", "properties": { "Depth": 0.0 }, "geometry": { "type": "Point", "coordinates": [ 6.466633, 62.471368 ] } },
{ "type": "Feature", "properties": { "Depth": 0.0 }, "geometry": { "type": "Point", "coordinates": [ 6.399858, 62.47063 ] } },
{ "type": "Feature", "properties": { "Depth": -10.0 }, "geometry": { "type": "Point", "coordinates": [ 6.390184, 62.466735 ] } },
{ "type": "Feature", "properties": { "Depth": 0.0 }, "geometry": { "type": "Point", "coordinates": [ 6.438645, 62.477117 ] } },
{ "type": "Feature", "properties": { "Depth": 0.0 }, "geometry": { "type": "Point", "coordinates": [ 6.449933, 62.478114 ] } },
{ "type": "Feature", "properties": { "Depth": -70.0 }, "geometry": { "type": "Point", "coordinates": [ 6.44754, 62.472888 ] } },
{ "type": "Feature", "properties": { "Depth": 0.0 }, "geometry": { "type": "Point", "coordinates": [ 6.475211, 62.472655 ] } },
{ "type": "Feature", "properties": { "Depth": -20.0 }, "geometry": { "type": "Point", "coordinates": [ 6.556343, 62.483951 ] } },
{ "type": "Feature", "properties": { "Depth": 0.0 }, "geometry": { "type": "Point", "coordinates": [ 6.514752, 62.482151 ] } },
{ "type": "Feature", "properties": { "Depth": -10.0 }, "geometry": { "type": "Point", "coordinates": [ 6.452506, 62.470553 ] } },
{ "type": "Feature", "properties": { "Depth": -20.0 }, "geometry": { "type": "Point", "coordinates": [ 6.510301, 62.477387 ] } },
{ "type": "Feature", "properties": { "Depth": 0.0 }, "geometry": { "type": "Point", "coordinates": [ 6.524236, 62.481477 ] } },
{ "type": "Feature", "properties": { "Depth": -10.0 }, "geometry": { "type": "Point", "coordinates": [ 6.418885, 62.475802 ] } },
{ "type": "Feature", "properties": { "Depth": -10.0 }, "geometry": { "type": "Point", "coordinates": [ 6.521263, 62.481559 ] } },
{ "type": "Feature", "properties": { "Depth": -10.0 }, "geometry": { "type": "Point", "coordinates": [ 6.491243, 62.475908 ] } },
{ "type": "Feature", "properties": { "Depth": -10.0 }, "geometry": { "type": "Point", "coordinates": [ 6.434964, 62.469233 ] } },
{ "type": "Feature", "properties": { "Depth": -50.0 }, "geometry": { "type": "Point", "coordinates": [ 6.470252, 62.479602 ] } },
{ "type": "Feature", "properties": { "Depth": -10.0 }, "geometry": { "type": "Point", "coordinates": [ 6.512695, 62.480681 ] } },
{ "type": "Feature", "properties": { "Depth": -20.0 }, "geometry": { "type": "Point", "coordinates": [ 6.48865, 62.47643 ] } },
{ "type": "Feature", "properties": { "Depth": -2.93 }, "geometry": { "type": "Point", "coordinates": [ 6.563083, 62.482281 ] } },
{ "type": "Feature", "properties": { "Depth": -4.67 }, "geometry": { "type": "Point", "coordinates": [ 6.394429, 62.4653 ] } },
{ "type": "Feature", "properties": { "Depth": -30.0 }, "geometry": { "type": "Point", "coordinates": [ 6.489768, 62.476909 ] } },
{ "type": "Feature", "properties": { "Depth": -44.95 }, "geometry": { "type": "Point", "coordinates": [ 6.49282, 62.481197 ] } },
{ "type": "Feature", "properties": { "Depth": -20.0 }, "geometry": { "type": "Point", "coordinates": [ 6.536527, 62.482139 ] } },
{ "type": "Feature", "properties": { "Depth": 0.0 }, "geometry": { "type": "Point", "coordinates": [ 6.525191, 62.481798 ] } },
{ "type": "Feature", "properties": { "Depth": -10.0 }, "geometry": { "type": "Point", "coordinates": [ 6.429323, 62.467937 ] } },
{ "type": "Feature", "properties": { "Depth": 0.0 }, "geometry": { "type": "Point", "coordinates": [ 6.521024, 62.48178 ] } },
{ "type": "Feature", "properties": { "Depth": -30.0 }, "geometry": { "type": "Point", "coordinates": [ 6.49712, 62.482177 ] } },
{ "type": "Feature", "properties": { "Depth": 0.0 }, "geometry": { "type": "Point", "coordinates": [ 6.545825, 62.479537 ] } },
{ "type": "Feature", "properties": { "Depth": -30.0 }, "geometry": { "type": "Point", "coordinates": [ 6.556405, 62.482644 ] } },
{ "type": "Feature", "properties": { "Depth": -10.0 }, "geometry": { "type": "Point", "coordinates": [ 6.566244, 62.483346 ] } },
{ "type": "Feature", "properties": { "Depth": -90.0 }, "geometry": { "type": "Point", "coordinates": [ 6.472713, 62.477733 ] } },
{ "type": "Feature", "properties": { "Depth": -40.0 }, "geometry": { "type": "Point", "coordinates": [ 6.408764, 62.468579 ] } },
{ "type": "Feature", "properties": { "Depth": 0.0 }, "geometry": { "type": "Point", "coordinates": [ 6.515178, 62.482811 ] } },
{ "type": "Feature", "properties": { "Depth": 0.0 }, "geometry": { "type": "Point", "coordinates": [ 6.528066, 62.480787 ] } },
{ "type": "Feature", "properties": { "Depth": 0.0 }, "geometry": { "type": "Point", "coordinates": [ 6.510092, 62.482586 ] } },
{ "type": "Feature", "properties": { "Depth": -40.0 }, "geometry": { "type": "Point", "coordinates": [ 6.47906, 62.481444 ] } },
{ "type": "Feature", "properties": { "Depth": -30.0 }, "geometry": { "type": "Point", "coordinates": [ 6.555041, 62.48268 ] } },
{ "type": "Feature", "properties": { "Depth": -4.97 }, "geometry": { "type": "Point", "coordinates": [ 6.519736, 62.481689 ] } },
{ "type": "Feature", "properties": { "Depth": -20.0 }, "geometry": { "type": "Point", "coordinates": [ 6.501933, 62.477568 ] } },
{ "type": "Feature", "properties": { "Depth": 0.0 }, "geometry": { "type": "Point", "coordinates": [ 6.443547, 62.477206 ] } },
{ "type": "Feature", "properties": { "Depth": 0.0 }, "geometry": { "type": "Point", "coordinates": [ 6.550714, 62.48405 ] } },
{ "type": "Feature", "properties": { "Depth": 0.0 }, "geometry": { "type": "Point", "coordinates": [ 6.523864, 62.477317 ] } },
{ "type": "Feature", "properties": { "Depth": -30.0 }, "geometry": { "type": "Point", "coordinates": [ 6.405245, 62.467772 ] } },
{ "type": "Feature", "properties": { "Depth": 0.0 }, "geometry": { "type": "Point", "coordinates": [ 6.455594, 62.479546 ] } },
{ "type": "Feature", "properties": { "Depth": -40.0 }, "geometry": { "type": "Point", "coordinates": [ 6.466778, 62.479748 ] } },
{ "type": "Feature", "properties": { "Depth": -10.0 }, "geometry": { "type": "Point", "coordinates": [ 6.414979, 62.476168 ] } },
{ "type": "Feature", "properties": { "Depth": -20.0 }, "geometry": { "type": "Point", "coordinates": [ 6.55779, 62.480501 ] } },
{ "type": "Feature", "properties": { "Depth": 0.0 }, "geometry": { "type": "Point", "coordinates": [ 6.45498, 62.479463 ] } },
{ "type": "Feature", "properties": { "Depth": -10.0 }, "geometry": { "type": "Point", "coordinates": [ 6.44757, 62.470146 ] } },
{ "type": "Feature", "properties": { "Depth": -40.0 }, "geometry": { "type": "Point", "coordinates": [ 6.474519, 62.480674 ] } },
{ "type": "Feature", "properties": { "Depth": -10.0 }, "geometry": { "type": "Point", "coordinates": [ 6.408221, 62.473905 ] } },
{ "type": "Feature", "properties": { "Depth": -10.0 }, "geometry": { "type": "Point", "coordinates": [ 6.474732, 62.481941 ] } },
{ "type": "Feature", "properties": { "Depth": -10.0 }, "geometry": { "type": "Point", "coordinates": [ 6.563266, 62.48317 ] } },
{ "type": "Feature", "properties": { "Depth": 0.0 }, "geometry": { "type": "Point", "coordinates": [ 6.564572, 62.48 ] } },
{ "type": "Feature", "properties": { "Depth": 0.0 }, "geometry": { "type": "Point", "coordinates": [ 6.539153, 62.479076 ] } },
{ "type": "Feature", "properties": { "Depth": 0.0 }, "geometry": { "type": "Point", "coordinates": [ 6.514614, 62.482811 ] } },
{ "type": "Feature", "properties": { "Depth": -50.0 }, "geometry": { "type": "Point", "coordinates": [ 6.453475, 62.476199 ] } },
{ "type": "Feature", "properties": { "Depth": 0.0 }, "geometry": { "type": "Point", "coordinates": [ 6.521003, 62.481726 ] } },
{ "type": "Feature", "properties": { "Depth": 0.0 }, "geometry": { "type": "Point", "coordinates": [ 6.391597, 62.464488 ] } },
{ "type": "Feature", "properties": { "Depth": 0.0 }, "geometry": { "type": "Point", "coordinates": [ 6.480262, 62.473003 ] } },
{ "type": "Feature", "properties": { "Depth": -30.0 }, "geometry": { "type": "Point", "coordinates": [ 6.499451, 62.478012 ] } },
{ "type": "Feature", "properties": { "Depth": -10.0 }, "geometry": { "type": "Point", "coordinates": [ 6.466206, 62.480835 ] } },
{ "type": "Feature", "properties": { "Depth": 0.0 }, "geometry": { "type": "Point", "coordinates": [ 6.563187, 62.478916 ] } },
{ "type": "Feature", "properties": { "Depth": -10.0 }, "geometry": { "type": "Point", "coordinates": [ 6.451017, 62.477446 ] } },
{ "type": "Feature", "properties": { "Depth": 0.0 }, "geometry": { "type": "Point", "coordinates": [ 6.433365, 62.477159 ] } },
{ "type": "Feature", "properties": { "Depth": -40.0 }, "geometry": { "type": "Point", "coordinates": [ 6.444714, 62.475131 ] } },
{ "type": "Feature", "properties": { "Depth": 0.0 }, "geometry": { "type": "Point", "coordinates": [ 6.517409, 62.482366 ] } },
{ "type": "Feature", "properties": { "Depth": 0.0 }, "geometry": { "type": "Point", "coordinates": [ 6.566731, 62.484726 ] } },
{ "type": "Feature", "properties": { "Depth": 0.0 }, "geometry": { "type": "Point", "coordinates": [ 6.405604, 62.473201 ] } },
{ "type": "Feature", "properties": { "Depth": 0.0 }, "geometry": { "type": "Point", "coordinates": [ 6.440576, 62.477008 ] } },
{ "type": "Feature", "properties": { "Depth": -10.0 }, "geometry": { "type": "Point", "coordinates": [ 6.543702, 62.483092 ] } },
{ "type": "Feature", "properties": { "Depth": -10.0 }, "geometry": { "type": "Point", "coordinates": [ 6.544719, 62.483783 ] } },
{ "type": "Feature", "properties": { "Depth": -10.0 }, "geometry": { "type": "Point", "coordinates": [ 6.450688, 62.470577 ] } },
{ "type": "Feature", "properties": { "Depth": 0.0 }, "geometry": { "type": "Point", "coordinates": [ 6.454046, 62.479033 ] } },
{ "type": "Feature", "properties": { "Depth": -30.0 }, "geometry": { "type": "Point", "coordinates": [ 6.536483, 62.481386 ] } },
{ "type": "Feature", "properties": { "Depth": -10.0 }, "geometry": { "type": "Point", "coordinates": [ 6.39522, 62.468557 ] } },
{ "type": "Feature", "properties": { "Depth": 0.0 }, "geometry": { "type": "Point", "coordinates": [ 6.540587, 62.479274 ] } },
{ "type": "Feature", "properties": { "Depth": -10.0 }, "geometry": { "type": "Point", "coordinates": [ 6.562285, 62.482778 ] } },
{ "type": "Feature", "properties": { "Depth": 0.0 }, "geometry": { "type": "Point", "coordinates": [ 6.53982, 62.479162 ] } },
{ "type": "Feature", "properties": { "Depth": 0.0 }, "geometry": { "type": "Point", "coordinates": [ 6.52364, 62.482005 ] } },
{ "type": "Feature", "properties": { "Depth": -10.0 }, "geometry": { "type": "Point", "coordinates": [ 6.470081, 62.48141 ] } },
{ "type": "Feature", "properties": { "Depth": -30.0 }, "geometry": { "type": "Point", "coordinates": [ 6.46412, 62.479799 ] } },
{ "type": "Feature", "properties": { "Depth": -10.0 }, "geometry": { "type": "Point", "coordinates": [ 6.510219, 62.480942 ] } },
{ "type": "Feature", "properties": { "Depth": -20.0 }, "geometry": { "type": "Point", "coordinates": [ 6.400316, 62.468252 ] } },
{ "type": "Feature", "properties": { "Depth": -30.0 }, "geometry": { "type": "Point", "coordinates": [ 6.490663, 62.482163 ] } },
{ "type": "Feature", "properties": { "Depth": 0.0 }, "geometry": { "type": "Point", "coordinates": [ 6.562934, 62.479837 ] } },
{ "type": "Feature", "properties": { "Depth": 0.0 }, "geometry": { "type": "Point", "coordinates": [ 6.52747, 62.48031 ] } },
{ "type": "Feature", "properties": { "Depth": -20.0 }, "geometry": { "type": "Point", "coordinates": [ 6.455416, 62.478617 ] } },
{ "type": "Feature", "properties": { "Depth": 0.0 }, "geometry": { "type": "Point", "coordinates": [ 6.444026, 62.477278 ] } },
{ "type": "Feature", "properties": { "Depth": 0.0 }, "geometry": { "type": "Point", "coordinates": [ 6.444752, 62.477291 ] } },
{ "type": "Feature", "properties": { "Depth": -10.0 }, "geometry": { "type": "Point", "coordinates": [ 6.500013, 62.483811 ] } },
{ "type": "Feature", "properties": { "Depth": -10.0 }, "geometry": { "type": "Point", "coordinates": [ 6.47752, 62.48307 ] } },
{ "type": "Feature", "properties": { "Depth": 0.0 }, "geometry": { "type": "Point", "coordinates": [ 6.449389, 62.469473 ] } },
{ "type": "Feature", "properties": { "Depth": -60.0 }, "geometry": { "type": "Point", "coordinates": [ 6.447048, 62.474652 ] } },
{ "type": "Feature", "properties": { "Depth": -30.0 }, "geometry": { "type": "Point", "coordinates": [ 6.40874, 62.470837 ] } },
{ "type": "Feature", "properties": { "Depth": 0.0 }, "geometry": { "type": "Point", "coordinates": [ 6.515905, 62.482249 ] } },
{ "type": "Feature", "properties": { "Depth": -40.0 }, "geometry": { "type": "Point", "coordinates": [ 6.494456, 62.481349 ] } },
{ "type": "Feature", "properties": { "Depth": -40.0 }, "geometry": { "type": "Point", "coordinates": [ 6.451576, 62.471628 ] } },
{ "type": "Feature", "properties": { "Depth": -12.26 }, "geometry": { "type": "Point", "coordinates": [ 6.533842, 62.481741 ] } },
{ "type": "Feature", "properties": { "Depth": -10.0 }, "geometry": { "type": "Point", "coordinates": [ 6.409269, 62.472918 ] } },
{ "type": "Feature", "properties": { "Depth": -10.0 }, "geometry": { "type": "Point", "coordinates": [ 6.430355, 62.468201 ] } },
{ "type": "Feature", "properties": { "Depth": 0.0 }, "geometry": { "type": "Point", "coordinates": [ 6.55, 62.484751 ] } },
{ "type": "Feature", "properties": { "Depth": -10.0 }, "geometry": { "type": "Point", "coordinates": [ 6.420808, 62.467474 ] } },
{ "type": "Feature", "properties": { "Depth": 0.0 }, "geometry": { "type": "Point", "coordinates": [ 6.389544, 62.46868 ] } },
{ "type": "Feature", "properties": { "Depth": -10.0 }, "geometry": { "type": "Point", "coordinates": [ 6.443914, 62.476393 ] } },
{ "type": "Feature", "properties": { "Depth": 0.0 }, "geometry": { "type": "Point", "coordinates": [ 6.485637, 62.473804 ] } },
{ "type": "Feature", "properties": { "Depth": -10.0 }, "geometry": { "type": "Point", "coordinates": [ 6.501154, 62.48293 ] } },
{ "type": "Feature", "properties": { "Depth": -10.0 }, "geometry": { "type": "Point", "coordinates": [ 6.41368, 62.475857 ] } },
{ "type": "Feature", "properties": { "Depth": 0.0 }, "geometry": { "type": "Point", "coordinates": [ 6.563631, 62.479184 ] } },
{ "type": "Feature", "properties": { "Depth": -10.0 }, "geometry": { "type": "Point", "coordinates": [ 6.485953, 62.483038 ] } },
{ "type": "Feature", "properties": { "Depth": 0.0 }, "geometry": { "type": "Point", "coordinates": [ 6.450998, 62.478001 ] } },
{ "type": "Feature", "properties": { "Depth": 0.0 }, "geometry": { "type": "Point", "coordinates": [ 6.431327, 62.477584 ] } },
{ "type": "Feature", "properties": { "Depth": 0.0 }, "geometry": { "type": "Point", "coordinates": [ 6.550488, 62.484675 ] } },
{ "type": "Feature", "properties": { "Depth": -90.0 }, "geometry": { "type": "Point", "coordinates": [ 6.463077, 62.477301 ] } },
{ "type": "Feature", "properties": { "Depth": -10.0 }, "geometry": { "type": "Point", "coordinates": [ 6.521421, 62.481237 ] } },
{ "type": "Feature", "properties": { "Depth": 0.0 }, "geometry": { "type": "Point", "coordinates": [ 6.399612, 62.470485 ] } },
{ "type": "Feature", "properties": { "Depth": -10.0 }, "geometry": { "type": "Point", "coordinates": [ 6.417241, 62.47614 ] } },
{ "type": "Feature", "properties": { "Depth": -40.0 }, "geometry": { "type": "Point", "coordinates": [ 6.554123, 62.481406 ] } },
{ "type": "Feature", "properties": { "Depth": 0.0 }, "geometry": { "type": "Point", "coordinates": [ 6.512523, 62.482764 ] } },
{ "type": "Feature", "properties": { "Depth": -10.0 }, "geometry": { "type": "Point", "coordinates": [ 6.564586, 62.482731 ] } },
{ "type": "Feature", "properties": { "Depth": 0.0 }, "geometry": { "type": "Point", "coordinates": [ 6.427879, 62.477278 ] } },
{ "type": "Feature", "properties": { "Depth": -30.0 }, "geometry": { "type": "Point", "coordinates": [ 6.431037, 62.475231 ] } },
{ "type": "Feature", "properties": { "Depth": 0.0 }, "geometry": { "type": "Point", "coordinates": [ 6.563213, 62.481572 ] } },
{ "type": "Feature", "properties": { "Depth": -30.0 }, "geometry": { "type": "Point", "coordinates": [ 6.554139, 62.483502 ] } },
{ "type": "Feature", "properties": { "Depth": -10.0 }, "geometry": { "type": "Point", "coordinates": [ 6.521812, 62.481563 ] } },
{ "type": "Feature", "properties": { "Depth": 0.0 }, "geometry": { "type": "Point", "coordinates": [ 6.524312, 62.477298 ] } },
{ "type": "Feature", "properties": { "Depth": -10.0 }, "geometry": { "type": "Point", "coordinates": [ 6.506247, 62.481733 ] } },
{ "type": "Feature", "properties": { "Depth": -20.0 }, "geometry": { "type": "Point", "coordinates": [ 6.445619, 62.47632 ] } },
{ "type": "Feature", "properties": { "Depth": -40.0 }, "geometry": { "type": "Point", "coordinates": [ 6.411382, 62.467865 ] } },
{ "type": "Feature", "properties": { "Depth": -10.0 }, "geometry": { "type": "Point", "coordinates": [ 6.391964, 62.469174 ] } },
{ "type": "Feature", "properties": { "Depth": 0.0 }, "geometry": { "type": "Point", "coordinates": [ 6.399904, 62.470912 ] } },
{ "type": "Feature", "properties": { "Depth": 0.0 }, "geometry": { "type": "Point", "coordinates": [ 6.461361, 62.470607 ] } },
{ "type": "Feature", "properties": { "Depth": -10.0 }, "geometry": { "type": "Point", "coordinates": [ 6.487545, 62.483655 ] } },
{ "type": "Feature", "properties": { "Depth": 0.0 }, "geometry": { "type": "Point", "coordinates": [ 6.510686, 62.481236 ] } },
{ "type": "Feature", "properties": { "Depth": -10.0 }, "geometry": { "type": "Point", "coordinates": [ 6.430778, 62.467488 ] } },
{ "type": "Feature", "properties": { "Depth": -20.0 }, "geometry": { "type": "Point", "coordinates": [ 6.553299, 62.483661 ] } },
{ "type": "Feature", "properties": { "Depth": 0.0 }, "geometry": { "type": "Point", "coordinates": [ 6.456175, 62.470441 ] } },
{ "type": "Feature", "properties": { "Depth": 0.0 }, "geometry": { "type": "Point", "coordinates": [ 6.394026, 62.464893 ] } },
{ "type": "Feature", "properties": { "Depth": -10.0 }, "geometry": { "type": "Point", "coordinates": [ 6.446132, 62.469449 ] } },
{ "type": "Feature", "properties": { "Depth": -40.0 }, "geometry": { "type": "Point", "coordinates": [ 6.484423, 62.481112 ] } },
{ "type": "Feature", "properties": { "Depth": -35.16 }, "geometry": { "type": "Point", "coordinates": [ 6.541424, 62.481759 ] } },
{ "type": "Feature", "properties": { "Depth": 0.0 }, "geometry": { "type": "Point", "coordinates": [ 6.562991, 62.482029 ] } },
{ "type": "Feature", "properties": { "Depth": -60.0 }, "geometry": { "type": "Point", "coordinates": [ 6.488361, 62.478651 ] } },
{ "type": "Feature", "properties": { "Depth": -10.0 }, "geometry": { "type": "Point", "coordinates": [ 6.414518, 62.475965 ] } },
{ "type": "Feature", "properties": { "Depth": 0.0 }, "geometry": { "type": "Point", "coordinates": [ 6.47218, 62.481795 ] } },
{ "type": "Feature", "properties": { "Depth": -10.0 }, "geometry": { "type": "Point", "coordinates": [ 6.543643, 62.483648 ] } },
{ "type": "Feature", "properties": { "Depth": 0.0 }, "geometry": { "type": "Point", "coordinates": [ 6.547416, 62.483818 ] } },
{ "type": "Feature", "properties": { "Depth": 0.0 }, "geometry": { "type": "Point", "coordinates": [ 6.523389, 62.477425 ] } },
{ "type": "Feature", "properties": { "Depth": 0.0 }, "geometry": { "type": "Point", "coordinates": [ 6.402453, 62.471112 ] } },
{ "type": "Feature", "properties": { "Depth": -10.0 }, "geometry": { "type": "Point", "coordinates": [ 6.538316, 62.479658 ] } },
{ "type": "Feature", "properties": { "Depth": 0.0 }, "geometry": { "type": "Point", "coordinates": [ 6.526098, 62.477294 ] } },
{ "type": "Feature", "properties": { "Depth": -80.0 }, "geometry": { "type": "Point", "coordinates": [ 6.468369, 62.47814 ] } },
{ "type": "Feature", "properties": { "Depth": -10.0 }, "geometry": { "type": "Point", "coordinates": [ 6.552278, 62.483916 ] } },
{ "type": "Feature", "properties": { "Depth": -10.0 }, "geometry": { "type": "Point", "coordinates": [ 6.440662, 62.468972 ] } },
{ "type": "Feature", "properties": { "Depth": -20.0 }, "geometry": { "type": "Point", "coordinates": [ 6.404824, 62.47008 ] } },
{ "type": "Feature", "properties": { "Depth": -30.0 }, "geometry": { "type": "Point", "coordinates": [ 6.436206, 62.473795 ] } },
{ "type": "Feature", "properties": { "Depth": -24.23 }, "geometry": { "type": "Point", "coordinates": [ 6.444056, 62.470298 ] } },
{ "type": "Feature", "properties": { "Depth": -10.0 }, "geometry": { "type": "Point", "coordinates": [ 6.482198, 62.483714 ] } },
{ "type": "Feature", "properties": { "Depth": -50.0 }, "geometry": { "type": "Point", "coordinates": [ 6.411432, 62.470662 ] } },
{ "type": "Feature", "properties": { "Depth": -10.0 }, "geometry": { "type": "Point", "coordinates": [ 6.529406, 62.478397 ] } },
{ "type": "Feature", "properties": { "Depth": 0.0 }, "geometry": { "type": "Point", "coordinates": [ 6.435543, 62.477536 ] } },
{ "type": "Feature", "properties": { "Depth": -10.0 }, "geometry": { "type": "Point", "coordinates": [ 6.48585, 62.483723 ] } },
{ "type": "Feature", "properties": { "Depth": -10.0 }, "geometry": { "type": "Point", "coordinates": [ 6.500048, 62.483773 ] } },
{ "type": "Feature", "properties": { "Depth": 0.0 }, "geometry": { "type": "Point", "coordinates": [ 6.524889, 62.481067 ] } },
{ "type": "Feature", "properties": { "Depth": 0.0 }, "geometry": { "type": "Point", "coordinates": [ 6.5675, 62.483625 ] } },
{ "type": "Feature", "properties": { "Depth": -2.86 }, "geometry": { "type": "Point", "coordinates": [ 6.410698, 62.474155 ] } },
{ "type": "Feature", "properties": { "Depth": -10.0 }, "geometry": { "type": "Point", "coordinates": [ 6.55582, 62.484432 ] } },
{ "type": "Feature", "properties": { "Depth": -10.0 }, "geometry": { "type": "Point", "coordinates": [ 6.412231, 62.464801 ] } },
{ "type": "Feature", "properties": { "Depth": -10.0 }, "geometry": { "type": "Point", "coordinates": [ 6.521689, 62.478074 ] } },
{ "type": "Feature", "properties": { "Depth": -10.0 }, "geometry": { "type": "Point", "coordinates": [ 6.494001, 62.482248 ] } },
{ "type": "Feature", "properties": { "Depth": -10.0 }, "geometry": { "type": "Point", "coordinates": [ 6.429669, 62.467306 ] } },
{ "type": "Feature", "properties": { "Depth": -10.0 }, "geometry": { "type": "Point", "coordinates": [ 6.420689, 62.477062 ] } },
{ "type": "Feature", "properties": { "Depth": -10.0 }, "geometry": { "type": "Point", "coordinates": [ 6.415305, 62.476278 ] } },
{ "type": "Feature", "properties": { "Depth": -10.0 }, "geometry": { "type": "Point", "coordinates": [ 6.392349, 62.467748 ] } },
{ "type": "Feature", "properties": { "Depth": 0.0 }, "geometry": { "type": "Point", "coordinates": [ 6.502467, 62.483949 ] } },
{ "type": "Feature", "properties": { "Depth": -10.0 }, "geometry": { "type": "Point", "coordinates": [ 6.519281, 62.480532 ] } },
{ "type": "Feature", "properties": { "Depth": 0.0 }, "geometry": { "type": "Point", "coordinates": [ 6.56479, 62.479968 ] } },
{ "type": "Feature", "properties": { "Depth": -30.0 }, "geometry": { "type": "Point", "coordinates": [ 6.403216, 62.467632 ] } },
{ "type": "Feature", "properties": { "Depth": -10.0 }, "geometry": { "type": "Point", "coordinates": [ 6.555049, 62.478756 ] } },
{ "type": "Feature", "properties": { "Depth": -60.0 }, "geometry": { "type": "Point", "coordinates": [ 6.434286, 62.471284 ] } },
{ "type": "Feature", "properties": { "Depth": -10.0 }, "geometry": { "type": "Point", "coordinates": [ 6.523297, 62.47796 ] } },
{ "type": "Feature", "properties": { "Depth": -10.0 }, "geometry": { "type": "Point", "coordinates": [ 6.419664, 62.47674 ] } },
{ "type": "Feature", "properties": { "Depth": -10.0 }, "geometry": { "type": "Point", "coordinates": [ 6.515261, 62.480544 ] } },
{ "type": "Feature", "properties": { "Depth": 0.0 }, "geometry": { "type": "Point", "coordinates": [ 6.450615, 62.478246 ] } },
{ "type": "Feature", "properties": { "Depth": 0.0 }, "geometry": { "type": "Point", "coordinates": [ 6.514745, 62.481959 ] } },
{ "type": "Feature", "properties": { "Depth": -30.0 }, "geometry": { "type": "Point", "coordinates": [ 6.515112, 62.479435 ] } },
{ "type": "Feature", "properties": { "Depth": -10.0 }, "geometry": { "type": "Point", "coordinates": [ 6.410498, 62.474095 ] } },
{ "type": "Feature", "properties": { "Depth": -20.0 }, "geometry": { "type": "Point", "coordinates": [ 6.504686, 62.477946 ] } },
{ "type": "Feature", "properties": { "Depth": -10.0 }, "geometry": { "type": "Point", "coordinates": [ 6.391243, 62.468728 ] } },
{ "type": "Feature", "properties": { "Depth": 0.0 }, "geometry": { "type": "Point", "coordinates": [ 6.524972, 62.481513 ] } },
{ "type": "Feature", "properties": { "Depth": -10.0 }, "geometry": { "type": "Point", "coordinates": [ 6.468295, 62.481978 ] } },
{ "type": "Feature", "properties": { "Depth": -90.0 }, "geometry": { "type": "Point", "coordinates": [ 6.462221, 62.474596 ] } },
{ "type": "Feature", "properties": { "Depth": -10.0 }, "geometry": { "type": "Point", "coordinates": [ 6.526768, 62.481625 ] } },
{ "type": "Feature", "properties": { "Depth": 0.0 }, "geometry": { "type": "Point", "coordinates": [ 6.568187, 62.483305 ] } },
{ "type": "Feature", "properties": { "Depth": -50.0 }, "geometry": { "type": "Point", "coordinates": [ 6.493766, 62.478572 ] } },
{ "type": "Feature", "properties": { "Depth": -30.0 }, "geometry": { "type": "Point", "coordinates": [ 6.424088, 62.474847 ] } },
{ "type": "Feature", "properties": { "Depth": -20.0 }, "geometry": { "type": "Point", "coordinates": [ 6.401732, 62.468417 ] } },
{ "type": "Feature", "properties": { "Depth": 0.0 }, "geometry": { "type": "Point", "coordinates": [ 6.564298, 62.481001 ] } }
]
}
