Lat,Lon,Depth
62.47729953,6.526286808,0
62.47727247,6.525709647,0
62.47729002,6.525899688,0
62.4772769,6.526865847,0
62.4772644,6.52705788,0
62.47729693,6.526480517,0
62.47728853,6.526673558,0
62.47745412,6.522796158,0
62.47744617,6.522987299,0
62.47738519,6.522440912,0
62.47742527,6.522614083,0
62.47737905,6.519820789,0
62.47730025,6.518670685,0
62.47731693,6.518861231,0
62.47736111,6.51943497,0
62.4773714,6.519627589,0
62.47733375,6.51905172,0
62.47734855,6.519242987,0
62.4771312,6.517366226,0
62.47722029,6.51791471,0
62.47716305,6.517547519,0
62.47719479,6.517728819,0
62.47698128,6.516662781,0
62.47690401,6.513920177,0
62.47679241,6.512784869,0
62.47681489,6.512972607,0
62.47687942,6.513537171,0
62.47689735,6.513727182,0
62.47683799,6.513159996,0
62.47686131,6.513347253,0
62.47706037,6.50838642,0
62.47703067,6.508568924,0
62.4770857,6.508003152,0
62.47707784,6.508196327,0
62.47712146,6.506842427,0
62.47711802,6.507036207,0
62.47712747,6.506454805,0
62.47712494,6.506648649,0
62.4771007,6.507616662,0
62.4770932,6.507809907,0
62.47711429,6.50722994,0
62.4771073,6.50742327,0
62.47709609,6.505295179,0
62.47710782,6.505487438,0
62.47707207,6.504910868,0
62.47708432,6.50510293,0
62.47712835,6.506067067,0
62.47712985,6.50626095,0
62.47711745,6.505680214,0
62.47712602,6.505873251,0
62.47686927,6.5038514,0
62.47692539,6.504002725,0
62.47678239,6.503517539,0
62.47681581,6.503696,0
62.47703133,6.504533196,0
62.47705233,6.504721694,0
62.47696957,6.504169724,0
62.4770039,6.504348838,0
62.47667147,6.502379322,0
62.47668735,6.502570182,0
62.47664264,6.50199654,0
62.47665645,6.502188151,0
62.4767405,6.503140418,0
62.47676113,6.503329136,0
62.47670326,6.50276103,0
62.47672137,6.502950963,0
62.47656668,6.500844749,0
62.47657756,6.501037239,0
62.47654663,6.500459342,0
62.47655644,6.5006521,0
62.47661503,6.501613319,0
62.47662883,6.50180493,0
62.47658947,6.501229433,0
62.47660219,6.501421393,0
62.47649445,6.499301421,0
62.47650144,6.499494694,0
62.47649627,6.498913889,0
62.47649659,6.499107663,0
62.47652764,6.500073683,0
62.47653702,6.500266541,0
62.47650989,6.499687751,0
62.47651834,6.499880809,0
62.47641101,6.497765201,0
62.47642472,6.497956828,0
62.47647008,6.498530265,0
62.47648352,6.498721994,0
62.47643984,6.498147973,0
62.47645496,6.498339119,0
62.47634592,6.494682337,0
62.47635792,6.494874514,0
62.47632009,6.494298582,0
62.47633418,6.494490087,0
62.47638414,6.495453256,0
62.47639038,6.495646677,0
62.47637018,6.495066614,0
62.47637718,6.495259922,0
62.4762211,6.49315568,0
62.47624339,6.493343495,0
62.47615419,6.492796036,0
62.47618955,6.49297426,0
62.47629124,6.49391579,0
62.47630567,6.494107186,0
62.47626239,6.493532999,0
62.47627682,6.493724394,0
62.47607453,6.492448575,0
62.47611548,6.492621111,0
62.47599177,6.492104448,0
62.47603303,6.492276647,0
62.47542125,6.488862428,0
62.47547608,6.489015526,0
62.47529868,6.488579177,0
62.47536074,6.488719224,0
62.4755236,6.489180019,0
62.47483615,6.487997119,0
62.47491536,6.488087869,0
62.47469934,6.487748799,0
62.4747638,6.487883014,0
62.47515762,6.488340804,0
62.47523095,6.488452067,0
62.47499702,6.488168296,0
62.47507846,6.48824973,0
62.47439245,6.486794294,0
62.47444185,6.48695611,0
62.47428429,6.486485072,0
62.4743401,6.486636806,0
62.47458937,6.487442595,0
62.47464257,6.48759863,0
62.47448997,6.487119785,0
62.47453833,6.487283106,0
62.47393246,6.485606427,0
62.47398522,6.485763263,0
62.47383868,6.485275771,0
62.47388557,6.485441099,0
62.47416215,6.486200984,0
62.47422377,6.486341948,0
62.47404028,6.485916341,0
62.47410053,6.486060021,0
62.47353686,6.48432505,0
62.47356856,6.484506405,0
62.47349249,6.483950051,0
62.47351641,6.484136536,0
62.47373694,6.484956889,0
62.47379008,6.485112842,0
62.47361707,6.484668402,0
62.47367721,6.48481222,0
62.47321217,6.482963494,0
62.47326509,6.483119765,0
62.47309404,6.482671598,0
62.47315271,6.482818274,0
62.47341554,6.48360206,0
62.47346026,6.483770053,0
62.47331598,6.483279469,0
62.47336651,6.483439703,0
62.4727785,6.481785158,0
62.47285365,6.481890783,0
62.47264418,6.481528048,0
62.47271078,6.481657982,0
62.47301144,6.482332695,0
62.47304406,6.48251227,0
62.47292849,6.481997165,0
62.47298322,6.482149108,0
62.4724925,6.480479384,0
62.47248798,6.48067303,0
62.47246405,6.48009809,0
62.47248501,6.480286622,0
62.47252372,6.48124215,0
62.4725801,6.481392379,0
62.47248691,6.480866722,0
62.47249424,6.48105976,0
62.47238387,6.478958103,0
62.47238244,6.479151969,0
62.47238897,6.478764557,0
62.47241162,6.479727235,0
62.47243771,6.479912745,0
62.47238288,6.479345766,0
62.47239092,6.479538726,0
62.4725317,6.47705394,0
62.47250693,6.477240301,0
62.47262416,6.475910387,0
62.47261245,6.476102584,0
62.47264984,6.475526607,0
62.47263741,6.475718619,0
62.47257391,6.476677536,0
62.4725568,6.47686783,0
62.47260277,6.476295346,0
62.47259179,6.476487751,0
62.47266099,6.474366014,0
62.47266652,6.474559506,0
62.47264512,6.473979763,0
62.47265366,6.474172775,0
62.47266718,6.475140984,0
62.472661,6.475334219,0
62.47266945,6.474753275,0
62.4726695,6.474947169,0
62.4725652,6.472829918,0
62.47258239,6.473020219,0
62.47252683,6.472451213,0
62.47254755,6.472639813,0
62.47262459,6.473594541,0
62.47263536,6.473787034,0
62.47259904,6.473210724,0
62.47261217,6.473402531,0
62.47221652,6.471517544,0
62.47227819,6.47165841,0
62.47209319,6.471235815,0
62.47215486,6.471376679,0
62.47245434,6.472097963,0
62.47249498,6.47227,0
62.47233777,6.471803359,0
62.47239781,6.471947481,0
62.47188974,6.470205043,0
62.47189677,6.470398335,0
62.4718777,6.469818143,0
62.47188363,6.470011607,0
62.47197611,6.470941933,0
62.47203452,6.471089108,0
62.47190787,6.470590723,0
62.47192949,6.470777881,0
62.4718294,6.46865964,0
62.47183832,6.468852567,0
62.4718055,6.468275406,0
62.47181864,6.468467205,0
62.47186507,6.469431351,0
62.47187177,6.469624679,0
62.47184724,6.469045495,0
62.47185616,6.469238423,0
62.47164307,6.467169076,0
62.47167618,6.467349277,0
62.47157278,6.466812335,0
62.47160892,6.466989799,0
62.47176628,6.467897384,0
62.47178846,6.468085184,0
62.47170678,6.467531541,0
62.47173685,6.467714219,0
62.4713716,6.46573414,0
62.47140002,6.465917953,0
62.47133389,6.465355502,0
62.47135105,6.465545808,0
62.47150049,6.466457409,0
62.47153663,6.466634872,0
62.47143165,6.466099388,0
62.47146434,6.466279947,0
62.47108422,6.464335819,0
62.471133,6.464498532,0
62.47101354,6.463979687,0
62.47104817,6.46415855,0
62.47127625,6.464990255,0
62.47131034,6.465168835,0
62.47118322,6.464659207,0
62.47123269,6.464820947,0
62.47082636,6.462889333,0
62.47085434,6.463073547,0
62.4707708,6.462520626,0
62.47079838,6.46270512,0
62.47094667,6.463619853,0
62.47097959,6.463800225,0
62.47088436,6.463256254,0
62.47091471,6.46343871,0
62.47068802,6.461374051,0
62.47069649,6.461567066,0
62.47067369,6.460987579,0
62.47067955,6.461181037,0
62.47072895,6.462144204,0
62.47074602,6.462334393,0
62.47070496,6.46176008,0
62.47071515,6.46195263,0
62.47066384,6.460600426,0
62.47066808,6.460794078,0
62.47066364,6.460212752,0
62.47066282,6.460406623,0
62.47101982,6.458471311,0
62.47098311,6.458647837,0
62.47107057,6.458099821,0
62.47104736,6.458287031,0
62.47093356,6.458809429,0
62.47088158,6.458967464,0
62.47109539,6.456945624,0
62.47110638,6.457137999,0
62.47102792,6.4565918,0
62.47107113,6.456759994,0
62.47110255,6.457718449,0
62.47108815,6.457909735,0
62.4711112,6.457331304,0
62.47110878,6.457525116,0
62.4706092,6.455878949,0
62.47068617,6.455978509,0
62.47049429,6.455600918,0
62.47053671,6.455765474,0
62.47090664,6.456307531,0
62.47097162,6.456441126,0
62.47076406,6.456074776,0
62.47083983,6.456178261,0
62.4702457,6.454804428,0
62.47030449,6.454950041,0
62.47016473,6.454459262,0
62.47020177,6.454635668,0
62.47051126,6.455215566,0
62.47049995,6.455407806,0
62.47038867,6.455009009,0
62.47047546,6.455055401,0
62.47000744,6.453348656,0
62.47003604,6.453532327,0
62.46992708,6.453004027,0
62.46997159,6.453171639,0
62.47010492,6.4540943,0
62.47013171,6.454279038,0
62.47006093,6.453718379,0
62.47008271,6.453906455,0
62.4695865,6.452379714,0
62.46979339,6.452747813,0
62.46986366,6.452868112,0
62.46964936,6.452516962,0
62.46971966,6.452637282,0
62.46952198,6.449367927,0
62.46956429,6.449538873,0
62.46948016,6.449196459,0
62.47729582,6.5260931,0
62.46965925,6.450080502,0
62.46960179,6.449714991,0
62.46963759,6.449892361,0
62.466167,6.416197616,0
62.46640077,6.416478957,0
62.46624997,6.416271318,0
62.46632886,6.41636344,0
62.46540804,6.414918858,0
62.46546219,6.415073438,0
62.46534712,6.414776664,0
62.46481365,6.39422853,0
62.46476433,6.394390462,0
62.46488902,6.390090494,0
62.464829,6.390234611,0
62.46528473,6.389326271,0
62.46520297,6.389401463,0
62.46546073,6.389250489,0
62.46537259,6.389286923,0
62.46500905,6.389802259,0
62.46494903,6.389946377,0
62.46513265,6.389521449,0
62.46506926,6.389658548,0
62.4659719,6.389017793,0
62.465896,6.38912124,0
62.46612307,6.388808911,0
62.46604779,6.388914346,0
62.46563848,6.389197207,0
62.4655495,6.389222026,0
62.46581716,6.389197661,0
62.46572778,6.389181203,0
62.46652741,6.388049015,0
62.4664714,6.38820003,0
62.46654093,6.387678973,0
62.46655241,6.387870509,0
62.46626802,6.388580516,0
62.46619662,6.388697849,0
62.46640604,6.388332768,0
62.4663377,6.388458373,0
62.46698395,6.387243841,0
62.46689587,6.387280951,0
62.4671587,6.387155491,0
62.46707138,6.387200189,0
62.46663721,6.387365804,0
62.46657439,6.38750324,0
62.46680668,6.387288703,0
62.46671715,6.387282885,0
62.46778145,6.387577978,0
62.46733407,6.387073159,0
62.46724619,6.387112343,0
62.46742222,6.387037022,0
62.46791549,6.38783567,0
62.46784732,6.387709634,0
62.46806303,6.388055585,0
62.46798728,6.387951983,0
62.46982221,6.396396824,0
62.46978091,6.396224698,0
62.4699139,6.396728438,0
62.46986277,6.396569636,0
62.46963571,6.395756655,0
62.46973998,6.396052166,0
62.46967728,6.395916152,0
62.4700434,6.396995977,0
62.46997569,6.39686892,0
62.47017831,6.397251308,0
62.47011216,6.397120556,0
62.47034962,6.399430451,0
62.47028316,6.39812712,0
62.47069092,6.400194915,0
62.47060557,6.400135189,0
62.47086468,6.400291843,0
62.47077763,6.400244746,0
62.4704627,6.399707292,0
62.47039163,6.399589134,0
62.4705242,6.400054908,0
62.4705038,6.399871608,0
62.47130611,6.400880521,0
62.47125364,6.400723355,0
62.4713994,6.401211349,0
62.47135287,6.401045967,0
62.4710366,6.400402372,0
62.47095136,6.40034177,0
62.47119497,6.40057757,0
62.4711207,6.40046996,0
62.47154168,6.40229522,0
62.47153711,6.402105038,0
62.47162456,6.402637686,0
62.47157829,6.402471617,0
62.47148002,6.401557766,0
62.47143921,6.401385098,0
62.47206783,6.403189034,0
62.47198073,6.403142713,0
62.47222727,6.403364052,0
62.47215003,6.403265929,0
62.47173064,6.402949185,0
62.47167327,6.4028004,0
62.47189336,6.403098423,0
62.47180706,6.403045426,0
62.47271288,6.404493919,0
62.47265872,6.404339321,0
62.47236673,6.403606836,0
62.47230001,6.403477463,0
62.47249316,6.403880737,0
62.47309162,6.405318116,0
62.47302441,6.405189686,0
62.47283001,6.404787368,0
62.47276964,6.40464394,0
62.47295933,6.405056198,0
62.47289432,6.404922528,0
62.47430652,6.410920136,0
62.47426688,6.410751145,0
62.47466885,6.411760515,0
62.47461292,6.411608966,0
62.47480374,6.412008894,0
62.47473064,6.411900689,0
62.47437972,6.411031369,0
62.47456146,6.411450144,0
62.47498177,6.412042696,0
62.47489207,6.412040829,0
62.47516114,6.41203191,0
62.47507145,6.412035299,0
62.47811972,6.537278857,0
62.4780028,6.536984604,0
62.47806187,6.537130601,0
62.47756064,6.536343282,0
62.47764318,6.536417026,0
62.47741206,6.536162836,0
62.47747344,6.536302695,0
62.4778721,6.536719941,0
62.47794013,6.536845992,0
62.47772291,6.536505951,0
62.47780037,6.536603733,0
62.47711625,6.535193736,0
62.47715834,6.535364994,0
62.47730212,6.535856464,0
62.47735574,6.536011878,0
62.47720346,6.535532616,0
62.47725143,6.535696501,0
62.47718352,6.530245691,0
62.47921014,6.460506115,-30
62.47918336,6.460321022,-30
62.47926549,6.460875084,-30
62.47923765,6.460690713,-30
62.47910957,6.459761528,-30
62.47908589,6.459574468,-30
62.47915797,6.460135024,-30
62.47913349,6.459948449,-30
62.47945273,6.461966055,-30
62.47942159,6.461784172,-30
62.47951464,6.462330118,-30
62.47948388,6.462147939,-30
62.47932811,6.461238561,-30
62.4792966,6.46105697,-30
62.47939044,6.46160229,-30
62.4793593,6.461420408,-30
62.47967993,6.463436972,-30
62.47965484,6.463250772,-30
62.47972588,6.463811925,-30
62.47970291,6.463624449,-30
62.47957524,6.462695218,-30
62.47954482,6.462512764,-30
62.47962976,6.463064558,-30
62.47960475,6.462878308,-30
62.47986736,6.46493462,-30
62.47984268,6.464748164,-30
62.47992059,6.465305031,-30
62.47989377,6.465119967,-30
62.47977182,6.46418688,-30
62.47974885,6.463999402,-30
62.47981823,6.464561559,-30
62.47979479,6.464374357,-30
62.48010756,6.466396149,-30
62.48007598,6.466214623,-30
62.48016707,6.466762087,-30
62.48013753,6.466578954,-30
62.47997985,6.465671157,-30
62.47995018,6.465488123,-30
62.48004394,6.466033467,-30
62.48001189,6.465852312,-30
62.48030057,6.46788873,-30
62.48028096,6.467699479,-30
62.48033842,6.468267883,-30
62.48032,6.46807807,-30
62.48021644,6.467134796,-30
62.48019379,6.46694716,-30
62.48026134,6.467510227,-30
62.48024001,6.467321908,-30
62.48044628,6.469407947,-30
62.48042865,6.469217783,-30
62.48048039,6.469788764,-30
62.48046344,6.46959831,-30
62.48037526,6.46864751,-30
62.48035684,6.468457697,-30
62.48041102,6.469027619,-30
62.48039339,6.468837455,-30
62.48058207,6.47093149,-30
62.48056513,6.470741035,-30
62.48061691,6.471311999,-30
62.48059919,6.471121875,-30
62.48051428,6.470169672,-30
62.48049734,6.469979217,-30
62.48054818,6.47055058,-30
62.48053123,6.470360126,-30
62.48073085,6.472448714,-30
62.480706,6.472262418,-30
62.48078917,6.472815336,-30
62.48075845,6.472633117,-30
62.48065236,6.471692249,-30
62.48063463,6.471502124,-30
62.48068806,6.472072385,-30
62.48067013,6.471882353,-30
62.4810469,6.473833716,-30
62.4809981,6.473670963,-30
62.4811468,6.474155972,-30
62.48109685,6.473994844,-30
62.4808614,6.47316995,-30
62.48082193,6.472995796,-30
62.48095008,6.473507129,-30
62.48090485,6.473339614,-30
62.4814419,6.475129191,-30
62.48139429,6.474964805,-30
62.48153254,6.47546395,-30
62.4814878,6.475295852,-30
62.4812467,6.47447823,-30
62.48119675,6.474317101,-30
62.48134619,6.474801069,-30
62.48129665,6.47463936,-30
62.4817449,6.476529946,-30
62.48171589,6.476346441,-30
62.48179751,6.476900806,-30
62.48177121,6.476715376,-30
62.48161789,6.475805165,-30
62.48157576,6.475633928,-30
62.48168554,6.476163916,-30
62.48165443,6.475981994,-30
62.48200864,6.477967168,-30
62.4819631,6.47780011,-30
62.48210382,6.478296038,-30
62.48205614,6.478131725,-30
62.48185449,6.477268602,-30
62.48182516,6.477085311,-30
62.48192221,6.477627611,-30
62.4818863,6.47744988,-30
62.48230942,6.479364726,-30
62.48228625,6.479177355,-30
62.48234773,6.479743633,-30
62.48232874,6.479554081,-30
62.48219246,6.478633265,-30
62.48214897,6.478463606,-30
62.48225984,6.478991991,-30
62.48223092,6.4788084,-30
62.48243481,6.480891606,-30
62.48242189,6.48069967,-30
62.48245042,6.48127779,-30
62.48244216,6.481084711,-30
62.48238075,6.480124642,-30
62.4823674,6.479932846,-30
62.48240866,6.480507836,-30
62.48239453,6.480316297,-30
62.48239358,6.482431642,-30
62.48241329,6.482242422,-30
62.4823552,6.482810536,-30
62.48237518,6.482621474,-30
62.48244511,6.481665058,-30
62.48245137,6.481471593,-30
62.48242688,6.482050757,-30
62.48243831,6.481858396,-30
62.48222456,6.483939484,-30
62.48224686,6.483751618,-30
62.48217532,6.48431243,-30
62.48220164,6.484127006,-30
62.48231218,6.483187137,-30
62.48233396,6.482998976,-30
62.48226864,6.483563458,-30
62.48229041,6.483375298,-30
62.48203746,6.485436609,-30
62.48205718,6.485247397,-30
62.48199938,6.485815665,-30
62.48201773,6.48562582,-30
62.48212267,6.484683277,-30
62.482149,6.484497854,-30
62.48207751,6.485058483,-30
62.48209789,6.484869598,-30
62.48193897,6.486969688,-30
62.48194157,6.486775944,-30
62.48194209,6.487357537,-30
62.48194051,6.487163613,-30
62.48196596,6.486196748,-30
62.48198155,6.486005754,-30
62.4819475,6.486582437,-30
62.48195495,6.486389161,-30
62.48199464,6.488514424,-30
62.48198113,6.488323118,-30
62.4820396,6.488889965,-30
62.48201686,6.488702339,-30
62.48195226,6.487744664,-30
62.48194531,6.487551292,-30
62.48197109,6.488130383,-30
62.48196087,6.487937691,-30
62.48210715,6.490039803,-30
62.48210202,6.489846235,-30
62.48210912,6.490427653,-30
62.48210899,6.490233717,-30
62.48208307,6.489266007,-30
62.48206233,6.489077592,-30
62.48209514,6.489652851,-30
62.48209029,6.489459188,-30
62.48208728,6.491589867,-30
62.48209507,6.491396653,-30
62.48204734,6.491967665,-30
62.48207003,6.491780106,-30
62.48210649,6.490815514,-30
62.48210836,6.490621601,-30
62.48210181,6.491203247,-30
62.48210458,6.491009425,-30
62.48193571,6.493104413,-30
62.48194986,6.492912885,-30
62.47281482,6.43561637,-70
62.48192156,6.493295941,-30
62.48199914,6.492341316,-30
62.48202301,6.492154354,-30
62.48196422,6.492721432,-30
62.48197872,6.492530026,-30
62.47298122,6.4367001,-70
62.47293456,6.436534488,-70
62.47307201,6.43703428,-70
62.47302813,6.436865395,-70
62.47282809,6.43600272,-70
62.47281836,6.435810082,-70
62.4728921,6.436363772,-70
62.47285575,6.436186589,-70
62.47325498,6.438126438,-70
62.47322842,6.43794123,-70
62.47330822,6.438496775,-70
62.47328154,6.438311645,-70
62.47314469,6.437388712,-70
62.47311023,6.437209699,-70
62.4732028,6.437755409,-70
62.47317549,6.437570802,-70
62.47347938,6.439589714,-70
62.47346409,6.439398708,-70
62.47350646,6.439973068,-70
62.47349295,6.439781383,-70
62.47336589,6.438863833,-70
62.47333573,6.438681337,-70
62.47344614,6.439208731,-70
62.47341083,6.439031588,-70
62.47358717,6.441123312,-70
62.47357393,6.440931537,-70
62.4736158,6.441506101,-70
62.47360036,6.441315105,-70
62.47353345,6.440356455,-70
62.47351996,6.440164762,-70
62.47356043,6.440739843,-70
62.47354694,6.440548149,-70
62.47373429,6.442640574,-70
62.4737111,6.442453285,-70
62.47378201,6.443014413,-70
62.47375802,6.442827572,-70
62.47365089,6.441886335,-70
62.47363161,6.441696965,-70
62.47369128,6.442264177,-70
62.47367065,6.442075469,-70
62.47393222,6.444131622,-70
62.47390725,6.443945381,-70
62.47398217,6.444504105,-70
62.4739572,6.444317863,-70
62.47383226,6.443386706,-70
62.47380713,6.443200559,-70
62.47388228,6.44375914,-70
62.4738573,6.443572899,-70
62.47411969,6.445628732,-70
62.47409924,6.445439957,-70
62.47415563,6.446008641,-70
62.47413882,6.445818175,-70
62.47403071,6.444877445,-70
62.47400688,6.444690507,-70
62.47407722,6.445251981,-70
62.47405455,6.445064383,-70
62.47427446,6.447142005,-70
62.47424715,6.446957526,-70
62.47433625,6.447506102,-70
62.47430536,6.447324053,-70
62.47418903,6.446389671,-70
62.47417233,6.446199156,-70
62.47422707,6.446768549,-70
62.47420606,6.446580037,-70
62.47441703,6.448652492,-70
62.47439952,6.448462385,-70
62.47445399,6.449031924,-70
62.474435,6.44884247,-70
62.47437667,6.447883068,-70
62.47436096,6.447692338,-70
62.4743903,6.448269578,-70
62.47438468,6.448076056,-70
62.47460493,6.450148529,-70
62.47457788,6.449963651,-70
62.47466274,6.450515626,-70
62.47463327,6.450332511,-70
62.4745009,6.449406238,-70
62.47447716,6.449219252,-70
62.4745516,6.449778252,-70
62.47452603,6.449592385,-70
62.47487811,6.451580589,-70
62.47483905,6.451406026,-70
62.47496104,6.451924399,-70
62.47491814,6.451754085,-70
62.47472542,6.450878981,-70
62.47469405,6.450697342,-70
62.47479855,6.45123299,-70
62.47476026,6.451057648,-70
62.47523267,6.452928352,-70
62.47518337,6.452766345,-70
62.47533442,6.453247743,-70
62.47528248,6.453089656,-70
62.47504725,6.452264549,-70
62.4750041,6.452094529,-70
62.47513706,6.45260025,-70
62.47509108,6.452433728,-70
62.47566093,6.454172653,-70
62.47560478,6.454021379,-70
62.47577467,6.454472658,-70
62.4757178,6.454322655,-70
62.47544061,6.45356039,-70
62.47538745,6.453404164,-70
62.47554905,6.4538694,-70
62.47549416,6.453715988,-70
62.47611681,6.455371015,-70
62.47605902,6.455222681,-70
62.47623649,6.45565991,-70
62.4761752,6.455518282,-70
62.47588841,6.454772665,-70
62.47583154,6.454622661,-70
62.47600215,6.455072675,-70
62.47594528,6.45492267,-70
62.47665113,6.456397552,-70
62.47657812,6.456284791,-70
62.47679719,6.456622882,-70
62.47672426,6.456509942,-70
62.47636473,6.455930517,-70
62.47629738,6.455802362,-70
62.47650551,6.456170858,-70
62.47643388,6.456054046,-70
62.47716242,6.457466022,-70
62.47711443,6.457302289,-70
62.47725057,6.457803813,-70
62.47720728,6.457633952,-70
62.47693485,6.456871437,-70
62.47686747,6.45674338,-70
62.47706084,6.457146874,-70
62.47700024,6.457004182,-70
62.47742399,6.458899584,-70
62.47740303,6.458711026,-70
62.47747556,6.459270969,-70
62.47744851,6.459086084,-70
62.47732814,6.458153274,-70
62.47729141,6.457976343,-70
62.47738207,6.458522468,-70
62.47735829,6.45833554,-70
62.47764617,6.460374557,-70
62.47761746,6.460190825,-70
62.47770659,6.460739769,-70
62.47767638,6.460557163,-70
62.47753186,6.45963924,-70
62.47750371,6.459455105,-70
62.47758882,6.460007037,-70
62.47756019,6.45982325,-70
62.47788797,6.461835316,-70
62.47785723,6.461653121,-70
62.47794945,6.462199707,-70
62.47791871,6.462017511,-70
62.47776694,6.461105036,-70
62.4777368,6.460922375,-70
62.47782713,6.461470426,-70
62.47779704,6.461287731,-70
62.47813767,6.463289847,-70
62.47810596,6.463108432,-70
62.4782011,6.463652678,-70
62.47816938,6.463471262,-70
62.47801092,6.462564099,-70
62.47798019,6.462381903,-70
62.47807424,6.462927017,-70
62.47804253,6.462745603,-70
62.47839137,6.464741181,-70
62.47835966,6.464559763,-70
62.47845416,6.465104534,-70
62.47842282,6.464922817,-70
62.47826452,6.464015511,-70
62.47823281,6.463834094,-70
62.47832795,6.464378345,-70
62.47829624,6.464196928,-70
62.4786334,6.466201676,-70
62.47860471,6.466017927,-70
62.47868655,6.466572138,-70
62.47866009,6.466386829,-70
62.47851597,6.46546866,-70
62.4784855,6.465286252,-70
62.47857578,6.465834352,-70
62.47854587,6.465651506,-70
62.47882778,6.467694892,-70
62.47880524,6.467507178,-70
62.47886462,6.468074246,-70
62.47884862,6.467883426,-70
62.47873626,6.466944823,-70
62.47871159,6.466758361,-70
62.47878259,6.46731952,-70
62.47875995,6.467131863,-70
62.47891403,6.469232532,-70
62.47890739,6.469039145,-70
62.47892296,6.46961992,-70
62.4789185,6.469426226,-70
62.47888542,6.468459285,-70
62.47887724,6.468266159,-70
62.4789002,6.468845835,-70
62.47889284,6.468652555,-70
62.47895312,6.470781627,-70
62.47894644,6.470588232,-70
62.47896673,6.471168378,-70
62.47895981,6.470975021,-70
62.47893188,6.470007307,-70
62.47892742,6.469813613,-70
62.4789408,6.470394696,-70
62.47893634,6.470201002,-70
62.47902411,6.472325174,-70
62.47901307,6.472132714,-70
62.47907368,6.472697233,-70
62.47904524,6.472513645,-70
62.47898227,6.47155476,-70
62.47897365,6.471361735,-70
62.47900205,6.471940247,-70
62.47899146,6.471747675,-70
62.47925936,6.473786075,-70
62.47924032,6.473596902,-70
62.47927937,6.474170596,-70
62.47927434,6.473976965,-70
62.47914145,6.473056286,-70
62.47910585,6.472878284,-70
62.47921095,6.473413792,-70
62.47917747,6.473233906,-70
62.47928084,6.47533369,-70
62.47927895,6.475139797,-70
62.47929116,6.475720916,-70
62.47928591,6.475527316,-70
62.47928194,6.474558059,-70
62.47928452,6.474364213,-70
62.47927927,6.474945887,-70
62.47928053,6.474751969,-70
62.47933458,6.476880728,-70
62.47932676,6.476687535,-70
62.47935274,6.47726661,-70
62.47934366,6.477073669,-70
62.47930466,6.47610769,-70
62.47929791,6.475914303,-70
62.47931933,6.476494264,-70
62.4793119,6.476300993,-70
62.47940768,6.478424161,-70
62.47939849,6.478231243,-70
62.47942605,6.478809997,-70
62.47941686,6.478617079,-70
62.47937092,6.47765249,-70
62.47936183,6.477459552,-70
62.4793893,6.478038325,-70
62.47938011,6.477845407,-70
62.47948117,6.479967509,-70
62.47947198,6.47977459,-70
62.47949954,6.480353348,-70
62.47949035,6.480160429,-70
62.47944442,6.479195834,-70
62.47943524,6.479002916,-70
62.4794628,6.479581672,-70
62.47945361,6.479388753,-70
62.47955194,6.481511427,-70
62.47954396,6.481318258,-70
62.47956557,6.481898172,-70
62.47955914,6.481704734,-70
62.47951793,6.480739182,-70
62.47950873,6.480546266,-70
62.47953597,6.481125089,-70
62.47952713,6.480932098,-70
62.47953184,6.483053481,-70
62.47954776,6.482862618,-70
62.47948328,6.483424255,-70
62.47951479,6.483243859,-70
62.47957763,6.482285164,-70
62.47957201,6.482091611,-70
62.47956242,6.482671311,-70
62.47957227,6.482478587,-70
62.47902528,6.48399466,-70
62.47911173,6.483948516,-70
62.47885592,6.483885549,-70
62.47893676,6.483969019,-70
62.47934979,6.483679556,-70
62.47942183,6.48356398,-70
62.479194,6.483871192,-70
62.47927368,6.483782059,-70
62.47858925,6.482923796,-70
62.47860891,6.48311302,-70
62.47855789,6.482542004,-70
62.47857252,6.482733343,-70
62.47871934,6.483636218,-70
62.47878372,6.483771057,-70
62.47863363,6.483299243,-70
62.47866805,6.483478178,-70
62.47847608,6.481392246,-70
62.47849317,6.481582614,-70
62.47843732,6.481013593,-70
62.47845794,6.481202334,-70
62.47853354,6.482157738,-70
62.47854556,6.482349923,-70
62.47850835,6.481773752,-70
62.47852152,6.481965554,-70
62.47829571,6.47989172,-70
62.47832282,6.480076587,-70
62.47823159,6.479529576,-70
62.47826416,6.47971028,-70
62.47839701,6.480635642,-70
62.47841673,6.480824835,-70
62.47834685,6.480263434,-70
62.47837275,6.480449089,-70
62.47798868,6.478493045,-70
62.47803359,6.478660932,-70
62.47789522,6.478162084,-70
62.47794315,6.47832593,-70
62.47816208,6.479172069,-70
62.4781982,6.479349574,-70
62.47807736,6.478830241,-70
62.47812071,6.479000022,-70
62.47752354,6.477326254,-70
62.47759197,6.477451702,-70
62.47738469,6.477080515,-70
62.47745465,6.477201966,-70
62.47778567,6.477855155,-70
62.47784221,6.478005732,-70
62.47765916,6.477580248,-70
62.47772366,6.477715032,-70
62.47695873,6.476368878,-70
62.47702992,6.476486929,-70
62.47681716,6.476130495,-70
62.47688768,6.476250414,-70
62.47724374,6.476840443,-70
62.47731473,6.476959065,-70
62.4771012,6.476604766,-70
62.47717247,6.476722604,-70
62.47641127,6.475366576,-70
62.47647747,6.475497496,-70
62.47628243,6.475096616,-70
62.47634648,6.475232438,-70
62.47667833,6.475884774,-70
62.47674709,6.47600934,-70
62.47654365,6.475628461,-70
62.47661029,6.47575832,-70
62.47591607,6.474245703,-70
62.47597642,6.474388654,-70
62.47578318,6.473985183,-70
62.47585028,6.474113835,-70
62.47615348,6.474826846,-70
62.47621796,6.474961721,-70
62.47603509,6.474535396,-70
62.47609377,6.474682111,-70
62.47536606,6.473249497,-70
62.47543573,6.473371719,-70
62.47522907,6.472999107,-70
62.47529643,6.473127159,-70
62.47564474,6.473738388,-70
62.47571441,6.473860612,-70
62.4755054,6.473493941,-70
62.47557507,6.473616164,-70
62.47488061,6.47212159,-70
62.47492906,6.472284816,-70
62.47478993,6.471787279,-70
62.47483274,6.471957608,-70
62.47509553,6.472740129,-70
62.47516163,6.472871194,-70
62.47497909,6.472445791,-70
62.47503445,6.472598302,-70
62.47447786,6.470844321,-70
62.47453267,6.470997741,-70
62.47438786,6.470509185,-70
62.47443102,6.470678964,-70
62.47470225,6.47144941,-70
62.4747491,6.471614601,-70
62.47459007,6.471146788,-70
62.47464753,6.471295743,-70
62.47428242,6.469375106,-70
62.47428948,6.469568369,-70
62.47428084,6.468987588,-70
62.47427899,6.469181393,-70
62.47433101,6.470142695,-70
62.47435359,6.470330022,-70
62.47429994,6.469760906,-70
62.47431376,6.469952454,-70
62.47431566,6.467826854,-70
62.47431335,6.468020669,-70
62.47430812,6.467439756,-70
62.47431449,6.467633116,-70
62.47429393,6.468600837,-70
62.47428677,6.468794122,-70
62.47430803,6.468214233,-70
62.4743011,6.468407552,-70
62.47421287,6.466295108,-70
62.47423067,6.46648516,-70
62.47417106,6.46591807,-70
62.47419316,6.466106001,-70
62.47428019,6.467056939,-70
62.47429625,6.467247714,-70
62.47424736,6.466675678,-70
62.47426398,6.466866227,-70
62.47406223,6.464780283,-70
62.4740727,6.464972513,-70
62.47405909,6.46439302,-70
62.47405755,6.464586645,-70
62.47412727,6.465541987,-70
62.47414896,6.465730138,-70
62.47408882,6.465163246,-70
62.47410662,6.465353292,-70
62.47405541,6.463232345,-70
62.47406459,6.463425229,-70
62.47403542,6.462846956,-70
62.47404553,6.463039624,-70
62.47406891,6.464005797,-70
62.47406398,6.464199407,-70
62.47407226,6.463618369,-70
62.47407279,6.463812087,-70
62.47396107,6.461694748,-70
62.47397414,6.461886582,-70
62.47393493,6.461311082,-70
62.473948,6.461502915,-70
62.47401223,6.462462429,-70
62.47402455,6.462654496,-70
62.47398721,6.462078416,-70
62.47399992,6.462270361,-70
62.47383477,6.460168512,-70
62.47385455,6.460357643,-70
62.47378534,6.459796017,-70
62.47381244,6.459980864,-70
62.47390748,6.460927855,-70
62.47392186,6.461119248,-70
62.47387405,6.460546913,-70
62.47389188,6.460736918,-70
62.47363095,6.458682089,-70
62.47365231,6.458870399,-70
62.47361135,6.458296812,-70
62.47362,6.458489731,-70
62.47372939,6.459427541,-70
62.47375737,6.459611779,-70
62.47367578,6.45905755,-70
62.47370142,6.459243304,-70
62.47362525,6.457135055,-70
62.47361789,6.457328211,-70
62.47365816,6.456753945,-70
62.4736407,6.456944063,-70
62.47360697,6.457909227,-70
62.47360772,6.458103119,-70
62.47361296,6.457521817,-70
62.47360808,6.457715428,-70
62.47378071,6.455621536,-70
62.473764,6.45581204,-70
62.47379479,6.455235261,-70
62.47378923,6.455428788,-70
62.47370229,6.45637808,-70
62.47367982,6.456565803,-70
62.47374577,6.456001898,-70
62.47372477,6.456190358,-70
62.4738924,6.454093314,-70
62.47387143,6.454281848,-70
62.47392678,6.453712874,-70
62.47391113,6.453903752,-70
62.47381424,6.454850083,-70
62.47380158,6.45504195,-70
62.47385047,6.454470383,-70
62.47383075,6.454659492,-70
62.47390672,6.452556871,-70
62.47392086,6.452748351,-70
62.47387248,6.452176227,-70
62.47389003,6.452366384,-70
62.47394327,6.453326938,-70
62.4739372,6.453520286,-70
62.4739336,6.452940202,-70
62.473941,6.453133248,-70
62.47378877,6.451028396,-70
62.47379444,6.451221908,-70
62.47377452,6.450642094,-70
62.4737831,6.450834884,-70
62.47383738,6.451795914,-70
62.47385493,6.451986071,-70
62.47380657,6.451413881,-70
62.47382173,6.451604989,-70
62.47364333,6.449515502,-70
62.47367014,6.449700548,-70
62.47358251,6.449150702,-70
62.47361348,6.449332694,-70
62.47373918,6.450262127,-70
62.4737595,6.450450932,-70
62.47369671,6.449885754,-70
62.47372103,6.45007232,-70
62.47340162,6.448055119,-70
62.47342944,6.448239448,-70
62.47334916,6.4476843,-70
62.47337456,6.447870248,-70
62.47351983,6.448787323,-70
62.47355117,6.448969013,-70
62.47345855,6.448422867,-70
62.47348849,6.448605635,-70
62.47319401,6.446570536,-70
62.47322286,6.446754142,-70
62.47313158,6.446207082,-70
62.47316353,6.446388167,-70
62.47330038,6.447311104,-70
62.47332477,6.447497702,-70
62.47325011,6.44693885,-70
62.47327599,6.447124506,-70
62.4728839,6.445176064,-70
62.47292049,6.445353075,-70
62.47281441,6.444818526,-70
62.4728487,6.444997703,-70
62.47304307,6.445870075,-70
62.47309005,6.446035201,-70
62.47295825,6.445528971,-70
62.47299704,6.445703797,-70
62.47263615,6.443722095,-70
62.47266,6.443909002,-70
62.47259136,6.443346583,-70
62.47261379,6.44353432,-70
62.47274609,6.444460022,-70
62.47277959,6.444639828,-70
62.47268736,6.44409361,-70
62.47271604,6.444277338,-70
62.47245546,6.44222095,-70
62.47247948,6.442407752,-70
62.47240024,6.441852001,-70
62.47242812,6.442036295,-70
62.4725463,6.442971221,-70
62.47256883,6.443158902,-70
62.47250123,6.442595859,-70
62.47252377,6.44278354,-70
62.47223065,6.440747871,-70
62.47225898,6.440931849,-70
62.47217508,6.44037915,-70
62.4722028,6.440563559,-70
62.47234395,6.441483784,-70
62.47237228,6.441667763,-70
62.4722873,6.441115827,-70
62.47231563,6.441299805,-70
62.47204137,6.439253773,-70
62.47205842,6.439444127,-70
62.47201646,6.438869907,-70
62.47202768,6.439062225,-70
62.47211992,6.440010201,-70
62.47214701,6.440194995,-70
62.47207696,6.4396338,-70
62.47209701,6.439822789,-70
62.47197864,6.437709615,-70
62.47198767,6.437902518,-70
62.47195403,6.437325619,-70
62.47196758,6.437517245,-70
62.47200412,6.43848306,-70
62.47200978,6.438676558,-70
62.47199367,6.438095943,-70
62.4719989,6.438289501,-70
62.47187512,6.436176294,-70
62.47188144,6.4363697,-70
62.4718665,6.435789104,-70
62.47186899,6.43598286,-70
62.47191948,6.436945097,-70
62.47193676,6.437135358,-70
62.47189102,6.436562449,-70
62.47190241,6.436754763,-70
62.47186967,6.434625864,-70
62.47186823,6.434819726,-70
62.4718738,6.434238212,-70
62.47187111,6.434432002,-70
62.47186536,6.435401339,-70
62.47186588,6.435595222,-70
62.47186699,6.435013594,-70
62.47186576,6.435207463,-70
62.47190888,6.433078201,-70
62.47189672,6.433270234,-70
62.47193419,6.432694405,-70
62.47192269,6.432886621,-70
62.4718806,6.433850718,-70
62.47187715,6.43404446,-70
62.47188934,6.433463404,-70
62.47188497,6.433657061,-70
62.47184882,6.431558708,-70
62.47187993,6.431740569,-70
62.47178159,6.431199172,-70
62.47181521,6.431378937,-70
62.47193572,6.432307613,-70
62.47193686,6.432501105,-70
62.47190582,6.431926172,-70
62.47192463,6.432115212,-70
62.47165772,6.430072072,-70
62.47167757,6.430261038,-70
62.47159472,6.42970943,-70
62.47162927,6.429888356,-70
62.47172206,6.430833847,-70
62.47174882,6.431018702,-70
62.47168992,6.430453078,-70
62.47170236,6.430645092,-70
62.47142204,6.428612871,-70
62.47143854,6.428803005,-70
62.4713973,6.428228831,-70
62.47141007,6.428420741,-70
62.47152375,6.42935326,-70
62.47155923,6.429531345,-70
62.47146001,6.42899103,-70
62.47148944,6.429174177,-70
62.47130242,6.427126638,-70
62.47127711,6.427297544,-70
62.47147131,6.427195241,-70
62.4713897,6.427116243,-70
62.47136048,6.427850276,-70
62.47138408,6.428037272,-70
62.47130628,6.427480901,-70
62.47133545,6.427664259,-70
62.47184403,6.427996144,-70
62.47180184,6.427825204,-70
62.47191945,6.428347903,-70
62.47188311,6.42817068,-70
62.47162577,6.427391731,-70
62.47155028,6.427287326,-70
62.47175141,6.42766496,-70
62.47169464,6.427515673,-70
62.47209982,6.429427352,-70
62.47205503,6.429259448,-70
62.47220016,6.429748837,-70
62.47215001,6.429588042,-70
62.4719886,6.428705742,-70
62.47195448,6.42852641,-70
62.47202367,6.429080569,-70
62.47202005,6.42888684,-70
62.47244176,6.430782936,-70
62.47241085,6.430600911,-70
62.47250001,6.431149715,-70
62.472471,6.430966245,-70
62.47229671,6.430075583,-70
62.4722503,6.429909634,-70
62.47237913,6.430419544,-70
62.47234075,6.430244335,-70
62.47262862,6.432278566,-70
62.47260995,6.432088919,-70
62.472666,6.432657847,-70
62.47264731,6.432468206,-70
62.47255037,6.431521916,-70
62.4725252,6.431335812,-70
62.47259129,6.431899265,-70
62.47257263,6.43170961,-70
62.47276977,6.433799215,-70
62.47275542,6.433607816,-70
62.47279834,6.434182002,-70
62.47278459,6.433990445,-70
62.472703,6.4330373,-70
62.47268454,6.432847555,-70
62.47273855,6.433417398,-70
62.47272119,6.433227164,-70
62.47280829,6.435342818,-70
62.47280947,6.435148956,-70
62.47177595,6.422667799,-60
62.47281372,6.435536303,-70
62.47281625,6.434567466,-70
62.47280981,6.434374298,-70
62.47281187,6.434955133,-70
62.47281428,6.434761309,-70
62.47177819,6.423829425,-60
62.47177244,6.423636138,-60
62.47180548,6.424212623,-60
62.47179067,6.424021399,-60
62.47176807,6.423055173,-60
62.47177266,6.422861549,-60
62.47176551,6.423442863,-60
62.47176663,6.423249034,-60
62.47191535,6.425351014,-60
62.47189421,6.425162587,-60
62.47195763,6.42572788,-60
62.47193649,6.425539446,-60
62.47183601,6.424594717,-60
62.47182098,6.424403594,-60
62.47187377,6.424973811,-60
62.47185489,6.424784264,-60
62.47208442,6.426858492,-60
62.47206329,6.426670056,-60
62.47212727,6.427235047,-60
62.47210555,6.427046929,-60
62.47199989,6.42610475,-60
62.47197876,6.425916315,-60
62.47204215,6.42648162,-60
62.47202102,6.426293185,-60
62.47226373,6.428360356,-60
62.47224021,6.428173241,-60
62.4723133,6.428733044,-60
62.47228835,6.428546802,-60
62.47217123,6.427611014,-60
62.47214925,6.42742303,-60
62.4722167,6.427986127,-60
62.47219321,6.427798998,-60
62.4724825,6.429836224,-60
62.47244809,6.429657181,-60
62.47256069,6.430185234,-60
62.47252065,6.430011708,-60
62.47236387,6.429105106,-60
62.47233826,6.428919286,-60
62.47241586,6.429476236,-60
62.47238971,6.429290789,-60
62.47276405,6.431260166,-60
62.4727365,6.431075637,-60
62.47281773,6.431630196,-60
62.47279127,6.431444922,-60
62.47263988,6.430533177,-60
62.47260073,6.430358759,-60
62.47270735,6.430892265,-60
62.47267561,6.430711035,-60
62.47294011,6.432762072,-60
62.47292587,6.43257078,-60
62.47296319,6.433146641,-60
62.47295159,6.432954373,-60
62.47286489,6.432004289,-60
62.47284208,6.431816798,-60
62.47290688,6.432381304,-60
62.47288526,6.432193125,-60
62.47301578,6.434304319,-60
62.47300777,6.4341112,-60
62.47303726,6.434689207,-60
62.47302479,6.434497191,-60
62.47298348,6.433531891,-60
62.47297456,6.433338972,-60
62.47299975,6.433918081,-60
62.47299174,6.433724961,-60
62.47313132,6.435833875,-60
62.47311177,6.435644669,-60
62.47317465,6.436210171,-60
62.47315225,6.436022423,-60
62.47306147,6.435073266,-60
62.47304754,6.434881813,-60
62.47309393,6.43545464,-60
62.47307727,6.435264131,-60
62.47335047,6.437308808,-60
62.47331676,6.437129108,-60
62.47341595,6.43766986,-60
62.47338354,6.437489055,-60
62.47322508,6.436582222,-60
62.47319822,6.436397228,-60
62.47328547,6.43694739,-60
62.47325484,6.436765142,-60
62.473632,6.438735366,-60
62.47359471,6.438559019,-60
62.47370932,6.439085334,-60
62.47367068,6.438910328,-60
62.47348547,6.438027362,-60
62.47345039,6.437848901,-60
62.4735583,6.4383818,-60
62.47352188,6.43820458,-60
62.47397317,6.440096665,-60
62.47393765,6.439918832,-60
62.47402845,6.440465434,-60
62.47400294,6.440279535,-60
62.47379756,6.43942245,-60
62.4737506,6.439257287,-60
62.47389369,6.439749784,-60
62.47384662,6.439584812,-60
62.47286175,6.41777461,-50
62.47287336,6.417582346,-50
62.47283712,6.418158725,-50
62.47284943,6.417966667,-50
62.47407264,6.440841169,-60
62.47405202,6.440652456,-60
62.47288487,6.417390056,-50
62.47409327,6.441029882,-60
62.47270625,6.419277925,-50
62.47274895,6.41910739,-50
62.47263861,6.419635808,-50
62.47266682,6.419451884,-50
62.47281084,6.418542331,-50
62.47282403,6.418350543,-50
62.47277445,6.418921979,-50
62.4727933,6.418732413,-50
62.47248216,6.420748908,-50
62.47250717,6.420562701,-50
62.47243213,6.421121323,-50
62.47245715,6.420935116,-50
62.47258509,6.420005947,-50
62.47261173,6.419820799,-50
62.47253218,6.420376493,-50
62.47255854,6.420191162,-50
62.47228951,6.422242876,-50
62.47231102,6.422054641,-50
62.47225584,6.422623679,-50
62.47227174,6.422432907,-50
62.47238205,6.421493701,-50
62.4724071,6.421307514,-50
62.47233254,6.421866406,-50
62.47235701,6.421679887,-50
62.47220743,6.423780251,-50
62.47220865,6.423586449,-50
62.47221825,6.424167265,-50
62.47221189,6.423973865,-50
62.47222836,6.423006874,-50
62.47224267,6.422815467,-50
62.47221176,6.423392709,-50
62.47221856,6.423199383,-50
62.47227858,6.425322942,-50
62.47226583,6.425131031,-50
62.47231093,6.425704172,-50
62.47229224,6.425514573,-50
62.47223417,6.424553455,-50
62.47222472,6.424360646,-50
62.47225398,6.424938839,-50
62.47224357,6.424746277,-50
62.4724225,6.426841494,-50
62.47241066,6.426649341,-50
62.47243712,6.427227986,-50
62.47242986,6.427034732,-50
62.47235075,6.426082287,-50
62.47233068,6.425893308,-50
62.47239089,6.426460245,-50
62.47237082,6.426271266,-50
62.47253706,6.428367131,-50
62.47251128,6.428181414,-50
62.47258862,6.428738568,-50
62.47256284,6.428552849,-50
62.4724545,6.427613859,-50
62.47244439,6.42742124,-50
62.47248829,6.427994026,-50
62.47246705,6.427805793,-50
62.47274523,6.429851604,-50
62.47271852,6.429666501,-50
62.47279873,6.43022176,-50
62.47277194,6.430036708,-50
62.47264018,6.429110006,-50
62.4726144,6.428924287,-50
62.47269181,6.429481397,-50
62.47266596,6.429295725,-50
62.47296652,6.431327095,-50
62.47293741,6.431143685,-50
62.47304533,6.431673915,-50
62.47300031,6.43150652,-50
62.47285258,6.430591679,-50
62.47282566,6.430406719,-50
62.4729083,6.430960276,-50
62.47287951,6.430776639,-50
62.4731824,6.432779162,-50
62.47317264,6.432586418,-50
62.47319578,6.433165759,-50
62.47319062,6.432972184,-50
62.47312933,6.432013281,-50
62.47309379,6.431837079,-50
62.47316302,6.43239364,-50
62.4731495,6.432202098,-50
62.47319006,6.434324031,-50
62.47318099,6.434131187,-50
62.47322229,6.434705385,-50
62.47320517,6.434515051,-50
62.47320467,6.433552851,-50
62.47320105,6.433359319,-50
62.47318697,6.433938097,-50
62.47319997,6.433746245,-50
62.47335973,6.435828588,-50
62.47333001,6.435645628,-50
62.47342035,6.436193553,-50
62.47338944,6.436011548,-50
62.47325753,6.435085586,-50
62.47323951,6.434895676,-50
62.4733036,6.435460359,-50
62.47327965,6.435273495,-50
62.47162824,6.440095097,-60
62.47161571,6.440287085,-60
62.47162921,6.439707712,-60
62.47163001,6.43990159,-60
62.47160366,6.440865303,-60
62.47162046,6.441055757,-60
62.47160338,6.440479131,-60
62.47159738,6.440672348,-60
62.47161596,6.438544844,-60
62.47161936,6.438738589,-60
62.47160887,6.438157376,-60
62.47161241,6.43835111,-60
62.47162726,6.439319964,-60
62.47162828,6.439513837,-60
62.47162252,6.438932355,-60
62.47162568,6.43912612,-60
62.47157202,6.436996825,-60
62.47157822,6.437190247,-60
62.47155962,6.436609983,-60
62.47156582,6.436803404,-60
62.47159716,6.437770462,-60
62.47160354,6.437963856,-60
62.47158443,6.437383668,-60
62.47159077,6.437577068,-60
62.47152411,6.435449238,-60
62.47152859,6.435642879,-60
62.47151534,6.435061932,-60
62.47151972,6.435255585,-60
62.47154721,6.436223141,-60
62.47155341,6.436416562,-60
62.4715348,6.435836299,-60
62.471541,6.43602972,-60
62.47152619,6.433900814,-60
62.47151855,6.434093996,-60
62.47153673,6.433513856,-60
62.47153338,6.433707556,-60
62.47150771,6.434674514,-60
62.47151152,6.434868223,-60
62.47151092,6.434287177,-60
62.47150607,6.434480725,-60
62.47146538,6.432363856,-60
62.47148355,6.432553726,-60
62.471429,6.431984139,-60
62.4714472,6.432173992,-60
62.47152707,6.433127384,-60
62.47153656,6.433320081,-60
62.47150076,6.432744001,-60
62.47151643,6.432934867,-60
62.47131744,6.430846117,-60
62.471337,6.431035323,-60
62.47127257,6.430470686,-60
62.4712958,6.430657957,-60
62.47139259,6.431604433,-60
62.4714108,6.431794286,-60
62.47135583,6.43122489,-60
62.47137439,6.43141458,-60
62.47107451,6.429392664,-60
62.47111324,6.429567559,-60
62.47100682,6.429033905,-60
62.47103795,6.429215749,-60
62.47122356,6.430097764,-60
62.47124735,6.430284617,-60
62.47115224,6.429742179,-60
62.47119024,6.429917769,-60
62.47082327,6.427940302,-60
62.47085372,6.428122681,-60
62.47076046,6.427577108,-60
62.47079282,6.427757923,-60
62.47094506,6.428669822,-60
62.47097569,6.428852061,-60
62.47088417,6.428305061,-60
62.47091462,6.428487441,-60
62.47054925,6.426507442,-60
62.47058703,6.426683303,-60
62.47047367,6.42615574,-60
62.47051146,6.426331591,-60
62.4706933,6.427217526,-60
62.47072738,6.427396879,-60
62.4706244,6.42685957,-60
62.47065977,6.427037693,-60
62.47025744,6.425090639,-60
62.47029122,6.425270248,-60
62.47019681,6.424726141,-60
62.47022469,6.424910142,-60
62.47039809,6.42580404,-60
62.47043588,6.42597989,-60
62.47032553,6.425449396,-60
62.47036163,6.425626887,-60
62.47005305,6.423608414,-60
62.47008387,6.423790377,-60
62.47000611,6.423234556,-60
62.4700273,6.423422718,-60
62.47016258,6.424345546,-60
62.47017921,6.424536063,-60
62.47011611,6.423971308,-60
62.47014165,6.424157087,-60
62.46998365,6.422081164,-60
62.46997292,6.422273442,-60
62.47001126,6.421698031,-60
62.46999739,6.421889576,-60
62.46997463,6.422853087,-60
62.46998844,6.423044494,-60
62.46996714,6.422466896,-60
62.46996665,6.422659981,-60
62.47008903,6.420547634,-60
62.47008178,6.420740764,-60
62.47008639,6.42016013,-60
62.47008903,6.420353921,-60
62.47004013,6.421315333,-60
62.4700257,6.421506682,-60
62.47006901,6.420932637,-60
62.47005457,6.421123984,-60
62.47018435,6.419023431,-60
62.47015795,6.419208728,-60
62.47024372,6.418657651,-60
62.47021259,6.418839485,-60
62.47009583,6.419773898,-60
62.4700856,6.419966368,-60
62.47013253,6.419394663,-60
62.47011339,6.419584018,-60
62.47047042,6.417603708,-60
62.47043017,6.417776986,-60
62.47055354,6.417260128,-60
62.47051111,6.417430902,-60
62.4703106,6.418298039,-60
62.47027486,6.418475817,-60
62.47038974,6.417950075,-60
62.47034955,6.418123421,-60
62.47090386,6.416393814,-60
62.47084826,6.416546001,-60
62.47104315,6.416150778,-60
62.47097065,6.416264986,-60
62.47064975,6.416933249,-60
62.47059931,6.417093389,-60
62.47078626,6.416685561,-60
62.47071324,6.416798176,-60
62.47151367,6.41559404,-60
62.47143149,6.415671719,-60
62.47168317,6.415467391,-60
62.47159758,6.415525369,-60
62.47119038,6.415929028,-60
62.47111677,6.416039903,-60
62.47135041,6.415754829,-60
62.47126937,6.415838114,-60
62.47221167,6.415504552,-60
62.47212668,6.415442969,-60
62.47234049,6.415755983,-60
62.47228977,6.415598594,-60
62.47185956,6.41540147,-60
62.47177037,6.4154219,-60
62.47203878,6.415404906,-60
62.47194921,6.415395584,-60
62.47236518,6.416915255,-60
62.47236423,6.416721385,-60
62.47233622,6.417296654,-60
62.47235657,6.417107842,-60
62.47236059,6.41613989,-60
62.47235606,6.415946891,-60
62.47236122,6.416527605,-60
62.47235994,6.416333774,-60
62.47218059,6.418410245,-60
62.47220682,6.418224825,-60
62.47213222,6.418783612,-60
62.47215512,6.418596145,-60
62.47228646,6.417669194,-60
62.4723123,6.417483529,-60
62.4722334,6.41803964,-60
62.47225999,6.417854456,-60
62.47200883,6.419915917,-60
62.47202827,6.419726634,-60
62.47196759,6.420293315,-60
62.47198825,6.420104636,-60
62.47208916,6.419160058,-60
62.47211058,6.418971777,-60
62.47204771,6.41953735,-60
62.47206837,6.419348672,-60
62.47184771,6.421427134,-60
62.47186429,6.421236709,-60
62.47181919,6.42180998,-60
62.47183345,6.421618557,-60
62.47192627,6.420670673,-60
62.47194693,6.420481994,-60
62.47188495,6.42104803,-60
62.47190561,6.420859352,-60
62.4697949,6.40632745,-20
62.46985512,6.406471183,-20
62.46971963,6.405998631,-20
62.469735,6.406185009,-20
62.47179211,6.422193217,-60
62.47180476,6.422001341,-60
62.47177731,6.422579626,-60
62.47178415,6.422386304,-60
62.47008032,6.405595018,-20
62.47000204,6.405503837,-20
62.47016766,6.405913897,-20
62.47014245,6.405732456,-20
62.46976771,6.405625411,-20
62.46974224,6.405811016,-20
62.46991397,6.40547127,-20
62.46982505,6.405486303,-20
62.47032716,6.406924287,-20
62.47036895,6.406766161,-20
62.47015456,6.406980771,-20
62.47024361,6.406989112,-20
62.47026233,6.406242987,-20
62.4702124,6.406081888,-20
62.47035245,6.406577086,-20
62.47031137,6.406405227,-20
62.47017539,6.404127471,-20
62.47012128,6.403972821,-20
62.47025502,6.404473664,-20
62.47021951,6.404295649,-20
62.46999613,6.406803457,-20
62.47007224,6.406905846,-20
62.46987537,6.406519516,-20
62.46993045,6.406672575,-20
62.47057916,6.405390598,-20
62.47051927,6.4052462,-20
62.47069062,6.405694214,-20
62.47063633,6.405539867,-20
62.47033976,6.404813112,-20
62.47029065,6.404651488,-20
62.47045939,6.405101803,-20
62.47039878,6.404958856,-20
62.4710079,6.406628486,-20
62.47094306,6.406495025,-20
62.47111713,6.406930845,-20
62.47107155,6.406764385,-20
62.47079117,6.406015299,-20
62.47074237,6.405852603,-20
62.47088939,6.406339768,-20
62.47083977,6.406178279,-20
62.47145148,6.407817462,-20
62.47137946,6.407701928,-20
62.47159611,6.408047035,-20
62.47152401,6.407931625,-20
62.47119935,6.407275499,-20
62.47115774,6.407103741,-20
62.47131211,6.407573784,-20
62.47124851,6.407437255,-20
62.47199088,6.408836312,-20
62.47192462,6.408705553,-20
62.4721335,6.409071508,-20
62.47206175,6.40895506,-20
62.47173303,6.408297097,-20
62.47166673,6.408166642,-20
62.47185948,6.408572293,-20
62.47179628,6.408434653,-20
62.47258603,6.409700668,-20
62.47250881,6.409601859,-20
62.47274038,6.409898554,-20
62.4726632,6.409799611,-20
62.47228083,6.409292828,-20
62.47220651,6.409184164,-20
62.4724316,6.409503056,-20
62.47235538,6.409400726,-20
62.47320802,6.410475151,-20
62.47312997,6.410379455,-20
62.47336159,6.410675814,-20
62.47328492,6.410575078,-20
62.47289582,6.410092368,-20
62.47281777,6.409996673,-20
62.47305192,6.410283759,-20
62.47297387,6.410188063,-20
62.47381488,6.411303323,-20
62.47374054,6.411194713,-20
62.47395734,6.411539044,-20
62.47388669,6.411419617,-20
62.47351495,6.410877288,-20
62.47343827,6.410776551,-20
62.4736657,6.411087719,-20
62.47359044,6.41098213,-20
62.47432603,6.412385252,-20
62.47426789,6.412237538,-20
62.47444156,6.412682036,-20
62.47438387,6.412533507,-20
62.47408685,6.411807195,-20
62.47402356,6.411669746,-20
62.47420886,6.412091504,-20
62.47414896,6.411947154,-20
62.47473364,6.413655242,-20
62.47469314,6.413482209,-20
62.47480655,6.414009425,-20
62.4747721,6.413830374,-20
62.47455242,6.412986954,-20
62.47449745,6.412833732,-20
62.47464858,6.413313918,-20
62.47460318,6.413146657,-20
62.47502119,6.415075746,-20
62.47499024,6.414893826,-20
62.47507026,6.415448334,-20
62.47504418,6.415263123,-20
62.47487945,6.414363729,-20
62.4748417,6.414187807,-20
62.47495462,6.414715883,-20
62.47491719,6.414539651,-20
62.47530589,6.416493762,-20
62.47526995,6.416316084,-20
62.4753658,6.416858647,-20
62.47533881,6.416674107,-20
62.47514873,6.415796828,-20
62.47510695,6.415625225,-20
62.47523155,6.416140882,-20
62.47519036,6.41596861,-20
62.47538653,6.418019847,-20
62.47538551,6.41782595,-20
62.47538769,6.418407642,-20
62.47538755,6.418213743,-20
62.47538178,6.417244679,-20
62.47537517,6.417051297,-20
62.47538448,6.417632054,-20
62.4753858,6.417438197,-20
62.47543131,6.419566476,-20
62.47542102,6.419373859,-20
62.47546068,6.419949002,-20
62.47544462,6.419758243,-20
62.47539579,6.418794771,-20
62.47538924,6.418601379,-20
62.47541136,6.419181077,-20
62.47540238,6.418988156,-20
62.47555952,6.421092684,-20
62.47554258,6.420902259,-20
62.47559314,6.421473638,-20
62.47557646,6.421283108,-20
62.47549356,6.420330258,-20
62.47547721,6.420139595,-20
62.47552587,6.420711744,-20
62.47550971,6.420521001,-20
62.47569228,6.422617211,-20
62.47567577,6.422426612,-20
62.47572532,6.422998408,-20
62.4757088,6.422807809,-20
62.47562621,6.421854821,-20
62.47560967,6.42166423,-20
62.47565925,6.422236014,-20
62.47564273,6.422045417,-20
62.47581541,6.424145327,-20
62.47580243,6.423953457,-20
62.47583943,6.424529627,-20
62.47582825,6.424337244,-20
62.47575835,6.423379606,-20
62.47574184,6.423189007,-20
62.47578825,6.42376198,-20
62.47577407,6.423570504,-20
62.47590106,6.425680907,-20
62.47587959,6.425492625,-20
62.47592509,6.426064762,-20
62.47591677,6.425871687,-20
62.47584943,6.42491663,-20
62.47584615,6.424722848,-20
62.47585955,6.425303632,-20
62.47585298,6.425110385,-20
62.47596818,6.42722436,-20
62.47596386,6.427030672,-20
62.47597701,6.427611716,-20
62.4759725,6.427418048,-20
62.47594173,6.426450919,-20
62.47593342,6.426257838,-20
62.4759568,6.426837375,-20
62.47594926,6.426644147,-20
62.47603671,6.428766666,-20
62.47602671,6.428574049,-20
62.47604706,6.429153817,-20
62.4760424,6.428960165,-20
62.47598673,6.427998973,-20
62.47598187,6.427805345,-20
62.47601296,6.428382427,-20
62.47599882,6.428190936,-20
62.47613789,6.430288085,-20
62.47613173,6.430094628,-20
62.47615042,6.430674967,-20
62.47614405,6.430481541,-20
62.47606607,6.429538888,-20
62.47605367,6.429347113,-20
62.47612556,6.429901172,-20
62.47610174,6.429716521,-20
62.47618844,6.431835549,-20
62.47618197,6.43164214,-20
62.47619853,6.432222752,-20
62.47619389,6.432029096,-20
62.47616329,6.431061798,-20
62.47615686,6.430868382,-20
62.47617559,6.431448716,-20
62.47616944,6.431255257,-20
62.47620929,6.433385806,-20
62.4762104,6.433191938,-20
62.47618719,6.433770568,-20
62.47619993,6.433578651,-20
62.47620436,6.432610348,-20
62.47620213,6.432416493,-20
62.47620869,6.432998065,-20
62.47620656,6.432804205,-20
62.47609825,6.434915959,-20
62.47610489,6.434722881,-20
62.47609617,6.435303761,-20
62.47609711,6.435109858,-20
62.47615228,6.434150973,-20
62.47617043,6.433961063,-20
62.4761171,6.434531261,-20
62.47613414,6.434340882,-20
62.4759233,6.436395528,-20
62.47596302,6.436221633,-20
62.47584058,6.436739694,-20
62.47588206,6.436567746,-20
62.47606461,6.435683814,-20
62.47608758,6.435496561,-20
62.47600222,6.436047209,-20
62.47603586,6.435867506,-20
62.47557591,6.437752258,-20
62.47561839,6.437581513,-20
62.47550543,6.43810861,-20
62.47553833,6.437928234,-20
62.47575655,6.437082256,-20
62.47579917,6.436911728,-20
62.47566362,6.437414052,-20
62.47570978,6.437247757,-20
62.47538782,6.439238176,-20
62.47539635,6.439045143,-20
62.47537077,6.439624241,-20
62.4753793,6.439431208,-20
62.47544601,6.438474483,-20
62.4754748,6.43829086,-20
62.47540933,6.438853276,-20
62.47542313,6.438661674,-20
62.47534307,6.440786079,-20
62.47534649,6.440592315,-20
62.47534363,6.441173734,-20
62.47534134,6.440979888,-20
62.47535999,6.440011319,-20
62.47536483,6.439817692,-20
62.47535088,6.440398637,-20
62.47535527,6.440204959,-20
62.47545309,6.442306981,-20
62.47542383,6.442123896,-20
62.47553347,6.442653529,-20
62.47549163,6.442481984,-20
62.47536161,6.441559228,-20
62.47534913,6.441367276,-20
62.47539545,6.441939935,-20
62.4753763,6.441750517,-20
62.47581903,6.443639181,-20
62.4757691,6.443478057,-20
62.47592847,6.443945643,-20
62.4758702,6.443798424,-20
62.4756228,6.442989769,-20
62.47557632,6.442823906,-20
62.47571953,6.443316415,-20
62.4756705,6.443154003,-20
62.47624687,6.444876583,-20
62.47620701,6.444703376,-20
62.47630409,6.445243984,-20
62.47627622,6.445059822,-20
62.4760478,6.444235246,-20
62.47598875,6.444089307,-20
62.4761587,6.444540097,-20
62.47610406,6.444386324,-20
62.4764163,6.446381173,-20
62.47640097,6.446190119,-20
62.47644093,6.446765338,-20
62.47642861,6.446573256,-20
62.47634863,6.445619549,-20
62.47632788,6.44543096,-20
62.47638497,6.445999314,-20
62.47636773,6.44580902,-20
62.47651514,6.447917737,-20
62.47650258,6.447725728,-20
62.47654088,6.448301561,-20
62.47652801,6.448109649,-20
62.47646559,6.447149493,-20
62.47645326,6.446957416,-20
62.47649025,6.44753365,-20
62.47647792,6.447341571,-20
62.47669334,6.449398371,-20
62.47665158,6.449228367,-20
62.47672679,6.449778631,-20
62.47671433,6.449586589,-20
62.47656681,6.448685321,-20
62.47655376,6.448493471,-20
62.47660406,6.449063982,-20
62.4765838,6.448875728,-20
62.47687909,6.450890136,-20
62.47684521,6.450710615,-20
62.4769561,6.451240359,-20
62.47691586,6.451067025,-20
62.47675886,6.450159852,-20
62.47673942,6.449970617,-20
62.4768142,6.450528681,-20
62.47678539,6.45034504,-20
62.47722522,6.452247781,-20
62.47717919,6.452081315,-20
62.4773208,6.452576063,-20
62.47727298,6.452411958,-20
62.47704123,6.451581738,-20
62.47699799,6.451411818,-20
62.47713316,6.451914849,-20
62.47708714,6.45174837,-20
62.4776407,6.453508569,-20
62.47757946,6.453366835,-20
62.47777465,6.453766552,-20
62.47770629,6.453640911,-20
62.47741856,6.452901278,-20
62.47736918,6.452739392,-20
62.47752154,6.453218902,-20
62.47746961,6.453060771,-20
62.47819799,6.454485218,-20
62.47812841,6.454362757,-20
62.47833779,6.454728475,-20
62.47826786,6.454606932,-20
62.47791395,6.454011066,-20
62.47784396,6.45388972,-20
62.478057,6.454245306,-20
62.47798548,6.454128186,-20
62.47874579,6.455486241,-20
62.47868166,6.455350717,-20
62.47885532,6.455791844,-20
62.47880543,6.455631082,-20
62.47847764,6.454971564,-20
62.47840772,6.454850019,-20
62.478616,6.455218513,-20
62.47854722,6.455094043,-20
62.47908216,6.456846157,-20
62.47904661,6.45666809,-20
62.47913983,6.457213337,-20
62.47911213,6.45702891,-20
62.47893755,6.456136163,-20
62.47889955,6.455960507,-20
62.47901028,6.456490763,-20
62.47897392,6.456313463,-20
62.47924413,6.458353772,-20
62.47922148,6.458166116,-20
62.47928944,6.458729084,-20
62.47926678,6.458541427,-20
62.47917316,6.457594286,-20
62.47915834,6.457403025,-20
62.47920142,6.457977312,-20
62.47918771,6.457785657,-20
62.47942962,6.45985253,-20
62.47940482,6.459666149,-20
62.47947923,6.460225294,-20
62.47945443,6.460038912,-20
62.4793354,6.459104021,-20
62.47931234,6.458916595,-20
62.47938151,6.459478875,-20
62.47935845,6.459291448,-20
62.47963002,6.461342357,-20
62.47960483,6.461156218,-20
62.47968183,6.461713718,-20
62.47965583,6.461528099,-20
62.47952925,6.460597802,-20
62.47950405,6.460411664,-20
62.47957963,6.460970079,-20
62.47955444,6.46078394,-20
62.47983671,6.462828171,-20
62.47981111,6.462642295,-20
62.47988805,6.463199841,-20
62.47986232,6.463014048,-20
62.47973384,6.462084956,-20
62.47970784,6.461899337,-20
62.4797855,6.462456419,-20
62.47975984,6.462270576,-20
62.48005537,6.464305734,-20
62.48002581,6.464122626,-20
62.48011039,6.464674942,-20
62.48008288,6.464490338,-20
62.47994204,6.463569759,-20
62.47991504,6.4633848,-20
62.47999603,6.463939674,-20
62.47996903,6.463754719,-20
62.48029047,6.465771569,-20
62.4802604,6.465588838,-20
62.48035018,6.466137339,-20
62.48032051,6.465954323,-20
62.4801701,6.465040716,-20
62.48014,6.464858009,-20
62.4802303,6.465406131,-20
62.4802002,6.465223423,-20
62.48049587,6.467257034,-20
62.48047666,6.467067656,-20
62.48052756,6.467638776,-20
62.4805126,6.467447555,-20
62.4804033,6.46650785,-20
62.48037674,6.466322594,-20
62.48045222,6.466881048,-20
62.48042785,6.46669439,-20
62.48062598,6.468781696,-20
62.48060272,6.468594382,-20
62.48067574,6.469154374,-20
62.48065066,6.468968156,-20
62.48055527,6.468022013,-20
62.48054142,6.467830395,-20
62.48058287,6.468405266,-20
62.48056911,6.468213639,-20
62.48077905,6.470292562,-20
62.48076995,6.470099614,-20
62.48079654,6.470678601,-20
62.48078814,6.47048551,-20
62.48072668,6.469526305,-20
62.48070082,6.469340593,-20
62.48076046,6.469906758,-20
62.48074613,6.46971544,-20
62.48090764,6.471815577,-20
62.4808843,6.471628315,-20
62.48097539,6.472173781,-20
62.48093707,6.471998614,-20
62.48082394,6.471061689,-20
62.48080837,6.470870682,-20
62.48086144,6.471440774,-20
62.48084062,6.471252239,-20
62.48129692,6.473102022,-20
62.48124797,6.472939471,-20
62.48139058,6.473432919,-20
62.48134375,6.473267471,-20
62.48109293,6.472465191,-20
62.48103114,6.472324539,-20
62.48119879,6.472777249,-20
62.4811496,6.472615026,-20
62.48166835,6.474429601,-20
62.48162321,6.474261973,-20
62.48175915,6.47476417,-20
62.48171406,6.474596505,-20
62.48148542,6.47376223,-20
62.48143769,6.473597985,-20
62.48157848,6.47409383,-20
62.48153315,6.473926476,-20
62.48201141,6.47579216,-20
62.48197116,6.475618816,-20
62.48209196,6.476138813,-20
62.48205167,6.475965505,-20
62.48184418,6.475105788,-20
62.48180166,6.47493498,-20
62.48192966,6.475446871,-20
62.48188692,6.475276329,-20
62.48232753,6.477185208,-20
62.48228881,6.477010232,-20
62.48240495,6.477535178,-20
62.48236624,6.477360192,-20
62.48217254,6.476485425,-20
62.48213226,6.476312113,-20
62.48225006,6.476835296,-20
62.4822113,6.47666036,-20
62.48262431,6.47859773,-20
62.4825899,6.478418589,-20
62.48269211,6.478956895,-20
62.48265841,6.478777133,-20
62.48248182,6.477885714,-20
62.48244345,6.47771038,-20
62.48255478,6.478240121,-20
62.48251849,6.478062731,-20
62.48280035,6.480081869,-20
62.48280446,6.479888594,-20
62.48277522,6.480465961,-20
62.48278766,6.480273875,-20
62.48275603,6.479319226,-20
62.48272581,6.479136658,-20
62.48279999,6.479694875,-20
62.48278112,6.479505297,-20
62.48269903,6.481618,-20
62.48271209,6.481426106,-20
62.48267228,6.482001573,-20
62.48268597,6.481809894,-20
62.48275033,6.480850133,-20
62.48276278,6.480658047,-20
62.48272515,6.481234212,-20
62.48273789,6.481042219,-20
62.48258031,6.483148148,-20
62.48259697,6.482957587,-20
62.48254258,6.483527394,-20
62.48256144,6.483337771,-20
62.48264314,6.482384345,-20
62.48265771,6.482192959,-20
62.48261268,6.482766626,-20
62.4826284,6.482575664,-20
62.482387,6.484640548,-20
62.48241652,6.484457389,-20
62.48232794,6.485006865,-20
62.48235747,6.484823707,-20
62.48249889,6.483903457,-20
62.48252208,6.483716205,-20
62.48244365,6.484272523,-20
62.48247066,6.484087566,-20
62.48218451,6.486127188,-20
62.48220263,6.485937518,-20
62.48216376,6.486512461,-20
62.48217326,6.486319597,-20
62.48227199,6.485375387,-20
62.48229872,6.485190235,-20
62.4822245,6.485749412,-20
62.48224706,6.485561701,-20
62.4821513,6.487675148,-20
62.48215028,6.487481205,-20
62.48216108,6.488062456,-20
62.48215562,6.487868874,-20
62.48215283,6.486899508,-20
62.48215599,6.486705688,-20
62.48214923,6.487287263,-20
62.48214991,6.487093361,-20
62.48223806,6.489209059,-20
62.48221212,6.489023475,-20
62.48228918,6.489580408,-20
62.48226664,6.489392919,-20
62.48217436,6.488449302,-20
62.48216772,6.488255879,-20
62.48219017,6.488835582,-20
62.48218101,6.488642725,-20
62.4704474,6.408398636,-30
62.48232327,6.490545454,-20
62.47061457,6.408538901,-30
62.47053199,6.408463055,-30
62.48231273,6.489964252,-20
62.48230396,6.489771226,-20
62.48232202,6.490351516,-20
62.48231884,6.490157711,-20
62.47110776,6.409005655,-30
62.47102577,6.408926852,-30
62.47127174,6.409163263,-30
62.47118975,6.409084459,-30
62.47077909,6.408693884,-30
62.47069683,6.408616392,-30
62.47094361,6.408848868,-30
62.47086135,6.408771376,-30
62.47176054,6.409650894,-30
62.47167982,6.409566178,-30
62.47192113,6.409824064,-30
62.47184083,6.409737479,-30
62.47143564,6.409321301,-30
62.47135374,6.409242068,-30
62.47159901,6.409481832,-30
62.4715174,6.409401251,-30
62.47239751,6.410366057,-30
62.47231882,6.410272866,-30
62.47255478,6.410552927,-30
62.47247621,6.410459249,-30
62.47208086,6.410000861,-30
62.47200135,6.409910949,-30
62.47223987,6.410180686,-30
62.47216036,6.410090773,-30
62.47302113,6.411134302,-30
62.4729439,6.411035574,-30
62.4731756,6.411331759,-30
62.47309837,6.41123303,-30
62.47271087,6.410744325,-30
62.47263282,6.410648626,-30
62.47286666,6.410936847,-30
62.47278892,6.410840025,-30
62.47362851,6.411959987,-30
62.47355533,6.411847789,-30
62.4737737,6.412187962,-30
62.4737012,6.412073703,-30
62.47332931,6.411531977,-30
62.47325253,6.411431591,-30
62.47348117,6.411738622,-30
62.47340558,6.411634141,-30
62.47417239,6.412961947,-30
62.4741166,6.412810158,-30
62.47426431,6.413294857,-30
62.47422002,6.413126224,-30
62.4739166,6.412422574,-30
62.47384545,6.412304404,-30
62.47405465,6.412669942,-30
62.4739871,6.412542545,-30
62.47448535,6.414354447,-30
62.47445306,6.414173534,-30
62.4745493,6.41471678,-30
62.47451765,6.41453536,-30
62.4743459,6.413640147,-30
62.47430634,6.413466095,-30
62.47441868,6.413994442,-30
62.47438448,6.413815205,-30
62.47472027,6.415819782,-30
62.4746949,6.415633787,-30
62.4747669,6.416194154,-30
62.47474564,6.416005778,-30
62.47460862,6.415082796,-30
62.47457896,6.414899788,-30
62.47466673,6.415449716,-30
62.47463779,6.415266171,-30
62.47487337,6.417333646,-30
62.47485961,6.417142086,-30
62.47489718,6.417718012,-30
62.47488586,6.417525667,-30
62.47481072,6.416570121,-30
62.47479022,6.416381376,-30
62.47484258,6.416951705,-30
62.47482611,6.416761106,-30
62.47493566,6.418877672,-30
62.47493486,6.418683774,-30
62.47493134,6.419265157,-30
62.47493322,6.419071381,-30
62.47491671,6.418103465,-30
62.47490764,6.417910595,-30
62.47492972,6.418490257,-30
62.47492321,6.418296861,-30
62.47470131,6.420269068,-30
62.47475955,6.420121746,-30
62.47454056,6.420423491,-30
62.47462744,6.420375448,-30
62.47490705,6.419648619,-30
62.4749213,6.419457708,-30
62.47482144,6.419981329,-30
62.47487678,6.419829041,-30
62.47401147,6.420563524,-30
62.47409568,6.420504537,-30
62.47387533,6.42081187,-30
62.4739374,6.420672592,-30
62.47436349,6.420485617,-30
62.47445234,6.42045876,-30
62.47418504,6.420521793,-30
62.47427436,6.420508238,-30
62.47370151,6.421880215,-30
62.47370381,6.421686468,-30
62.47370639,6.422267864,-30
62.47370436,6.422074015,-30
62.4737732,6.421129506,-30
62.47381998,6.420964238,-30
62.4737141,6.421493971,-30
62.4737382,6.421307585,-30
62.47377052,6.423422224,-30
62.47375497,6.423231262,-30
62.47381793,6.423795628,-30
62.47378991,6.423611509,-30
62.47372127,6.422654268,-30
62.47371337,6.422461124,-30
62.47374292,6.42303912,-30
62.47373046,6.422847099,-30
62.47403042,6.424862833,-30
62.47398614,6.424694268,-30
62.47414074,6.425166291,-30
62.47407921,6.425025288,-30
62.47388434,6.424155782,-30
62.47384931,6.423977265,-30
62.47395266,6.424514374,-30
62.47391917,6.424334481,-30
62.47446937,6.426076149,-30
62.47442676,6.425905503,-30
62.47454907,6.426423451,-30
62.47451105,6.426247865,-30
62.47427076,6.425433477,-30
62.47420585,6.42529972,-30
62.47438021,6.425739725,-30
62.47432968,6.425579518,-30
62.47474902,6.427503507,-30
62.47471657,6.427322721,-30
62.47481291,6.427865906,-30
62.47478135,6.42768439,-30
62.4746181,6.426781317,-30
62.47458504,6.426601049,-30
62.47468412,6.427141935,-30
62.47465116,6.426961586,-30
62.4750003,6.428956584,-30
62.47497011,6.428773989,-30
62.47505949,6.429322706,-30
62.47502989,6.429139645,-30
62.47487604,6.42822894,-30
62.47484447,6.428047423,-30
62.47493875,6.428592305,-30
62.47490739,6.428410622,-30
62.47520277,6.430443098,-30
62.47518362,6.430253663,-30
62.47523398,6.430824509,-30
62.47522116,6.430632888,-30
62.47511628,6.429690568,-30
62.47508861,6.42950611,-30
62.47516295,6.43006497,-30
62.47514042,6.429877298,-30
62.47523364,6.431987035,-30
62.47523703,6.431793265,-30
62.47523095,6.432374729,-30
62.47523068,6.432180821,-30
62.47524226,6.431211757,-30
62.47523991,6.431017944,-30
62.47524037,6.431599492,-30
62.47524273,6.43140565,-30
62.47526374,6.433535453,-30
62.47525379,6.43334274,-30
62.47529685,6.433915595,-30
62.47527472,6.433727856,-30
62.47523816,6.432762178,-30
62.47523387,6.432568491,-30
62.47524642,6.433149585,-30
62.47524234,6.432955876,-30
62.47536007,6.435060195,-30
62.4753665,6.434866784,-30
62.47534006,6.435445588,-30
62.47535018,6.435252914,-30
62.47534394,6.434289328,-30
62.4753238,6.434100547,-30
62.47536796,6.43467328,-30
62.47535893,6.434480512,-30
62.47527392,6.436600217,-30
62.4752853,6.436407873,-30
62.47525117,6.436984906,-30
62.47526254,6.436792562,-30
62.4753189,6.435830694,-30
62.47532991,6.435638251,-30
62.47529668,6.436215529,-30
62.47530788,6.436023138,-30
62.47518962,6.43814068,-30
62.47519849,6.437947719,-30
62.47517259,6.438526746,-30
62.47518096,6.438333682,-30
62.47522883,6.437369703,-30
62.47523979,6.43717725,-30
62.47520847,6.437755017,-30
62.47521865,6.43756236,-30
62.47513298,6.43968685,-30
62.47513691,6.439493172,-30
62.47512958,6.440074531,-30
62.47513039,6.439880676,-30
62.47515654,6.438912996,-30
62.47516423,6.43871981,-30
62.47514326,6.43929975,-30
62.4751499,6.439106373,-30
62.47517958,6.441231036,-30
62.47516393,6.441040104,-30
62.47521315,6.441611991,-30
62.4751959,6.441421712,-30
62.47513512,6.440462041,-30
62.47513057,6.440268428,-30
62.47515176,6.440848041,-30
62.47514124,6.440655469,-30
62.47532563,6.442749713,-30
62.47530507,6.442560971,-30
62.47537922,6.443119664,-30
62.47535069,6.442935833,-30
62.47524992,6.441991582,-30
62.47523153,6.441801787,-30
62.47528669,6.442371174,-30
62.4752683,6.442181378,-30
62.47559409,6.444185942,-30
62.47555639,6.444009971,-30
62.47566949,6.444537886,-30
62.47563179,6.444361914,-30
62.47544687,6.443478568,-30
62.47541117,6.44330067,-30
62.47551938,6.443833328,-30
62.47548313,6.443655948,-30
62.47589031,6.445598914,-30
62.47585549,6.445420198,-30
62.47595764,6.445958332,-30
62.47592499,6.445777767,-30
62.47574488,6.444889832,-30
62.47570719,6.444713859,-30
62.47581881,6.445243227,-30
62.47578212,6.445066257,-30
62.47612994,6.447060369,-30
62.47610319,6.44687527,-30
62.47618219,6.447431397,-30
62.47615624,6.447245769,-30
62.4760186,6.446323101,-30
62.47598836,6.446140528,-30
62.47607644,6.446690172,-30
62.47604864,6.446505831,-30
62.47628848,6.448569278,-30
62.47627763,6.448376786,-30
62.47631484,6.448952871,-30
62.47630083,6.448761342,-30
62.47622894,6.447805818,-30
62.476206,6.447618343,-30
62.47626777,6.448184049,-30
62.47625102,6.447993752,-30
62.47644514,6.45008139,-30
62.47642049,6.449894937,-30
62.4764975,6.450452348,-30
62.47647104,6.450267058,-30
62.47635542,6.449330548,-30
62.47633435,6.449142049,-30
62.47639687,6.449707897,-30
62.47637621,6.449519185,-30
62.4766885,6.451539141,-30
62.47665229,6.451361707,-30
62.47676175,6.451893207,-30
62.47672503,6.451716265,-30
62.47655362,6.450820717,-30
62.47652477,6.450637094,-30
62.47661638,6.45118399,-30
62.47658408,6.451003087,-30
62.47700036,6.452936058,-30
62.47695961,6.452763281,-30
62.47708194,6.453281523,-30
62.47704115,6.45310879,-30
62.47683848,6.452243745,-30
62.47679867,6.452069943,-30
62.47691895,6.452590408,-30
62.47687829,6.452417535,-30
62.47743431,6.454153127,-30
62.47736883,6.454020512,-30
62.4775669,6.454414519,-30
62.47750031,6.454284525,-30
62.47718128,6.453603537,-30
62.47712731,6.453448653,-30
62.4773046,6.45388512,-30
62.47724125,6.453747792,-30
62.47796566,6.45519638,-30
62.47789909,6.455066335,-30
62.47810259,6.455447078,-30
62.47803346,6.455323434,-30
62.47770006,6.454674575,-30
62.47763349,6.454544514,-30
62.47783275,6.454935748,-30
62.4777664,6.454805161,-30
62.47853747,6.456123809,-30
62.47847077,6.455994307,-30
62.478651,6.456423482,-30
62.4785972,6.456268409,-30
62.4782485,6.455671365,-30
62.47817227,6.455569279,-30
62.47840215,6.455869326,-30
62.47832815,6.455760695,-30
62.47883907,6.457509014,-30
62.47881427,6.457322667,-30
62.47888568,6.45788357,-30
62.47886254,6.457696194,-30
62.47873063,6.456769816,-30
62.47869609,6.456590884,-30
62.47878758,6.457137511,-30
62.47876053,6.456952596,-30
62.47901913,6.459010854,-30
62.47899715,6.458822825,-30
62.47906308,6.459386912,-30
62.4790411,6.459198883,-30
62.47893122,6.458258741,-30
62.47890858,6.458071081,-30
62.47897517,6.458634797,-30
62.4789532,6.458446769,-30
62.47448489,6.481599277,-10
62.47444535,6.481425939,-10
62.47452937,6.481974494,-10
62.4745103,6.481785249,-10
62.47425317,6.481034374,-10
62.47418679,6.480905396,-10
62.47439454,6.48126685,-10
62.47433056,6.48113245,-10
62.47461593,6.483114466,-10
62.47458095,6.482937151,-10
62.47472934,6.483409544,-10
62.47467129,6.483265079,-10
62.47454924,6.482359852,-10
62.47454096,6.482166774,-10
62.47456655,6.482745815,-10
62.47455752,6.48255293,-10
62.47492995,6.484488028,-10
62.47490115,6.484304376,-10
62.47498159,6.484859347,-10
62.47495727,6.484672714,-10
62.47480411,6.483761953,-10
62.47476879,6.483583692,-10
62.47487099,6.484121761,-10
62.47483864,6.483940926,-10
62.47507969,6.486001675,-10
62.47506908,6.485809124,-10
62.47510325,6.486386081,-10
62.47509029,6.486194226,-10
62.47502451,6.485235798,-10
62.47500439,6.485046892,-10
62.47505814,6.485616678,-10
62.47504259,6.485425729,-10
62.47521452,6.487522923,-10
62.47518914,6.487336926,-10
62.47528361,6.487879983,-10
62.47524475,6.487705362,-10
62.47513393,6.486768167,-10
62.47511794,6.486577359,-10
62.4751659,6.487149783,-10
62.47514991,6.486958975,-10
62.47561032,6.48880315,-10
62.4755555,6.488649658,-10
62.47571219,6.489122104,-10
62.47566368,6.488959049,-10
62.47538521,6.488199082,-10
62.4753335,6.488040943,-10
62.47549863,6.488499655,-10
62.47544176,6.488349652,-10
62.47576727,6.489486215,-10
62.47574984,6.489296701,-10
62.475771,6.489679961,-10
62.47606531,6.491701008,-10
62.47602656,6.4915261,-10
62.47614398,6.492049589,-10
62.47610435,6.491875609,-10
62.47592333,6.490988945,-10
62.4758927,6.490806682,-10
62.47599059,6.491348447,-10
62.475956,6.491169556,-10
62.47632472,6.493123819,-10
62.47630648,6.492934346,-10
62.47638297,6.493490655,-10
62.47635351,6.493307485,-10
62.47623608,6.492381686,-10
62.47618613,6.492220589,-10
62.47629621,6.492741705,-10
62.47627765,6.492552821,-10
62.47647411,6.494636286,-10
62.47646282,6.494443915,-10
62.47649382,6.495021745,-10
62.47648499,6.494828774,-10
62.47642092,6.493869391,-10
62.47640461,6.493678701,-10
62.4764505,6.494251832,-10
62.47643723,6.494060081,-10
62.47648048,6.496183907,-10
62.47648078,6.495989989,-10
62.47649317,6.496570434,-10
62.47648401,6.496377667,-10
62.47649689,6.495409304,-10
62.47649764,6.495215473,-10
62.47648584,6.495796406,-10
62.47649137,6.495602856,-10
62.47662916,6.49769482,-10
62.47660098,6.497510709,-10
62.47668621,6.498062544,-10
62.4766575,6.497878817,-10
62.47652937,6.496950059,-10
62.47650913,6.496761161,-10
62.47657537,6.497324931,-10
62.47655199,6.497137708,-10
62.47685154,6.499169759,-10
62.47682512,6.498984432,-10
62.47690048,6.499542692,-10
62.47687711,6.499355631,-10
62.47674363,6.49843,-10
62.47671492,6.498246272,-10
62.47679864,6.498799143,-10
62.47677213,6.498613875,-10
62.47692486,6.50070161,-10
62.47692604,6.500507921,-10
62.47695812,6.501080549,-10
62.47693296,6.500894412,-10
62.4769223,6.499927448,-10
62.47691317,6.499734533,-10
62.47693077,6.500314271,-10
62.47693018,6.500120617,-10
62.47716049,6.502152821,-10
62.47711205,6.501990094,-10
62.47726461,6.50246786,-10
62.4772162,6.502304844,-10
62.47701189,6.501450559,-10
62.47698451,6.501265896,-10
62.47707529,6.501813203,-10
62.47704151,6.50163356,-10
62.47731424,6.503615758,-10
62.47731653,6.503421897,-10
62.47730881,6.504003382,-10
62.47731235,6.503809637,-10
62.47730896,6.502841184,-10
62.47729359,6.502650438,-10
62.4773183,6.503228016,-10
62.47731724,6.503034166,-10
62.47728327,6.505165086,-10
62.47728274,6.504971175,-10
62.47728586,6.505552894,-10
62.47728456,6.50535899,-10
62.47729726,6.50439042,-10
62.47730329,6.504196934,-10
62.47728534,6.504777412,-10
62.47729124,6.504583907,-10
62.47725973,6.506714217,-10
62.47726617,6.506520793,-10
62.47724686,6.507101066,-10
62.4772533,6.506907642,-10
62.47728549,6.505940519,-10
62.47728715,6.505746799,-10
62.47727261,6.506327369,-10
62.47727905,6.506133944,-10
62.47721638,6.508262624,-10
62.47722134,6.508068999,-10
62.47720781,6.508649995,-10
62.47721123,6.508456229,-10
62.47723398,6.507487914,-10
62.47724042,6.50729449,-10
62.47722499,6.507875237,-10
62.47722865,6.507681474,-10
62.47716708,6.509810085,-10
62.47717373,6.509616694,-10
62.47715458,6.510196988,-10
62.47716057,6.510003497,-10
62.47719366,6.50903652,-10
62.47720141,6.508843331,-10
62.47718037,6.509423303,-10
62.47718702,6.509229911,-10
62.47715892,6.511359172,-10
62.47716001,6.511165263,-10
62.4771546,6.511746871,-10
62.47715783,6.511553081,-10
62.47714972,6.510584226,-10
62.47714859,6.510390478,-10
62.47716022,6.510971374,-10
62.47715563,6.510777728,-10
62.47712613,6.512908547,-10
62.47713453,6.512715493,-10
62.47710847,6.513294392,-10
62.47711605,6.513101241,-10
62.47714753,6.512134418,-10
62.47715106,6.511940644,-10
62.47713918,6.512521844,-10
62.4771434,6.512328135,-10
62.47718015,6.514428102,-10
62.47713856,6.51425666,-10
62.47725706,6.514775685,-10
62.47722693,6.514593589,-10
62.47710342,6.51368204,-10
62.47710517,6.513488153,-10
62.47712067,6.514067998,-10
62.4771108,6.51387526,-10
62.47733286,6.515919997,-10
62.47730277,6.515737297,-10
62.47739388,6.516284747,-10
62.47736317,6.516102525,-10
62.47728465,6.515158035,-10
62.47727581,6.514965223,-10
62.47728977,6.515545554,-10
62.47728613,6.515351909,-10
62.47760236,6.517357354,-10
62.47756674,6.517179358,-10
62.47767295,6.51771393,-10
62.47763798,6.517535351,-10
62.47746046,6.516644837,-10
62.47742606,6.516465724,-10
62.47753112,6.517001362,-10
62.4774955,6.516823366,-10
62.47785685,6.518807289,-10
62.47782805,6.518623613,-10
62.4779101,6.51917762,-10
62.47788452,6.518991735,-10
62.47773722,6.518075959,-10
62.47770682,6.517893522,-10
62.47779806,6.518440847,-10
62.47776748,6.518258528,-10
62.47800577,6.520319469,-10
62.47799793,6.520126281,-10
62.47801926,6.520706229,-10
62.47801255,6.520512844,-10
62.4779573,6.519551785,-10
62.47793441,6.519364273,-10
62.47798892,6.519933339,-10
62.47797458,6.51974198,-10
62.47804349,6.521868593,-10
62.47803881,6.521674928,-10
62.47805725,6.522255295,-10
62.47805005,6.52206199,-10
62.47802729,6.521093677,-10
62.47802363,6.520899909,-10
62.47803462,6.521481213,-10
62.47803095,6.521287445,-10
62.4781381,6.523405116,-10
62.47812146,6.523214549,-10
62.47817139,6.523786249,-10
62.47815475,6.523595682,-10
62.47807766,6.522640618,-10
62.47806708,6.522448056,-10
62.47810511,6.52302387,-10
62.47809019,6.52283264,-10
62.47824487,6.524937867,-10
62.47823814,6.524744483,-10
62.47826575,6.525321831,-10
62.47825089,6.52513135,-10
62.47820311,6.524167974,-10
62.47818803,6.523976816,-10
62.47822996,6.524551386,-10
62.47821748,6.524359404,-10
62.47839577,6.52643126,-10
62.47840602,6.52623926,-10
62.47838488,6.526816211,-10
62.47838141,6.526622675,-10
62.47832679,6.525686241,-10
62.4782931,6.525506494,-10
62.47838908,6.526049668,-10
62.47836067,6.525865818,-10
62.4783544,6.527971986,-10
62.47836995,6.527780988,-10
62.47832385,6.528354187,-10
62.47833884,6.528162983,-10
62.47839447,6.527203522,-10
62.47838968,6.527009867,-10
62.47838507,6.527589834,-10
62.47839491,6.527397182,-10
62.47829141,6.529514607,-10
62.47829406,6.52932076,-10
62.47828704,6.529902322,-10
62.47828867,6.529708448,-10
62.47830783,6.528739788,-10
62.4783113,6.528546006,-10
62.47829693,6.529126935,-10
62.47830238,6.528933361,-10
62.47829408,6.53106573,-10
62.47829172,6.530871866,-10
62.47830456,6.531452551,-10
62.47829621,6.531259607,-10
62.47828769,6.530290182,-10
62.47828737,6.530096252,-10
62.47828918,6.530678012,-10
62.47828798,6.530484113,-10
62.47843237,6.532581701,-10
62.47840577,6.532396496,-10
62.47849725,6.532943145,-10
62.47846417,6.532762913,-10
62.47833897,6.531833053,-10
62.47831948,6.531643752,-10
62.47838206,6.532209452,-10
62.47835837,6.532022402,-10
62.47876136,6.533956995,-10
62.47871667,6.533788827,-10
62.47885432,6.534288758,-10
62.47880741,6.534123438,-10
62.4785834,6.533283306,-10
62.47853938,6.533114314,-10
62.47867197,6.53362066,-10
62.47862743,6.533452299,-10
62.47913469,6.535282196,-10
62.47908802,6.535116546,-10
62.47922802,6.535613497,-10
62.47918135,6.535447846,-10
62.47894801,6.5346196,-10
62.47890124,6.534454078,-10
62.47904135,6.534950897,-10
62.47899468,6.534785248,-10
62.47949791,6.536620031,-10
62.47945464,6.536450219,-10
62.47955984,6.536982412,-10
62.47953396,6.536797202,-10
62.47932012,6.53594641,-10
62.4792743,6.53577966,-10
62.47941177,6.536279912,-10
62.47936595,6.536113161,-10
62.47965253,6.538128606,-10
62.47963847,6.537937063,-10
62.47967527,6.538513273,-10
62.47966526,6.538320543,-10
62.47959278,6.537363702,-10
62.47957631,6.537173057,-10
62.47962373,6.537745756,-10
62.4796089,6.537554482,-10
62.47971709,6.539672331,-10
62.47971534,6.539478512,-10
62.47970403,6.540058783,-10
62.47971403,6.53986616,-10
62.47969763,6.538898019,-10
62.47968722,6.538705478,-10
62.47971086,6.539284846,-10
62.47970421,6.539091438,-10
62.4796539,6.541216996,-10
62.47965884,6.541023426,-10
62.47965981,6.541604461,-10
62.47965537,6.541410837,-10
62.4796838,6.540444185,-10
62.47969365,6.540251416,-10
62.47966592,6.540830091,-10
62.47967395,6.540636954,-10
62.47973756,6.542755667,-10
62.47972655,6.54256319,-10
62.47973569,6.543143047,-10
62.47974053,6.542949443,-10
62.47968589,6.541988115,-10
62.47967149,6.541796689,-10
62.47971487,6.5423709,-10
62.47970049,6.542179473,-10
62.47967593,6.544296866,-10
62.47967634,6.544103012,-10
62.47968681,6.544683987,-10
62.47968051,6.544490524,-10
62.47970968,6.543526615,-10
62.4797248,6.543335456,-10
62.47968131,6.543909444,-10
62.47969405,6.54371759,-10
62.47968109,6.545845077,-10
62.47968973,6.545652062,-10
62.47966044,6.546230375,-10
62.47967113,6.546037819,-10
62.47969723,6.545071155,-10
62.4796931,6.544877451,-10
62.47969682,6.545458728,-10
62.47969635,6.545265025,-10
62.4795913,6.547384386,-10
62.4796029,6.547192072,-10
62.47957032,6.547769564,-10
62.4795797,6.5475767,-10
62.4796377,6.54661513,-10
62.47964913,6.54642277,-10
62.4796145,6.546999758,-10
62.4796261,6.546807444,-10
62.47954485,6.548929762,-10
62.47953958,6.548736234,-10
62.47955547,6.549316355,-10
62.47955309,6.549122882,-10
62.47955208,6.548155435,-10
62.47956139,6.547962542,-10
62.47953996,6.548542298,-10
62.47954479,6.548348705,-10
62.47946466,6.550462035,-10
62.47947598,6.550269644,-10
62.47944197,6.5508468,-10
62.47945333,6.550654422,-10
62.47952673,6.549698905,-10
62.47954333,6.549508445,-10
62.4794873,6.550077253,-10
62.47950808,6.549888611,-10
62.47940069,6.552006675,-10
62.47940464,6.551812962,-10
62.47940042,6.552394552,-10
62.47940032,6.552200613,-10
62.47942355,6.551232594,-10
62.47943204,6.551039524,-10
62.47941087,6.551619502,-10
62.47941743,6.551426082,-10
62.47939119,6.55355774,-10
62.47939608,6.553364088,-10
62.47938116,6.553945012,-10
62.47938621,6.55375138,-10
62.47940063,6.552782431,-10
62.47940053,6.552588491,-10
62.47939891,6.553170257,-10
62.47940074,6.55297637,-10
62.47933702,6.555104731,-10
62.47934443,6.554911454,-10
62.47932043,6.555490944,-10
62.47932884,6.555297859,-10
62.47936657,6.554331607,-10
62.47937388,6.554138312,-10
62.47935184,6.554718177,-10
62.47935925,6.5545249,-10
62.47926997,6.556649457,-10
62.47927838,6.556456372,-10
62.47925315,6.557035627,-10
62.47926156,6.556842542,-10
62.47930361,6.555877116,-10
62.47931202,6.55568403,-10
62.47928679,6.556263287,-10
62.4792952,6.556070201,-10
62.47920669,6.558194904,-10
62.47921369,6.558001559,-10
62.47919289,6.558581634,-10
62.47919979,6.558388269,-10
62.47923691,6.557421911,-10
62.47924474,6.557228712,-10
62.47922143,6.557808343,-10
62.47922917,6.557615127,-10
62.47916234,6.559742735,-10
62.47916169,6.559548871,-10
62.47918717,6.560126797,-10
62.47917392,6.559935019,-10
62.47917945,6.55896842,-10
62.479186,6.558774999,-10
62.47916639,6.559355268,-10
62.47917292,6.559161844,-10
62.47944475,6.561097905,-10
62.47936875,6.560995553,-10
62.47960135,6.561287051,-10
62.4795239,6.561189326,-10
62.4792326,6.560500902,-10
62.47920463,6.560316895,-10
62.47931025,6.560848798,-10
62.47926642,6.560680439,-10
62.48010713,6.561635231,-10
62.48001807,6.561611477,-10
62.48028591,6.561669465,-10
62.4801965,6.56165275,-10
62.47975638,6.561481723,-10
62.47967743,6.561389915,-10
62.47992941,6.56158168,-10
62.47984162,6.561541733,-10
62.48082324,6.561741483,-10
62.48073356,6.561734705,-10
62.4810027,6.561745277,-10
62.48091296,6.56174487,-10
62.48046482,6.561700358,-10
62.48037532,6.56168618,-10
62.48064392,6.561725542,-10
62.48055434,6.561714001,-10
62.48154073,6.561705541,-10
62.48145117,6.56171783,-10
62.48171946,6.561670281,-10
62.48163016,6.561689681,-10
62.48118216,6.56173996,-10
62.48109243,6.561743298,-10
62.48136155,6.561728051,-10
62.48127187,6.561734647,-10
62.48222132,6.561291671,-10
62.48213864,6.561366882,-10
62.48237812,6.561384371,-10
62.48230891,6.561264117,-10
62.48189731,6.56161847,-10
62.48180849,6.561646027,-10
62.48205977,6.561459086,-10
62.48198163,6.561554411,-10
62.48244497,6.562508299,-10
62.48244998,6.562314646,-10
62.48243453,6.562895561,-10
62.48243975,6.56270193,-10
62.48244819,6.561733572,-10
62.48242584,6.561546843,-10
62.48245387,6.562120868,-10
62.48245436,6.561926919,-10
62.47417339,6.441763035,-60
62.47415149,6.441574993,-60
62.47421029,6.442142363,-60
62.47419398,6.441951688,-60
62.48243524,6.56328328,-10
62.48243242,6.563089439,-10
62.47413117,6.441386133,-60
62.47411106,6.44119716,-60
62.47428336,6.443294147,-60
62.4742746,6.443101169,-60
62.47430232,6.44367975,-60
62.47429233,6.443487078,-60
62.47424349,6.442523475,-60
62.4742268,6.442332953,-60
62.47426585,6.442908191,-60
62.47425572,6.44271556,-60
62.47437995,6.444830958,-60
62.47436565,6.444639534,-60
62.47440919,6.445213581,-60
62.47439426,6.445022382,-60
62.47432711,6.444063839,-60
62.47431472,6.443871794,-60
62.4743519,6.444447929,-60
62.47433951,6.444255884,-60
62.47451874,6.446350709,-60
62.47449113,6.446166491,-60
62.47458539,6.446710311,-60
62.47455452,6.446528543,-60
62.47443956,6.445595796,-60
62.47442436,6.445404695,-60
62.4744715,6.445977413,-60
62.47445553,6.445786604,-60
62.47467093,6.447857926,-60
62.47465915,6.447665699,-60
62.47470205,6.448239697,-60
62.47468469,6.448049458,-60
62.47462231,6.4470895,-60
62.47460347,6.446899944,-60
62.47464736,6.447473473,-60
62.47463536,6.447281313,-60
62.4748268,6.449371403,-60
62.47480568,6.449182942,-60
62.47487036,6.449747601,-60
62.47484791,6.449559863,-60
62.47474219,6.44861763,-60
62.474721,6.448429206,-60
62.47478456,6.448994482,-60
62.47476338,6.448806055,-60
62.4750162,6.450867411,-60
62.47498962,6.450682218,-60
62.47506968,6.451237601,-60
62.47504337,6.451052214,-60
62.47491637,6.45012245,-60
62.47489305,6.44993521,-60
62.47496484,6.450495855,-60
62.47494054,6.450309191,-60
62.47529317,6.452288525,-60
62.47524242,6.452128606,-60
62.4754047,6.452592165,-60
62.47534793,6.452441972,-60
62.47512868,6.451603776,-60
62.4750982,6.451421435,-60
62.47519497,6.451964164,-60
62.47516143,6.451784311,-60
62.47573924,6.453503725,-60
62.47568294,6.453352733,-60
62.4758533,6.45380316,-60
62.47579571,6.453654432,-60
62.47551617,6.452896085,-60
62.47546116,6.452742865,-60
62.47562663,6.453201742,-60
62.47557117,6.453049305,-60
62.47620871,6.454676728,-60
62.4761472,6.454535541,-60
62.47634688,6.45492361,-60
62.47627615,6.454804431,-60
62.47596846,6.454100617,-60
62.47591088,6.453951888,-60
62.47608634,6.454393076,-60
62.47602734,6.454246968,-60
62.47680948,6.455517647,-60
62.47673117,6.455422944,-60
62.476962,6.455721834,-60
62.4768866,6.455616719,-60
62.47649716,6.455135343,-60
62.47642109,6.455032503,-60
62.47665285,6.455328241,-60
62.47657454,6.455233539,-60
62.47738889,6.456428728,-60
62.47732201,6.456299445,-60
62.47751584,6.456702642,-60
62.47745377,6.45656262,-60
62.47710945,6.455942926,-60
62.47703603,6.455831457,-60
62.47725311,6.456175337,-60
62.47718209,6.456056798,-60
62.47781087,6.457671771,-60
62.47777007,6.457499053,-60
62.47788017,6.458029199,-60
62.47784747,6.457848716,-60
62.47762748,6.45700593,-60
62.47757371,6.456850707,-60
62.47772456,6.457331941,-60
62.47767762,6.457166714,-60
62.47803376,6.45914442,-60
62.47800817,6.458958546,-60
62.47808495,6.459516169,-60
62.47805935,6.459330294,-60
62.47793139,6.458400925,-60
62.4779058,6.458215052,-60
62.47798258,6.458772672,-60
62.47795698,6.458586798,-60
62.47823495,6.460633662,-60
62.47821019,6.460447266,-60
62.47828449,6.461006456,-60
62.47825972,6.460820059,-60
62.47813588,6.459888078,-60
62.47811054,6.459702044,-60
62.47818542,6.460260869,-60
62.47816065,6.460074473,-60
62.47843266,6.462125111,-60
62.4784081,6.461938584,-60
62.47848178,6.462498165,-60
62.47845722,6.462311638,-60
62.47833402,6.461379251,-60
62.47830926,6.461192854,-60
62.47838354,6.461752058,-60
62.47835879,6.461565649,-60
62.47862913,6.463617334,-60
62.47860457,6.463430805,-60
62.47867703,6.463991128,-60
62.47865316,6.463804179,-60
62.4785309,6.46287122,-60
62.47850634,6.462684692,-60
62.47858001,6.463244276,-60
62.47855545,6.463057748,-60
62.478823,6.46511111,-60
62.47879763,6.464925089,-60
62.47886916,6.465485913,-60
62.47884628,6.465298389,-60
62.47872476,6.464365027,-60
62.47870089,6.464178078,-60
62.47877248,6.464738928,-60
62.47874862,6.464551977,-60
62.47899545,6.466617033,-60
62.47897484,6.466428281,-60
62.47903645,6.466994643,-60
62.47901605,6.466805786,-60
62.47891236,6.465862368,-60
62.47889115,6.465673926,-60
62.47895415,6.466239573,-60
62.47893344,6.466050871,-60
62.47915473,6.468129828,-60
62.47913493,6.467940673,-60
62.47919474,6.468507937,-60
62.47917474,6.468318882,-60
62.47907584,6.467373055,-60
62.47905614,6.467183849,-60
62.47911523,6.467751467,-60
62.47909554,6.467562261,-60
62.47930872,6.469645143,-60
62.47929025,6.469455356,-60
62.47934183,6.470026357,-60
62.47932533,6.469835724,-60
62.47923476,6.468886046,-60
62.47921475,6.468696991,-60
62.47927179,6.46926557,-60
62.47925332,6.469075784,-60
62.4794271,6.471174794,-60
62.47941438,6.470982815,-60
62.47944768,6.471560102,-60
62.47943756,6.4713674,-60
62.47937493,6.470407577,-60
62.47935832,6.470216991,-60
62.47940275,6.470790528,-60
62.47939176,6.470598073,-60
62.47952216,6.472711946,-60
62.47950609,6.472521226,-60
62.47955647,6.473092551,-60
62.47953806,6.472902737,-60
62.4794679,6.471945506,-60
62.47945779,6.471752804,-60
62.47949118,6.472330092,-60
62.47947914,6.472137912,-60
62.47965047,6.474237343,-60
62.47964109,6.474044467,-60
62.47966328,6.474624131,-60
62.47965819,6.474430504,-60
62.47959329,6.47347218,-60
62.47957488,6.473282365,-60
62.47962831,6.473852566,-60
62.47961151,6.473662077,-60
62.47967518,6.475787143,-60
62.47967543,6.475593205,-60
62.47967468,6.476175019,-60
62.47967493,6.475981081,-60
62.47967257,6.47501146,-60
62.47966841,6.474817752,-60
62.47967532,6.475399266,-60
62.47967483,6.475205337,-60
62.47968052,6.477338437,-60
62.47967758,6.477144603,-60
62.4796867,6.477726061,-60
62.47968305,6.477532299,-60
62.47967435,6.476562895,-60
62.47967443,6.476368957,-60
62.47967462,6.47695077,-60
62.47967444,6.476756834,-60
62.47974023,6.478883522,-60
62.47972831,6.478691301,-60
62.47976609,6.479267351,-60
62.47975304,6.479075474,-60
62.47969933,6.478112938,-60
62.47969182,6.477919678,-60
62.47971733,6.478498835,-60
62.47970764,6.478306029,-60
62.47983449,6.480421301,-60
62.47982645,6.480228142,-60
62.47984393,6.480808528,-60
62.4798407,6.48061475,-60
62.47979214,6.479651122,-60
62.47977915,6.479459228,-60
62.47981619,6.480035472,-60
62.47980491,6.47984309,-60
62.47984257,6.48197199,-60
62.47984374,6.481778074,-60
62.47984874,6.482359582,-60
62.47984442,6.482165888,-60
62.47984765,6.481196324,-60
62.47984563,6.481002433,-60
62.47984511,6.481584156,-60
62.47984649,6.481390239,-60
62.47988656,6.483520255,-60
62.47987868,6.483327062,-60
62.47990231,6.483906639,-60
62.47989443,6.483713447,-60
62.47985873,6.482746862,-60
62.47985374,6.482553221,-60
62.47987157,6.483133736,-60
62.47986477,6.482940352,-60
62.47994955,6.485065797,-60
62.47994167,6.484872604,-60
62.47996402,6.485452409,-60
62.47995719,6.485259031,-60
62.47991805,6.484293025,-60
62.47991018,6.484099832,-60
62.4799338,6.484679411,-60
62.47992593,6.484486218,-60
62.47999933,6.486613453,-60
62.479995,6.486419745,-60
62.48000534,6.487001101,-60
62.48000249,6.486807274,-60
62.47997781,6.485839145,-60
62.47997085,6.485645787,-60
62.47999005,6.486226099,-60
62.47998477,6.486032501,-60
62.47997185,6.488161035,-60
62.47998357,6.487968757,-60
62.47994745,6.488545239,-60
62.47996033,6.48835337,-60
62.48000281,6.487388944,-60
62.4800039,6.487195017,-60
62.47999215,6.487775861,-60
62.47999882,6.487582519,-60
62.47970476,6.489560443,-60
62.47976554,6.489417895,-60
62.47955531,6.489772175,-60
62.47963353,6.489677558,-60
62.47990476,6.488921152,-60
62.47993111,6.488735937,-60
62.47981442,6.489255257,-60
62.47986262,6.489091715,-60
62.47905162,6.489555611,-60
62.47912911,6.489653367,-60
62.47890556,6.489330755,-60
62.47897713,6.489447698,-60
62.47938,6.489842841,-60
62.47946912,6.489823315,-60
62.47920911,6.489741102,-60
62.47929149,6.489817681,-60
62.4785713,6.488425775,-60
62.47861865,6.488590441,-60
62.47847969,6.488092244,-60
62.47852548,6.488259034,-60
62.47877809,6.489058683,-60
62.47884024,6.489198013,-60
62.47866917,6.488750719,-60
62.47872123,6.488908677,-60
62.4782698,6.487025419,-60
62.4782961,6.48721083,-60
62.47821682,6.486654838,-60
62.47824331,6.486840128,-60
62.47839271,6.487753111,-60
62.47843475,6.487924424,-60
62.47832315,6.487395605,-60
62.47835689,6.487575291,-60
62.47806651,6.485537552,-60
62.47809125,6.48572397,-60
62.47801749,6.485164451,-60
62.47804178,6.485351135,-60
62.47816553,6.486283174,-60
62.47819033,6.486469548,-60
62.47811599,6.48591038,-60
62.47814076,6.486096777,-60
62.47788019,6.484039389,-60
62.47790221,6.484227366,-60
62.47784185,6.483660488,-60
62.47786102,6.483849939,-60
62.47797072,6.484789997,-60
62.4779941,6.484977224,-60
62.47792485,6.484415024,-60
62.47794748,6.484602682,-60
62.47776974,6.482508264,-60
62.47777929,6.482701089,-60
62.4777434,6.482124731,-60
62.47775823,6.482315943,-60
62.47780947,6.483279159,-60
62.47782389,6.4834705,-60
62.47778884,6.482893915,-60
62.47779839,6.483086741,-60
62.47756546,6.48103309,-60
62.47760582,6.481206301,-60
62.47747494,6.480698738,-60
62.47752363,6.480861528,-60
62.47770586,6.481745738,-60
62.47772657,6.48193425,-60
62.4776432,6.481382511,-60
62.47767637,6.481562579,-60
62.47716099,6.479753568,-60
62.47721459,6.479909089,-60
62.4770479,6.479452413,-60
62.47710479,6.479602383,-60
62.47737201,6.480381024,-60
62.47742361,6.480539682,-60
62.47726773,6.480065353,-60
62.47731994,6.480223073,-60
62.47665348,6.478664803,-60
62.4767231,6.478787145,-60
62.47651189,6.478426455,-60
62.47658269,6.478545629,-60
62.47692849,6.479162999,-60
62.47698934,6.479305514,-60
62.47679234,6.478910507,-60
62.47686097,6.479035459,-60
62.47609534,6.477689648,-60
62.47616363,6.477815445,-60
62.47595831,6.477439152,-60
62.47602687,6.477564285,-60
62.4763703,6.47818811,-60
62.4764411,6.478307282,-60
62.47623193,6.477941241,-60
62.47630026,6.47806693,-60
62.47555601,6.476666271,-60
62.47562104,6.476799915,-60
62.47542675,6.476397229,-60
62.4754911,6.476532381,-60
62.47582139,6.477188419,-60
62.47588976,6.477314019,-60
62.47568706,6.476931197,-60
62.47575423,6.477059808,-60
62.47507819,6.475511278,-60
62.47513328,6.475664342,-60
62.474968,6.47520515,-60
62.47502309,6.475358214,-60
62.4753063,6.476110002,-60
62.47536452,6.476257584,-60
62.47519047,6.475813776,-60
62.47524819,6.475962246,-60
62.47461549,6.474326491,-60
62.47467721,6.474467257,-60
62.47449173,6.474045612,-60
62.47455366,6.474185955,-60
62.47485578,6.474902518,-60
62.47491252,6.475052741,-60
62.47473759,6.474610672,-60
62.47479711,6.474755793,-60
62.474121,6.473201901,-60
62.4741821,6.473343906,-60
62.47399913,6.472917209,-60
62.47406004,6.473059594,-60
62.47436788,6.473764928,-60
62.47442981,6.47390527,-60
62.47424403,6.473484246,-60
62.47430596,6.473624587,-60
62.47366314,6.472012196,-60
62.47370947,6.472177608,-60
62.47359437,6.471654794,-60
62.47362458,6.471837161,-60
62.47387919,6.472628767,-60
62.47393835,6.472774543,-60
62.47376309,6.472333031,-60
62.47382083,6.472481462,-60
62.47352616,6.470508083,-60
62.47352149,6.470701596,-60
62.47355004,6.47012384,-60
62.47353722,6.470315702,-60
62.4735505,6.471278961,-60
62.47357038,6.471467972,-60
62.47352552,6.470895299,-60
62.47353499,6.471088013,-60
62.47366814,6.468988963,-60
62.4736496,6.469178641,-60
62.47369882,6.46860697,-60
62.47368492,6.468798494,-60
62.47358728,6.469744511,-60
62.47356956,6.469934591,-60
62.47362859,6.469367149,-60
62.47360757,6.469555657,-60
62.47373207,6.467447259,-60
62.4737313,6.467641152,-60
62.47373384,6.467059478,-60
62.47373291,6.467253367,-60
62.4737191,6.468221997,-60
62.47371209,6.468415221,-60
62.47372993,6.467834987,-60
62.47372267,6.468028252,-60
62.47372998,6.465896144,-60
62.47373094,6.466090033,-60
62.47372948,6.465508358,-60
62.47372903,6.465702255,-60
62.47373381,6.466671699,-60
62.47373477,6.466865588,-60
62.4737319,6.466283922,-60
62.47373286,6.46647781,-60
62.47375954,6.46434824,-60
62.47375062,6.464541178,-60
62.47377566,6.463962049,-60
62.47376847,6.464155302,-60
62.47373086,6.46512057,-60
62.47373006,6.465314463,-60
62.47374169,6.464734116,-60
62.47373177,6.46492668,-60
62.47375259,6.462800774,-60
62.47376284,6.462993404,-60
62.47373103,6.462415785,-60
62.47374199,6.462608233,-60
62.47377608,6.463574366,-60
62.4737775,6.463768241,-60
62.47376758,6.463187032,-60
62.47377231,6.463380664,-60
62.4736638,6.4612615,-60
62.47367565,6.4614537,-60
62.47363962,6.460877236,-60
62.47365171,6.461069368,-60
62.47370909,6.462030892,-60
62.47372007,6.462223336,-60
62.4736868,6.461646097,-60
62.47369795,6.461838494,-60
62.4735541,6.459728622,-60
62.47356835,6.459920061,-60
62.47351158,6.459352214,-60
62.47353535,6.459539187,-60
62.47361114,6.460494363,-60
62.47362558,6.460685734,-60
62.47358255,6.460111518,-60
62.47359675,6.460302974,-60
62.47337983,6.458226145,-60
62.47339501,6.458417237,-60
62.47335135,6.457843266,-60
62.47336559,6.458034705,-60
62.47345882,6.458981553,-60
62.47348524,6.459166856,-60
62.47341113,6.458607981,-60
62.47343261,6.458796109,-60
62.47322766,6.456712651,-60
62.47325348,6.456898338,-60
62.47317426,6.456342416,-60
62.47320096,6.456527533,-60
62.4733209,6.457461124,-60
62.4733371,6.457651826,-60
62.47327827,6.457084688,-60
62.47330232,6.457271443,-60
62.47300957,6.455234799,-60
62.473037,6.455419416,-60
62.47295471,6.454865567,-60
62.47298214,6.455050183,-60
62.47311931,6.455973252,-60
62.47314679,6.456157834,-60
62.47306443,6.455604032,-60
62.47309186,6.45578865,-60
62.47279549,6.453754338,-60
62.4728206,6.453940486,-60
62.47274783,6.453380572,-60
62.47277078,6.453567945,-60
62.47289936,6.454496683,-60
62.47292705,6.454681116,-60
62.47284621,6.454126317,-60
62.47287182,6.454312148,-60
62.47265126,6.452236516,-60
62.47266507,6.452428099,-60
62.47261824,6.45185543,-60
62.47263593,6.452045519,-60
62.47270942,6.453001774,-60
62.47272823,6.45319136,-60
62.47267888,6.452619682,-60
62.47269344,6.452810997,-60
62.47248017,6.450731472,-60
62.47250671,6.450916689,-60
62.47242708,6.450361038,-60
62.47245363,6.450546255,-60
62.47257747,6.451477844,-60
62.47259804,6.45166657,-60
62.47253083,6.451103443,-60
62.47255488,6.45129024,-60
62.47228144,6.449241359,-60
62.47230331,6.449429398,-60
62.47224032,6.448864301,-60
62.47225958,6.449053308,-60
62.47237451,6.449990274,-60
62.47240054,6.450175822,-60
62.4723257,6.449617162,-60
62.47234913,6.449804297,-60
62.47216238,6.447713731,-60
62.47217953,6.447903951,-60
62.47211001,6.447342915,-60
62.47213784,6.447527243,-60
62.47221371,6.44848091,-60
62.47222722,6.448672538,-60
62.47219121,6.448096189,-60
62.47220246,6.448288549,-60
62.4719929,6.446210159,-60
62.47200582,6.446402027,-60
62.47196706,6.445826424,-60
62.47197998,6.446018291,-60
62.472057,6.446972507,-60
62.47208218,6.447158588,-60
62.47201881,6.446593869,-60
62.47203498,6.446784566,-60
62.47183091,6.444704632,-60
62.47185847,6.444889045,-60
62.47179694,6.44432394,-60
62.47181364,6.44451444,-60
62.47193663,6.445444311,-60
62.47195281,6.445635003,-60
62.47188817,6.445072011,-60
62.47191742,6.445255304,-60
62.47172479,6.443171318,-60
62.47173528,6.443363873,-60
62.47170864,6.44278519,-60
62.47171554,6.442978503,-60
62.471769,6.443940932,-60
62.47178241,6.44413264,-60
62.47174601,6.443556369,-60
62.47175718,6.443748747,-60
62.47167512,6.441625265,-60
62.47168785,6.441817132,-60
62.47163886,6.441245522,-60
62.4716578,6.441435037,-60
62.4717029,6.442397694,-60
62.47170499,6.442591528,-60
62.47169456,6.442010474,-60
62.47170081,6.442203861,-60
62.46824551,6.408075028,-40
62.46817489,6.407955402,-40
62.46838897,6.408307686,-40
62.46831613,6.408194654,-40
62.46796322,6.407596044,-40
62.46789315,6.407474922,-40
62.46810428,6.407835776,-40
62.46803366,6.407716151,-40
62.46884107,6.408937181,-40
62.46876522,6.408833562,-40
62.46899668,6.409130191,-40
62.46891819,6.409036296,-40
62.46854045,6.408515149,-40
62.46846326,6.408416454,-40
62.4686911,6.408724321,-40
62.46861838,6.408611285,-40
62.46947535,6.409662292,-40
62.46939407,6.409580158,-40
62.46964196,6.409805711,-40
62.46955767,6.409739452,-40
62.46915503,6.409312718,-40
62.46907581,6.409221625,-40
62.46931378,6.409493598,-40
62.46923425,6.409403812,-40
62.47015834,6.410134801,-40
62.47007179,6.410083566,-40
62.47033169,6.410235207,-40
62.47024497,6.410185363,-40
62.46981329,6.409921139,-40
62.46972749,6.409864307,-40
62.46998547,6.410030522,-40
62.46989916,6.409977479,-40
62.4708551,6.410507857,-40
62.47076763,6.410464514,-40
62.47103055,6.410589557,-40
62.47094276,6.410549362,-40
62.47050555,6.410331469,-40
62.47041859,6.410283635,-40
62.47068019,6.410420954,-40
62.47059287,6.410376211,-40
62.4715634,6.410746228,-40
62.47147388,6.410732424,-40
62.47174242,6.410773925,-40
62.47165291,6.410760032,-40
62.4712065,6.410665969,-40
62.47111844,6.410628674,-40
62.47138453,6.410714519,-40
62.47129536,6.410693126,-40
62.47472958,6.445335155,-50
62.47470693,6.445147531,-50
62.4747749,6.445710404,-50
62.47475224,6.445522779,-50
62.4719209,6.410813971,-40
62.47183179,6.410791414,-40
62.47209772,6.410879116,-40
62.47200974,6.410841273,-40
62.47491455,6.446834026,-50
62.47489123,6.446646783,-50
62.4749612,6.447208514,-50
62.47493788,6.44702127,-50
62.47482126,6.446085054,-50
62.47479793,6.445897812,-50
62.47486791,6.44645954,-50
62.47484458,6.446272297,-50
62.4750968,6.448334398,-50
62.47507576,6.448145908,-50
62.4751375,6.44871211,-50
62.47511726,6.448523201,-50
62.47500784,6.447583003,-50
62.47498452,6.447395758,-50
62.47505328,6.44795818,-50
62.47503081,6.447770452,-50
62.47524438,6.449852265,-50
62.47522845,6.449661438,-50
62.47527553,6.450234199,-50
62.47525996,6.450043232,-50
62.47517598,6.44909091,-50
62.47515692,6.448901425,-50
62.47521199,6.449470817,-50
62.4751945,6.449280642,-50
62.47537774,6.451376369,-50
62.4753593,6.451186644,-50
62.4754251,6.451750056,-50
62.47539916,6.451564677,-50
62.47530685,6.450616064,-50
62.4752911,6.450425167,-50
62.47534196,6.450996388,-50
62.47532441,6.450806226,-50
62.47575858,6.452639259,-50
62.47568647,6.452523906,-50
62.47590448,6.452865092,-50
62.47583163,6.452751877,-50
62.47551119,6.452089438,-50
62.47546322,6.451925584,-50
62.47561661,6.452402383,-50
62.47556055,6.452251321,-50
62.47631816,6.453609329,-50
62.47625053,6.453481875,-50
62.47645099,6.453870123,-50
62.4763846,6.453739677,-50
62.47604505,6.453106042,-50
62.4759761,6.452981922,-50
62.47618289,6.453354421,-50
62.476114,6.453230163,-50
62.4767994,6.454749606,-50
62.47674947,6.454588489,-50
62.47691863,6.455037333,-50
62.47685391,6.454903239,-50
62.47658136,6.454136537,-50
62.47651741,6.454000485,-50
62.47669977,6.454427026,-50
62.47664436,6.454274631,-50
62.47734305,6.455751146,-50
62.47726888,6.455642,-50
62.47750062,6.455933975,-50
62.47741885,6.455854607,-50
62.47705388,6.45529222,-50
62.4769856,6.455166396,-50
62.47719563,6.45552997,-50
62.47712411,6.455412918,-50
62.4779473,6.456543487,-50
62.47788654,6.456400858,-50
62.47806203,6.456841559,-50
62.47800548,6.456691112,-50
62.47766882,6.456069272,-50
62.47758482,6.456001102,-50
62.47782199,6.456266156,-50
62.47774978,6.456152115,-50
62.47836157,6.45780778,-50
62.47831412,6.457643185,-50
62.4784229,6.458170774,-50
62.47839549,6.457986576,-50
62.47816708,6.4571559,-50
62.47811599,6.456996507,-50
62.47826638,6.457478968,-50
62.4782169,6.457317198,-50
62.47854126,6.459305841,-50
62.47852222,6.459116327,-50
62.47857934,6.459684871,-50
62.4785603,6.459495356,-50
62.47846352,6.458548537,-50
62.47844365,6.458359419,-50
62.47850318,6.458926812,-50
62.47848339,6.458737654,-50
62.47870146,6.460818034,-50
62.47867958,6.460629959,-50
62.47875181,6.461190293,-50
62.47872627,6.461004381,-50
62.47861762,6.460063807,-50
62.47859839,6.459874386,-50
62.47865769,6.460441885,-50
62.47863766,6.460252846,-50
62.47891649,6.462298106,-50
62.47888981,6.462112946,-50
62.47896802,6.462669635,-50
62.47894267,6.462483602,-50
62.47880615,6.461559949,-50
62.47877873,6.461375293,-50
62.47886199,6.461928564,-50
62.47883407,6.461744256,-50
62.47909695,6.463799382,-50
62.47907526,6.463611197,-50
62.47914005,6.464175905,-50
62.47911864,6.463987568,-50
62.47901081,6.463046316,-50
62.47898945,6.462857952,-50
62.47905358,6.463423011,-50
62.47903216,6.463234681,-50
62.47926413,6.465308175,-50
62.47924409,6.465119138,-50
62.47930422,6.46568625,-50
62.47928418,6.465497213,-50
62.47918225,6.4645529,-50
62.47916115,6.464364402,-50
62.47922405,6.464930102,-50
62.47920335,6.464741397,-50
62.47942447,6.46682048,-50
62.47940443,6.466631441,-50
62.47946378,6.467198927,-50
62.47944451,6.467009519,-50
62.4793443,6.466064326,-50
62.47932426,6.465875288,-50
62.47938439,6.466442402,-50
62.47936434,6.466253364,-50
62.4795747,6.468337589,-50
62.47955643,6.468147713,-50
62.47961124,6.468717341,-50
62.47959297,6.468527465,-50
62.47950128,6.467578239,-50
62.47948253,6.467388583,-50
62.47953816,6.467957837,-50
62.47951989,6.467767962,-50
62.47972381,6.469855247,-50
62.4797047,6.469665755,-50
62.47977297,6.470227981,-50
62.47974566,6.470043312,-50
62.47964778,6.469097095,-50
62.47962951,6.468907218,-50
62.4796856,6.469476263,-50
62.47966649,6.469286771,-50
62.47991882,6.471346751,-50
62.47989819,6.471158007,-50
62.47995568,6.471726134,-50
62.47993927,6.471535588,-50
62.47983226,6.470594048,-50
62.4798029,6.470410813,-50
62.47987734,6.470969374,-50
62.47985631,6.470780835,-50
62.48001775,6.472881869,-50
62.48000827,6.472689019,-50
62.48003129,6.473268645,-50
62.48002452,6.473075257,-50
62.47997879,6.472110698,-50
62.47996875,6.471917974,-50
62.47999859,6.47249621,-50
62.47998882,6.472303421,-50
62.48005625,6.474430886,-50
62.48005415,6.474237029,-50
62.48005409,6.474818671,-50
62.48005649,6.474624827,-50
62.4800422,6.473655799,-50
62.48003709,6.473462172,-50
62.48005065,6.474043236,-50
62.48004715,6.473849442,-50
62.48002621,6.475980714,-50
62.48003173,6.475787143,-50
62.48001815,6.476368069,-50
62.48002032,6.476174238,-50
62.48004632,6.475206175,-50
62.48005083,6.475012484,-50
62.48003659,6.475593487,-50
62.48004146,6.475399831,-50
62.48001376,6.477531667,-50
62.48001397,6.477337726,-50
62.48001339,6.477919548,-50
62.48001354,6.477725607,-50
62.48001617,6.476755927,-50
62.48001716,6.476561998,-50
62.48001419,6.477143786,-50
62.48001518,6.476949856,-50
62.4800172,6.479083154,-50
62.48001613,6.478889227,-50
62.4800236,6.479470763,-50
62.48001988,6.479276988,-50
62.48001395,6.478307428,-50
62.48001367,6.478113488,-50
62.48001505,6.478695299,-50
62.48001423,6.478501368,-50
62.48006669,6.48062995,-50
62.48005487,6.480437702,-50
62.48009211,6.481013914,-50
62.48007882,6.480822108,-50
62.48003175,6.479858236,-50
62.48002732,6.479664537,-50
62.48004499,6.480244939,-50
62.48003681,6.48005187,-50
62.48018528,6.4821598,-50
62.48016854,6.481969289,-50
62.48022495,6.482538095,-50
62.48020511,6.482348948,-50
62.48011997,6.481397087,-50
62.48010556,6.48120566,-50
62.48015193,6.481778706,-50
62.48013437,6.481588515,-50
62.48033946,6.483675049,-50
62.48032178,6.483484907,-50
62.48037235,6.484056356,-50
62.48035634,6.483865525,-50
62.48026461,6.482916391,-50
62.48024478,6.482727243,-50
62.4803041,6.483294765,-50
62.48028444,6.48310554,-50
62.48046392,6.485203054,-50
62.48044892,6.485011837,-50
62.48049367,6.485585576,-50
62.48047892,6.485394271,-50
62.48040389,6.484438205,-50
62.48038837,6.484247186,-50
62.48043391,6.484820625,-50
62.4804189,6.484629415,-50
62.48057464,6.486735985,-50
62.48056141,6.48654416,-50
62.48060025,6.487119894,-50
62.48058787,6.48692781,-50
62.48052209,6.48596857,-50
62.48050788,6.485777073,-50
62.48054846,6.486352244,-50
62.48053552,6.486160327,-50
62.48066399,6.488275346,-50
62.48065362,6.488082701,-50
62.48068266,6.488661119,-50
62.48067393,6.488468091,-50
62.48062344,6.487504532,-50
62.48061188,6.487312203,-50
62.48064341,6.487890013,-50
62.48063343,6.487697272,-50
62.48072867,6.489820392,-50
62.48072343,6.489626782,-50
62.4807387,6.490207677,-50
62.48073369,6.490014035,-50
62.4807004,6.48904711,-50
62.4806914,6.488854142,-50
62.48071644,6.489433424,-50
62.4807094,6.489240077,-50
62.48074303,6.491371243,-50
62.48074358,6.491177302,-50
62.48074165,6.491759124,-50
62.48074234,6.491565184,-50
62.48074209,6.490595486,-50
62.48074044,6.490401573,-50
62.48074339,6.490983356,-50
62.48074319,6.490789411,-50
62.48074173,6.492922687,-50
62.48073949,6.492728806,-50
62.48076533,6.493306545,-50
62.48074965,6.493115581,-50
62.48074026,6.492147005,-50
62.48074095,6.491953065,-50
62.48073888,6.492534886,-50
62.48073956,6.492340946,-50
62.48062761,6.494395018,-50
62.48066992,6.494223984,-50
62.48048831,6.494612118,-50
62.48057149,6.494542803,-50
62.48077402,6.493691836,-50
62.48077417,6.493499264,-50
62.48071223,6.49405295,-50
62.4807525,6.493879705,-50
62.47995034,6.494639114,-50
62.48004008,6.49463983,-50
62.47977086,6.494637336,-50
62.4798606,6.494638225,-50
62.48030929,6.494632346,-50
62.48039902,6.494629851,-50
62.48012982,6.494637336,-50
62.48021955,6.494634841,-50
62.47923292,6.494596108,-50
62.47932238,6.49460983,-50
62.47906594,6.494462818,-50
62.47914608,6.49454904,-50
62.47959141,6.49463121,-50
62.47968113,6.494635193,-50
62.47941201,6.494619367,-50
62.4795017,6.494625728,-50
62.47865006,6.4937281,-50
62.47871216,6.493868052,-50
62.47854254,6.493417807,-50
62.47859476,6.49357549,-50
62.47891915,6.494239736,-50
62.4789923,6.494352036,-50
62.47877916,6.493997059,-50
62.47884859,6.494119915,-50
62.47829357,6.492387579,-50
62.47832941,6.492565376,-50
62.47822947,6.492025571,-50
62.47825897,6.492208678,-50
62.4784504,6.493084972,-50
62.47849595,6.493252065,-50
62.47836849,6.492739871,-50
62.47840925,6.492912646,-50
62.47810047,6.490896554,-50
62.47811915,6.491086221,-50
62.47806691,6.490515557,-50
62.47808292,6.490706369,-50
62.47818225,6.491651705,-50
62.47820372,6.491839975,-50
62.47813875,6.491275471,-50
62.47815942,6.491464155,-50
62.47796044,6.489375464,-50
62.47798248,6.489563442,-50
62.47791129,6.489002576,-50
62.47793743,6.489188023,-50
62.47803552,6.490133679,-50
62.47805121,6.490324618,-50
62.47800222,6.489752598,-50
62.47801982,6.48994274,-50
62.47776209,6.48788566,-50
62.47778149,6.488074902,-50
62.47776214,6.487498371,-50
62.47775963,6.48769222,-50
62.47785572,6.488633774,-50
62.47788351,6.488818175,-50
62.47780284,6.488263261,-50
62.47782823,6.488449175,-50
62.47771503,6.486339864,-50
62.4777242,6.48653277,-50
62.47769208,6.485955205,-50
62.4777041,6.486147382,-50
62.47775106,6.487111648,-50
62.47775987,6.487304631,-50
62.47773315,6.48672573,-50
62.47774211,6.486918689,-50
62.47756165,6.484828709,-50
62.47758976,6.485012776,-50
62.47750302,6.484462251,-50
62.47753197,6.484645733,-50
62.47765977,6.485573981,-50
62.4776787,6.485763453,-50
62.4776152,6.485198745,-50
62.4776406,6.485384745,-50
62.47730296,6.483382044,-50
62.47733688,6.483561581,-50
62.47723512,6.483022973,-50
62.47726904,6.483202508,-50
62.47743773,6.484100982,-50
62.47747008,6.484281866,-50
62.4773708,6.483741118,-50
62.47740473,6.483920655,-50
62.47700768,6.481968987,-50
62.47705012,6.482139829,-50
62.47691779,6.481633354,-50
62.47696396,6.481799636,-50
62.47716331,6.482667608,-50
62.47720065,6.48284395,-50
62.47708868,6.482314884,-50
62.477126,6.482491243,-50
62.47661861,6.480666378,-50
62.47666981,6.480825623,-50
62.47651165,6.480355077,-50
62.47656649,6.480508571,-50
62.47682196,6.481305539,-50
62.47687135,6.481467419,-50
62.4767212,6.4809846,-50
62.4767722,6.481144162,-50
62.4761727,6.479451118,-50
62.4762291,6.479601935,-50
62.47606421,6.479142284,-50
62.47611765,6.479297968,-50
62.47639994,6.480051556,-50
62.47645618,6.48020264,-50
62.47628604,6.479751808,-50
62.47634299,6.479901681,-50
62.47574805,6.47820263,-50
62.47580698,6.478348837,-50
62.4756244,6.477921537,-50
62.47568644,6.478061628,-50
62.47596474,6.478819483,-50
62.47601401,6.478981562,-50
62.47586338,6.478499547,-50
62.47591547,6.478657404,-50
62.47525047,6.477084395,-50
62.4753122,6.477225143,-50
62.47513014,6.476796713,-50
62.47518948,6.476942181,-50
62.47549944,6.477643147,-50
62.47556192,6.477782341,-50
62.47537448,6.477364759,-50
62.47543696,6.477503952,-50
62.47481232,6.475858987,-50
62.47486265,6.47601952,-50
62.47470741,6.475544357,-50
62.47476038,6.475700874,-50
62.47501668,6.476496558,-50
62.47507157,6.476649812,-50
62.47491299,6.476180052,-50
62.47496416,6.476339326,-50
62.474337,6.474703015,-50
62.47440325,6.474833788,-50
62.47420245,6.474446403,-50
62.47427027,6.47457337,-50
62.47459419,6.475243838,-50
62.47465296,6.475390307,-50
62.47446765,6.474968845,-50
62.47453138,6.475105343,-50
62.47380027,6.473673005,-50
62.47386606,6.473804875,-50
62.47366998,6.4734064,-50
62.47373451,6.473541047,-50
62.47406679,6.47419247,-50
62.47413462,6.474319436,-50
62.47393225,6.473935799,-50
62.4739993,6.474064664,-50
62.47344403,6.472389033,-50
62.47345666,6.472581,-50
62.47341876,6.472005099,-50
62.47343139,6.472197066,-50
62.47355041,6.473117599,-50
62.47360841,6.473265374,-50
62.47347437,6.472770971,-50
62.47350207,6.472955112,-50
62.47335311,6.470850735,-50
62.47336145,6.471043793,-50
62.47333784,6.470464449,-50
62.47334435,6.470657765,-50
62.47339345,6.471621179,-50
62.47340611,6.471813135,-50
62.47336961,6.471236888,-50
62.47338078,6.471429223,-50
62.47333623,6.469301746,-50
62.47333171,6.469495397,-50
62.47335081,6.468915457,-50
62.47334134,6.469108163,-50
62.47333196,6.470076902,-50
62.47333389,6.470270738,-50
62.47332951,6.469689144,-50
62.47333071,6.469883024,-50
62.4735013,6.467803715,-50
62.47347891,6.467991481,-50
62.47353777,6.467424103,-50
62.47352041,6.467614341,-50
62.47339039,6.468539399,-50
62.47336293,6.468723347,-50
62.47345672,6.468179109,-50
62.47342383,6.468359483,-50
62.47354203,6.466261584,-50
62.47354393,6.466455435,-50
62.47353747,6.465873913,-50
62.47353975,6.466067749,-50
62.47354606,6.467037112,-50
62.4735436,6.467230896,-50
62.47354464,6.466649327,-50
62.47354535,6.46684322,-50
62.47351813,6.464711289,-50
62.47352164,6.464905039,-50
62.47351106,6.464323793,-50
62.47351459,6.464517541,-50
62.47353203,6.465486301,-50
62.47353518,6.465680077,-50
62.4735251,6.465098793,-50
62.47352857,6.465292547,-50
62.47348939,6.463161351,-50
62.47349338,6.463355053,-50
62.47347538,6.462774821,-50
62.47348373,6.462967867,-50
62.47350399,6.463936297,-50
62.47350753,6.464130045,-50
62.47349692,6.463548801,-50
62.47350046,6.463742549,-50
62.47338027,6.461630046,-50
62.4733975,6.461820336,-50
62.47334945,6.461248055,-50
62.47336387,6.461439435,-50
62.4734483,6.462391568,-50
62.47346361,6.462582597,-50
62.47341472,6.462010627,-50
62.47343195,6.462200918,-50
62.47333162,6.460092384,-50
62.47334153,6.460285012,-50
62.47329952,6.459710887,-50
62.47331638,6.459901304,-50
62.47333538,6.460863154,-50
62.47333701,6.461056031,-50
62.47335124,6.460477763,-50
62.47334737,6.460671067,-50
62.47317954,6.458576844,-50
62.47320044,6.45876541,-50
62.47313681,6.458200205,-50
62.47315844,6.458388388,-50
62.47326194,6.459331718,-50
62.47328147,6.45952095,-50
62.47322129,6.458954,-50
62.47324161,6.459142859,-50
62.47298704,6.457083041,-50
62.47301432,6.457267757,-50
62.47293036,6.45671513,-50
62.47295914,6.456898752,-50
62.47309101,6.45782528,-50
62.47311465,6.458012327,-50
62.47304111,6.457452803,-50
62.47306685,6.457638553,-50
62.47272516,6.455640795,-50
62.47275801,6.455820655,-50
62.47267567,6.455268098,-50
62.47269915,6.455455234,-50
62.47286753,6.456351891,-50
62.47289925,6.456533259,-50
62.47279543,6.455996888,-50
62.47283272,6.456173254,-50
62.47254111,6.454141832,-50
62.47256615,6.454327971,-50
62.4724803,6.453776996,-50
62.47251095,6.453959219,-50
62.47263195,6.454891994,-50
62.47265353,6.455080198,-50
62.47258876,6.454515604,-50
62.47261037,6.454703791,-50
62.47228737,6.452690911,-50
62.47231977,6.452871722,-50
62.47222256,6.452329291,-50
62.47225497,6.452510101,-50
62.47241697,6.453414158,-50
62.47244895,6.453595317,-50
62.47235217,6.453052534,-50
62.47238457,6.453233346,-50
62.47203686,6.451237509,-50
62.47206567,6.451421139,-50
62.47197864,6.450870703,-50
62.47200806,6.45105388,-50
62.47215796,6.451967504,-50
62.47219016,6.452148481,-50
62.47209542,6.451604053,-50
62.47212582,6.45178648,-50
62.47181059,6.44976559,-50
62.47183807,6.449950158,-50
62.47175542,6.449396585,-50
62.47178301,6.449581087,-50
62.47191969,6.450504439,-50
62.47194917,6.450687571,-50
62.47186523,6.450134958,-50
62.47189238,6.450319758,-50
62.47159285,6.448287564,-50
62.47161988,6.448472449,-50
62.4715388,6.447917797,-50
62.47156582,6.44810268,-50
62.47170095,6.449027104,-50
62.47172798,6.44921199,-50
62.4716469,6.448657334,-50
62.47167393,6.448842219,-50
62.47137396,6.446810344,-50
62.47140151,6.446994864,-50
62.47131998,6.446440531,-50
62.47134693,6.446625464,-50
62.47148417,6.447548425,-50
62.47151172,6.447732946,-50
62.47142907,6.447179384,-50
62.47145662,6.447363904,-50
62.47117743,6.445319219,-50
62.47119687,6.445508495,-50
62.47115293,6.444936153,-50
62.47115904,6.445129454,-50
62.47126747,6.446069738,-50
62.4712935,6.446255285,-50
62.47121929,6.445696216,-50
62.47124294,6.44588324,-50
62.4711187,6.443778478,-50
62.47113401,6.443969495,-50
62.47108764,6.443396573,-50
62.47110275,6.443587686,-50
62.47115388,6.444548419,-50
62.47115273,6.444742286,-50
62.47114696,6.444161302,-50
62.47115366,6.444354644,-50
62.47098054,6.442256693,-50
62.47099554,6.442447849,-50
62.47094938,6.441874843,-50
62.47096505,6.442065727,-50
62.47105133,6.443016861,-50
62.47106996,6.443206519,-50
62.47101407,6.442637545,-50
62.4710327,6.442827203,-50
62.47089138,6.440718563,-50
62.47089944,6.440911661,-50
62.4708762,6.440332207,-50
62.47088333,6.440525464,-50
62.47092557,6.44149051,-50
62.47093747,6.441682676,-50
62.4709077,6.441104719,-50
62.47091602,6.441297764,-50
62.47086888,6.439169485,-50
62.4708679,6.439363354,-50
62.47086269,6.438781956,-50
62.47086578,6.438975721,-50
62.47086928,6.439944838,-50
62.4708716,6.440138642,-50
62.47086692,6.439557223,-50
62.47086595,6.439751092,-50
62.47077492,6.43763836,-50
62.47079675,6.43782642,-50
62.4707421,6.437257722,-50
62.47075514,6.437449289,-50
62.47085263,6.438394864,-50
62.47085879,6.43858828,-50
62.47081865,6.438014433,-50
62.47083841,6.438203487,-50
62.4707553,6.436095585,-50
62.47074959,6.436289071,-50
62.47076689,6.435708635,-50
62.4707611,6.43590211,-50
62.47073924,6.436870181,-50
62.47073915,6.437064058,-50
62.4707444,6.436482626,-50
62.47074112,6.436676344,-50
62.47078431,6.434546691,-50
62.47078686,6.434740445,-50
62.47076983,6.434160261,-50
62.47077775,6.434353377,-50
62.47077834,6.435321665,-50
62.47077269,6.43551516,-50
62.47078594,6.434934277,-50
62.4707828,6.435128036,-50
62.4706887,6.433010949,-50
62.47070502,6.433201584,-50
62.47065214,6.432631321,-50
62.47067042,6.432821135,-50
62.4707496,6.433775154,-50
62.47076219,6.433967115,-50
62.47072087,6.433392415,-50
62.47073568,6.433583635,-50
62.47053914,6.43149397,-50
62.47055842,6.431683324,-50
62.47050057,6.431115276,-50
62.47051986,6.431304623,-50
62.47061557,6.432251694,-50
62.47063385,6.432441508,-50
62.47057767,6.431872689,-50
62.47059692,6.432062054,-50
62.47036312,6.429990623,-50
62.47038716,6.430177409,-50
62.47031015,6.429620201,-50
62.47033784,6.429804597,-50
62.47045593,6.430739732,-50
62.47047862,6.43092731,-50
62.47041058,6.430364564,-50
62.47043325,6.430552151,-50
62.47012581,6.428527419,-50
62.47015822,6.428708216,-50
62.47006101,6.428165825,-50
62.47009341,6.428346622,-50
62.47025197,6.429253391,-50
62.47028138,6.42943656,-50
62.47019062,6.428889013,-50
62.47022162,6.429070944,-50
62.46987556,6.42707405,-50
62.46990381,6.427258069,-50
62.46981977,6.426705522,-50
62.46984739,6.426889983,-50
62.46999621,6.427804234,-50
62.47002861,6.427985029,-50
62.46993218,6.427442004,-50
62.46996405,6.427623236,-50
62.46966741,6.425590203,-50
62.46968983,6.425777925,-50
62.4696256,6.42521319,-50
62.46964547,6.425402212,-50
62.46976558,6.426335871,-50
62.46979266,6.426520703,-50
62.46971271,6.425965386,-50
62.46973854,6.426151009,-50
62.46951922,6.424072938,-50
62.46953585,6.424263452,-50
62.46948797,6.423691139,-50
62.46950271,6.423882379,-50
62.46958889,6.424833645,-50
62.46960718,6.425023449,-50
62.46955251,6.42445395,-50
62.4695707,6.424643798,-50
62.4693994,6.42254376,-50
62.46941419,6.42273498,-50
62.46936982,6.422161322,-50
62.46938461,6.422352541,-50
62.4694585,6.42330866,-50
62.46947324,6.423499899,-50
62.46942898,6.4229262,-50
62.46944377,6.42311742,-50
62.4693018,6.421008185,-50
62.46930786,6.421201613,-50
62.46929096,6.42062116,-50
62.46929623,6.42081469,-50
62.46934024,6.421778885,-50
62.46935503,6.421970103,-50
62.46931881,6.421393966,-50
62.46932998,6.421586312,-50
62.46934598,6.41946746,-50
62.4693306,6.419658462,-50
62.46936257,6.41908164,-50
62.46935578,6.419274855,-50
62.46929418,6.420234059,-50
62.46928786,6.420427406,-50
62.46931522,6.419849465,-50
62.46930113,6.420040859,-50
62.46938866,6.41791981,-50
62.46938485,6.418113505,-50
62.46939628,6.417532419,-50
62.46939247,6.417726115,-50
62.46937128,6.418694362,-50
62.46936662,6.418887968,-50
62.46938103,6.4183072,-50
62.46937637,6.418500804,-50
62.46941445,6.416369951,-50
62.46941304,6.416563798,-50
62.46941889,6.415982366,-50
62.46941586,6.416176105,-50
62.4694039,6.417145029,-50
62.46940009,6.417338724,-50
62.46941153,6.416757638,-50
62.46940771,6.416951333,-50
62.46947879,6.414828666,-50
62.46946086,6.415018628,-50
62.4695148,6.414448818,-50
62.46949695,6.414638806,-50
62.46942768,6.415595094,-50
62.469423,6.415788699,-50
62.46944533,6.415209484,-50
62.46943392,6.415401782,-50
62.46965439,6.413332584,-50
62.46961458,6.413506037,-50
62.4697526,6.413008418,-50
62.46970135,6.413167389,-50
62.46954531,6.414066721,-50
62.46953005,6.41425777,-50
62.46958441,6.413688514,-50
62.46956398,6.413877139,-50
62.470101,6.412121903,-50
62.47004224,6.412268438,-50
62.470262,6.412005473,-50
62.47017293,6.412029178,-50
62.46986532,6.412706828,-50
62.46980776,6.412855549,-50
62.46998313,6.412414314,-50
62.46992402,6.41256019,-50
62.47079163,6.412147338,-50
62.47070456,6.412100446,-50
62.47096747,6.412223968,-50
62.47087909,6.412190584,-50
62.47044079,6.411986711,-50
62.47035117,6.41198433,-50
62.47061732,6.412055015,-50
62.47052953,6.412014915,-50
62.47150349,6.412324243,-50
62.47141479,6.412295157,-50
62.47167667,6.412424794,-50
62.47159075,6.412369085,-50
62.47114618,6.412257418,-50
62.47105661,6.412245801,-50
62.47132539,6.412278549,-50
62.4712358,6.412267383,-50
62.47216208,6.412922874,-50
62.47208414,6.412826781,-50
62.47231068,6.413140096,-50
62.47223745,6.413028048,-50
62.47184408,6.412564377,-50
62.47176078,6.412492332,-50
62.47200581,6.412732243,-50
62.47192522,6.412647061,-50
62.47268984,6.413954642,-50
62.47263847,6.413795761,-50
62.47278021,6.414289488,-50
62.47273644,6.414120216,-50
62.47245303,6.413376115,-50
62.47238288,6.413255251,-50
62.4725827,6.41364397,-50
62.47251877,6.413507938,-50
62.47296196,6.415374143,-50
62.47295009,6.415182093,-50
62.47296241,6.41576163,-50
62.47296456,6.415567812,-50
62.47286276,6.414633699,-50
62.4728227,6.414460253,-50
62.47292892,6.414993766,-50
62.47289839,6.414811614,-50
62.47291052,6.416919308,-50
62.47292073,6.416726675,-50
62.47288999,6.41730455,-50
62.47290025,6.417111929,-50
62.47294936,6.416148344,-50
62.47295655,6.415955075,-50
62.47293089,6.416534029,-50
62.47294105,6.416341382,-50
62.47042033,6.449274881,-10
62.47041222,6.449081862,-10
62.47042146,6.449661664,-10
62.47041866,6.449468494,-10
62.47036091,6.448511256,-10
62.4703348,6.448325819,-10
62.47039786,6.448890556,-10
62.47038115,6.44870007,-10
62.47053426,6.450798118,-10
62.47052103,6.450606637,-10
62.47055291,6.451182513,-10
62.47053748,6.450991872,-10
62.47045953,6.450040496,-10
62.47043913,6.44985172,-10
62.47050283,6.4504168,-10
62.47048118,6.450228648,-10
62.47069683,6.452302721,-10
62.4706694,6.452118123,-10
62.4707605,6.452665209,-10
62.47072757,6.452484862,-10
62.47059602,6.45155892,-10
62.47057458,6.451370655,-10
62.47064213,6.451933409,-10
62.47061681,6.451747525,-10
62.47097326,6.4537337,-10
62.47093624,6.45355708,-10
62.47104729,6.454086943,-10
62.47101027,6.453910322,-10
62.47082936,6.453023245,-10
62.47079374,6.452845299,-10
62.47090061,6.453379146,-10
62.47086519,6.453200999,-10
62.47126439,6.455151391,-10
62.47122945,6.454972804,-10
62.47133384,6.45550895,-10
62.47129912,6.455330164,-10
62.47112132,6.454440188,-10
62.4710843,6.454263566,-10
62.47119451,6.454794218,-10
62.47115833,6.454616811,-10
62.47146995,6.456626922,-10
62.47146038,6.456434148,-10
62.47148202,6.457013665,-10
62.47147778,6.456820032,-10
62.47139923,6.455870013,-10
62.47136751,6.455688645,-10
62.47144905,6.456241823,-10
62.47142687,6.456054058,-10
62.47142534,6.45816675,-10
62.47144174,6.457976133,-10
62.47139904,6.458550214,-10
62.47141062,6.458357978,-10
62.47148101,6.457401353,-10
62.47148239,6.457207548,-10
62.4714575,6.457785269,-10
62.47147229,6.457594035,-10
62.47137601,6.459712237,-10
62.47137955,6.459518503,-10
62.47137093,6.460099838,-10
62.47137297,6.459906004,-10
62.47138874,6.458937192,-10
62.47139231,6.458743472,-10
62.47138302,6.459324764,-10
62.47138588,6.459130978,-10
62.47136692,6.461263074,-10
62.47136705,6.461069196,-10
62.47136969,6.461650797,-10
62.47136831,6.461456935,-10
62.47136831,6.460487549,-10
62.47136888,6.460293672,-10
62.47136751,6.460875314,-10
62.47136793,6.460681432,-10
62.47141014,6.462808727,-10
62.4713936,6.462618259,-10
62.47145145,6.463186074,-10
62.47143037,6.46299762,-10
62.47137633,6.462038297,-10
62.47137295,6.461844551,-10
62.47138301,6.462425798,-10
62.47137968,6.462232047,-10
62.47158131,6.464315033,-10
62.47155868,6.464127414,-10
62.47162669,6.464690204,-10
62.471604,6.464502619,-10
62.47149434,6.463562609,-10
62.4714729,6.463374342,-10
62.47153723,6.463939146,-10
62.47151579,6.463750877,-10
62.47176295,6.465815662,-10
62.47174015,6.465628136,-10
62.47180768,6.466191167,-10
62.47178587,6.466003118,-10
62.47167208,6.465065376,-10
62.47164938,6.46487779,-10
62.47171746,6.465440549,-10
62.47169477,6.465252962,-10
62.47189688,6.46733639,-10
62.47188732,6.467143604,-10
62.47192331,6.467719661,-10
62.47190754,6.467528811,-10
62.47184766,6.466569197,-10
62.47182794,6.466380049,-10
62.47187806,6.466950754,-10
62.47186749,6.466758289,-10
62.47205806,6.468845364,-10
62.47203188,6.468659958,-10
62.47211988,6.469209369,-10
62.4720879,6.469028218,-10
62.47196236,6.468098133,-10
62.47194222,6.467909195,-10
62.47200724,6.468473527,-10
62.47198353,6.46828653,-10
62.47235276,6.470256612,-10
62.4723099,6.470086267,-10
62.47243685,6.470599083,-10
62.47239563,6.470426957,-10
62.47218814,6.469567743,-10
62.47215151,6.46939075,-10
62.47226726,6.469915669,-10
62.47222633,6.469743119,-10
62.47264858,6.47166852,-10
62.47261521,6.471488528,-10
62.47271101,6.472032033,-10
62.4726808,6.471849453,-10
62.47251053,6.470952663,-10
62.47247425,6.470775334,-10
62.4725813,6.471309031,-10
62.47254591,6.471130847,-10
62.47284698,6.473153179,-10
62.4728369,6.472960663,-10
62.47286162,6.473539601,-10
62.47285303,6.473346632,-10
62.47276804,6.47239967,-10
62.4727406,6.472215062,-10
62.47282177,6.47276957,-10
62.47279541,6.472584328,-10
62.47299107,6.474667324,-10
62.47296717,6.474480444,-10
62.47303698,6.475042214,-10
62.47301402,6.474854769,-10
62.47289626,6.473919541,-10
62.47287586,6.473730724,-10
62.47294209,6.474294277,-10
62.47291701,6.474108109,-10
62.47318188,6.476162504,-10
62.47315545,6.475977221,-10
62.47323688,6.476531634,-10
62.47320912,6.476347247,-10
62.47308289,6.475417106,-10
62.47305993,6.47522966,-10
62.47313024,6.475791128,-10
62.47310584,6.475604552,-10
62.473423,6.477622557,-10
62.47338703,6.477444918,-10
62.47349555,6.477977257,-10
62.47345903,6.477800143,-10
62.47329358,6.476899566,-10
62.47326504,6.476715734,-10
62.47335404,6.477264623,-10
62.47332267,6.477082996,-10
62.47371776,6.47903695,-10
62.47368028,6.478860762,-10
62.47379438,6.479387622,-10
62.47375576,6.479212602,-10
62.4735686,6.478331486,-10
62.47353208,6.478154371,-10
62.47364281,6.478684574,-10
62.47360534,6.478508387,-10
62.47403369,6.480429714,-10
62.47399301,6.480256883,-10
62.47412919,6.480757192,-10
62.47407754,6.480598632,-10
62.47387164,6.479737664,-10
62.47383301,6.479562643,-10
62.47395234,6.480084032,-10
62.47391167,6.479911182,-10
62.46918979,6.429807325,-30
62.46921904,6.429990607,-30
62.46913308,6.429439485,-30
62.46916053,6.429624043,-30
62.46930825,6.430539352,-30
62.46933821,6.430722097,-30
62.46924832,6.430173864,-30
62.46927828,6.430356608,-30
62.46898072,6.428324163,-30
62.46900235,6.428512311,-30
62.4689438,6.427944972,-30
62.46896008,6.428135624,-30
62.46907944,6.429069471,-30
62.46910626,6.429254478,-30
62.46902784,6.428698118,-30
62.46905399,6.428883562,-30
62.46887998,6.426790162,-30
62.46888897,6.426983054,-30
62.46886056,6.42640471,-30
62.46887061,6.426597357,-30
62.46891896,6.427560984,-30
62.46893102,6.427753088,-30
62.46889796,6.427175946,-30
62.46890754,6.427368693,-30
62.46876323,6.425261077,-30
62.46878105,6.425451085,-30
62.46872639,6.424881603,-30
62.4687449,6.4250713,-30
62.46883378,6.426021413,-30
62.46884825,6.426212679,-30
62.46879886,6.425641093,-30
62.46881668,6.425831102,-30
62.46861399,6.423744036,-30
62.46863285,6.423933572,-30
62.46857532,6.423365413,-30
62.46859465,6.423554724,-30
62.46868936,6.42450221,-30
62.46870788,6.424691907,-30
62.46865169,6.424123115,-30
62.46867054,6.424312658,-30
62.46845929,6.422229551,-30
62.46847863,6.42241886,-30
62.46842062,6.421850932,-30
62.46843996,6.422040241,-30
62.46853664,6.422986791,-30
62.46855598,6.423176102,-30
62.46849797,6.42260817,-30
62.46851731,6.422797481,-30
62.46831195,6.420711709,-30
62.46832943,6.42090186,-30
62.46827778,6.420331074,-30
62.46829486,6.420521395,-30
62.46838331,6.421471672,-30
62.46840188,6.421661342,-30
62.46834691,6.421092012,-30
62.46836475,6.421282003,-30
62.46823376,6.419177292,-30
62.46823066,6.419371039,-30
62.46822568,6.418791054,-30
62.4682358,6.418983482,-30
62.46824508,6.419949857,-30
62.46826071,6.420140753,-30
62.4682279,6.419564788,-30
62.46823078,6.41975855,-30
62.46811673,6.417652699,-30
62.46813906,6.417840459,-30
62.46807176,6.417277341,-30
62.46809424,6.41746502,-30
62.46819677,6.418408466,-30
62.46821177,6.418599597,-30
62.46815954,6.418029204,-30
62.46817881,6.418218526,-30
62.46792799,6.416156827,-30
62.46795643,6.416340696,-30
62.46786488,6.415793965,-30
62.46789758,6.415974497,-30
62.46802679,6.416901984,-30
62.46804928,6.417089662,-30
62.46798079,6.416527216,-30
62.46800415,6.416714397,-30
62.46764586,6.414731989,-30
62.46768576,6.414905629,-30
62.46755475,6.414398563,-30
62.46760136,6.41456406,-30
62.46779592,6.415436019,-30
62.46783056,6.415614854,-30
62.4677254,6.41507949,-30
62.46776125,6.415257207,-30
62.46727644,6.413404686,-30
62.46731721,6.413577375,-30
62.46720032,6.413053616,-30
62.46723742,6.413230128,-30
62.46745242,6.414080025,-30
62.46750359,6.414239294,-30
62.4673604,6.413747192,-30
62.46740646,6.413913561,-30
62.46698035,6.411992014,-30
62.46701593,6.412169987,-30
62.46690358,6.411641727,-30
62.46694333,6.411815429,-30
62.46712611,6.412700593,-30
62.46716321,6.412877104,-30
62.4670519,6.412347573,-30
62.46708901,6.412524083,-30
62.46669355,6.410572508,-30
62.46672324,6.410755446,-30
62.46663615,6.410205251,-30
62.46666386,6.41038957,-30
62.4668233,6.411295059,-30
62.46686171,6.41147026,-30
62.46675529,6.410936503,-30
62.46678755,6.411117403,-30
62.46648882,6.40908673,-30
62.46651042,6.409274881,-30
62.46644615,6.408710146,-30
62.46646722,6.408898578,-30
62.46658508,6.409833575,-30
62.46661062,6.410019412,-30
62.46653457,6.409461542,-30
62.46655982,6.409647562,-30
62.46633233,6.407573727,-30
62.46634663,6.407765075,-30
62.46630562,6.407190375,-30
62.46631849,6.407382194,-30
62.46640538,6.40833258,-30
62.46642577,6.408521363,-30
62.46636512,6.407954766,-30
62.46638505,6.40814377,-30
62.46626322,6.406032709,-30
62.46626063,6.406226252,-30
62.46630186,6.405655802,-30
62.46627509,6.405840564,-30
62.46628488,6.406805282,-30
62.46629489,6.406997916,-30
62.46626664,6.406419595,-30
62.46627555,6.406612482,-30
62.46647714,6.404557011,-30
62.4664542,6.404744268,-30
62.46650448,6.404174057,-30
62.46649335,6.404366349,-30
62.46636117,6.405289972,-30
62.46632996,6.405471715,-30
62.466424,6.404926804,-30
62.46639259,6.405108388,-30
62.46663972,6.403062608,-30
62.46659574,6.403230981,-30
62.46678845,6.402891299,-30
62.46670093,6.402922567,-30
62.4665248,6.40378885,-30
62.46651454,6.403981428,-30
62.46656162,6.403410164,-30
62.46653984,6.403598109,-30
62.46723298,6.40351295,-30
62.46716445,6.403387785,-30
62.46736971,6.403764102,-30
62.4673015,6.403638115,-30
62.46695481,6.403025223,-30
62.4668753,6.402935366,-30
62.46709592,6.40326262,-30
62.46702739,6.403137456,-30
62.4677577,6.404569418,-30
62.46769648,6.404427741,-30
62.46787858,6.404855989,-30
62.46781773,6.404713498,-30
62.46750413,6.404020885,-30
62.46743763,6.403890786,-30
62.46763316,6.404290379,-30
62.46756905,6.404154727,-30
62.46824451,6.405709259,-30
62.46818354,6.405567012,-30
62.46836427,6.405998032,-30
62.46830431,6.405853798,-30
62.46800028,6.405140973,-30
62.46793943,6.404998481,-30
62.46812244,6.40542502,-30
62.46806134,6.405283028,-30
62.4686903,6.406923274,-30
62.46863556,6.40676973,-30
62.46880716,6.407217426,-30
62.4687476,6.407072432,-30
62.46847693,6.406299839,-30
62.46842129,6.406147744,-30
62.46858278,6.406612953,-30
62.46852999,6.406456176,-30
62.46923696,6.407909621,-30
62.46916279,6.407800632,-30
62.46939041,6.40811061,-30
62.46931313,6.408012078,-30
62.46893793,6.407482123,-30
62.46886993,6.407355743,-30
62.46908832,6.40769275,-30
62.46901179,6.407591491,-30
62.46989072,6.408484332,-30
62.46980106,6.408479771,-30
62.47006892,6.408446478,-30
62.46998037,6.408476387,-30
62.46954917,6.408291305,-30
62.46946928,6.40820299,-30
62.46971257,6.408449958,-30
62.4696298,6.40837641,-30
62.47543891,6.446742303,-40
62.4754009,6.446566645,-40
62.47551492,6.44709362,-40
62.47547692,6.446917961,-40
62.47024439,6.408365391,-30
62.47015648,6.408403961,-30
62.47042238,6.408382087,-30
62.47033383,6.408353768,-30
62.47571671,6.448171769,-40
62.47568645,6.447989212,-40
62.47577846,6.448535906,-40
62.47574721,6.448354135,-40
62.47558636,6.447449357,-40
62.47555116,6.447270986,-40
62.47565474,6.447807818,-40
62.4756224,6.447626946,-40
62.4759544,6.449635433,-40
62.47592603,6.449451472,-40
62.47600635,6.450006659,-40
62.47598038,6.449821046,-40
62.47583934,6.448900734,-40
62.47580932,6.448717991,-40
62.47589747,6.449267637,-40
62.47586892,6.449083803,-40
62.47614085,6.451132946,-40
62.47612004,6.450944314,-40
62.47618396,6.451509404,-40
62.47616166,6.451321577,-40
62.47605637,6.450379092,-40
62.47603233,6.450192272,-40
62.47609924,6.450755683,-40
62.47607838,6.450567081,-40
62.47639702,6.452567362,-40
62.4763464,6.45240724,-40
62.47650146,6.45288277,-40
62.47644922,6.452725101,-40
62.47623354,6.451882033,-40
62.47620714,6.451696716,-40
62.47630021,6.452241351,-40
62.47626259,6.452065496,-40
62.47683299,6.453798757,-40
62.47677403,6.453652595,-40
62.47695715,6.454078725,-40
62.47689393,6.453941088,-40
62.476608,6.453194873,-40
62.4765548,6.45303871,-40
62.47671696,6.45350294,-40
62.47666089,6.453351532,-40
62.47734592,6.454883533,-40
62.47728016,6.45475158,-40
62.47747996,6.455141394,-40
62.47741232,6.455013967,-40
62.4770846,6.454351766,-40
62.47702036,6.454216362,-40
62.4772144,6.454619627,-40
62.47714949,6.454485705,-40
62.47789084,6.455892816,-40
62.47782005,6.455773888,-40
62.47804649,6.45608551,-40
62.47796793,6.455991763,-40
62.47761528,6.45539619,-40
62.47754761,6.455268822,-40
62.47775179,6.455647988,-40
62.47768354,6.455522089,-40
62.47844367,6.456861703,-40
62.47838448,6.456716727,-40
62.47852563,6.457204239,-40
62.47849183,6.457024592,-40
62.47819308,6.456308511,-40
62.47812175,6.456190881,-40
62.47832275,6.456575967,-40
62.47826048,6.456436338,-40
62.47869252,6.45831012,-40
62.47866709,6.458124139,-40
62.47874038,6.458683942,-40
62.47871645,6.458497031,-40
62.47858649,6.457569085,-40
62.47855642,6.457386369,-40
62.47864164,6.457938171,-40
62.47861434,6.457753444,-40
62.47887597,6.459809867,-40
62.47885551,6.45962104,-40
62.47891688,6.460187524,-40
62.47889642,6.459998695,-40
62.47878824,6.459057765,-40
62.47876431,6.458870853,-40
62.47883425,6.459432634,-40
62.47881216,6.459244677,-40
62.47907113,6.461301293,-40
62.47904113,6.461118517,-40
62.47913103,6.461666924,-40
62.47910108,6.461484108,-40
62.47896011,6.460563946,-40
62.47893782,6.460376095,-40
62.47901133,6.460935599,-40
62.47898391,6.460750938,-40
62.47930471,6.46276804,-40
62.4792785,6.462582575,-40
62.47935266,6.463141815,-40
62.47932869,6.462954927,-40
62.47919093,6.462032556,-40
62.47916098,6.461849739,-40
62.47925182,6.462397406,-40
62.47922151,6.462214883,-40
62.47948935,6.464267298,-40
62.479467,6.464079468,-40
62.47953403,6.464642959,-40
62.47951169,6.464455128,-40
62.47939926,6.463516383,-40
62.47937614,6.463328992,-40
62.47944466,6.463891638,-40
62.47942232,6.463703808,-40
62.47968095,6.465762164,-40
62.47965332,6.465577646,-40
62.47973663,6.46613091,-40
62.47970879,6.465946537,-40
62.47958022,6.465017764,-40
62.47955679,6.464830551,-40
62.4796277,6.465391819,-40
62.47960365,6.465204977,-40
62.47990295,6.467237592,-40
62.47987605,6.467052606,-40
62.47995172,6.467610878,-40
62.47992733,6.467424235,-40
62.4797923,6.466499658,-40
62.47976446,6.466315284,-40
62.47984807,6.466868334,-40
62.47982013,6.466684032,-40
62.48009802,6.468730745,-40
62.48007364,6.4685441,-40
62.48014635,6.469104299,-40
62.4801224,6.468917391,-40
62.48000049,6.467984166,-40
62.4799761,6.467797522,-40
62.48004925,6.468357455,-40
62.48002487,6.46817081,-40
62.48028649,6.470227832,-40
62.48026397,6.470040099,-40
62.48032925,6.47060452,-40
62.48030853,6.470415834,-40
62.48019372,6.469478431,-40
62.48017003,6.469291365,-40
62.48024061,6.469852839,-40
62.48021726,6.46966558,-40
62.48042636,6.471747082,-40
62.48041807,6.471553978,-40
62.4804407,6.472133729,-40
62.48043353,6.471940405,-40
62.48037061,6.470981947,-40
62.48034926,6.470793583,-40
62.48040575,6.471361951,-40
62.48039143,6.471170493,-40
62.4805185,6.473283553,-40
62.48049973,6.4730939,-40
62.48056607,6.47365722,-40
62.48053981,6.473471853,-40
62.48045584,6.472520232,-40
62.48044793,6.472327041,-40
62.48048151,6.472903996,-40
62.48046762,6.472712448,-40
62.48075212,6.474749168,-40
62.48072041,6.47456774,-40
62.48081595,6.475111698,-40
62.48078384,6.474930597,-40
62.48062609,6.474022782,-40
62.48059608,6.473840001,-40
62.48068887,6.474386165,-40
62.48065742,6.474204519,-40
62.48101176,6.476195711,-40
62.48097912,6.476015042,-40
62.48107698,6.476557083,-40
62.48104439,6.476376382,-40
62.48088122,6.475473034,-40
62.48084859,6.475292366,-40
62.48094649,6.475834372,-40
62.48091386,6.475653703,-40
62.48126005,6.477651388,-40
62.481231,6.477467881,-40
62.48131814,6.478018403,-40
62.48128909,6.477834896,-40
62.48113984,6.476920412,-40
62.48110841,6.476738748,-40
62.48120088,6.477285178,-40
62.48117072,6.477102513,-40
62.48148422,6.479125294,-40
62.48145775,6.478939976,-40
62.48153715,6.479495946,-40
62.4815107,6.479310611,-40
62.48137498,6.478386337,-40
62.48134669,6.478202274,-40
62.48143127,6.478754659,-40
62.48140327,6.478570401,-40
62.48168134,6.480616296,-40
62.48166315,6.480426421,-40
62.48170361,6.481000945,-40
62.48169425,6.480808053,-40
62.48159002,6.47986664,-40
62.48156358,6.479681293,-40
62.48164126,6.480238379,-40
62.48161645,6.480051988,-40
62.4817087,6.482162652,-40
62.48170109,6.481969558,-40
62.48173214,6.482547149,-40
62.48172086,6.482354815,-40
62.48171024,6.481388266,-40
62.48170977,6.481194367,-40
62.48170103,6.481775637,-40
62.48170581,6.481581963,-40
62.48166692,6.4837002,-40
62.481682,6.483509009,-40
62.48163686,6.484082627,-40
62.48165189,6.483891413,-40
62.48172112,6.482933421,-40
62.48173173,6.482740829,-40
62.48169707,6.483317811,-40
62.4817095,6.483125729,-40
62.48155762,6.485233212,-40
62.4815661,6.485040127,-40
62.48154414,6.485620007,-40
62.48155057,6.485426556,-40
62.4816068,6.484465052,-40
62.48162183,6.48427384,-40
62.48157818,6.484847975,-40
62.48159204,6.48465636,-40
62.48152856,6.486782974,-40
62.48152936,6.486589031,-40
62.48152927,6.487170873,-40
62.48152891,6.486976924,-40
62.48153442,6.486007307,-40
62.48153868,6.485813599,-40
62.48153022,6.486395089,-40
62.48153187,6.486201179,-40
62.48152934,6.48833457,-40
62.48152975,6.488140621,-40
62.48152852,6.488722469,-40
62.48152893,6.48852852,-40
62.48152997,6.487558773,-40
62.48152962,6.487364823,-40
62.48153016,6.487946672,-40
62.48153033,6.487752723,-40
62.48152774,6.489886149,-40
62.4815268,6.489692218,-40
62.48153089,6.490273992,-40
62.48152931,6.49008007,-40
62.48152774,6.489110368,-40
62.48152811,6.488916418,-40
62.48152712,6.489498268,-40
62.48152743,6.489304318,-40
62.48161915,6.491415072,-40
62.48160659,6.491223397,-40
62.48163334,6.491801762,-40
62.48162635,6.4916084,-40
62.48154312,6.490660837,-40
62.48153604,6.490467512,-40
62.48158104,6.49103776,-40
62.48155404,6.490852807,-40
62.48165363,6.492964431,-40
62.48164921,6.492770716,-40
62.48165338,6.493351471,-40
62.48165814,6.493158138,-40
62.4816414,6.49218911,-40
62.48163968,6.491995193,-40
62.48164644,6.492576856,-40
62.48164367,6.492382997,-40
62.4813906,6.494356917,-40
62.48144914,6.494209912,-40
62.48124672,6.494580926,-40
62.48132577,6.494489939,-40
62.4815862,6.493710498,-40
62.48162353,6.493534175,-40
62.48149907,6.494049056,-40
62.4815454,6.49388311,-40
62.48072612,6.494848034,-40
62.48080915,6.494777957,-40
62.48058213,6.49507896,-40
62.48065407,6.494963372,-40
62.48107448,6.49468878,-40
62.48116138,6.494640398,-40
62.48089831,6.49475789,-40
62.48098734,6.494734856,-40
62.48018019,6.495752859,-40
62.48021715,6.49557624,-40
62.48011519,6.496114335,-40
62.48014648,6.4959326,-40
62.48041059,6.495187447,-40
62.48049779,6.495142041,-40
62.48026884,6.495418729,-40
62.48033407,6.495286349,-40
62.47994489,6.497218037,-40
62.47997582,6.497036019,-40
62.47987318,6.497573353,-40
62.47991145,6.497397939,-40
62.48005934,6.496482925,-40
62.48008665,6.496298181,-40
62.48000473,6.496852414,-40
62.48003203,6.49666767,-40
62.47956569,6.498525711,-40
62.47962442,6.498379107,-40
62.4794144,6.498729412,-40
62.47949444,6.498642229,-40
62.47977981,6.497904107,-40
62.47982941,6.497742489,-40
62.47967681,6.498221755,-40
62.47972844,6.498063127,-40
62.47888931,6.498810583,-40
62.47897591,6.498860658,-40
62.47872203,6.498670864,-40
62.47880487,6.498744964,-40
62.4792435,6.498844771,-40
62.4793306,6.498798354,-40
62.4790651,6.498879336,-40
62.47915475,6.498873101,-40
62.47835723,6.497842784,-40
62.47840733,6.498003681,-40
62.47826689,6.497507842,-40
62.47831023,6.497677622,-40
62.47857137,6.498463075,-40
62.47864276,6.498580081,-40
62.47845742,6.498164591,-40
62.47851123,6.498319721,-40
62.47801597,6.496478431,-40
62.47805675,6.496651177,-40
62.4779344,6.496132942,-40
62.47797518,6.496305686,-40
62.47818168,6.497166472,-40
62.47822438,6.49733705,-40
62.47809753,6.496823923,-40
62.47813876,6.496996159,-40
62.47773845,6.495050441,-40
62.47776767,6.495233803,-40
62.47768002,6.494683717,-40
62.47770924,6.494867079,-40
62.47785981,6.495780265,-40
62.4778958,6.495957897,-40
62.47779697,6.495417097,-40
62.47782717,6.495599718,-40
62.47751439,6.493576807,-40
62.47753954,6.493762964,-40
62.4774771,6.493198069,-40
62.47749342,6.493388304,-40
62.47762289,6.494316052,-40
62.4776508,6.494500356,-40
62.47756585,6.493948323,-40
62.4775949,6.494131808,-40
62.47747033,6.492038471,-40
62.47745965,6.492230994,-40
62.47752096,6.491667023,-40
62.47749249,6.491850907,-40
62.47746178,6.49281199,-40
62.47746588,6.493005666,-40
62.47745718,6.492424275,-40
62.47745966,6.492618119,-40
62.47763037,6.490534659,-40
62.47762456,6.490728153,-40
62.47761779,6.490148295,-40
62.47762772,6.490340983,-40
62.47757867,6.491299859,-40
62.47755122,6.491484453,-40
62.47761526,6.490920989,-40
62.47760157,6.4911126,-40
62.47754585,6.488995192,-40
62.47755871,6.489187116,-40
62.47752013,6.488611344,-40
62.47753299,6.488803268,-40
62.47759441,6.489763749,-40
62.4776061,6.489956022,-40
62.47757103,6.489379203,-40
62.47758272,6.489571476,-40
62.47744109,6.487460462,-40
62.47745526,6.487651955,-40
62.47741275,6.487077478,-40
62.47742692,6.48726897,-40
62.47749547,6.488227171,-40
62.4775078,6.488419258,-40
62.47746942,6.487843448,-40
62.47748315,6.488035084,-40
62.47732503,6.485929539,-40
62.47734078,6.486120455,-40
62.47729262,6.48554807,-40
62.4773089,6.485738776,-40
62.47738482,6.486694355,-40
62.47739861,6.486885974,-40
62.47735652,6.486311371,-40
62.47737103,6.486502735,-40
62.47718433,6.484409363,-40
62.4772101,6.484595073,-40
62.47712265,6.484045368,-40
62.4771557,6.484225635,-40
62.47725963,6.485166834,-40
62.47727634,6.485357364,-40
62.47722536,6.484786122,-40
62.4772425,6.484976478,-40
62.47690518,6.482981276,-40
62.47694439,6.483155711,-40
62.47682544,6.482633822,-40
62.47686578,6.482807048,-40
62.47705304,6.483687878,-40
62.47708791,6.483866557,-40
62.47698246,6.483331309,-40
62.47701816,6.483509199,-40
62.47656015,6.481621655,-40
62.47660649,6.481787721,-40
62.47646502,6.481292815,-40
62.47651331,6.481456257,-40
62.47674055,6.482292155,-40
62.47678374,6.482462141,-40
62.47665243,6.481954303,-40
62.47669686,6.482122779,-40
62.47615884,6.480336905,-40
62.47621534,6.480487537,-40
62.47604547,6.480036227,-40
62.47610215,6.480186577,-40
62.47636784,6.480966749,-40
62.47641668,6.481129425,-40
62.47626842,6.480643899,-40
62.47631861,6.480804614,-40
62.47570539,6.479134187,-40
62.47576209,6.479284485,-40
62.47559091,6.478835482,-40
62.47564815,6.478984835,-40
62.47593212,6.479735528,-40
62.4759888,6.479885877,-40
62.47581877,6.479434833,-40
62.47587544,6.47958518,-40
62.47524696,6.477940337,-40
62.47530469,6.478088798,-40
62.4751315,6.477643419,-40
62.47518923,6.477791878,-40
62.47547644,6.47853678,-40
62.47553368,6.478686131,-40
62.47536197,6.478238079,-40
62.4754192,6.478387429,-40
62.47478341,6.476755793,-40
62.47484177,6.476903099,-40
62.47466669,6.476461182,-40
62.47472505,6.476608487,-40
62.47501604,6.477346502,-40
62.47507377,6.47749496,-40
62.47490013,6.477050406,-40
62.4749583,6.477198045,-40
62.47430971,6.475590316,-40
62.47437076,6.475732454,-40
62.4741845,6.475312537,-40
62.47424783,6.475449931,-40
62.47454926,6.476167907,-40
62.47460833,6.476313878,-40
62.47443036,6.475877404,-40
62.47448981,6.476022655,-40
62.47379689,6.474505066,-40
62.47386161,6.4746394,-40
62.47366974,6.474231425,-40
62.47373244,6.474370158,-40
62.47405611,6.475041584,-40
62.47412097,6.475175596,-40
62.4739264,6.474773562,-40
62.47399126,6.474907573,-40
62.47334608,6.47331424,-40
62.47338181,6.473492099,-40
62.47329342,6.472944476,-40
62.4733157,6.473132048,-40
62.47354752,6.473947533,-40
62.47360763,6.474091515,-40
62.4734303,6.473654357,-40
62.47348685,6.473804666,-40
62.47321126,6.471794902,-40
62.47322398,6.47198684,-40
62.47318565,6.471411077,-40
62.47319854,6.471602963,-40
62.47326525,6.472561596,-40
62.47328059,6.472752641,-40
62.47323671,6.472178779,-40
62.47324991,6.472370551,-40
62.47310873,6.470259645,-40
62.47312088,6.470451757,-40
62.47308444,6.469875422,-40
62.47309658,6.470067534,-40
62.47315945,6.471027437,-40
62.47317255,6.471219257,-40
62.47313326,6.470643798,-40
62.47314635,6.470835618,-40
62.47301264,6.468722442,-40
62.47302434,6.468914682,-40
62.47298923,6.468337962,-40
62.47300093,6.468530202,-40
62.47306014,6.4694912,-40
62.47307229,6.469683311,-40
62.47303604,6.469106923,-40
62.473048,6.469299089,-40
62.47291902,6.467184526,-40
62.47293072,6.467376765,-40
62.47289561,6.466800049,-40
62.47290732,6.466992287,-40
62.47296583,6.467953483,-40
62.47297753,6.468145723,-40
62.47294243,6.467569004,-40
62.47295413,6.467761244,-40
62.47282186,6.465647659,-40
62.47283437,6.46583966,-40
62.47279705,6.465263592,-40
62.47280935,6.465455658,-40
62.47287189,6.466415665,-40
62.47288391,6.46660781,-40
62.47284687,6.466031661,-40
62.47285938,6.466223663,-40
62.47272381,6.464111045,-40
62.47273602,6.464303135,-40
62.47269716,6.46372756,-40
62.47271067,6.463919244,-40
62.47277264,6.464879409,-40
62.47278485,6.465071501,-40
62.47274822,6.464495227,-40
62.47276043,6.464687318,-40
62.47260365,6.462582051,-40
62.47262071,6.462772407,-40
62.4725689,6.462201605,-40
62.47258638,6.462391783,-40
62.47266947,6.463344428,-40
62.47268366,6.463535876,-40
62.47263778,6.462962763,-40
62.47265452,6.463153245,-40
62.47246401,6.46106054,-40
62.47248149,6.461250717,-40
62.47243184,6.46067904,-40
62.47244782,6.46086983,-40
62.47253394,6.461821249,-40
62.47255142,6.462011427,-40
62.47249898,6.461440894,-40
62.47251646,6.461631072,-40
62.47235365,6.459528124,-40
62.47236574,6.459720248,-40
62.47232947,6.459143877,-40
62.47234156,6.459336,-40
62.47240311,6.460296287,-40
62.47241682,6.460487884,-40
62.47237786,6.45991236,-40
62.47239049,6.460104323,-40
62.47224677,6.45799467,-40
62.47226334,6.458185226,-40
62.47221102,6.457614734,-40
62.47223032,6.457804062,-40
62.4723053,6.45875963,-40
62.47231739,6.458951753,-40
62.47228012,6.458375695,-40
62.4722929,6.4585676,-40
62.4720871,6.456482671,-40
62.47210855,6.456670939,-40
62.47204184,6.456107436,-40
62.47206482,6.456294862,-40
62.47217119,6.457236622,-40
62.47219111,6.457425678,-40
62.47213001,6.456859207,-40
62.47215128,6.457047566,-40
62.47189679,6.454987292,-40
62.4719236,6.455172325,-40
62.47184329,6.454617149,-40
62.47186998,6.454802258,-40
62.47199575,6.455732665,-40
62.47201886,6.455920011,-40
62.47194853,6.455358552,-40
62.47197214,6.455545608,-40
62.47166925,6.453516582,-40
62.47170018,6.453698586,-40
62.47159744,6.453161277,-40
62.47163425,6.453338047,-40
62.47179005,6.454246825,-40
62.47181667,6.454431987,-40
62.47173066,6.453880945,-40
62.47176089,6.4540635,-40
62.47136926,6.452107602,-40
62.47140671,6.45228379,-40
62.4712969,6.451752766,-40
62.47133253,6.4519307,-40
62.47152087,6.452810559,-40
62.47155896,6.452986113,-40
62.47144477,6.452459379,-40
62.47148282,6.452634969,-40
62.47112991,6.450648013,-40
62.47115501,6.450834156,-40
62.47108888,6.450270681,-40
62.47110767,6.450460207,-40
62.47123355,6.451390122,-40
62.47126309,6.451573173,-40
62.47117781,6.451021677,-40
62.47120461,6.4512066,-40
62.4709936,6.449125897,-40
62.47100693,6.449317627,-40
62.47096694,6.448742437,-40
62.47098026,6.448934167,-40
62.47105484,6.449889956,-40
62.47107178,6.450080353,-40
62.47102222,6.449508649,-40
62.47103853,6.449699302,-40
62.47090604,6.447586962,-40
62.47091456,6.447779966,-40
62.47089137,6.447200514,-40
62.4708981,6.447393849,-40
62.47094052,6.448358896,-40
62.47095373,6.448550666,-40
62.47092312,6.447972962,-40
62.47093179,6.448165937,-40
62.47084721,6.446041177,-40
62.47085518,6.446234292,-40
62.4708291,6.445655403,-40
62.47083846,6.445848225,-40
62.47087791,6.446813844,-40
62.47088464,6.447007179,-40
62.47086314,6.446427407,-40
62.47087111,6.446620522,-40
62.47074331,6.444507268,-40
62.47075909,6.444698126,-40
62.47071299,6.444125096,-40
62.47072752,6.44431641,-40
62.47080494,6.445271247,-40
62.47081852,6.445462873,-40
62.47077487,6.444888985,-40
62.47079065,6.445079844,-40
62.47067584,6.442965497,-40
62.47067876,6.443159274,-40
62.47066636,6.442578354,-40
62.4706728,6.442771734,-40
62.47069265,6.443740013,-40
62.47070082,6.443933038,-40
62.47068168,6.44335305,-40
62.470686,6.443546666,-40
62.47060724,6.441422406,-40
62.47061839,6.441614782,-40
62.47058125,6.441038754,-40
62.47059465,6.441230461,-40
62.47065147,6.442191983,-40
62.47065987,6.442384983,-40
62.47062983,6.44180708,-40
62.47064154,6.441999301,-40
62.47050162,6.439888281,-40
62.47051426,6.440080226,-40
62.47047685,6.439504244,-40
62.47048907,6.439696309,-40
62.47055445,6.440655342,-40
62.47056785,6.440847048,-40
62.47052766,6.440271931,-40
62.47054106,6.440463637,-40
62.47041382,6.438348975,-40
62.47042434,6.438541516,-40
62.47039269,6.437963917,-40
62.47040325,6.438156446,-40
62.47045584,6.439119153,-40
62.47046635,6.439311698,-40
62.47043484,6.438734062,-40
62.47044534,6.438926607,-40
62.47033164,6.436808173,-40
62.47034124,6.437000937,-40
62.47031244,6.436422644,-40
62.47032204,6.436615408,-40
62.47037155,6.437578861,-40
62.47038212,6.437771389,-40
62.47035083,6.437193702,-40
62.47036098,6.437386333,-40
62.47027136,6.435262908,-40
62.47027614,6.435456503,-40
62.47026456,6.434875434,-40
62.47026796,6.435069171,-40
62.47029683,6.436036367,-40
62.47030446,6.43622954,-40
62.47028155,6.43565002,-40
62.47028919,6.435843194,-40
62.47023005,6.43371518,-40
62.4702399,6.433907883,-40
62.47020655,6.433330775,-40
62.47021851,6.433522921,-40
62.47025767,6.434487967,-40
62.47026116,6.434681697,-40
62.4702497,6.434100598,-40
62.47025381,6.43429427,-40
62.47011461,6.43218482,-40
62.47013198,6.432375031,-40
62.47007815,6.431805159,-40
62.47009653,6.431994925,-40
62.47017971,6.432947397,-40
62.47019349,6.433138974,-40
62.4701486,6.432565547,-40
62.4701649,6.432756197,-40
62.46995203,6.430674356,-40
62.46997429,6.430862174,-40
62.46990539,6.430299932,-40
62.46992876,6.430487116,-40
62.47003868,6.431426903,-40
62.47005848,6.431615998,-40
62.46999654,6.431049992,-40
62.47001762,6.431238442,-40
62.46976358,6.429177763,-40
62.46978692,6.42936496,-40
62.46970448,6.428812008,-40
62.46973632,6.428993264,-40
62.46985806,6.429925907,-40
62.46988177,6.43011289,-40
62.46981063,6.429551942,-40
62.46983435,6.429738925,-40
62.4694907,6.427744687,-40
62.46952768,6.427921329,-40
62.46941684,6.427391301,-40
62.46945377,6.427567994,-40
62.46963723,6.428452571,-40
62.46967228,6.428631048,-40
62.46956484,6.428097801,-40
62.469602,6.428274274,-40
62.46922497,6.426305942,-40
62.46925046,6.426491717,-40
62.46918135,6.42593,-40
62.46920175,6.426118676,-40
62.46934357,6.427037336,-40
62.46937999,6.427214531,-40
62.46928041,6.42667446,-40
62.46931156,6.426856275,-40
62.46909008,6.424783833,-40
62.46910278,6.424975741,-40
62.46906936,6.42439869,-40
62.46907951,6.424591313,-40
62.46914825,6.425548917,-40
62.46916441,6.425739615,-40
62.46911601,6.425167484,-40
62.46913212,6.425358203,-40
62.46901976,6.423240489,-40
62.46902943,6.423433217,-40
62.46899991,6.422855132,-40
62.46900963,6.423047859,-40
62.46905287,6.424012613,-40
62.46906069,6.424205745,-40
62.46903725,6.423626349,-40
62.46904506,6.423819481,-40
62.46890605,6.421710455,-40
62.46892358,6.421900587,-40
62.46886795,6.421331618,-40
62.46888851,6.421520324,-40
62.46897557,6.422471169,-40
62.46899024,6.422662394,-40
62.46894179,6.42209042,-40
62.46896006,6.422280228,-40
62.46874395,6.420199724,-40
62.46876537,6.420387983,-40
62.46870109,6.419823206,-40
62.46872252,6.420011464,-40
62.46882727,6.420953978,-40
62.46884733,6.42114294,-40
62.4687868,6.420576243,-40
62.46880739,6.42076493,-40
62.46856162,6.418699737,-40
62.46858502,6.418886895,-40
62.46851429,6.418325736,-40
62.46853822,6.41851258,-40
62.46865522,6.419448369,-40
62.46867862,6.419635528,-40
62.46860842,6.419074053,-40
62.46863182,6.419261211,-40
62.46834554,6.417222764,-40
62.46837911,6.41740255,-40
62.46828478,6.41685808,-40
62.46831353,6.417041697,-40
62.46846595,6.417952333,-40
62.46849012,6.418139035,-40
62.46841203,6.417582892,-40
62.46844178,6.417765632,-40
62.46812727,6.415746788,-40
62.46815272,6.415932665,-40
62.4680815,6.415371949,-40
62.46810344,6.415559888,-40
62.46823745,6.416484312,-40
62.46825865,6.416672687,-40
62.46817949,6.4161177,-40
62.46820963,6.416300272,-40
62.46795863,6.414239478,-40
62.46797957,6.414427984,-40
62.46791507,6.413863358,-40
62.46793715,6.414051251,-40
62.46804073,6.414994362,-40
62.46806111,6.415183155,-40
62.46799995,6.414616777,-40
62.46802034,6.414805569,-40
62.46773086,6.412772677,-40
62.46775818,6.412957339,-40
62.46767624,6.412403354,-40
62.46770355,6.412588016,-40
62.46786165,6.413493749,-40
62.46789247,6.413675743,-40
62.46778802,6.413140154,-40
62.46782483,6.413316955,-40
62.4675138,6.411294402,-40
62.46754056,6.411479443,-40
62.46746029,6.410924323,-40
62.46748704,6.411109362,-40
62.46762161,6.412034032,-40
62.46764892,6.412218693,-40
62.46756731,6.411664483,-40
62.46759429,6.411849372,-40
62.467258,6.409847078,-40
62.46728815,6.410029661,-40
62.46719781,6.409481825,-40
62.46722784,6.409664497,-40
62.46739039,6.410567386,-40
62.46742604,6.410745293,-40
62.4673191,6.410211574,-40
62.46735474,6.41038948,-40
62.46706865,6.408354694,-40
62.46708484,6.40854537,-40
62.46704174,6.407971377,-40
62.46705503,6.408163095,-40
62.46714623,6.409110467,-40
62.46717202,6.409296146,-40
62.46709995,6.408736443,-40
62.46712055,6.408924717,-40
62.46708194,6.406849533,-40
62.46703711,6.407017408,-40
62.46720813,6.406590974,-40
62.46713437,6.40669302,-40
62.46701998,6.407586698,-40
62.46702845,6.40777966,-40
62.46701009,6.407200221,-40
62.46701114,6.407393788,-40
62.46767689,6.407129181,-40
62.46760243,6.407020978,-40
62.46782308,6.407353801,-40
62.46775123,6.407237766,-40
62.46737339,6.406715764,-40
62.46729411,6.406625287,-40
62.46752778,6.406913369,-40
62.46745084,6.40681369,-40
62.47252884,6.467681532,-20
62.47254634,6.467871635,-20
62.47247395,6.467312649,-20
62.47250391,6.467495402,-20
62.47259528,6.468443485,-20
62.47260935,6.468634979,-20
62.47256425,6.46806163,-20
62.47258121,6.468251992,-20
62.47227425,6.466232397,-20
62.47230637,6.466413442,-20
62.47221503,6.46586652,-20
62.47224211,6.466051367,-20
62.47240871,6.46695142,-20
62.47244184,6.467131591,-20
62.47233979,6.466593363,-20
62.47237425,6.466772392,-20
62.47208801,6.464736195,-20
62.47210774,6.464925342,-20
62.47205012,6.464357161,-20
62.47206884,6.464546788,-20
62.47216991,6.46549123,-20
62.47219215,6.465679072,-20
62.47212747,6.46511449,-20
62.47214767,6.465303388,-20
62.47194483,6.463216405,-20
62.47196014,6.463407452,-20
62.47191422,6.46283431,-20
62.47192952,6.463025358,-20
62.472013,6.46397777,-20
62.47203141,6.464167535,-20
62.47197726,6.463597762,-20
62.47199513,6.463787765,-20
62.47184453,6.461681317,-20
62.47185135,6.461874644,-20
62.47183161,6.461294548,-20
62.47183798,6.461487946,-20
62.47188582,6.462451466,-20
62.47189891,6.462643262,-20
62.47186154,6.462067273,-20
62.47187328,6.462259478,-20
62.47181536,6.460131802,-20
62.47181857,6.460325565,-20
62.47180721,6.459744432,-20
62.47181149,6.459938098,-20
62.47182818,6.460906857,-20
62.47183009,6.461100693,-20
62.47182177,6.460519329,-20
62.47182498,6.460713093,-20
62.47174136,6.458591062,-20
62.47175726,6.458781864,-20
62.47170721,6.458210376,-20
62.47172418,6.45840076,-20
62.47179361,6.459358041,-20
62.4718031,6.459550748,-20
62.47177217,6.458973059,-20
62.47178291,6.459165536,-20
62.47163321,6.457059476,-20
62.4716383,6.45725304,-20
62.4716468,6.456672944,-20
62.47164089,6.45686641,-20
62.47167578,6.457828622,-20
62.47169208,6.458019267,-20
62.4716475,6.457445903,-20
62.4716592,6.457638134,-20
62.47159831,6.455520505,-20
62.47161949,6.455708578,-20
62.47151907,6.45517398,-20
62.47156397,6.455341667,-20
62.47164806,6.45628575,-20
62.47165177,6.456479371,-20
62.47163512,6.455899495,-20
62.47164557,6.456092023,-20
62.47129477,6.454154454,-20
62.47131126,6.454345038,-20
62.47125947,6.453774377,-20
62.47127832,6.453963857,-20
62.47139715,6.454890251,-20
62.47145914,6.455030336,-20
62.47133073,6.454534123,-20
62.47135519,6.454720667,-20
62.47106038,6.452697698,-20
62.47110181,6.45286969,-20
62.47096425,6.452371603,-20
62.47101718,6.4525279,-20
62.47120854,6.453402887,-20
62.47123704,6.453586676,-20
62.47114223,6.453042785,-20
62.4711779,6.453220655,-20
62.47078004,6.451320298,-20
62.47077664,6.451513512,-20
62.47076807,6.450937186,-20
62.47078521,6.451126865,-20
62.47085509,6.452064285,-20
62.47090695,6.452222389,-20
62.47079136,6.451704756,-20
62.47081678,6.451890518,-20
62.47061148,6.449824482,-20
62.47063892,6.450009072,-20
62.47055659,6.449455303,-20
62.47058403,6.449639893,-20
62.47072017,6.450563584,-20
62.47074551,6.450749532,-20
62.47066637,6.450193662,-20
62.47069377,6.450378284,-20
62.47040959,6.448336785,-20
62.4704301,6.448525531,-20
62.4703699,6.447958643,-20
62.47038915,6.448148007,-20
62.47050252,6.449085566,-20
62.47052914,6.449270715,-20
62.47045212,6.448713438,-20
62.47047649,6.448900025,-20
62.47029018,6.446808568,-20
62.47030078,6.447001088,-20
62.470269,6.446423524,-20
62.47027958,6.446616048,-20
62.47033817,6.447577068,-20
62.47035315,6.447768207,-20
62.47031279,6.44719321,-20
62.47032546,6.447385146,-20
62.47022217,6.445264672,-20
62.47022988,6.445457832,-20
62.47020689,6.444878327,-20
62.47021447,6.445071512,-20
62.47025326,6.446037264,-20
62.47026113,6.446230394,-20
62.47023759,6.445650992,-20
62.47024539,6.445844134,-20
62.47016543,6.443718601,-20
62.47017016,6.443912208,-20
62.47015669,6.443331317,-20
62.4701607,6.443524995,-20
62.4701921,6.444491894,-20
62.4701995,6.444685111,-20
62.4701773,6.444105462,-20
62.4701847,6.444298678,-20
62.47013394,6.442169159,-20
62.4701393,6.442362665,-20
62.4701212,6.441782384,-20
62.47012758,6.441975771,-20
62.47014973,6.442943856,-20
62.47015321,6.443137587,-20
62.47014278,6.442556396,-20
62.47014626,6.442750126,-20
62.47005184,6.440629055,-20
62.47006458,6.440820964,-20
62.47002537,6.440245549,-20
62.47003909,6.440437145,-20
62.47010243,6.441396815,-20
62.47011253,6.44158943,-20
62.47007726,6.441012896,-20
62.47008984,6.441204856,-20
62.46993799,6.439097797,-20
62.46995463,6.439288305,-20
62.46990442,6.438716889,-20
62.4699212,6.438907343,-20
62.46999771,6.439862433,-20
62.47001156,6.440053984,-20
62.46996899,6.439479681,-20
62.46998335,6.439671057,-20
62.46981111,6.437571259,-20
62.4698265,6.437762261,-20
62.46977701,6.437190582,-20
62.46979424,6.43738085,-20
62.46987267,6.438335267,-20
62.46988806,6.438526269,-20
62.46984189,6.437953263,-20
62.46985728,6.438144265,-20
62.46965762,6.436056356,-20
62.46967825,6.436245031,-20
62.46961271,6.435681101,-20
62.46963679,6.435867776,-20
62.4697381,6.436812096,-20
62.46975822,6.437001036,-20
62.46969814,6.436434084,-20
62.46971803,6.436623137,-20
62.4694311,6.434587585,-20
62.46946587,6.43476631,-20
62.46935784,6.434233621,-20
62.46939466,6.434410429,-20
62.46956214,6.435309093,-20
62.46958664,6.435495589,-20
62.46950028,6.434945357,-20
62.46953303,6.43512583,-20
62.46913523,6.433174471,-20
62.46917245,6.433350885,-20
62.4690608,6.432821646,-20
62.46909802,6.432998059,-20
62.46928409,6.433880127,-20
62.46932103,6.434056813,-20
62.46920966,6.433527299,-20
62.46924688,6.433703713,-20
62.4688408,6.431760053,-20
62.46887628,6.431938073,-20
62.46878046,6.431394954,-20
62.46880944,6.431578413,-20
62.46898641,6.432468788,-20
62.46902359,6.432645234,-20
62.46891269,6.432115271,-20
62.46894955,6.432292029,-20
62.46864982,6.43026729,-20
62.46866842,6.430456945,-20
62.46861027,6.429889124,-20
62.46863079,6.430077835,-20
62.46872991,6.43102303,-20
62.4687538,6.431209902,-20
62.46868702,6.430646601,-20
62.46870752,6.430835303,-20
62.46840175,6.428821553,-20
62.4684446,6.428991896,-20
62.46832338,6.428473158,-20
62.46835921,6.428650893,-20
62.46855666,6.429519492,-20
62.46858639,6.429702405,-20
62.46848699,6.429162758,-20
62.46852491,6.429338182,-20
62.46815934,6.427365949,-20
62.46818325,6.427552804,-20
62.46811987,6.426987928,-20
62.46813851,6.427177427,-20
62.46826285,6.428108285,-20
62.46829197,6.428291659,-20
62.46820847,6.427738833,-20
62.46823474,6.427924204,-20
62.46805757,6.425832883,-20
62.46806722,6.426025621,-20
62.46803827,6.425447408,-20
62.46804792,6.425640146,-20
62.46809601,6.426603872,-20
62.46810736,6.426796074,-20
62.46807682,6.426218371,-20
62.46808642,6.426411121,-20
62.46799259,6.424288469,-20
62.46799979,6.424481706,-20
62.4679782,6.423901996,-20
62.46798539,6.424095232,-20
62.46802197,6.425061312,-20
62.46802942,6.425254506,-20
62.46800709,6.424674925,-20
62.46801453,6.424868118,-20
62.46794429,6.422741142,-20
62.46794974,6.422934645,-20
62.46793338,6.422354137,-20
62.46793883,6.42254764,-20
62.46796662,6.423515083,-20
62.46797232,6.423708553,-20
62.46795523,6.423128143,-20
62.46796093,6.423321613,-20
62.46790758,6.421192323,-20
62.46791128,6.421386016,-20
62.4679084,6.420804785,-20
62.46790594,6.420998573,-20
62.46792425,6.421966922,-20
62.46792857,6.422160558,-20
62.4679156,6.421579651,-20
62.46791993,6.421773287,-20
62.46793081,6.419642713,-20
62.46792855,6.419836512,-20
62.46793318,6.419255036,-20
62.46793238,6.419448889,-20
62.46791464,6.420417312,-20
62.46791111,6.420611013,-20
62.46792404,6.420030123,-20
62.46791934,6.420223718,-20
62.46788125,6.418101342,-20
62.46790119,6.41829035,-20
62.46784024,6.417723944,-20
62.46786228,6.417911865,-20
62.46793003,6.418867452,-20
62.46793297,6.419061209,-20
62.46791468,6.418481807,-20
62.46792303,6.418674287,-20
62.46769033,6.416606986,-20
62.46771587,6.416792831,-20
62.46763694,6.416236879,-20
62.4676648,6.416421141,-20
62.46779336,6.417349794,-20
62.4678182,6.417536023,-20
62.46774141,6.416978676,-20
62.46776705,6.417164453,-20
62.46741556,6.415178335,-20
62.46745604,6.415351317,-20
62.46733121,6.414836253,-20
62.46737398,6.415006553,-20
62.46757271,6.415875418,-20
62.46760852,6.416052999,-20
62.4674948,6.415526159,-20
62.46753427,6.415700257,-20
62.46705948,6.413832197,-20
62.46710373,6.414000845,-20
62.46697154,6.41349422,-20
62.46701522,6.41366355,-20
62.46723914,6.414503484,-20
62.4672845,6.414670752,-20
62.46714841,6.41416895,-20
62.46719378,6.414336217,-20
62.46670183,6.412487695,-20
62.46674823,6.412653626,-20
62.46658524,6.412201368,-20
62.46665437,6.41232341,-20
62.46688424,6.413155468,-20
62.46692819,6.413324483,-20
62.4667943,6.412819985,-20
62.46683981,6.41298704,-20
62.46630677,6.411253372,-20
62.4663361,6.411436575,-20
62.4662444,6.410889959,-20
62.46627698,6.411070518,-20
62.46644437,6.411964775,-20
62.46651048,6.412094135,-20
62.46636507,6.41162004,-20
62.46639779,6.41180019,-20
62.46595823,6.409908252,-20
62.46600015,6.410079651,-20
62.4658806,6.409559051,-20
62.46591713,6.409735971,-20
62.46614266,6.410571315,-20
62.4661971,6.41072542,-20
62.46604207,6.41025105,-20
62.46608886,6.410416224,-20
62.46577251,6.40842777,-20
62.46577945,6.408620946,-20
62.46577326,6.408040174,-20
62.46577199,6.408234001,-20
62.46582013,6.409194556,-20
62.46584799,6.409378456,-20
62.46578775,6.408813957,-20
62.46580213,6.409004903,-20
62.46584459,6.40689385,-20
62.46581603,6.407077615,-20
62.46592401,6.406546913,-20
62.46588177,6.406717945,-20
62.46578389,6.407653235,-20
62.46577903,6.40784677,-20
62.46579809,6.4072674,-20
62.46578738,6.407459535,-20
62.46616228,6.405510831,-20
62.46613423,6.405694934,-20
62.46621368,6.405139417,-20
62.46618893,6.405325723,-20
62.46602041,6.406219899,-20
62.46597217,6.406383357,-20
62.46610286,6.405876478,-20
62.46606605,6.406053137,-20
62.4662887,6.40399185,-20
62.46628688,6.404185636,-20
62.4662798,6.40360468,-20
62.46628562,6.403798122,-20
62.46625442,6.40476201,-20
62.46623582,6.404951628,-20
62.4662821,6.40437903,-20
62.46627001,6.404571108,-20
62.46629688,6.402444201,-20
62.46628704,6.402636835,-20
62.46632031,6.402059819,-20
62.46630859,6.40225201,-20
62.46627325,6.403217271,-20
62.46627599,6.40341103,-20
62.46627931,6.402829963,-20
62.46627528,6.403023567,-20
62.46635692,6.40090082,-20
62.46635629,6.401094665,-20
62.46635445,6.400513169,-20
62.46635595,6.400706991,-20
62.46634265,6.401675156,-20
62.46633202,6.401867627,-20
62.46635211,6.401288274,-20
62.46634917,6.401481992,-20
62.46635801,6.399350441,-20
62.46635515,6.399544192,-20
62.46636471,6.398963063,-20
62.46636088,6.39915669,-20
62.46635144,6.400125523,-20
62.46635295,6.400319346,-20
62.46635225,6.399737941,-20
62.46634994,6.3999317,-20
62.46673459,6.398311406,-20
62.46664488,6.398306636,-20
62.46691026,6.3983819,-20
62.46682379,6.398330476,-20
62.4664312,6.398615768,-20
62.46638002,6.398773476,-20
62.46656294,6.398353274,-20
62.46649457,6.398478513,-20
62.46740933,6.398814969,-20
62.46732817,6.398732735,-20
62.46756062,6.39902329,-20
62.46748607,6.39891537,-20
62.46708006,6.398507361,-20
62.46699554,6.398442211,-20
62.46724591,6.398655265,-20
62.46716368,6.398577601,-20
62.46798894,6.399721569,-20
62.46792281,6.39959053,-20
62.46812121,6.399983648,-20
62.46805508,6.399852608,-20
62.46771221,6.399230742,-20
62.46763581,6.399129052,-20
62.46785558,6.399462135,-20
62.46778774,6.399335382,-20
62.46854905,6.400681761,-20
62.46847138,6.400584675,-20
62.46869319,6.400912277,-20
62.46862302,6.400791434,-20
62.46825372,6.400245167,-20
62.46818734,6.400114689,-20
62.46839406,6.400486394,-20
62.46832225,6.400370282,-20
62.46910889,6.401651476,-20
62.46904017,6.401526789,-20
62.46924389,6.401906919,-20
62.46917681,6.401778141,-20
62.46883326,6.401154688,-20
62.46876336,6.401033121,-20
62.46897138,6.401402301,-20
62.46890232,6.401278494,-20
62.46962123,6.402735497,-20
62.46956147,6.402590896,-20
62.46973598,6.403033466,-20
62.46967976,6.402882458,-20
62.46937547,6.402170579,-20
62.46931024,6.402037425,-20
62.46950089,6.402447868,-20
62.46943865,6.402308224,-20
62.47008009,6.403879151,-20
62.46999926,6.403809988,-20
62.48013202,6.539899961,-30
62.48012007,6.540092177,-30
62.46983735,6.403353378,-20
62.46978758,6.40319206,-20
62.46993743,6.403675025,-20
62.469887,6.403514868,-20
62.48019991,6.538745614,-30
62.48019,6.538938371,-30
62.48021916,6.538359968,-30
62.48020976,6.538552842,-30
62.48015524,6.539515333,-30
62.48014365,6.539707654,-30
62.48017841,6.539130692,-30
62.48016682,6.539323013,-30
62.4802502,6.537198829,-30
62.48024664,6.537392621,-30
62.48023989,6.536811708,-30
62.48024598,6.537005128,-30
62.48023643,6.53797388,-30
62.48022781,6.538166928,-30
62.48024411,6.537586488,-30
62.48024151,6.537780351,-30
62.48011249,6.535682474,-30
62.48013797,6.535868395,-30
62.48005632,6.535314067,-30
62.4800844,6.53549827,-30
62.48020638,6.536431017,-30
62.48022537,6.536620571,-30
62.48016218,6.536055148,-30
62.48018548,6.536242425,-30
62.47978375,6.534319261,-30
62.47983734,6.534474806,-30
62.47967347,6.53401328,-30
62.47972936,6.534164998,-30
62.47998766,6.534956596,-30
62.48002653,6.535131291,-30
62.47988971,6.534632289,-30
62.47994254,6.534789073,-30
62.47933666,6.533105433,-30
62.47939171,6.5332586,-30
62.47923071,6.532792495,-30
62.47928223,6.532951295,-30
62.47956053,6.533711828,-30
62.479617,6.533862554,-30
62.47944781,6.533409978,-30
62.47950405,6.533561103,-30
62.47896026,6.531787868,-30
62.47900174,6.531959747,-30
62.47889054,6.531430573,-30
62.47892403,6.53161044,-30
62.47913348,6.532467149,-30
62.47917851,6.532634747,-30
62.47904566,6.532128881,-30
62.47908957,6.532298014,-30
62.47878442,6.530292101,-30
62.47879665,6.530484225,-30
62.47876562,6.529906462,-30
62.47877359,6.53009963,-30
62.47884422,6.531056741,-30
62.478862,6.531246742,-30
62.47881041,6.530675812,-30
62.47882729,6.530866287,-30
62.47872321,6.528746471,-30
62.47873036,6.528939789,-30
62.47870915,6.528359797,-30
62.47871606,6.528553154,-30
62.47875177,6.52951975,-30
62.47875865,6.529713113,-30
62.47873751,6.529133106,-30
62.47874466,6.529326424,-30
62.47867655,6.527198377,-30
62.47868118,6.52739205,-30
62.47866979,6.526810783,-30
62.47867317,6.52700458,-30
62.47869647,6.527972897,-30
62.47870281,6.528166347,-30
62.47868593,6.527585713,-30
62.47869067,6.527779376,-30
62.47866137,6.525647918,-30
62.47865936,6.5258418,-30
62.47866476,6.525260122,-30
62.47866317,6.525454024,-30
62.47866304,6.52642319,-30
62.47866642,6.526616987,-30
62.47865629,6.526035597,-30
62.47865967,6.526229393,-30
62.47861558,6.524102292,-30
62.47862667,6.524294741,-30
62.47859173,6.52371787,-30
62.47860387,6.523910021,-30
62.47865572,6.524873086,-30
62.47866321,6.525066308,-30
62.47863775,6.52448719,-30
62.47864719,6.524680029,-30
62.47851888,6.522564971,-30
62.47853102,6.52275712,-30
62.4784946,6.522180673,-30
62.47850674,6.522372822,-30
62.47856745,6.52333357,-30
62.47857959,6.52352572,-30
62.47854317,6.52294927,-30
62.47855531,6.52314142,-30
62.47843067,6.521025464,-30
62.47843901,6.521218556,-30
62.4784179,6.52063868,-30
62.47842264,6.520832341,-30
62.4784711,6.52179615,-30
62.47848245,6.521988524,-30
62.47844853,6.521411364,-30
62.47845982,6.521603757,-30
62.47840263,6.519475631,-30
62.4784052,6.51966947,-30
62.47838962,6.519088879,-30
62.4783979,6.519281969,-30
62.47841142,6.520251111,-30
62.47841349,6.520444992,-30
62.47840727,6.519863351,-30
62.47840934,6.520057231,-30
62.47833134,6.517932208,-30
62.47834265,6.518124591,-30
62.47830466,6.517548664,-30
62.47831822,6.517740369,-30
62.47837133,6.518703036,-30
62.47838053,6.518895947,-30
62.47835343,6.518317108,-30
62.47836236,6.518510076,-30
62.47821121,6.516402836,-30
62.47822813,6.516593286,-30
62.47817677,6.516022181,-30
62.47819399,6.516212509,-30
62.4782759,6.517165815,-30
62.47829036,6.517357212,-30
62.47824463,6.516783913,-30
62.47826112,6.51697454,-30
62.47805578,6.514888377,-30
62.47807612,6.51507726,-30
62.4780117,6.514512398,-30
62.47803374,6.514700388,-30
62.47813689,6.515644033,-30
62.47815708,6.515832995,-30
62.47809643,6.515266159,-30
62.47811671,6.515455071,-30
62.47786405,6.513395909,-30
62.47788188,6.513585476,-30
62.47783959,6.513011676,-30
62.4778516,6.51320386,-30
62.4779652,6.51413788,-30
62.47798966,6.51432441,-30
62.47790486,6.513772653,-30
62.47793551,6.513954923,-30
62.47780074,6.511851346,-30
62.4778066,6.512044861,-30
62.47779196,6.51146398,-30
62.47779564,6.511657745,-30
62.47782395,6.512625433,-30
62.4778304,6.51281886,-30
62.47781236,6.512238389,-30
62.47781806,6.512431925,-30
62.47780823,6.510302189,-30
62.47779867,6.510494964,-30
62.47784539,6.509923222,-30
62.47782381,6.510111246,-30
62.47778869,6.511076223,-30
62.47778964,6.51127014,-30
62.47779372,6.510688553,-30
62.47779066,6.510882361,-30
62.47803641,6.508835875,-30
62.47800658,6.509018638,-30
62.47807892,6.508459193,-30
62.47805907,6.508648312,-30
62.47790491,6.509557327,-30
62.47787495,6.509740112,-30
62.47797299,6.509198455,-30
62.47793895,6.509377891,-30
62.47820492,6.507331239,-30
62.47817225,6.507511682,-30
62.47829014,6.506990568,-30
62.47824515,6.507158358,-30
62.47811043,6.50807736,-30
62.47809468,6.508268276,-30
62.47814718,6.507697823,-30
62.4781273,6.507886921,-30
62.4786071,6.506050821,-30
62.47855299,6.506205548,-30
62.47869975,6.505720149,-30
62.47865898,6.505892628,-30
62.47838968,6.506668061,-30
62.47833831,6.506827078,-30
62.47849849,6.506359619,-30
62.47844399,6.506513689,-30
62.47876746,6.504585391,-30
62.47877223,6.50477905,-30
62.47876204,6.504197715,-30
62.47876492,6.504391535,-30
62.47876213,6.505357542,-30
62.4787345,6.505541347,-30
62.47877659,6.504972743,-30
62.47877507,6.505166506,-30
62.47866998,6.503055015,-30
62.47869286,6.503242534,-30
62.4786113,6.5026887,-30
62.47864156,6.502871268,-30
62.47874609,6.503811447,-30
62.47875562,6.504004278,-30
62.47871662,6.503429533,-30
62.47873532,6.50361892,-30
62.47842518,6.501596974,-30
62.47845807,6.501777414,-30
62.47835035,6.501244616,-30
62.47838896,6.501419596,-30
62.47855139,6.502323083,-30
62.47858175,6.502505583,-30
62.47849044,6.501958267,-30
62.47852092,6.502140675,-30
62.47808337,6.500234394,-30
62.47812901,6.500401361,-30
62.47800117,6.499889621,-30
62.47804176,6.500062568,-30
62.47826495,6.500903471,-30
62.47830794,6.501073703,-30
62.47817482,6.500568117,-30
62.47822063,6.500734872,-30
62.47777081,6.498838085,-30
62.47780716,6.499015387,-30
62.47770552,6.498476836,-30
62.47773768,6.498657871,-30
62.47792278,6.499540717,-30
62.47796198,6.499715169,-30
62.47784432,6.499191877,-30
62.47788356,6.499366293,-30
62.47752107,6.497383681,-30
62.47755195,6.497565768,-30
62.47746072,6.497018446,-30
62.4774902,6.497201595,-30
62.47764421,6.498112316,-30
62.47767487,6.498294576,-30
62.47758282,6.497747855,-30
62.47761355,6.497930056,-30
62.47729238,6.495913246,-30
62.47731957,6.496098053,-30
62.47723855,6.495543263,-30
62.47726519,6.495728433,-30
62.47740387,6.496650567,-30
62.4774323,6.496834506,-30
62.47734763,6.496282256,-30
62.47737568,6.49646646,-30
62.47710737,6.494416241,-30
62.47712178,6.494607375,-30
62.47709277,6.494029772,-30
62.4770992,6.494223123,-30
62.47718859,6.495170747,-30
62.47721357,6.495357005,-30
62.47714179,6.494796334,-30
62.47716481,6.494983767,-30
62.47708912,6.492866623,-30
62.47708502,6.493060343,-30
62.47709441,6.492479183,-30
62.47709322,6.492672902,-30
62.47708885,6.493642019,-30
62.47709081,6.493835896,-30
62.47708499,6.493254265,-30
62.4770869,6.493448143,-30
62.47702721,6.491325933,-30
62.47704219,6.491517133,-30
62.47699849,6.490943102,-30
62.47701223,6.491134733,-30
62.47708198,6.492092358,-30
62.47709004,6.492285497,-30
62.47705718,6.491708333,-30
62.47707103,6.491899895,-30
62.47697759,6.489785414,-30
62.47696915,6.489978404,-30
62.47699616,6.489399928,-30
62.4769888,6.489593012,-30
62.4769751,6.490558598,-30
62.47698596,6.490751095,-30
62.47696282,6.490171842,-30
62.47696734,6.490365406,-30
62.47695408,6.488242137,-30
62.47696687,6.488434077,-30
62.47692993,6.487857825,-30
62.4769421,6.488049951,-30
62.47699525,6.489012467,-30
62.47699843,6.489206093,-30
62.47697815,6.488626438,-30
62.47698809,6.488819164,-30
62.47683962,6.486710885,-30
62.47685542,6.486901776,-30
62.47680801,6.486329105,-30
62.47682382,6.486519995,-30
62.47690283,6.487474448,-30
62.47691674,6.487666009,-30
62.47687123,6.487092667,-30
62.47688703,6.487283557,-30
62.47671394,6.485183481,-30
62.47672939,6.485374505,-30
62.47667768,6.484803661,-30
62.47669612,6.48499344,-30
62.47677641,6.485947326,-30
62.47679221,6.486138215,-30
62.47674484,6.48556553,-30
62.4767606,6.485756436,-30
62.47655227,6.483672499,-30
62.47657647,6.483859192,-30
62.47649029,6.483308907,-30
62.476524,6.483488616,-30
62.4766397,6.484424608,-30
62.4766588,6.484614083,-30
62.47659848,6.484047187,-30
62.4766205,6.484235183,-30
62.47625891,6.482258685,-30
62.47629859,6.482432622,-30
62.4761777,6.481912873,-30
62.47621924,6.482084748,-30
62.47641754,6.482954513,-30
62.47645595,6.483129772,-30
62.47633826,6.48260656,-30
62.47637794,6.482780498,-30
62.47588993,6.480931729,-30
62.47594336,6.481087528,-30
62.47578158,6.480622585,-30
62.4758363,6.480776247,-30
62.4760909,6.481573542,-30
62.4761357,6.481741505,-30
62.47599656,6.48124369,-30
62.47604435,6.48140775,-30
62.47544503,6.479714403,-30
62.47550135,6.479865358,-30
62.47533338,6.479410777,-30
62.4753887,6.479563448,-30
62.47567034,6.480318228,-30
62.47572606,6.480470235,-30
62.47555768,6.480016314,-30
62.47561401,6.480167271,-30
62.47503097,6.478450296,-30
62.47507788,6.478615544,-30
62.47492019,6.478145527,-30
62.47497796,6.478293847,-30
62.47522346,6.479104184,-30
62.47527849,6.479257364,-30
62.47512429,6.478781512,-30
62.47517092,6.478947188,-30
62.47456176,6.477277526,-30
62.47462287,6.477419524,-30
62.47443964,6.476993324,-30
62.4745007,6.477135438,-30
62.47480284,6.477852085,-30
62.47486176,6.477998338,-30
62.47468399,6.477561523,-30
62.47474374,6.477706173,-30
62.47407506,6.476137179,-30
62.47413556,6.476280406,-30
62.47395502,6.475848873,-30
62.47401504,6.475993031,-30
62.47431753,6.476709099,-30
62.47437859,6.476851211,-30
62.47419605,6.476423634,-30
62.47425654,6.476566863,-30
62.47362871,6.474927733,-30
62.47367204,6.475097378,-30
62.47354152,6.474588767,-30
62.47358512,6.474758249,-30
62.47383799,6.475554901,-30
62.47389594,6.475702966,-30
62.47372411,6.47525525,-30
62.47378005,6.475406838,-30
62.47327993,6.473572347,-30
62.4733196,6.473746277,-30
62.47321399,6.473212243,-30
62.4732441,6.473394862,-30
62.47345339,6.474250954,-30
62.47349793,6.474419285,-30
62.47336349,6.473915321,-30
62.47340844,6.474083137,-30
62.47309455,6.472078163,-30
62.47311262,6.472268077,-30
62.47306232,6.471696711,-30
62.47307743,6.471887828,-30
62.47316945,6.472836613,-30
62.47319063,6.47302503,-30
62.47313148,6.472457646,-30
62.47314963,6.472647532,-30
62.47297397,6.470549109,-30
62.47298875,6.470740355,-30
62.47294283,6.470167199,-30
62.4729584,6.470358154,-30
62.47303289,6.471314168,-30
62.47304761,6.47150544,-30
62.47300346,6.470931626,-30
62.47301818,6.471122897,-30
62.47283464,6.469027703,-30
62.47285399,6.469217035,-30
62.4727959,6.468649057,-30
62.47281528,6.468838377,-30
62.47290975,6.469786072,-30
62.47292705,6.469976327,-30
62.47287335,6.469406368,-30
62.47289244,6.469595818,-30
62.47267951,6.467513202,-30
62.47269901,6.467702462,-30
62.47263977,6.467135037,-30
62.47265964,6.46732412,-30
62.47275714,6.468270418,-30
62.47277652,6.468459738,-30
62.47271839,6.46789178,-30
62.47273776,6.468081099,-30
62.47252057,6.466000548,-30
62.47254044,6.466189629,-30
62.47248084,6.465622388,-30
62.4725007,6.465811468,-30
62.47260004,6.466756873,-30
62.47261991,6.466945955,-30
62.47256031,6.46637871,-30
62.47258017,6.466567792,-30
62.47236491,6.464486329,-30
62.47238406,6.464675752,-30
62.47232661,6.46410748,-30
62.47234575,6.464296907,-30
62.47244153,6.46524402,-30
62.47246097,6.465433307,-30
62.47240322,6.464865174,-30
62.47242238,6.465054597,-30
62.47221509,6.462969377,-30
62.47223324,6.463159257,-30
62.47217958,6.46258926,-30
62.47219731,6.462779331,-30
62.47228862,6.463728483,-30
62.47230761,6.463917981,-30
62.4722514,6.463349137,-30
62.47226963,6.463538986,-30
62.47211384,6.461440619,-30
62.47210691,6.461633888,-30
62.47212905,6.461054503,-30
62.47212378,6.461247924,-30
62.47214517,6.462208683,-30
62.47216189,6.462399177,-30
62.47211331,6.461827154,-30
62.47212845,6.462018188,-30
62.47207377,6.459898738,-30
62.47208638,6.460090706,-30
62.47204857,6.459514803,-30
62.47206117,6.459706771,-30
62.47211949,6.460667943,-30
62.47212867,6.460860719,-30
62.47209793,6.460282971,-30
62.47210871,6.460475457,-30
62.47196629,6.458365154,-30
62.47198071,6.458556524,-30
62.47193746,6.457982415,-30
62.47195187,6.458173784,-30
62.47202191,6.45913133,-30
62.47203533,6.459323039,-30
62.47199507,6.458747911,-30
62.47200849,6.45893962,-30
62.47184618,6.456835944,-30
62.47186239,6.45702664,-30
62.47181375,6.456454553,-30
62.47182996,6.456645248,-30
62.47190761,6.457600039,-30
62.47192266,6.457791182,-30
62.47187752,6.457217754,-30
62.47189256,6.457408896,-30
62.47170559,6.455315377,-30
62.47172779,6.45550324,-30
62.47164875,6.454947591,-30
62.47167744,6.455131304,-30
62.47178131,6.456073163,-30
62.47179753,6.456263858,-30
62.47174745,6.455692387,-30
62.47176509,6.455882468,-30
62.47147159,6.453849123,-30
62.47150252,6.45403113,-30
62.471407,6.453487354,-30
62.47143979,6.453667832,-30
62.47159086,6.454580548,-30
62.47161981,6.454764069,-30
62.47153296,6.454213505,-30
62.47156191,6.454397026,-30
62.47117311,6.452443752,-30
62.47122348,6.452604208,-30
62.47105822,6.452146032,-30
62.47111605,6.452294252,-30
62.47133958,6.453127982,-30
62.47137336,6.453307606,-30
62.47126462,6.452775845,-30
62.47130341,6.452950664,-30
62.47093434,6.451055565,-30
62.47092172,6.451247403,-30
62.47090844,6.450675711,-30
62.47093104,6.45086323,-30
62.47096719,6.451812994,-30
62.47100798,6.451985385,-30
62.47091991,6.451440238,-30
62.47093912,6.451629154,-30
62.47072138,6.449585543,-30
62.4707485,6.449770329,-30
62.47067823,6.449209274,-30
62.4706987,6.449398029,-30
62.4708476,6.450310984,-30
62.47087777,6.450493518,-30
62.47077977,6.449951976,-30
62.47081368,6.45013148,-30
62.47056176,6.448073551,-30
62.47058066,6.448263082,-30
62.47052768,6.447692856,-30
62.47054456,6.447883273,-30
62.4706384,6.44883118,-30
62.4706583,6.449020234,-30
62.47059956,6.448452613,-30
62.47061898,6.448641897,-30
62.47044269,6.446544217,-30
62.47045682,6.446735676,-30
62.47042288,6.446158893,-30
62.47043218,6.446351727,-30
62.47049792,6.447310483,-30
62.47051244,6.447501808,-30
62.47047057,6.446927262,-30
62.47048393,6.447118979,-30
62.47040154,6.444998785,-30
62.4703962,6.445192318,-30
62.47041619,6.444612365,-30
62.47040793,6.444805419,-30
62.47040549,6.445773001,-30
62.47041341,6.445966098,-30
62.47039659,6.445385815,-30
62.47040039,6.445579481,-30
62.47043516,6.443451937,-30
62.47043835,6.443645691,-30
62.47041823,6.443066074,-30
62.47042797,6.443258806,-30
62.47043271,6.444226256,-30
62.47042445,6.444419311,-30
62.47044076,6.443839499,-30
62.47044121,6.444033249,-30
62.47034969,6.441912537,-30
62.47036352,6.442104096,-30
62.47031909,6.44153048,-30
62.47033501,6.441721282,-30
62.47039924,6.442680497,-30
62.47040861,6.442873312,-30
62.47037693,6.442295789,-30
62.47038903,6.442487897,-30
62.47020625,6.440393194,-30
62.47022577,6.440582422,-30
62.47017192,6.440012629,-30
62.47018832,6.440203228,-30
62.47028518,6.441149711,-30
62.47030214,6.441340095,-30
62.47024558,6.440771513,-30
62.4702654,6.440960605,-30
62.47008787,6.438863758,-30
62.47010078,6.439055619,-30
62.47006235,6.438479951,-30
62.47007497,6.438671897,-30
62.47014087,6.439630723,-30
62.47015631,6.439821707,-30
62.47011368,6.43924748,-30
62.47012658,6.439439341,-30
62.46998954,6.437327384,-30
62.47000168,6.437519478,-30
62.46996527,6.436943197,-30
62.46997741,6.437135291,-30
62.47003808,6.438095761,-30
62.47005021,6.438287856,-30
62.47001381,6.437711573,-30
62.47002595,6.437903667,-30
62.46989235,6.435790666,-30
62.46990452,6.435982751,-30
62.46986902,6.435406214,-30
62.46988023,6.43559857,-30
62.469941,6.43655901,-30
62.46995313,6.436751103,-30
62.46991669,6.436174835,-30
62.46992885,6.43636692,-30
62.46976274,6.434266743,-30
62.46978075,6.434456619,-30
62.46973627,6.433883459,-30
62.46974712,6.434075857,-30
62.46984132,6.43502332,-30
62.46985757,6.435213936,-30
62.46980115,6.434645417,-30
62.46982154,6.434834216,-30
62.4696592,6.432738533,-30
62.46968342,6.432925211,-30
62.46960564,6.4323685,-30
62.46963288,6.432553196,-30
62.46972838,6.433496088,-30
62.46973232,6.433689774,-30
62.46970808,6.433111617,-30
62.46972157,6.433302884,-30
62.4694281,6.431270333,-30
62.46945806,6.43145308,-30
62.46936817,6.430904842,-30
62.46939813,6.431087588,-30
62.46954596,6.432002819,-30
62.46957566,6.432185762,-30
62.46948744,6.431636263,-30
62.4695167,6.431819541,-30
62.48206167,6.56254538,0
62.48214863,6.562588759,0
62.48188778,6.562609556,0
62.48197217,6.562545967,0
62.48220792,6.562723969,0
62.48222334,6.562913163,0
62.48142426,6.563197867,0
62.48149632,6.56308268,0
62.48134158,6.563528522,0
62.48136778,6.563343147,0
62.48172902,6.562790497,0
62.48180839,6.56269999,0
62.48157238,6.562979753,0
62.48165012,6.562882853,0
62.48085784,6.563960068,0
62.48094635,6.563929491,0
62.48067855,6.56397658,0
62.48076825,6.563970328,0
62.48120312,6.563758183,0
62.48128241,6.563667733,0
62.48103356,6.563883925,0
62.4811195,6.563828302,0
62.48022357,6.564453449,0
62.48030082,6.564364315,0
62.48004616,6.564508989,0
62.48013538,6.564488691,0
62.48049989,6.564009321,0
62.48058893,6.563986047,0
62.48035362,6.564207561,0
62.48041461,6.564066536,0
62.47951914,6.5637548,0
62.47986691,6.564499693,0
62.47995646,6.564511353,0
62.4796954,6.564402043,0
62.47977831,6.564469994,0
62.47904732,6.563259775,0
62.47913029,6.563333165,0
62.4789,6.563038871,0
62.47897192,6.563154703,0
62.47938657,6.5635081,0
62.47946416,6.563604584,0
62.47921674,6.563385198,0
62.47930302,6.563438493,0
62.47883245,6.562911332,0
62.4795276,6.546833152,0
62.47952293,6.547026829,0
62.47955069,6.545670665,0
62.47954923,6.54586458,0
62.47955608,6.545282991,0
62.47955236,6.545476764,0
62.47953648,6.546445747,0
62.47953223,6.546639469,0
62.47954498,6.546058302,0
62.47954073,6.546252025,0
62.4795033,6.544131959,0
62.47952455,6.544320386,0
62.47946765,6.54375217,0
62.47948234,6.543943398,0
62.47955833,6.54489525,0
62.47955894,6.545089185,0
62.47954466,6.544509352,0
62.47955652,6.544701367,0
62.4794215,6.542592907,0
62.47942805,6.542786329,0
62.4794084,6.542206063,0
62.47941495,6.542399485,0
62.47944989,6.5433662,0
62.47945861,6.54355922,0
62.4794346,6.542979751,0
62.47944143,6.543173124,0
62.47935739,6.54104807,0
62.47936725,6.541240832,0
62.47932745,6.540665794,0
62.47934369,6.540856531,0
62.47939712,6.541818957,0
62.47940272,6.542012515,0
62.47937892,6.541433122,0
62.47938871,6.541625871,0
62.47917917,6.539553145,0
62.47919627,6.539743343,0
62.47912832,6.539185918,0
62.47916408,6.539362083,0
62.47929026,6.540286482,0
62.47931124,6.540475047,0
62.47923012,6.539922842,0
62.47926714,6.540099516,0
62.47866299,6.538758293,0
62.47873242,6.53888011,0
62.47854434,6.538467612,0
62.47860275,6.538614827,0
62.47898844,6.538962156,0
62.47906823,6.539043589,0
62.47881156,6.538970398,0
62.47889948,6.538981839,0
62.47821855,6.537541376,0
62.47827379,6.537694201,0
62.47633441,6.425365427,-10
62.47816284,6.537389344,0
62.47843417,6.538161493,0
62.47848856,6.538315739,0
62.47832725,6.537849964,0
62.47838071,6.538005728,0
62.47617109,6.424257584,-10
62.47619334,6.424445372,-10
62.47613774,6.423876689,-10
62.4761519,6.424068155,-10
62.47627697,6.424998086,-10
62.47630714,6.425180715,-10
62.47621851,6.424631485,-10
62.4762468,6.424815458,-10
62.47606538,6.422724037,-10
62.47607507,6.422916815,-10
62.47604615,6.422338441,-10
62.47605576,6.422531239,-10
62.47611029,6.423493426,-10
62.47612383,6.423685118,-10
62.47608479,6.423109588,-10
62.47609677,6.423301724,-10
62.47597502,6.421185353,-10
62.47598843,6.421377086,-10
62.47593998,6.420805637,-10
62.47596094,6.420993842,-10
62.47602692,6.421952846,-10
62.47603654,6.422145644,-10
62.47600112,6.42156905,-10
62.47601399,6.421760959,-10
62.4757928,6.419691805,-10
62.47580267,6.419884528,-10
62.47577292,6.419306369,-10
62.47578291,6.419499075,-10
62.47587815,6.420441606,-10
62.47590971,6.420623125,-10
62.47582106,6.420074293,-10
62.47584695,6.420259789,-10
62.47573224,6.41814636,-10
62.47573815,6.418339851,-10
62.47572044,6.417759377,-10
62.47572634,6.417952868,-10
62.47575679,6.418920186,-10
62.47576336,6.419113576,-10
62.47574405,6.418533343,-10
62.47575021,6.418726795,-10
62.47566943,6.41660217,-10
62.4756851,6.416792951,-10
62.47560378,6.416242339,-10
62.47564164,6.416417806,-10
62.47570848,6.417372417,-10
62.47571453,6.417565886,-10
62.47569435,6.416985829,-10
62.47570198,6.417179015,-10
62.47536943,6.415198528,-10
62.47539921,6.415381326,-10
62.4753154,6.414828747,-10
62.4753413,6.415014393,-10
62.47551492,6.415905654,-10
62.4755611,6.416071921,-10
62.47543392,6.415560148,-10
62.47547137,6.415736226,-10
62.47520434,6.41370844,-10
62.47524264,6.41388364,-10
62.4751187,6.413367876,-10
62.47516307,6.413536256,-10
62.47526864,6.414454381,-10
62.47529096,6.414642195,-10
62.47526541,6.414069316,-10
62.47526162,6.414262999,-10
62.47476354,6.412499923,-10
62.47482963,6.412631068,-10
62.47462848,6.412244569,-10
62.47469677,6.412370377,-10
62.47501465,6.413052453,-10
62.47506984,6.413205328,-10
62.47489479,6.412764396,-10
62.47495733,6.412903328,-10
62.47423123,6.411460821,-10
62.47429276,6.411601966,-10
62.47411275,6.411169572,-10
62.47417156,6.411316028,-10
62.47449191,6.411992955,-10
62.4745602,6.412118762,-10
62.47435744,6.411736148,-10
62.47442411,6.411865944,-10
62.47374275,6.410325593,-10
62.4738088,6.410456833,-10
62.47360655,6.410073113,-10
62.47367526,6.41019781,-10
62.47399425,6.410878345,-10
62.47405394,6.411023116,-10
62.47387236,6.410593705,-10
62.47393366,6.410735318,-10
62.47318603,6.409346693,-10
62.47325709,6.409465112,-10
62.47304391,6.409109856,-10
62.47311497,6.409228274,-10
62.47346788,6.409826914,-10
62.47353727,6.409949871,-10
62.47332801,6.409583909,-10
62.47339794,6.409705411,-10
62.47261944,6.40839418,-10
62.47268928,6.408515917,-10
62.47248111,6.4081471,-10
62.47255003,6.408271294,-10
62.47290179,6.408873022,-10
62.47297285,6.408991439,-10
62.47275989,6.408635567,-10
62.47283079,6.408754437,-10
62.47206907,6.40739828,-10
62.47213681,6.407525457,-10
62.47193338,6.40714448,-10
62.47200127,6.40727127,-10
62.47234328,6.407898715,-10
62.4724122,6.408022907,-10
62.47220545,6.407650332,-10
62.47227437,6.407774523,-10
62.47154334,6.406342747,-10
62.47160704,6.406479303,-10
62.47142335,6.406054491,-10
62.47148199,6.406201261,-10
62.47180121,6.406882173,-10
62.47186698,6.407014078,-10
62.47167144,6.406614321,-10
62.47173596,6.406749078,-10
62.47121777,6.404989435,-10
62.47125689,6.405163808,-10
62.47113034,6.404650917,-10
62.47117555,6.404818392,-10
62.47133633,6.405718851,-10
62.47137228,6.405896356,-10
62.47128682,6.405346413,-10
62.47130977,6.405533847,-10
62.4708383,6.403673946,-10
62.47088424,6.403840456,-10
62.47075757,6.403327827,-10
62.4707967,6.403502288,-10
62.4710309,6.404328105,-10
62.47108062,6.404489511,-10
62.47093146,6.404005296,-10
62.47098118,6.404166701,-10
62.47063571,6.402202216,-10
62.47063875,6.402395019,-10
62.47063122,6.401815887,-10
62.47063958,6.402008568,-10
62.47069985,6.402960989,-10
62.47072628,6.403146244,-10
62.47065538,6.402585533,-10
62.47067589,6.40277417,-10
62.47031981,6.400913008,-10
62.47035791,6.401086792,-10
62.47019337,6.40063977,-10
62.47025964,6.400770486,-10
62.47056175,6.401464046,-10
62.47060629,6.401630431,-10
62.47042366,6.401217716,-10
62.47049578,6.401333117,-10
62.46985749,6.399733428,-10
62.46991197,6.399887478,-10
62.46975043,6.399422261,-10
62.469803,6.39957938,-10
62.4700741,6.400351801,-10
62.47012881,6.40050543,-10
62.46996627,6.400041837,-10
62.47002019,6.400196819,-10
62.46943995,6.398472052,-10
62.46949026,6.398632584,-10
62.46933963,6.39815053,-10
62.46938968,6.398311446,-10
62.46964551,6.399107678,-10
62.469698,6.399264918,-10
62.4695406,6.398793084,-10
62.46959293,6.398950571,-10
62.46908165,6.397131738,-10
62.46912024,6.39730676,-10
62.46900139,6.396784961,-10
62.46904211,6.396957718,-10
62.4692428,6.397824216,-10
62.46928979,6.397989316,-10
62.46915883,6.397481784,-10
62.46919836,6.397655831,-10
62.46863966,6.395936423,-10
62.46870565,6.396067791,-10
62.46850849,6.39567183,-10
62.46857366,6.395805056,-10
62.46890314,6.396462969,-10
62.4689581,6.396615243,-10
62.46877165,6.396199159,-10
62.46883775,6.396330278,-10
62.46818106,6.394752421,-10
62.46823196,6.394912085,-10
62.46805589,6.394475471,-10
62.46812178,6.394607072,-10
62.4683858,6.395388999,-10
62.46844594,6.395532868,-10
62.46828177,6.395073333,-10
62.4683322,6.395233691,-10
62.46763633,6.393746827,-10
62.46770805,6.393863343,-10
62.46749289,6.393513797,-10
62.46756461,6.393630312,-10
62.46791838,6.394226362,-10
62.46798752,6.394349908,-10
62.46777839,6.393983705,-10
62.46784844,6.394104894,-10
62.46708063,6.392767556,-10
62.46714467,6.392903041,-10
62.46695637,6.39248797,-10
62.46701915,6.392626357,-10
62.46735092,6.393276739,-10
62.46742117,6.393397283,-10
62.46721233,6.393030385,-10
62.46728177,6.393153164,-10
62.46652358,6.391801063,-10
62.46660064,6.391900372,-10
62.46636064,6.391640542,-10
62.46644408,6.391711534,-10
62.46682135,6.392232898,-10
62.46689055,6.392356185,-10
62.46667577,6.392006413,-10
62.46674971,6.392116192,-10
62.46597663,6.392140815,-10
62.4660087,6.391959879,-10
62.46594051,6.392520143,-10
62.46595679,6.392329513,-10
62.4661859,6.391567668,-10
62.46627498,6.391583242,-10
62.46605083,6.391788959,-10
62.46610325,6.391632753,-10
62.46587065,6.393673348,-10
62.46588208,6.39348108,-10
62.46584928,6.394058282,-10
62.46585997,6.393865815,-10
62.46591666,6.392904357,-10
62.46592819,6.392712115,-10
62.46589361,6.393288839,-10
62.46590513,6.393096598,-10
62.46580074,6.395216054,-10
62.46580411,6.395022519,-10
62.46579986,6.395603729,-10
62.46580057,6.3954099,-10
62.46582915,6.394443503,-10
62.46583859,6.394250748,-10
62.46581226,6.394829476,-10
62.46582071,6.39463649,-10
62.46574081,6.396759165,-10
62.46575202,6.396566838,-10
62.46572526,6.397145118,-10
62.46573006,6.396951615,-10
62.46578584,6.395989916,-10
62.46579575,6.395797255,-10
62.46576345,6.396374572,-10
62.46577488,6.396182305,-10
62.46573398,6.398305208,-10
62.46572308,6.398112808,-10
62.46578135,6.398677355,-10
62.46575074,6.398495295,-10
62.46571632,6.397532099,-10
62.46571828,6.397338329,-10
62.46571614,6.397919577,-10
62.4657171,6.397725894,-10
62.46586924,6.399805839,-10
62.46587594,6.399612626,-10
62.46584751,6.400189732,-10
62.46586354,6.399999201,-10
62.46584874,6.399036501,-10
62.46581553,6.39885659,-10
62.46587449,6.399418928,-10
62.46586653,6.399225846,-10
62.4657289,6.40128817,-10
62.46570924,6.401099356,-10
62.46578289,6.401657715,-10
62.46575429,6.401473999,-10
62.46578082,6.400547699,-10
62.46581972,6.400373016,-10
62.46571617,6.400907386,-10
62.4657434,6.400723837,-10
62.46593078,6.402771948,-10
62.4659183,6.402579982,-10
62.46593794,6.403158743,-10
62.46593762,6.402964945,-10
62.46584324,6.402022833,-10
62.46581302,6.401840314,-10
62.46589954,6.402390693,-10
62.46587386,6.402205011,-10
62.46589018,6.404316672,-10
62.46590001,6.404123996,-10
62.46588119,6.404703814,-10
62.4658863,6.404510336,-10
62.46592909,6.403545888,-10
62.46593458,6.403352404,-10
62.4659099,6.403931331,-10
62.4659198,6.403738665,-10
62.4656987,6.405792577,-10
62.46571884,6.405603694,-10
62.46565694,6.40616963,-10
62.46567782,6.405981104,-10
62.46582369,6.40506839,-10
62.46585898,6.404890225,-10
62.46575098,6.405422713,-10
62.4657863,6.405244611,-10
62.46547351,6.407259094,-10
62.465495,6.407071323,-10
62.46545176,6.407643917,-10
62.46546316,6.407451642,-10
62.46560271,6.406538861,-10
62.46563242,6.406356061,-10
62.46552766,6.406890897,-10
62.46556569,6.406715333,-10
62.46541295,6.408803483,-10
62.46541599,6.40860975,-10
62.46541046,6.409191053,-10
62.46540994,6.408997219,-10
62.46543297,6.408029436,-10
62.46544167,6.40783652,-10
62.46542031,6.408416155,-10
62.46542623,6.408222734,-10
62.46545064,6.41034726,-10
62.46543206,6.410157639,-10
62.46550021,6.410719831,-10
62.46547436,6.410534206,-10
62.46540881,6.409578637,-10
62.46540945,6.409384869,-10
62.46542177,6.409965122,-10
62.46541318,6.409772252,-10
62.46571068,6.411786743,-10
62.46566669,6.411617952,-10
62.46582125,6.412091874,-10
62.46576427,6.411942107,-10
62.46555811,6.411086735,-10
62.46552846,6.410903779,-10
62.46562572,6.411445518,-10
62.46558896,6.411268768,-10
62.46620314,6.412909997,-10
62.46613704,6.412778879,-10
62.46633533,6.413172236,-10
62.46626924,6.413041116,-10
62.46594077,6.412380888,-10
62.46587947,6.412239328,-10
62.46607098,6.412647687,-10
62.46600572,6.412514623,-10
62.46668071,6.414063381,-10
62.46662585,6.413909971,-10
62.46678551,6.414378102,-10
62.46673339,6.414220291,-10
62.46645568,6.413459333,-10
62.46639691,6.413312842,-10
62.4665693,6.413759441,-10
62.46651272,6.413608985,-10
62.46709822,6.415324956,-10
62.46704602,6.415167276,-10
62.46720289,6.415639915,-10
62.46715042,6.415482636,-10
62.46688958,6.414693977,-10
62.46683755,6.414536022,-10
62.46699381,6.415009596,-10
62.46694161,6.414851917,-10
62.46747344,6.416643362,-10
62.46743155,6.416471928,-10
62.46755032,6.416993648,-10
62.46751266,6.416817719,-10
62.46730313,6.415960849,-10
62.46725595,6.415796245,-10
62.4673895,6.416300673,-10
62.46734727,6.416129617,-10
62.46770546,6.418102976,-10
62.4676893,6.417912291,-10
62.46772854,6.418487399,-10
62.46771775,6.418294946,-10
62.4676193,6.417351514,-10
62.46758611,6.417171415,-10
62.46766999,6.417723049,-10
62.46764722,6.417535541,-10
62.4677578,6.41964818,-10
62.46775682,6.419454448,-10
62.46775467,6.420035757,-10
62.46775443,6.419841898,-10
62.4677435,6.418873667,-10
62.46773727,6.418680276,-10
62.4677537,6.419260706,-10
62.46774973,6.41906706,-10
62.46773039,6.421197601,-10
62.46773469,6.421003964,-10
62.46772179,6.421584875,-10
62.46772609,6.421391238,-10
62.46774608,6.420422913,-10
62.46775131,6.420229388,-10
62.46773899,6.420810327,-10
62.46774263,6.420616629,-10
62.46771877,6.422747441,-10
62.46771671,6.422553636,-10
62.46772433,6.423134974,-10
62.46772155,6.422941208,-10
62.46771328,6.42197212,-10
62.46771725,6.421778486,-10
62.46771501,6.422359811,-10
62.46771366,6.422165978,-10
62.4677372,6.424297598,-10
62.46773807,6.424103771,-10
62.4677302,6.424685017,-10
62.46773326,6.42449127,-10
62.46772989,6.423522508,-10
62.46772711,6.423328741,-10
62.46773595,6.423910003,-10
62.46773267,6.423716274,-10
62.46770361,6.425846735,-10
62.46770713,6.42565303,-10
62.46769799,6.426234192,-10
62.46770027,6.426040459,-10
62.46772108,6.425072233,-10
62.46772573,6.424878633,-10
62.46771178,6.425459431,-10
62.46771643,6.425265832,-10
62.46771184,6.427396908,-10
62.46770821,6.427203206,-10
62.46771916,6.427784304,-10
62.46771548,6.427590607,-10
62.46770139,6.426621841,-10
62.46769969,6.426428016,-10
62.46770482,6.427009489,-10
62.46770311,6.426815665,-10
62.46788676,6.42887861,-10
62.46784867,6.428703083,-10
62.46796295,6.429229666,-10
62.46792486,6.429054138,-10
62.4677457,6.428166055,-10
62.46772534,6.427977529,-10
62.46781245,6.428525716,-10
62.46777722,6.428347422,-10
62.46816983,6.430302684,-10
62.46814055,6.430119436,-10
62.46818706,6.430687822,-10
62.46818327,6.430494133,-10
62.46803707,6.429582745,-10
62.46800105,6.429405195,-10
62.46810806,6.429938852,-10
62.46807279,6.429760594,-10
62.46818594,6.431850623,-10
62.46818681,6.431656787,-10
62.4681892,6.432238261,-10
62.468187,6.432044472,-10
62.46819173,6.431075296,-10
62.46819068,6.430881527,-10
62.46818845,6.431462957,-10
62.46819009,6.431269126,-10
62.46836583,6.433321255,-10
62.46832331,6.433150746,-10
62.46846135,6.433649287,-10
62.4684122,6.433487236,-10
62.46821311,6.432621288,-10
62.46819565,6.432431547,-10
62.4682841,6.432976359,-10
62.46824521,6.432801656,-10
62.46881391,6.434527623,-10
62.46875446,6.434382405,-10
62.46892617,6.434829928,-10
62.46887177,6.434675758,-10
62.46857484,6.433949191,-10
62.46851594,6.433803085,-10
62.4686948,6.434237577,-10
62.46863515,6.434092749,-10
62.46923421,6.435783567,-10
62.46918067,6.435627968,-10
62.46934021,6.436096442,-10
62.46928774,6.435939167,-10
62.46903138,6.435144035,-10
62.46897904,6.434986587,-10
62.46913048,6.435467309,-10
62.46908093,6.435305672,-10
62.46952647,6.437173309,-10
62.4695137,6.436981411,-10
62.46954755,6.437558236,-10
62.46953876,6.437365354,-10
62.46943278,6.436428299,-10
62.4693882,6.436260266,-10
62.46949257,6.436793202,-10
62.4694664,6.436607982,-10
62.46959435,6.438716832,-10
62.46958841,6.438523386,-10
62.46960629,6.439103718,-10
62.4696003,6.438910277,-10
62.46956287,6.437944554,-10
62.46955502,6.437751436,-10
62.46958251,6.438329932,-10
62.46957307,6.438137169,-10
62.46968624,6.440251973,-10
62.46966892,6.440061746,-10
62.46973056,6.440627708,-10
62.4697084,6.44043984,-10
62.46961964,6.439490318,-10
62.46961224,6.439297164,-10
62.46965092,6.439871816,-10
62.46963282,6.439681927,-10
62.46984864,6.441761877,-10
62.46983506,6.441570347,-10
62.4698686,6.442147165,-10
62.46985964,6.44195426,-10
62.46977489,6.441003444,-10
62.46975272,6.440815576,-10
62.469815,6.44138138,-10
62.46979497,6.441192398,-10
62.46989367,6.443308879,-10
62.46989134,6.44311507,-10
62.46989834,6.443696496,-10
62.46989599,6.443502688,-10
62.46988189,6.442533827,-10
62.46987563,6.442340425,-10
62.46988901,6.44292126,-10
62.46988572,6.442727522,-10
62.46994932,6.444853342,-10
62.46993588,6.444661659,-10
62.46997912,6.445235636,-10
62.46996272,6.445045027,-10
62.46990708,6.444083696,-10
62.46990102,6.443890284,-10
62.46992302,6.444469818,-10
62.46991353,6.44427707,-10
62.47007861,6.446378847,-10
62.47006143,6.446188561,-10
62.47011877,6.446756732,-10
62.47009821,6.446568012,-10
62.47001193,6.445616853,-10
62.46999552,6.445426244,-10
62.47004473,6.445998071,-10
62.47002833,6.445807462,-10
62.47026978,6.447872865,-10
62.47024329,6.447687628,-10
62.47032277,6.44824334,-10
62.47029628,6.448058102,-10
62.4701642,6.44713167,-10
62.47013913,6.446945552,-10
62.4702168,6.447502391,-10
62.47019031,6.447317155,-10
62.47834401,6.522541629,-20
62.47835677,6.522733588,-20
62.47831676,6.522158262,-20
62.47833039,6.522349945,-20
62.47840463,6.523305589,-20
62.47842568,6.52349411,-20
62.47836928,6.522925628,-20
62.47838412,6.523116822,-20
62.47824775,6.521004289,-20
62.47825904,6.521196678,-20
62.4782251,6.520619526,-20
62.47823642,6.520811907,-20
62.47829309,6.521773799,-20
62.47830468,6.521966106,-20
62.4782703,6.521389076,-20
62.47828157,6.521581474,-20
62.47816416,6.519463474,-20
62.47817368,6.519656311,-20
62.47814607,6.519077608,-20
62.47815464,6.519270638,-20
62.47820246,6.520234765,-20
62.47821378,6.520427145,-20
62.4781832,6.519849147,-20
62.47819271,6.520041984,-20
62.47811511,6.517916252,-20
62.47812272,6.518109483,-20
62.47809399,6.517531117,-20
62.47810508,6.517723542,-20
62.47813472,6.51869062,-20
62.47813865,6.518884342,-20
62.47812788,6.518303041,-20
62.4781313,6.51849683,-20
62.47800012,6.516385796,-20
62.47801875,6.516575503,-20
62.47795853,6.516008502,-20
62.47797939,6.51619712,-20
62.47806809,6.517147328,-20
62.47808128,6.517339142,-20
62.47803737,6.51676521,-20
62.47805295,6.51695618,-20
62.47782233,6.514883302,-20
62.47784758,6.515069392,-20
62.47776605,6.514515089,-20
62.47779524,6.514698471,-20
62.47791806,6.515630639,-20
62.47793794,6.515819747,-20
62.47787283,6.515255487,-20
62.47789808,6.515441582,-20
62.47754116,6.513458381,-20
62.47757836,6.513634746,-20
62.4774743,6.513098493,-20
62.47750727,6.513278814,-20
62.47769527,6.514158795,-20
62.47773193,6.51433577,-20
62.47761765,6.513809105,-20
62.47765693,6.513983464,-20
62.47741971,6.511952509,-20
62.47741401,6.512146043,-20
62.4774289,6.511565236,-20
62.47742541,6.511758975,-20
62.47742715,6.51272469,-20
62.47744841,6.512912815,-20
62.47740843,6.512339537,-20
62.47741368,6.512532991,-20
62.47736356,6.510411153,-20
62.47737706,6.510602872,-20
62.47733679,6.510027644,-20
62.47735006,6.510219435,-20
62.47741583,6.51117858,-20
62.47742404,6.511371629,-20
62.47739017,6.510794715,-20
62.47740295,6.510986664,-20
62.47729426,6.508868755,-20
62.47729606,6.50906264,-20
62.47729471,6.508481097,-20
62.47729266,6.508674861,-20
62.47731404,6.509643005,-20
62.47732458,6.509835524,-20
62.47730033,6.509256304,-20
62.47730664,6.509449741,-20
62.47737777,6.507333496,-20
62.47735665,6.507521888,-20
62.47742496,6.506959298,-20
62.47740086,6.507146103,-20
62.47731195,6.508095392,-20
62.47729979,6.50828753,-20
62.47733888,6.507711973,-20
62.47732495,6.507903519,-20
62.47757903,6.505844428,-20
62.4775531,6.506030081,-20
62.47761111,6.505462868,-20
62.47759529,6.505653754,-20
62.4774753,6.506587039,-20
62.47744937,6.506772691,-20
62.47752717,6.506215734,-20
62.47750123,6.506401387,-20
62.47767527,6.504308392,-20
62.47766872,6.504501786,-20
62.47768359,6.503921049,-20
62.47768061,6.504114809,-20
62.47763983,6.505080079,-20
62.47762638,6.505271767,-20
62.47766105,6.504695003,-20
62.47765123,6.504887723,-20
62.47767161,6.502758629,-20
62.47767898,6.5029519,-20
62.47765658,6.502372145,-20
62.47766424,6.502565357,-20
62.4776852,6.503533211,-20
62.47768448,6.503727132,-20
62.47768432,6.503145437,-20
62.47768578,6.503339289,-20
62.47754879,6.501233219,-20
62.47757094,6.50142113,-20
62.4775023,6.500858602,-20
62.47752555,6.50104591,-20
62.47762906,6.501989097,-20
62.47764511,6.502179863,-20
62.47759181,6.501609737,-20
62.47761148,6.501798931,-20
62.47736217,6.499735158,-20
62.47738609,6.499922064,-20
62.47731356,6.499361804,-20
62.47733786,6.499548481,-20
62.47745582,6.500483986,-20
62.47747906,6.500671293,-20
62.47740933,6.500109371,-20
62.47743257,6.500296678,-20
62.47716773,6.498241748,-20
62.47719203,6.498428423,-20
62.47711911,6.497868399,-20
62.47714342,6.498055073,-20
62.47726495,6.498988451,-20
62.47728925,6.499175127,-20
62.47721634,6.498615099,-20
62.47724064,6.498801775,-20
62.47698213,6.496743218,-20
62.47700304,6.496931797,-20
62.47694218,6.496365168,-20
62.47696137,6.496554556,-20
62.47707229,6.497493992,-20
62.47709549,6.497681317,-20
62.47702608,6.497119222,-20
62.47704911,6.497306648,-20
62.4768741,6.495212589,-20
62.47687956,6.495406152,-20
62.47685926,6.494826215,-20
62.47686865,6.495019027,-20
62.47690868,6.495984168,-20
62.47692497,6.496174855,-20
62.47688675,6.495599415,-20
62.47689554,6.495792405,-20
62.47675689,6.493686054,-20
62.47678089,6.49387291,-20
62.4767059,6.493314204,-20
62.47673167,6.493499947,-20
62.47683776,6.494441209,-20
62.4768489,6.494633591,-20
62.4768029,6.494060835,-20
62.47682208,6.494250276,-20
62.47655044,6.492200345,-20
62.47657428,6.492387301,-20
62.47650753,6.491823817,-20
62.47652809,6.492012541,-20
62.47665294,6.492943628,-20
62.47667942,6.493128916,-20
62.47659972,6.492573234,-20
62.47662647,6.49275834,-20
62.47640331,6.490682404,-20
62.4764192,6.490873259,-20
62.47637263,6.490300285,-20
62.47638742,6.49049155,-20
62.47647009,6.491444516,-20
62.47648869,6.49163422,-20
62.47643574,6.491063851,-20
62.47645291,6.491254183,-20
62.47628132,6.489153705,-20
62.47629845,6.489344055,-20
62.47624709,6.488772989,-20
62.47626418,6.488963355,-20
62.47634318,6.489917704,-20
62.47635791,6.490108994,-20
62.47631374,6.489535124,-20
62.47632846,6.489726414,-20
62.47612446,6.487641211,-20
62.47615186,6.487825866,-20
62.47606019,6.487279215,-20
62.47609377,6.487459008,-20
62.47621263,6.488392375,-20
62.47623002,6.488582612,-20
62.47617526,6.488013074,-20
62.47619423,6.488202578,-20
62.47589539,6.486175614,-20
62.47591203,6.486365836,-20
62.47586063,6.485795169,-20
62.47587793,6.485985439,-20
62.47599145,6.486920954,-20
62.47602582,6.487100084,-20
62.47593516,6.486553121,-20
62.47596059,6.486738887,-20
62.47572716,6.484669495,-20
62.47575367,6.484854755,-20
62.47567084,6.484301265,-20
62.47569921,6.484485239,-20
62.47582668,6.485414344,-20
62.47584392,6.485604647,-20
62.4757798,6.485040259,-20
62.47580499,6.485226379,-20
62.47550066,6.483197429,-20
62.47552903,6.483381401,-20
62.47544235,6.482830661,-20
62.47547226,6.483013489,-20
62.47561412,6.483933319,-20
62.47564248,6.484117292,-20
62.47555739,6.483565373,-20
62.47558575,6.483749346,-20
62.47526298,6.481733691,-20
62.47529378,6.481915802,-20
62.47519945,6.481370979,-20
62.47523126,6.481552296,-20
62.47538254,6.482465008,-20
62.47541244,6.482647835,-20
62.47532316,6.482099024,-20
62.47535263,6.482282182,-20
62.47492133,6.480394811,-20
62.47498559,6.480529571,-20
62.47478931,6.480136504,-20
62.4748496,6.48027831,-20
62.47513436,6.481009659,-20
62.47516756,6.481189722,-20
62.47504428,6.480676208,-20
62.47509466,6.480836233,-20
62.4744729,6.479195729,-20
62.47452253,6.479357284,-20
62.47437596,6.478869357,-20
62.47442426,6.479032786,-20
62.47467937,6.479830045,-20
62.47473338,6.47998485,-20
62.47457413,6.479515917,-20
62.47462647,6.479673415,-20
62.47408999,6.477883649,-20
62.47413667,6.478049253,-20
62.47399703,6.47755191,-20
62.47404337,6.477717962,-20
62.47427937,6.478542501,-20
62.47432766,6.478705929,-20
62.47418346,6.478214712,-20
62.47423107,6.478379074,-20
62.47373567,6.47653498,-20
62.47377738,6.476706659,-20
62.47365438,6.476189253,-20
62.47369439,6.476362817,-20
62.47390754,6.477215801,-20
62.47395157,6.477384756,-20
62.47381932,6.47687807,-20
62.47386344,6.477046928,-20
62.47341554,6.475146578,-20
62.47345535,6.475320347,-20
62.47333771,6.474797148,-20
62.47337633,6.474972173,-20
62.47357459,6.475841887,-20
62.47361437,6.476015691,-20
62.47349517,6.475494116,-20
62.47353489,6.47566799,-20
62.47312642,6.473730427,-20
62.47315155,6.473915096,-20
62.47310677,6.473345219,-20
62.47311405,6.473538427,-20
62.47326192,6.474445649,-20
62.47329909,6.474622124,-20
62.47318857,6.474091715,-20
62.47322525,6.474268682,-20
62.47302098,6.472207509,-20
62.4730442,6.472394801,-20
62.47297551,6.471832374,-20
62.47299816,6.472019992,-20
62.47310889,6.472959394,-20
62.47311201,6.473151863,-20
62.47306727,6.472582176,-20
62.47308813,6.472770765,-20
62.47283428,6.470709744,-20
62.47285797,6.470896763,-20
62.47278691,6.470335707,-20
62.4728106,6.470522725,-20
62.47292902,6.471457821,-20
62.47295271,6.471644841,-20
62.47288165,6.471083782,-20
62.47290534,6.471270801,-20
62.47265421,6.469208472,-20
62.47267287,6.469398108,-20
62.47262342,6.468826473,-20
62.47263764,6.469017912,-20
62.47274005,6.469961369,-20
62.47276339,6.470148592,-20
62.47269481,6.469586119,-20
62.47271674,6.46977413,-20
62.47736039,6.430281362,0
62.47729155,6.43015823,0
62.47751223,6.430487712,0
62.47743689,6.430382678,0
62.47726012,6.429605125,0
62.47728023,6.429416147,0
62.47724925,6.429989854,0
62.4772478,6.429797188,0
62.47759102,6.431573643,0
62.47754843,6.431942893,0
62.47755743,6.431753157,0
62.47760587,6.430802282,0
62.47757695,6.430620021,0
62.47760977,6.431188198,0
62.47761443,6.430994588,0
62.47748709,6.432999229,0
62.47758759,6.432115186,0
62.47734552,6.434505879,0
62.47733719,6.434313182,0
62.47739753,6.4348756,0
62.47736615,6.434694283,0
62.47734587,6.434120462,0
62.47736463,6.433930834,0
62.47749653,6.435815627,0
62.47745632,6.435241521,0
62.47743049,6.435055808,0
62.47748976,6.435622393,0
62.4774752,6.435431098,0
62.47708495,6.439169978,0
62.47708283,6.438976894,0
62.47721561,6.437949827,0
62.47702178,6.440316387,0
62.4772242,6.443758664,0
62.47713606,6.442620928,0
62.47711166,6.442434321,0
62.47718535,6.442993856,0
62.4771607,6.442807392,0
62.47724508,6.443945481,0
62.47757606,6.447817754,0
62.47752026,6.447665883,0
62.47768446,6.448126792,0
62.47763117,6.447970794,0
62.47735152,6.44699746,0
62.47746448,6.447513971,0
62.47741061,6.447358941,0
62.47782218,6.449229096,0
62.4778019,6.449040775,0
62.4779067,6.449570429,0
62.47786084,6.449403748,0
62.47777151,6.448464203,0
62.47773223,6.448290871,0
62.47779544,6.448847501,0
62.47778867,6.448654243,0
62.47822026,6.450515996,0
62.47816869,6.450357325,0
62.47800919,6.449888656,0
62.47795687,6.449731103,0
62.47811587,6.450200552,0
62.47806253,6.450044604,0
62.47838886,6.451994261,0
62.47837022,6.451804571,0
62.47843187,6.452370703,0
62.47840934,6.452183072,0
62.47834874,6.451225824,0
62.47835786,6.451612774,0
62.47835646,6.451418884,0
62.4785778,6.453474117,0
62.47856769,6.453281422,0
62.47862809,6.45384124,0
62.47859262,6.453664929,0
62.47849533,6.452730937,0
62.47845588,6.452557538,0
62.47855743,6.453088775,0
62.47854014,6.452898955,0
62.47907721,6.454295945,0
62.47898786,6.454300235,0
62.47923872,6.454460448,0
62.47916099,6.454363773,0
62.47874473,6.454135053,0
62.47868307,6.453994218,0
62.47889857,6.454316478,0
62.47881487,6.454255531,0
62.47956062,6.455732493,0
62.47953774,6.455544976,0
62.47938207,6.454692943,0
62.47931259,6.454570339,0
62.47981989,6.456502975,0
62.47992338,6.457033532,0
62.47963302,6.456084774,0
62.47958934,6.455915851,0
62.47975788,6.456363056,0
62.47969322,6.456228585,0
62.48022883,6.457975686,0
62.48016519,6.457838961,0
62.48028855,6.458120269,0
62.47999867,6.457385274,0
62.47995853,6.457211883,0
62.48010255,6.457700111,0
62.48004593,6.45754994,0
62.48048243,6.459782211,0
62.48046029,6.459594318,0
62.48082724,6.460615115,0
62.48074484,6.460538524,0
62.48098605,6.460791185,0
62.4809098,6.460691008,0
62.48055881,6.460131622,0
62.48051493,6.459962593,0
62.48066907,6.460435797,0
62.48060918,6.460291512,0
62.48130354,6.461723983,0
62.48125796,6.461557107,0
62.48110766,6.461074499,0
62.48105032,6.460926078,0
62.48120868,6.461395019,0
62.48115939,6.461232932,0
62.48145124,6.46322342,0
62.48151924,6.463579336,0
62.48147689,6.46340898,0
62.48205798,6.471820076,0
62.48198208,6.471716757,0
62.48221981,6.471985994,0
62.48213683,6.471912228,0
62.48190964,6.471602428,0
62.48184753,6.471463263,0
62.4826218,6.474380647,0
62.48266256,6.474551932,0
62.48316074,6.504338474,0
62.48324615,6.504279888,0
62.48298255,6.504382787,0
62.48307155,6.504359156,0
62.48349975,6.504084595,0
62.48358327,6.504013728,0
62.48333073,6.504215074,0
62.4834153,6.5041502,0
62.4829014,6.50445933,0
62.48223253,6.506371954,0
62.48214449,6.506702067,0
62.48217657,6.506523014,0
62.48273801,6.514940729,0
62.48275801,6.515129756,0
62.48262363,6.513850188,0
62.4826861,6.513987705,0
62.48254341,6.51380518,0
62.48273068,6.514553379,0
62.48273292,6.514747278,0
62.48271687,6.514167069,0
62.48272715,6.514359586,0
62.48235674,6.516879412,0
62.48235744,6.517072485,0
62.48235796,6.516492677,0
62.48236389,6.516686187,0
62.48239614,6.517240551,0
62.48247082,6.517345033,0
62.4822008,6.515396121,0
62.48224338,6.515566863,0
62.48212376,6.515046245,0
62.48215944,6.515224062,0
62.48233849,6.516107477,0
62.48235079,6.516299339,0
62.48228513,6.515738518,0
62.48231778,6.515919015,0
62.48207505,6.51467335,0
62.48209655,6.514861616,0
62.48205709,6.514483367,0
62.48125335,6.511422851,0
62.48125791,6.511229151,0
62.48124564,6.511810377,0
62.48124879,6.51161655,0
62.48126449,6.511035802,0
62.48123509,6.512973772,0
62.48123519,6.512779822,0
62.48123549,6.513361669,0
62.481235,6.513167722,0
62.4812399,6.512198077,0
62.48124272,6.512004224,0
62.48123612,6.512585892,0
62.48123801,6.512391985,0
62.4812746,6.514520404,0
62.48126203,6.514328367,0
62.48129926,6.51490462,0
62.48128718,6.514712442,0
62.48123654,6.51374956,0
62.48123599,6.513555616,0
62.48125011,6.514136136,0
62.4812415,6.513943213,0
62.48130894,6.515291745,0
62.48130608,6.515097893,0
62.48111154,6.517503496,0
62.48112171,6.51731104,0
62.48112156,6.517889273,0
62.4811096,6.517697301,0
62.48124504,6.516821217,0
62.48127745,6.516644768,0
62.48113658,6.517119778,0
62.48118001,6.516954656,0
62.48165045,6.519000951,0
62.48167032,6.518813657,0
62.48164936,6.519194257,0
62.4817188,6.521168017,0
62.48167006,6.521006737,0
62.48186313,6.521397945,0
62.4817895,6.521287039,0
62.48164639,6.520820173,0
62.4816403,6.520627985,0
62.4819832,6.522235296,0
62.48185008,6.522723309,0
62.48198836,6.521668397,0
62.48193279,6.521519851,0
62.48196729,6.523790146,0
62.48191796,6.523628494,0
62.48206859,6.524110374,0
62.48201794,6.52395026,0
62.48181885,6.523091549,0
62.48181538,6.522898636,0
62.48187593,6.52345713,0
62.4818404,6.523279687,0
62.4820558,6.524879972,0
62.48216488,6.524437674,0
62.48211738,6.524273129,0
62.48176066,6.524762469,0
62.48179466,6.524941953,0
62.48164496,6.524485463,0
62.48171742,6.524592986,0
62.48182733,6.525122584,0
62.48148269,6.525324618,0
62.48147427,6.525131521,0
62.48151186,6.525707311,0
62.48149693,6.52551606,0
62.48147498,6.524552857,0
62.48155552,6.524481824,0
62.48146522,6.524938557,0
62.48146575,6.524744629,0
62.48152815,6.525898002,0
62.48190515,6.528359205,0
62.4818506,6.528712169,0
62.48185819,6.528518908,0
62.48184921,6.528906074,0
62.48430415,6.549624022,0
62.48439357,6.549610929,0
62.48413452,6.549737867,0
62.48421613,6.54966075,0
62.48463183,6.549840348,0
62.48469793,6.549971433,0
62.48448252,6.549632986,0
62.48456272,6.549717152,0
62.48401505,6.550850142,0
62.48402367,6.550657069,0
62.48400821,6.551043522,0
62.48406945,6.550083812,0
62.48408748,6.549893825,0
62.4840366,6.55046513,0
62.48405218,6.550274147,0
62.48465454,6.556594515,0
62.48462206,6.556413686,0
62.48486242,6.561748202,0
62.48488423,6.561560042,0
62.48479983,6.562900572,0
62.48480221,6.562706692,0
62.48479943,6.563288492,0
62.48479903,6.563094539,0
62.48482571,6.562127688,0
62.4848419,6.561936998,0
62.48480599,6.56251289,0
62.48481289,6.562319669,0
62.48481732,6.564451647,0
62.48481375,6.564257826,0
62.48482265,6.564839402,0
62.48482088,6.564645469,0
62.48480305,6.563676361,0
62.4848012,6.563482429,0
62.48481019,6.564064004,0
62.48480662,6.563870182,0
62.48481724,6.56600293,0
62.4848207,6.565809116,0
62.48473601,6.566310209,0
62.48480573,6.566192287,0
62.48482459,6.565227314,0
62.48482421,6.565033348,0
62.48482349,6.565615234,0
62.48482445,6.565421288,0
62.48467479,6.567406668,0
62.48468343,6.567214277,0
62.48453669,6.567610085,0
62.48462025,6.567554409,0
62.48466438,6.566634219,0
62.48467308,6.566441523,0
62.484679,6.567020592,0
62.48466912,6.566827798,0
62.4840289,6.567229404,0
62.48411318,6.567295838,0
62.48385542,6.567131651,0
62.483943,6.567173337,0
62.48436362,6.567509242,0
62.48444917,6.567567538,0
62.48419652,6.567367767,0
62.48427981,6.567439973,0
62.48339879,6.567489639,0
62.48344566,6.567324262,0
62.4832763,6.567758514,0
62.48334957,6.567651522,0
62.48367713,6.567093891,0
62.48376671,6.567102579,0
62.48350409,6.567179117,0
62.483588,6.567112979,0
62.48274669,6.567712413,0
62.48283329,6.56776321,0
62.48257877,6.56757607,0
62.48266188,6.567649147,0
62.48310024,6.567824184,0
62.4831895,6.567806159,0
62.48292138,6.567800065,0
62.48301056,6.567820807,0
62.48241571,6.567414313,0
62.48249648,6.567498747,0
62.48225817,6.56722851,0
62.48233668,6.567322466,0
62.48230638,6.537128446,-10
62.48232882,6.537316242,-10
62.48228398,6.53694063,-10
62.48239089,6.537882304,-10
62.48240802,6.538072698,-10
62.48235142,6.53750395,-10
62.48237205,6.53769268,-10
62.48164525,6.532709674,-10
62.48165884,6.532901372,-10
62.48162842,6.532323504,-10
62.48163606,6.532516752,-10
62.48171907,6.533468105,-10
62.4817435,6.533654736,-10
62.48167652,6.533091527,-10
62.4816949,6.533281322,-10
62.48160774,6.531160916,-10
62.4816092,6.531354844,-10
62.48160699,6.530773016,-10
62.48160729,6.530966968,-10
62.48161784,6.531936316,-10
62.48162234,6.532130026,-10
62.48161065,6.531548772,-10
62.48161327,6.531742615,-10
62.48161501,6.529609499,-10
62.48161244,6.529803373,-10
62.48162016,6.529221753,-10
62.48161759,6.529415626,-10
62.48160761,6.530385126,-10
62.48160669,6.530579064,-10
62.48161009,6.529997257,-10
62.48160885,6.530191191,-10
62.48163277,6.528058386,-10
62.48163177,6.52825232,-10
62.48163154,6.527670519,-10
62.48163298,6.527864434,-10
62.48162531,6.528834006,-10
62.48162273,6.52902788,-10
62.48163,6.528446235,-10
62.48162788,6.528640133,-10
62.48154475,6.526553491,-10
62.48159158,6.526708579,-10
62.4813731,6.526579743,-10
62.48145671,6.526522865,-10
62.48162789,6.527282695,-10
62.48162942,6.52747662,-10
62.48161289,6.526896906,-10
62.48162476,6.52708889,-10
62.48129909,6.527681435,-10
62.48128414,6.527490197,-10
62.4812822,6.528063742,-10
62.48130179,6.527874648,-10
62.48128886,6.526916676,-10
62.48132298,6.526737402,-10
62.4812695,6.527298853,-10
62.48126971,6.52710548,-10
62.48129053,6.529217809,-10
62.48129228,6.529023897,-10
62.48128469,6.529605481,-10
62.48128817,6.529411693,-10
62.48129187,6.528442138,-10
62.48127044,6.528254866,-10
62.4812937,6.52882997,-10
62.48129366,6.52863605,-10
62.48109933,6.530313594,-10
62.48127054,6.529991351,-10
62.48127999,6.529799165,-10
62.48118538,6.530316625,-10
62.48124222,6.530173825,-10
62.4804867,6.529225093,-10
62.48054584,6.529369343,-10
62.48035531,6.528961072,-10
62.48042256,6.529089511,-10
62.4805958,6.52953044,-10
62.48065605,6.529671471,-10
62.47995076,6.528193196,-10
62.48001767,6.528322393,-10
62.48022039,6.528705267,-10
62.48028786,6.528833145,-10
62.48008545,6.528449514,-10
62.48015292,6.52857739,-10
62.47955283,6.526936629,-10
62.47957664,6.527123611,-10
62.47952391,6.526554886,-10
62.479534,6.526747596,-10
62.4796117,6.527302129,-10
62.47955179,6.525398229,-10
62.47953122,6.525586878,-10
62.4795252,6.525028386,-10
62.47955923,6.525205845,-10
62.47951961,6.526167731,-10
62.4795178,6.526361456,-10
62.47952491,6.525780027,-10
62.47952245,6.525973894,-10
62.47929588,6.523995152,-10
62.47931402,6.524185077,-10
62.47927385,6.523610308,-10
62.47928297,6.523803231,-10
62.47942776,6.524703406,-10
62.47947977,6.524861463,-10
62.47933509,6.524372379,-10
62.47937723,6.52454321,-10
62.47924671,6.522448574,-10
62.47925013,6.52264237,-10
62.4792423,6.522060923,-10
62.47924328,6.522254778,-10
62.47925919,6.523223804,-10
62.47926526,6.523417261,-10
62.47925311,6.522836196,-10
62.47925512,6.523030085,-10
62.47935689,6.520926763,-10
62.47932906,6.521111009,-10
62.47943777,6.520588316,-10
62.47940577,6.520765383,-10
62.47926859,6.52167763,-10
62.47925307,6.521868625,-10
62.47930538,6.521298073,-10
62.47928579,6.521487315,-10
62.47943852,6.51943925,-10
62.47946372,6.519624655,-10
62.47935242,6.519102543,-10
62.47940079,6.519263729,-10
62.47946197,6.520204304,-10
62.47945326,6.520397328,-10
62.47947283,6.519817234,-10
62.47946874,6.520010932,-10
62.47917372,6.518014997,-10
62.4791965,6.51820258,-10
62.47913354,6.517637204,-10
62.47915179,6.517826943,-10
62.47926768,6.518763378,-10
62.47930249,6.51894191,-10
62.4792195,6.518390043,-10
62.47924187,6.518577848,-10
62.47944455,6.516947764,-10
62.47935566,6.516971654,-10
62.47962395,6.516939792,-10
62.47953421,6.516939817,-10
62.4791313,6.517256344,-10
62.47912129,6.517445134,-10
62.47926993,6.51702815,-10
62.47918984,6.517115277,-10
62.48015349,6.517125551,-10
62.48006741,6.517070979,-10
62.48032229,6.51725698,-10
62.48023837,6.517188447,-10
62.47980301,6.516964948,-10
62.47971361,6.516948246,-10
62.47998019,6.5170255,-10
62.47989195,6.516990489,-10
62.48070139,6.518016213,-10
62.48066611,6.517838196,-10
62.48072144,6.518399361,-10
62.48071864,6.518205824,-10
62.48048381,6.517425267,-10
62.48040443,6.517335022,-10
62.48061917,6.51767289,-10
62.48055884,6.517530328,-10
62.48062971,6.519543935,-10
62.48063939,6.51935112,-10
62.48061035,6.519929563,-10
62.48062003,6.519736749,-10
62.48067989,6.518776284,-10
62.48070348,6.518589156,-10
62.48065097,6.519158806,-10
62.48066304,6.518966622,-10
62.48052714,6.521077337,-10
62.48054931,6.520889411,-10
62.48048354,6.521453581,-10
62.48050467,6.521265105,-10
62.48059088,6.520315166,-10
62.48060067,6.520122378,-10
62.48056836,6.520699919,-10
62.4805806,6.52050783,-10
62.48048813,6.522607627,-10
62.48047356,6.522416395,-10
62.48053924,6.522978934,-10
62.48051036,6.522795357,-10
62.48045902,6.521837117,-10
62.4804668,6.521644057,-10
62.48046178,6.522224131,-10
62.48045541,6.522030771,-10
62.48099713,6.523280751,-10
62.480912,6.523341814,-10
62.4811604,6.523120208,-10
62.48107974,6.523205128,-10
62.48065439,6.52326555,-10
62.48058414,6.523146256,-10
62.4808238,6.523375859,-10
62.48073578,6.523346604,-10
62.48143042,6.52219034,-10
62.48140856,6.522378452,-10
62.48145661,6.521807724,-10
62.48144932,6.522000956,-10
62.48131293,6.522920158,-10
62.48123973,6.52302954,-10
62.4813808,6.522562668,-10
62.48135038,6.522745136,-10
62.48149363,6.520652828,-10
62.48148323,6.52084416,-10
62.48148076,6.520266029,-10
62.48148898,6.520459135,-10
62.48145473,6.521420019,-10
62.48145708,6.521613905,-10
62.48146404,6.521033617,-10
62.48145464,6.521226097,-10
62.48128216,6.519196765,-10
62.48133072,6.519359771,-10
62.48117624,6.518883689,-10
62.4812288,6.519040816,-10
62.48144323,6.519887037,-10
62.48146456,6.520075393,-10
62.48137303,6.51953074,-10
62.48141134,6.519705992,-10
62.48100155,6.517801159,-10
62.48100588,6.517994107,-10
62.48098003,6.517419683,-10
62.48100199,6.517607312,-10
62.48108788,6.518546719,-10
62.4811283,6.518719736,-10
62.48102772,6.518182095,-10
62.48105471,6.518367062,-10
62.48077949,6.51634311,-10
62.48082143,6.516514391,-10
62.48068484,6.516013656,-10
62.48073337,6.516176792,-10
62.48092681,6.517049281,-10
62.48095419,6.517233959,-10
62.4808593,6.516690219,-10
62.48089631,6.516866881,-10
62.48041212,6.515013168,-10
62.48044823,6.515190401,-10
62.48040395,6.514630608,-10
62.48039719,6.514823958,-10
62.48058555,6.515690526,-10
62.4806352,6.515852091,-10
62.48049142,6.515360397,-10
62.48053711,6.515527327,-10
62.48052291,6.513496902,-10
62.48049851,6.51368352,-10
62.4805948,6.513141803,-10
62.48055707,6.513317643,-10
62.48043412,6.514248422,-10
62.48041681,6.514438726,-10
62.48047675,6.513871679,-10
62.48045499,6.514059837,-10
62.47942354,6.523249933,0
62.47944383,6.523438826,0
62.47939758,6.522866263,0
62.47940866,6.523058718,0
62.47957082,6.523912453,0
62.48063844,6.51297234,-10
62.47946376,6.523627792,0
62.47949803,6.523805064,0
62.47943912,6.521761217,0
62.47938401,6.52190022,0
62.47960431,6.521873697,0
62.47952803,6.521773785,0
62.4793775,6.522480851,0
62.4793865,6.522673808,0
62.47937685,6.522093159,0
62.47937546,6.522287054,0
62.4797472,6.52298633,0
62.47973025,6.522795959,0
62.47976462,6.523370822,0
62.47975937,6.52317848,0
62.4796678,6.522230171,0
62.4796435,6.522043472,0
62.47971139,6.522606356,0
62.47969092,6.52241756,0
62.47942367,6.518205024,0
62.4793516,6.518113331,0
62.4795822,6.518035701,0
62.47950812,6.518140873,0
62.47969531,6.5237244,0
62.47973681,6.523553318,0
62.47933524,6.517923104,0
62.47964488,6.523884821,0
62.47938203,6.517386933,0
62.47946438,6.517330329,0
62.47932482,6.51774671,0
62.47934396,6.517557236,0
62.4796463,6.517678202,0
62.47962486,6.517866184,0
62.47955004,6.517383343,0
62.47962059,6.517498175,0
62.47966159,6.526526859,0
62.47966309,6.526720337,0
62.47968826,6.526143695,0
62.47967703,6.52633584,0
62.47981774,6.527154937,0
62.47990516,6.527132299,0
62.4796891,6.526904671,0
62.47974015,6.527063373,0
62.47987974,6.524958229,0
62.47966428,6.52575966,0
62.47967839,6.525951189,0
62.4796383,6.525376263,0
62.47964988,6.52556824,0
62.47996405,6.526036458,0
62.47996232,6.525843328,0
62.4799955,6.526418289,0
62.47997957,6.526227456,0
62.47997608,6.525269683,0
62.47994018,6.52509261,0
62.47997883,6.525653407,0
62.47998794,6.525461023,0
62.47977693,6.517772893,0
62.47985921,6.51770437,0
62.47972848,6.518129489,0
62.47973387,6.517935992,0
62.47999596,6.526804155,0
62.48000362,6.526611269,0
62.4799067,6.527131374,0
62.47996539,6.526985335,0
62.47963332,6.519272307,0
62.47965298,6.519083081,0
62.4796018,6.519653834,0
62.47961409,6.519461741,0
62.47971034,6.51851466,0
62.479724,6.518323153,0
62.47967279,6.518893925,0
62.4796926,6.518704768,0
62.47981464,6.520633992,0
62.47974096,6.520523548,0
62.47997653,6.520795245,0
62.47961059,6.520035223,0
62.47959395,6.519845796,0
62.47967405,6.520394413,0
62.47963704,6.520220548,0
62.48030188,6.520140196,0
62.48030724,6.520332141,0
62.48025722,6.519764822,0
62.48027939,6.519952534,0
62.48015416,6.520765781,0
62.48006597,6.520798448,0
62.48028761,6.520517776,0
62.48014991,6.518631623,0
62.48015938,6.518824483,0
62.48012672,6.518247093,0
62.48014021,6.518438827,0
62.48019589,6.519400386,0
62.48022575,6.519583195,0
62.48016884,6.519017345,0
62.48017876,6.519210058,0
62.48080172,6.538868199,-40
62.48071414,6.538909403,-40
62.48098046,6.538860092,-40
62.48089096,6.538849976,-40
62.48006796,6.517888594,0
62.48010974,6.518057354,0
62.4799199,6.51768301,0
62.48000241,6.517757036,0
62.48139707,6.539541011,-40
62.48135285,6.539372375,-40
62.48147213,6.539893149,-40
62.48143645,6.539715227,-40
62.48114444,6.539008757,-40
62.48106614,6.538914721,-40
62.48129035,6.539234032,-40
62.48121873,6.539117398,-40
62.48163998,6.540997306,-40
62.48161943,6.54080869,-40
62.48166555,6.541380026,-40
62.48165848,6.541186971,-40
62.48153629,6.540255353,-40
62.4815052,6.540073427,-40
62.4815922,6.540623886,-40
62.48156576,6.540438539,-40
62.48166005,6.542542559,-40
62.48166407,6.542348801,-40
62.4816557,6.542930295,-40
62.48165661,6.542736352,-40
62.48167058,6.541767272,-40
62.48167178,6.541573367,-40
62.48166809,6.542155042,-40
62.48167084,6.541961225,-40
62.481742,6.544072273,-40
62.48171291,6.543888787,-40
62.4818009,6.544438698,-40
62.48177113,6.544255723,-40
62.48166517,6.543317123,-40
62.48165689,6.543123998,-40
62.48169083,6.543700875,-40
62.48167644,6.543509432,-40
62.48194009,6.545556204,-40
62.48191556,6.545371788,-40
62.48201408,6.545909124,-40
62.4819743,6.545735333,-40
62.48186054,6.544804564,-40
62.48183066,6.544621672,-40
62.48190591,6.545178957,-40
62.48188772,6.54498932,-40
62.48224559,6.546958888,-40
62.48221098,6.546779952,-40
62.48230999,6.547320968,-40
62.48227783,6.547139894,-40
62.4820978,6.54625226,-40
62.48205594,6.546080692,-40
62.48217561,6.546601697,-40
62.48213802,6.546425605,-40
62.48247629,6.548427565,-40
62.48245025,6.548241951,-40
62.48252126,6.548802789,-40
62.4825022,6.548613254,-40
62.4823703,6.547686333,-40
62.48234015,6.54750365,-40
62.48242367,6.54805669,-40
62.4823971,6.547871428,-40
62.48258288,6.549956399,-40
62.48257946,6.54976258,-40
62.48258239,6.550344238,-40
62.48258341,6.550150291,-40
62.4825541,6.549183856,-40
62.4825396,6.54899265,-40
62.4825743,6.549568967,-40
62.48256724,6.549375669,-40
62.48252096,6.551498275,-40
62.48253921,6.551308369,-40
62.4824851,6.551878319,-40
62.4825042,6.551688822,-40
62.48257263,6.550731509,-40
62.48257852,6.550537971,-40
62.48255458,6.55111733,-40
62.48256416,6.550924586,-40
62.48227355,6.55293156,-40
62.48233039,6.552781536,-40
62.48215847,6.553229256,-40
62.48221601,6.553080408,-40
62.48244248,6.552254975,-40
62.48246545,6.552067571,-40
62.4823759,6.552614688,-40
62.48241206,6.552437364,-40
62.481688,6.553663893,-40
62.48177771,6.553663389,-40
62.48151196,6.553595782,-40
62.48159893,6.553643174,-40
62.48203249,6.553502819,-40
62.48210071,6.55337769,-40
62.48186682,6.553641878,-40
62.4819535,6.55359245,-40
62.48107676,6.552941458,-40
62.4811348,6.553089346,-40
62.4809701,6.552629792,-40
62.48102154,6.552788712,-40
62.48134777,6.553440493,-40
62.48142842,6.553525274,-40
62.48119929,6.553224107,-40
62.48127088,6.553340715,-40
62.48070011,6.551631271,-40
62.48072797,6.551813663,-40
62.48070194,6.551243841,-40
62.48069759,6.551437444,-40
62.48087022,6.552307599,-40
62.48091916,6.552470126,-40
62.48077449,6.551979476,-40
62.48082235,6.552143537,-40
62.48065213,6.550102722,-40
62.48068504,6.550283138,-40
62.48058961,6.549739127,-40
62.48062093,6.549920874,-40
62.48071631,6.550857333,-40
62.48071056,6.551050789,-40
62.48070624,6.550471493,-40
62.48071843,6.550663454,-40
62.48051732,6.548596227,-40
62.48053685,6.548785525,-40
62.48048072,6.548216525,-40
62.48049779,6.54840693,-40
62.48057443,6.549358648,-40
62.48056868,6.549551785,-40
62.48055596,6.548975004,-40
62.48057169,6.54916595,-40
62.48040044,6.54706709,-40
62.48040687,6.547260473,-40
62.48039532,6.546679362,-40
62.48039754,6.546873248,-40
62.4804468,6.547835625,-40
62.48046376,6.548026075,-40
62.48041854,6.547452723,-40
62.48043057,6.547644917,-40
62.48036396,6.545518808,-40
62.48037566,6.545711033,-40
62.48032882,6.545138428,-40
62.48034636,6.545328628,-40
62.48039089,6.546291589,-40
62.4803931,6.546485475,-40
62.4803846,6.545903983,-40
62.48038853,6.546097712,-40
62.48025951,6.543984507,-40
62.48027069,6.544176943,-40
62.48023717,6.543599636,-40
62.48024834,6.543792072,-40
62.4803042,6.544754251,-40
62.48031538,6.544946688,-40
62.48028186,6.544369379,-40
62.48029303,6.544561815,-40
62.48019381,6.542440288,-40
62.48019773,6.54263396,-40
62.48019925,6.542052874,-40
62.48019354,6.542246345,-40
62.48021671,6.543214282,-40
62.48022667,6.543407027,-40
62.48020364,6.542827483,-40
62.48020945,6.543021021,-40
62.48031898,6.540919064,-40
62.48030198,6.541109339,-40
62.48033706,6.540533176,-40
62.48032876,6.540726289,-40
62.48023752,6.541674246,-40
62.48021535,6.541862154,-40
62.48028042,6.541297602,-40
62.48025905,6.541485971,-40
62.48044718,6.539412272,-40
62.48040078,6.539576376,-40
62.48057395,6.539138687,-40
62.48050797,6.539270082,-40
62.48035272,6.54014679,-40
62.48034533,6.540340056,-40
62.48037778,6.539763378,-40
62.48036154,6.539954114,-40
62.48024047,6.517722568,0
62.48032087,6.51768319,0
62.48022468,6.518086331,0
62.48020604,6.517897801,0
62.48051722,6.518048291,0
62.48063753,6.539001806,-40
62.48040331,6.517758683,0
62.48047237,6.517881784,0
62.48052703,6.518092195,0
62.48051303,6.518282662,0
62.48106289,6.547687415,-50
62.48110594,6.547857376,-50
62.48030351,6.518431938,0
62.48025842,6.518265988,0
62.48047173,6.51845136,0
62.48038667,6.51849199,0
62.48093007,6.546562367,-50
62.48094713,6.546752698,-50
62.48092495,6.546176423,-50
62.48091982,6.546369833,-50
62.48100829,6.547319164,-50
62.48103128,6.547506643,-50
62.48096547,6.546942555,-50
62.48098574,6.54713144,-50
62.4812742,6.545607911,-50
62.48119197,6.545542867,-50
62.48137148,6.545931983,-50
62.48132775,6.545762735,-50
62.48097841,6.545808619,-50
62.48094358,6.545987076,-50
62.48110293,6.545561482,-50
62.48102222,6.545640998,-50
62.48159653,6.546988651,-50
62.48155572,6.546816132,-50
62.48173554,6.547207692,-50
62.48165316,6.547137028,-50
62.4814453,6.546285526,-50
62.48140926,6.546107901,-50
62.48151738,6.546640778,-50
62.48148134,6.546463152,-50
62.48192835,6.548242295,-50
62.48192497,6.548048477,-50
62.48192966,6.548630092,-50
62.48193059,6.548436147,-50
62.48185531,6.547489368,-50
62.48180456,6.547331494,-50
62.48190955,6.547857544,-50
62.48188927,6.547668651,-50
62.48166951,6.549278492,-50
62.48175522,6.549332821,-50
62.48152109,6.54906193,-50
62.48159287,6.549177933,-50
62.48192898,6.549017944,-50
62.48192874,6.548824037,-50
62.4818436,6.549316924,-50
62.48191401,6.549204295,-50
62.48118518,6.548163797,-50
62.48122809,6.548334053,-50
62.48075409,6.526258276,0
62.48114373,6.547991773,-50
62.48139004,6.548797245,-50
62.48145412,6.54893293,-50
62.48127707,6.548496475,-50
62.48133083,6.548651635,-50
62.48059185,6.527315768,0
62.48060137,6.52712306,0
62.4806045,6.527700327,0
62.48058914,6.527509626,0
62.48065829,6.526555065,0
62.48068389,6.526369484,0
62.48061562,6.526931622,0
62.48063475,6.526742221,0
62.48071405,6.528822309,0
62.48071287,6.528629874,0
62.48073751,6.529009414,0
62.48066322,6.52806662,0
62.48063233,6.527884602,0
62.48071492,6.528436298,0
62.48069453,6.528248361,0
62.48118753,6.529303944,0
62.48115259,6.529476127,0
62.48116622,6.528920842,0
62.48118326,6.529111266,0
62.48106695,6.529524992,0
62.48109333,6.527771811,0
62.48109435,6.527965747,0
62.48109316,6.527383944,0
62.48109246,6.527577871,0
62.48112757,6.52854207,0
62.48114685,6.528731478,0
62.48109895,6.528159441,0
62.48111062,6.528351609,0
62.48100005,6.526336994,0
62.48107889,6.526425708,0
62.48083171,6.526202551,0
62.48091603,6.526268933,0
62.48109646,6.526996111,0
62.48109481,6.527190028,0
62.4810969,6.52660825,0
62.48109775,6.52680219,0
62.48188337,6.50187679,-20
62.48182085,6.502015784,-20
62.48199767,6.501578229,-20
62.48194335,6.501732533,-20
62.48160429,6.502360573,-20
62.48153077,6.502471783,-20
62.48175094,6.502136954,-20
62.48167792,6.502249695,-20
62.48220913,6.500519279,-20
62.48219181,6.500709431,-20
62.48222815,6.50013404,-20
62.48222278,6.500327577,-20
62.48209267,6.501249336,-20
62.48204644,6.50141557,-20
62.48216407,6.500893735,-20
62.48213092,6.501073925,-20
62.48203856,6.499063215,-20
62.48208325,6.499231401,-20
62.48194786,6.498728484,-20
62.48199364,6.498895307,-20
62.48220089,6.499754494,-20
62.4822251,6.499940283,-20
62.48212534,6.499402635,-20
62.48216358,6.499578092,-20
62.48168267,6.497716216,-20
62.48172353,6.497888899,-20
62.48161276,6.497359958,-20
62.4816426,6.497542691,-20
62.48185626,6.49839489,-20
62.48190206,6.498561687,-20
62.48176489,6.498061016,-20
62.48181054,6.498228002,-20
62.48143599,6.496280836,-20
62.48149196,6.496432116,-20
62.48129842,6.496037947,-20
62.48137265,6.49614375,-20
62.4815727,6.496982046,-20
62.4815904,6.497172186,-20
62.48153229,6.496604576,-20
62.48155543,6.496791723,-20
62.48079383,6.496302742,-20
62.48086819,6.496194332,-20
62.48066897,6.496578261,-20
62.48072573,6.496428517,-20
62.48112025,6.496006279,-20
62.48120993,6.496006824,-20
62.48094754,6.496104022,-20
62.48103199,6.496039115,-20
62.48048229,6.497662585,-20
62.48049982,6.497472454,-20
62.48045025,6.498044226,-20
62.48046577,6.497853215,-20
62.48058739,6.496923053,-20
62.48062675,6.49674893,-20
62.48052355,6.497285411,-20
62.48055365,6.497102739,-20
62.48037296,6.499195818,-20
62.48038565,6.499003823,-20
62.48034945,6.499580353,-20
62.48036068,6.499387932,-20
62.48042373,6.498427839,-20
62.48043642,6.498235844,-20
62.48039834,6.498811829,-20
62.48041104,6.498619834,-20
62.48029867,6.500738263,-20
62.48030239,6.500544642,-20
62.48032895,6.501118623,-20
62.48030607,6.500931228,-20
62.48032848,6.49996555,-20
62.48033822,6.499772773,-20
62.48031117,6.500351629,-20
62.48031984,6.500158593,-20
62.48066861,6.501979219,-20
62.48060463,6.501848363,-20
62.48082534,6.502144723,-20
62.48075542,6.502023727,-20
62.48041782,6.501434475,-20
62.4803536,6.501305055,-20
62.48055198,6.501691322,-20
62.4804872,6.501557446,-20
62.48128297,6.502687372,-20
62.48119354,6.502674591,-20
62.48145363,6.502598871,-20
62.48137238,6.502672462,-20
62.48095978,6.502401649,-20
62.48089237,6.502273689,-20
62.48110763,6.502620425,-20
62.48103165,6.502517656,-20
62.48076063,6.497025784,-10
62.48081903,6.496878523,-10
62.48069743,6.497383905,-10
62.48072002,6.497196304,-10
62.48101008,6.496470399,-10
62.48152475,6.502480901,-20
62.4808781,6.496732544,-10
62.48094166,6.496595634,-10
62.48061889,6.498533689,-10
62.48062664,6.498340467,-10
62.48060485,6.49892039,-10
62.48061183,6.498727033,-10
62.48066108,6.497763634,-10
62.48067776,6.497573105,-10
62.48063576,6.498147559,-10
62.48064687,6.497955105,-10
62.48053012,6.500069568,-10
62.48055338,6.499882307,-10
62.48051715,6.50045596,-10
62.48052066,6.500262192,-10
62.48059088,6.499307105,-10
62.48059787,6.499113748,-10
62.48057071,6.499692527,-10
62.48058096,6.49949985,-10
62.48079845,6.501349533,-10
62.48094329,6.501578599,-10
62.48087087,6.501464066,-10
62.48053157,6.500841919,-10
62.48051967,6.500649697,-10
62.4805859,6.500994184,-10
62.48140226,6.501889876,-10
62.48132496,6.501987069,-10
62.48151166,6.501585811,-10
62.48145709,6.501738065,-10
62.48108965,6.501803102,-10
62.48101617,6.501691759,-10
62.48123875,6.502018579,-10
62.48116331,6.501913861,-10
62.4819816,6.501021742,-10
62.48190524,6.501123551,-10
62.48209988,6.500739261,-10
62.48205163,6.500900863,-10
62.48166498,6.501385865,-10
62.48158639,6.501479322,-10
62.48182589,6.50121402,-10
62.48174545,6.501299995,-10
62.48206612,6.499622118,-10
62.48211237,6.499787551,-10
62.48194718,6.499331657,-10
62.48200704,6.499476118,-10
62.48213766,6.499972508,-10
62.48163941,6.4983902,-10
62.48167377,6.498569363,-10
62.48158485,6.498020788,-10
62.48161058,6.498206536,-10
62.48182504,6.499047441,-10
62.48188604,6.499189688,-10
62.48171667,6.498739138,-10
62.48176748,6.498898746,-10
62.48145406,6.496892185,-10
62.48147818,6.497078935,-10
62.48138171,6.496540327,-10
62.48142451,6.496709193,-10
62.48154044,6.49764502,-10
62.48156119,6.497833715,-10
62.48149893,6.497267631,-10
62.48151969,6.497456325,-10
62.4810114,6.498733795,0
62.48103591,6.49854875,0
62.48084214,6.498768003,0
62.48092953,6.498802321,0
62.4812299,6.496362047,-10
62.4813162,6.496410829,-10
62.48105351,6.496404307,-10
62.48114034,6.496359003,-10
62.48099337,6.49819568,0
62.48092375,6.498078713,0
62.48111593,6.496757978,0
62.48103551,6.498366817,0
62.48077012,6.498442011,0
62.48078446,6.498632163,0
62.48083817,6.498121638,0
62.48077671,6.49825131,0
62.48106196,6.497417893,0
62.48114273,6.497334036,0
62.48092688,6.497337331,0
62.48097617,6.497474537,0
62.48126043,6.496849539,0
62.48120153,6.49671334,0
62.48120825,6.497206052,0
62.48125175,6.497036577,0
62.48098016,6.496974343,0
62.48093997,6.497147294,0
62.48128552,6.500994251,0
62.48103906,6.496828384,0
62.48105822,6.499405435,0
62.48102015,6.499580608,0
62.48117863,6.49920272,0
62.48110534,6.499240424,0
62.48101027,6.500149494,0
62.48102975,6.50033878,0
62.48099459,6.499766225,0
62.48099447,6.499958922,0
62.48136408,6.500277223,0
62.48134706,6.500086793,0
62.4813861,6.50066186,0
62.48137817,6.500468721,0
62.48127266,6.499531805,0
62.48122895,6.499362529,0
62.48133004,6.499896363,0
62.48130961,6.499707712,0
62.48196117,6.500661627,0
62.48131393,6.500985889,0
62.48137738,6.500849602,0
62.48192008,6.499898637,0
62.48184196,6.49987567,0
62.48179237,6.50003272,0
62.48180194,6.500601766,0
62.48187294,6.50069304,0
62.48177744,6.500223451,0
62.48177776,6.500416736,0
62.48217798,6.511659486,0
62.482207,6.51147905,0
62.48218652,6.511292174,0
62.48215118,6.511113941,0
62.48215564,6.508204216,0
62.48222437,6.508323665,0
62.48202619,6.508409409,0
62.48207156,6.508248196,0
62.48214687,6.508811566,0
62.4820594,6.508852543,0
62.48223709,6.508511626,0
62.48221662,6.508699171,0
62.48355312,6.54690785,0
62.4835642,6.546715668,0
62.48356464,6.54729473,0
62.48355655,6.547101633,0
62.48201858,6.508795011,0
62.48201701,6.508601086,0
62.48362516,6.546581724,0
62.48370565,6.546496525,0
62.48389406,6.547970585,0
62.48380516,6.547985204,0
62.48406652,6.547866883,0
62.48398173,6.5479295,0
62.48358891,6.547678791,0
62.48357359,6.547487673,0
62.48371902,6.547932424,0
62.48364506,6.547823711,0
62.48406532,6.54690571,0
62.4841046,6.547078633,0
62.48401365,6.546542878,0
62.48405196,6.546714215,0
62.48417008,6.547586071,0
62.48410872,6.547718209,0
62.4841586,6.547233511,0
62.48419781,6.547403709,0
62.48386701,6.546325249,0
62.48394651,6.546414494,0
62.48371525,6.546484045,0
62.48378412,6.546359699,0
62.48151343,6.558236459,-20
62.48158354,6.558357414,-20
62.48138542,6.557964753,-20
62.48144804,6.558103662,-20
62.48180875,6.558675994,-20
62.48188476,6.558779096,-20
62.48165732,6.558467776,-20
62.48173273,6.558572893,-20
62.48102912,6.557092385,-20
62.48108693,6.557240723,-20
62.48091372,6.556795289,-20
62.48097132,6.556944022,-20
62.48126589,6.557675388,-20
62.48132565,6.55782007,-20
62.48114597,6.557386771,-20
62.48120597,6.557531,-20
62.48057387,6.555892764,-20
62.48062929,6.556045312,-20
62.48046303,6.555587671,-20
62.48051845,6.555740217,-20
62.48079886,6.556497228,-20
62.48085612,6.556646556,-20
62.4806855,6.556196496,-20
62.48074218,6.556346861,-20
62.48021527,6.554565482,-20
62.48024177,6.554750747,-20
62.4801702,6.554190049,-20
62.48019229,6.554378024,-20
62.48035661,6.555275469,-20
62.48040832,6.555433944,-20
62.4802748,6.554930986,-20
62.48031188,6.555107459,-20
62.47996101,6.55312238,-20
62.48000015,6.553296903,-20
62.47990673,6.552753721,-20
62.47992898,6.552941604,-20
62.48011785,6.553819228,-20
62.48014593,6.554003435,-20
62.48004204,6.553468419,-20
62.48008359,6.553640305,-20
62.47979932,6.551613596,-20
62.47981647,6.551803944,-20
62.47977081,6.551230639,-20
62.47978528,6.551422043,-20
62.47986939,6.552374417,-20
62.47988704,6.552564576,-20
62.47983411,6.551994102,-20
62.47985175,6.552184259,-20
62.47975886,6.550073017,-20
62.47974923,6.550265839,-20
62.47977405,6.549686703,-20
62.47976849,6.549880194,-20
62.47974715,6.550846354,-20
62.47975613,6.551039322,-20
62.47974268,6.550459174,-20
62.47974121,6.550652935,-20
62.47976696,6.548523347,-20
62.47976901,6.548717238,-20
62.47976484,6.54813551,-20
62.47976628,6.548329411,-20
62.47977493,6.549298919,-20
62.47977561,6.549492855,-20
62.47977107,6.548911129,-20
62.47977312,6.54910502,-20
62.47979748,6.546975606,-20
62.47979792,6.547169546,-20
62.47979397,6.546587802,-20
62.47979587,6.5467817,-20
62.47977951,6.547749608,-20
62.47977047,6.547942563,-20
62.47979504,6.547363298,-20
62.47978855,6.547556653,-20
62.47980662,6.545425466,-20
62.47979849,6.545618611,-20
62.47982482,6.545039617,-20
62.47981475,6.545232322,-20
62.47979074,6.54619999,-20
62.47979206,6.546393904,-20
62.47979398,6.545812293,-20
62.47979034,6.54600605,-20
62.47988579,6.543883454,-20
62.47987577,6.544076183,-20
62.47990362,6.54349752,-20
62.47989581,6.543690724,-20
62.4798457,6.54465437,-20
62.47983543,6.544847036,-20
62.47986574,6.544268912,-20
62.47985572,6.544461641,-20
62.47994108,6.542337002,-20
62.47993816,6.542530781,-20
62.47994091,6.541949236,-20
62.47994161,6.542143063,-20
62.47991999,6.543111255,-20
62.47991159,6.543304345,-20
62.47993315,6.542724421,-20
62.47992675,6.542917868,-20
62.47987229,6.540795293,-20
62.47988489,6.540987313,-20
62.47985239,6.540410041,-20
62.47985921,6.540603421,-20
62.47992201,6.541563582,-20
62.47993295,6.541756078,-20
62.47989726,6.541179403,-20
62.47990964,6.541371492,-20
62.47993742,6.539278711,-20
62.47993086,6.539472135,-20
62.47994831,6.538891548,-20
62.47994313,6.539085168,-20
62.47985537,6.540024729,-20
62.47984866,6.540216294,-20
62.47992055,6.539664085,-20
62.47989186,6.539847579,-20
62.47995851,6.537728638,-20
62.47996183,6.537922378,-20
62.4799495,6.537341241,-20
62.47995402,6.537534938,-20
62.47995673,6.538504095,-20
62.47995275,6.538697847,-20
62.47996017,6.538116287,-20
62.47995855,6.538310198,-20
62.47987422,6.536191525,-20
62.47989605,6.536379632,-20
62.47982243,6.535820306,-20
62.47984895,6.53600545,-20
62.47993653,6.536954635,-20
62.47994508,6.537147534,-20
62.47991244,6.536570293,-20
62.47992481,6.536762352,-20
62.47954315,6.53483151,-20
62.47959883,6.534983548,-20
62.47942834,6.534533362,-20
62.47948574,6.534682436,-20
62.47974557,6.535470228,-20
62.47978694,6.535642324,-20
62.47965196,6.53513981,-20
62.47970183,6.53530097,-20
62.47906181,6.533682727,-20
62.47912235,6.533825695,-20
62.47896654,6.533354171,-20
62.47901267,6.533520464,-20
62.47931353,6.534235216,-20
62.47937094,6.534384289,-20
62.47918677,6.533960698,-20
62.4792512,6.534095698,-20
62.47873365,6.532306771,-20
62.47876765,6.532486248,-20
62.47867765,6.531938501,-20
62.47870427,6.532123678,-20
62.47887919,6.533015443,-20
62.47892197,6.533185843,-20
62.47880189,6.532665511,-20
62.47883954,6.532841457,-20
62.4785949,6.530790068,-20
62.47860278,6.530983245,-20
62.47857956,6.530403622,-20
62.47858723,6.530596845,-20
62.47863979,6.531559454,-20
62.47865732,6.531749656,-20
62.47861383,6.531175703,-20
62.47862628,6.531367749,-20
62.47852851,6.529245752,-20
62.47853334,6.529439403,-20
62.47852414,6.528858282,-20
62.47852371,6.529052096,-20
62.47855783,6.530018627,-20
62.47856894,6.530211069,-20
62.47853969,6.529632833,-20
62.47854704,6.529826113,-20
62.4785476,6.52769592,-20
62.47854193,6.527889466,-20
62.47855894,6.527308829,-20
62.47855327,6.527502375,-20
62.47853047,6.528470663,-20
62.47852697,6.52866445,-20
62.47853626,6.528083011,-20
62.47853325,6.528276824,-20
62.47858395,6.526146651,-20
62.47858235,6.526340554,-20
62.47858644,6.525758854,-20
62.47858601,6.525952769,-20
62.47857029,6.526921738,-20
62.47856462,6.527115284,-20
62.478579,6.526534334,-20
62.4785748,6.526728054,-20
62.47854559,6.524599931,-20
62.47855719,6.524792237,-20
62.47851092,6.524219684,-20
62.47853042,6.524408983,-20
62.47858272,6.525371181,-20
62.47858613,6.525564922,-20
62.47856874,6.524984558,-20
62.47857691,6.525177684,-20
62.47889526,6.515793394,-40
62.4789097,6.515601992,-40
62.4788678,6.51617656,-40
62.47888096,6.515984851,-40
62.47846664,6.523843843,-20
62.47848938,6.524031444,-20
62.47893035,6.515413425,-40
62.47844379,6.523656302,-20
62.47852438,6.516362632,-40
62.47857609,6.516519955,-40
62.4784931,6.515983239,-40
62.47850115,6.516176159,-40
62.47880951,6.516540165,-40
62.47884488,6.516364056,-40
62.47865256,6.516619635,-40
62.47873894,6.516652798,-40
62.47852613,6.514823337,-40
62.47851537,6.515015872,-40
62.47854635,6.514437969,-40
62.47853688,6.514630802,-40
62.47849435,6.515595663,-40
62.47849119,6.515789465,-40
62.47850577,6.515208657,-40
62.47849857,6.515401965,-40
62.4786731,6.513317985,-40
62.47863426,6.513492702,-40
62.47875005,6.512967885,-40
62.47871339,6.513144689,-40
62.47856401,6.514052057,-40
62.47855467,6.514244872,-40
62.47860337,6.513674649,-40
62.47857863,6.513860714,-40
62.47888838,6.511844411,-40
62.47887024,6.512034345,-40
62.47892132,6.511463166,-40
62.47890544,6.51165402,-40
62.478804,6.512598088,-40
62.47877871,6.512784137,-40
62.47885014,6.512223306,-40
62.47882823,6.512411369,-40
62.47895978,6.510303427,-40
62.47895695,6.510497266,-40
62.47896512,6.509915728,-40
62.47896249,6.510109581,-40
62.47894238,6.511078113,-40
62.47893369,6.51127113,-40
62.47895413,6.510691105,-40
62.47894887,6.510884695,-40
62.47898412,6.508752938,-40
62.47897851,6.508946494,-40
62.47899578,6.50836589,-40
62.47898973,6.508559382,-40
62.47897036,6.509528023,-40
62.47896774,6.509721876,-40
62.4789756,6.509140318,-40
62.47897298,6.509334171,-40
62.47907188,6.507218846,-40
62.47904719,6.507403161,-40
62.47920707,6.506988596,-40
62.47912607,6.507064732,-40
62.47900945,6.507979205,-40
62.47900215,6.508172443,-40
62.47903363,6.50759487,-40
62.47902151,6.507787028,-40
62.47960972,6.507446056,-40
62.47957896,6.507263868,-40
62.4796675,6.507813139,-40
62.47964004,6.507628597,-40
62.47938462,6.506935818,-40
62.47929551,6.50695571,-40
62.47954557,6.507084699,-40
62.4794712,6.5069815,-40
62.47975563,6.508957186,-40
62.47975262,6.508763403,-40
62.47974115,6.509343626,-40
62.47974819,6.509150302,-40
62.47970911,6.508190237,-40
62.47969029,6.508000614,-40
62.47974212,6.50857089,-40
62.47972894,6.508379324,-40
62.47967867,6.51049905,-40
62.47968828,6.510306285,-40
62.47964773,6.510880974,-40
62.47966485,6.51069067,-40
62.47971845,6.509728278,-40
62.4797308,6.509536182,-40
62.4796966,6.51011318,-40
62.47970611,6.509920374,-40
62.4795242,6.51200327,-40
62.47952907,6.511809624,-40
62.47951698,6.512390814,-40
62.47952072,6.512197064,-40
62.47958287,6.511242645,-40
62.47961531,6.511061816,-40
62.47953907,6.511616924,-40
62.47955369,6.511425789,-40
62.47939151,6.513516097,-40
62.47942375,6.513335291,-40
62.47932039,6.513872222,-40
62.47935611,6.513694308,-40
62.47949658,6.512776177,-40
62.47950688,6.512583521,-40
62.47945144,6.513150824,-40
62.4794775,6.512965252,-40
62.47903346,6.514847997,-40
62.47907815,6.514679963,-40
62.47895891,6.515200144,-40
62.47899311,6.51502122,-40
62.47923591,6.514213846,-40
62.4792811,6.514046507,-40
62.47912474,6.514514206,-40
62.47918189,6.51436711,-40
62.48187275,6.494168846,-30
62.48188165,6.493975853,-30
62.48185542,6.49455494,-30
62.48186409,6.494361893,-30
62.48191515,6.493398535,-30
62.47893392,6.515386321,-40
62.48189213,6.493783227,-30
62.48190315,6.493590745,-30
62.48191004,6.495701673,-30
62.481886,6.495514804,-30
62.48196573,6.496070308,-30
62.4819367,6.495886779,-30
62.4818452,6.494942049,-30
62.48184834,6.494748259,-30
62.48186238,6.495327693,-30
62.48185024,6.49513556,-30
62.48213819,6.497172494,-30
62.48211192,6.496987102,-30
62.48218322,6.497547994,-30
62.48216058,6.497360318,-30
62.48202522,6.496436285,-30
62.48199545,6.496253316,-30
62.48208448,6.496802438,-30
62.482055,6.496619255,-30
62.48228977,6.498688511,-30
62.48227406,6.498497569,-30
62.48231707,6.49907191,-30
62.48230342,6.498880211,-30
62.48222259,6.497926461,-30
62.4822029,6.497737227,-30
62.48225764,6.498306887,-30
62.48224045,6.498116522,-30
62.4823831,6.500226853,-30
62.4823722,6.500034332,-30
62.4823974,6.50061347,-30
62.48239095,6.500420015,-30
62.48234006,6.499456626,-30
62.4823286,6.499264257,-30
62.48236147,6.499841768,-30
62.48235097,6.499649143,-30
62.48235198,6.501759487,-30
62.48238126,6.501576604,-30
62.48223864,6.502055929,-30
62.48230168,6.501919326,-30
62.48240957,6.50100047,-30
62.4824039,6.500806918,-30
62.4823997,6.501386937,-30
62.48240952,6.501194259,-30
62.48221731,6.50109214,-30
62.48219303,6.501278858,-30
62.48226565,6.50071856,-30
62.4822416,6.500905422,-30
62.4821362,6.501847116,-30
62.48215449,6.502015907,-30
62.48217058,6.501466589,-30
62.48215081,6.501655765,-30
62.48224717,6.499579846,-30
62.48227454,6.499764404,-30
62.48218612,6.499215077,-30
62.48221699,6.499397191,-30
62.48230101,6.500339175,-30
62.48228797,6.500530714,-30
62.48229546,6.499952707,-30
62.48230431,6.500145375,-30
62.48206969,6.498089435,-30
62.48206763,6.49828334,-30
62.48208542,6.497703246,-30
62.48207748,6.497896323,-30
62.48212692,6.498848926,-30
62.48215524,6.499032963,-30
62.4820795,6.49847488,-30
62.48210203,6.498662605,-30
62.48196245,6.496579737,-30
62.48199478,6.496760598,-30
62.48187515,6.496242687,-30
62.48192363,6.496405909,-30
62.48207142,6.497318333,-30
62.4820845,6.497509387,-30
62.48202099,6.496946096,-30
62.4820472,6.497131595,-30
62.48142858,6.495631957,-30
62.48151304,6.495697497,-30
62.48125621,6.495525382,-30
62.48134322,6.495572208,-30
62.48175104,6.495964684,-30
62.4818175,6.496094367,-30
62.48159564,6.495773119,-30
62.48167629,6.495857944,-30
62.48072167,6.495607924,-30
62.48080948,6.495568201,-30
62.48057829,6.495815019,-30
62.48063765,6.495672639,-30
62.48107731,6.495513796,-30
62.48116699,6.495507525,-30
62.48089838,6.495542273,-30
62.4809877,6.495524134,-30
62.48033024,6.496847686,-30
62.48036992,6.49667376,-30
62.48025515,6.497199957,-30
62.48029171,6.497022841,-30
62.48049298,6.496156271,-30
62.48053534,6.495985293,-30
62.48041078,6.496501081,-30
62.48045177,6.496328545,-30
62.48011907,6.498304977,-30
62.48011409,6.498111477,-30
62.48014432,6.49868894,-30
62.48013055,6.498497311,-30
62.48018078,6.497552969,-30
62.4802186,6.49737709,-30
62.48012571,6.497920132,-30
62.48014777,6.497733148,-30
62.48018821,6.499828912,-30
62.48020541,6.49963863,-30
62.48013391,6.500198602,-30
62.48016103,6.500013741,-30
62.48019185,6.499062444,-30
62.48016686,6.498876279,-30
62.48021375,6.499445771,-30
62.48021021,6.499252285,-30
62.48012375,6.501354897,-30
62.48011652,6.501161586,-30
62.48013905,6.501741361,-30
62.48013098,6.501548209,-30
62.48010612,6.500580777,-30
62.48011481,6.500388073,-30
62.48010928,6.500968274,-30
62.48010453,6.500774624,-30
62.48035148,6.502773775,-30
62.48028762,6.50263761,-30
62.48048878,6.503023166,-30
62.48041801,6.502903906,-30
62.48017008,6.50212243,-30
62.48014923,6.501933961,-30
62.48023228,6.502485598,-30
62.48019741,6.502307121,-30
62.48094631,6.50362528,-30
62.48086243,6.503556814,-30
62.48112202,6.503695959,-30
62.48103281,6.503676134,-30
62.48063389,6.503251202,-30
62.4805601,6.50314081,-30
62.48078296,6.503467062,-30
62.48070806,6.503360366,-30
62.48142046,6.504403972,-30
62.48142553,6.504210552,-30
62.48136216,6.504764242,-30
62.48140395,6.504594081,-30
62.48129986,6.503740526,-30
62.48121159,6.503707849,-30
62.48140963,6.504020407,-30
62.48137173,6.503846806,-30
62.48092927,6.505449785,-30
62.48100415,6.505343026,-30
62.48079165,6.505697068,-30
62.48085661,6.505563592,-30
62.48122751,6.505018842,-30
62.48129874,6.504900893,-30
62.4810802,6.505240051,-30
62.48115511,6.505133393,-30
62.48045855,6.506604312,-30
62.4805062,6.506439989,-30
62.48036958,6.506940847,-30
62.48041151,6.506769485,-30
62.48066386,6.505969049,-30
62.48072712,6.505831548,-30
62.48055508,6.506277338,-30
62.48060746,6.506119855,-30
62.48023429,6.508061518,-30
62.48024754,6.507869699,-30
62.48021973,6.508448081,-30
62.48022677,6.508254735,-30
62.48030412,6.507301683,-30
62.48033408,6.507118944,-30
62.48026218,6.507678373,-30
62.48027957,6.507488189,-30
62.48019542,6.509610225,-30
62.48019779,6.509416349,-30
62.48019069,6.509997976,-30
62.48019306,6.509804101,-30
62.48020619,6.508834809,-30
62.48021234,6.508641365,-30
62.48020015,6.509222473,-30
62.48020298,6.509028628,-30
62.48015071,6.51115754,-30
62.48016414,6.510965935,-30
62.48010932,6.511534237,-30
62.48013444,6.51134814,-30
62.48018171,6.510385367,-30
62.48018638,6.510191687,-30
62.48017071,6.510772518,-30
62.48017655,6.510578987,-30
62.47987303,6.512570273,-30
62.47990364,6.512387958,-30
62.4798186,6.512939789,-30
62.47984478,6.512754316,-30
62.48003788,6.51188759,-30
62.4800802,6.511717681,-30
62.47993987,6.512210563,-30
62.47998404,6.512042755,-30
62.47973241,6.514086049,-30
62.47973954,6.513892721,-30
62.47973307,6.514473688,-30
62.47973057,6.514279835,-30
62.4797766,6.513316646,-30
62.47979461,6.513126675,-30
62.47974978,6.513700081,-30
62.47976196,6.513507956,-30
62.47965724,6.515608188,-30
62.47969577,6.515433107,-30
62.47950005,6.515748515,-30
62.47958903,6.51572656,-30
62.47973433,6.514861177,-30
62.47973598,6.514667526,-30
62.47972055,6.515247002,-30
62.47973207,6.515054972,-30
62.47911166,6.516515538,-30
62.47916773,6.516364121,-30
62.47900539,6.516828022,-30
62.47905781,6.516670633,-30
62.47934471,6.515927026,-30
62.47941654,6.515811193,-30
62.4792239,6.516212865,-30
62.47928127,6.516063759,-30
62.47880247,6.517879237,-30
62.47880575,6.517685795,-30
62.47881782,6.51826568,-30
62.47881042,6.518072409,-30
62.47890838,6.517154073,-30
62.47895437,6.51698757,-30
62.4788261,6.517497754,-30
62.4788631,6.517321515,-30
62.47887933,6.519421522,-30
62.47886786,6.519229177,-30
62.47890227,6.519806212,-30
62.4788908,6.519613867,-30
62.47883549,6.518651601,-30
62.47882505,6.518458985,-30
62.47885647,6.519036813,-30
62.47884598,6.518844207,-30
62.47897132,6.52096021,-30
62.47895993,6.520767847,-30
62.47899048,6.521345848,-30
62.47898138,6.521152921,-30
62.4789252,6.520190902,-30
62.47891374,6.519998557,-30
62.47894817,6.520575584,-30
62.47893667,6.520383247,-30
62.4789962,6.52250551,-30
62.47900628,6.5223128,-30
62.4789764,6.522891005,-30
62.47898613,6.52269822,-30
62.47900681,6.5217321,-30
62.47899878,6.521538953,-30
62.4790132,6.522119519,-30
62.47901169,6.52192575,-30
62.47898999,6.524051696,-30
62.47898163,6.523858604,-30
62.47900997,6.524437139,-30
62.47899965,6.524244506,-30
62.47896687,6.523277763,-30
62.47896752,6.523083978,-30
62.47897572,6.523665124,-30
62.47897091,6.523471467,-30
62.4791333,6.525564353,-30
62.47909738,6.525386725,-30
62.47918808,6.525931828,-30
62.47916692,6.525744156,-30
62.47903745,6.524820389,-30
62.47902239,6.524629204,-30
62.47907555,6.525199302,-30
62.47905516,6.525010489,-30
62.4792381,6.527090092,-30
62.47923053,6.526896849,-30
62.47925482,6.527476281,-30
62.4792463,6.527283219,-30
62.47920896,6.526316908,-30
62.47920051,6.526123833,-30
62.47922334,6.526703535,-30
62.47921615,6.526510221,-30
62.47939046,6.528600511,-30
62.47936039,6.528417812,-30
62.47945635,6.528961284,-30
62.47942345,6.528780858,-30
62.47929033,6.52785636,-30
62.47927114,6.527666919,-30
62.47933478,6.528231997,-30
62.47931028,6.528045424,-30
62.47970722,6.529990019,-30
62.47966239,6.529822015,-30
62.47979554,6.530327695,-30
62.4797514,6.530158829,-30
62.4795349,6.529309826,-30
62.47949356,6.529137696,-30
62.47961755,6.52965401,-30
62.47957527,6.529483033,-30
62.48007126,6.531327139,-30
62.48002539,6.531160448,-30
62.48016301,6.531660522,-30
62.48011713,6.53149383,-30
62.47988656,6.53066195,-30
62.47984008,6.53049604,-30
62.4799795,6.530993772,-30
62.47993303,6.530827861,-30
62.48043758,6.532661518,-30
62.48039205,6.532494388,-30
62.48052524,6.532999978,-30
62.48048181,6.532830253,-30
62.48025475,6.531993908,-30
62.48020888,6.531827215,-30
62.48034649,6.532327295,-30
62.48030062,6.532160601,-30
62.48076182,6.534042842,-30
62.48071608,6.533876101,-30
62.4808603,6.534367081,-30
62.48081022,6.534206141,-30
62.48060653,6.533344967,-30
62.4805703,6.533167649,-30
62.48067585,6.533702767,-30
62.48064116,6.533523896,-30
62.48114953,6.535348424,-30
62.48110244,6.535183331,-30
62.48123812,6.535685683,-30
62.48119488,6.53551573,-30
62.48096046,6.534688961,-30
62.48091038,6.534528021,-30
62.48105513,6.535018519,-30
62.48100782,6.534853707,-30
62.48144118,6.536761289,-30
62.48141354,6.536576762,-30
62.48149266,6.537132831,-30
62.48146816,6.536946244,-30
62.48131829,6.536032639,-30
62.48127834,6.535858977,-30
62.4813829,6.536394501,-30
62.48135148,6.536212825,-30
62.48162582,6.5382602,-30
62.48160591,6.538071084,-30
62.48166448,6.538639002,-30
62.48164515,6.538449601,-30
62.48153994,6.537507013,-30
62.48151715,6.537319419,-30
62.48158514,6.537882413,-30
62.48156254,6.537694713,-30
62.48174815,6.539788307,-30
62.4817368,6.539595939,-30
62.48176862,6.540173683,-30
62.48175831,6.539981013,-30
62.48169637,6.539020724,-30
62.4816806,6.538829786,-30
62.48172378,6.539404035,-30
62.48171097,6.539212068,-30
62.48184634,6.541324789,-30
62.48183013,6.541134028,-30
62.48188614,6.54170289,-30
62.48186461,6.541514596,-30
62.48178925,6.540559021,-30
62.48177893,6.540366352,-30
62.48181484,6.540942907,-30
62.48180108,6.540751253,-30
62.48202964,6.542824342,-30
62.48200276,6.542639307,-30
62.48210951,6.54316934,-30
62.48206382,6.543003054,-30
62.48193168,6.542078093,-30
62.48190847,6.541890736,-30
62.48197885,6.542452364,-30
62.48195493,6.542265421,-30
62.4824274,6.544107858,-30
62.48237368,6.5439525,-30
62.48252576,6.544432205,-30
62.48247796,6.544268098,-30
62.48220964,6.543491113,-30
62.48215798,6.543332529,-30
62.48231904,6.543798641,-30
62.48226434,6.543644877,-30
62.48275626,6.545482502,-30
62.48272231,6.545302961,-30
62.48282431,6.545841462,-30
62.48279029,6.545661982,-30
62.48261131,6.544773084,-30
62.48256986,6.544601093,-30
62.48268795,6.545123799,-30
62.48265066,6.544947376,-30
62.48297438,6.54695541,-30
62.48295763,6.546764867,-30
62.48300022,6.547339293,-30
62.4829873,6.547147351,-30
62.48288764,6.546204292,-30
62.48285807,6.546021159,-30
62.48293992,6.546574728,-30
62.48291844,6.546386468,-30
62.48305454,6.548496744,-30
62.48304767,6.548303349,-30
62.48306668,6.54888376,-30
62.4830614,6.548690139,-30
62.48302405,6.547723782,-30
62.48301228,6.547531494,-30
62.48304048,6.548110011,-30
62.48303304,6.547916716,-30
62.4830953,6.550045885,-30
62.48309105,6.549852145,-30
62.48310235,6.550433513,-30
62.48309882,6.550239699,-30
62.48307662,6.549271092,-30
62.48307165,6.549077426,-30
62.48308625,6.549658459,-30
62.48308145,6.549464774,-30
62.4831235,6.551596396,-30
62.48311997,6.551402582,-30
62.48313126,6.551983951,-30
62.48312702,6.55179021,-30
62.4831094,6.55082114,-30
62.48310588,6.550627326,-30
62.48311645,6.551208768,-30
62.48311292,6.551014954,-30
62.48316735,6.553144595,-30
62.48315634,6.552952252,-30
62.48319563,6.553527647,-30
62.48318046,6.553336477,-30
62.48314104,6.552371302,-30
62.48313615,6.552177626,-30
62.48315118,6.55275861,-30
62.48314602,6.552564967,-30
62.48331193,6.554656821,-30
62.48330937,6.554463354,-30
62.48328644,6.555040588,-30
62.48330122,6.554849269,-30
62.48323453,6.553906276,-30
62.4832141,6.553717429,-30
62.48329234,6.554273294,-30
62.48326255,6.554090353,-30
62.48305475,6.556064596,-30
62.48311567,6.555922349,-30
62.48292564,6.556333971,-30
62.48299107,6.55620122,-30
62.48324424,6.555417408,-30
62.48326829,6.555230545,-30
62.48317038,6.555768772,-30
62.48321305,6.555598388,-30
62.48245737,6.556875805,-30
62.48254414,6.55682648,-30
62.48228177,6.556955496,-30
62.48236993,6.556919426,-30
62.48278483,6.556574467,-30
62.4828557,6.556455479,-30
62.48262882,6.556762651,-30
62.48271065,6.556683237,-30
62.4817721,6.556744162,-30
62.48185057,6.556838258,-30
62.48161471,6.556557913,-30
62.48169272,6.556653698,-30
62.48210387,6.557005513,-30
62.48219307,6.556984758,-30
62.48193009,6.556928052,-30
62.48201466,6.556990856,-30
62.4811775,6.555892837,-30
62.48125822,6.555977615,-30
62.48102143,6.555702216,-30
62.48109777,6.555804008,-30
62.4814731,6.556321579,-30
62.48153987,6.556450974,-30
62.48133667,6.556071608,-30
62.48140798,6.556188123,-30
62.48075726,6.55471693,-30
62.48078196,6.554903268,-30
62.48071065,6.554342342,-30
62.48073389,6.554529675,-30
62.4808959,6.555429379,-30
62.48095123,6.555581721,-30
62.48081524,6.555083337,-30
62.48085269,6.555259559,-30
62.4805832,6.553212983,-30
62.48059728,6.5534045,-30
62.48055818,6.552828906,-30
62.48057023,6.553021076,-30
62.48066322,6.553968245,-30
62.48068741,6.55415501,-30
62.48061504,6.553594609,-30
62.48063897,6.553781507,-30
62.48049386,6.551673948,-30
62.48050831,6.551865363,-30
62.48046519,6.55129104,-30
62.4804794,6.551482535,-30
62.48054073,6.55244285,-30
62.48054946,6.552635878,-30
62.48052074,6.552057415,-30
62.48053201,6.552249822,-30
62.48032829,6.550169686,-30
62.48036255,6.55034889,-30
62.48024655,6.549824447,-30
62.48028811,6.549996348,-30
62.48043444,6.550909,-30
62.48045183,6.551099255,-30
62.48039108,6.550532676,-30
62.48041353,6.550720447,-30
62.4800154,6.548777335,-30
62.4800414,6.548962336,-30
62.47999853,6.548391561,-30
62.4800049,6.548585009,-30
62.48016066,6.549483859,-30
62.48020361,6.54965415,-30
62.48008018,6.549137218,-30
62.48011966,6.549311376,-30
62.47997968,6.547228923,-30
62.47997964,6.547422772,-30
62.47998455,6.546841211,-30
62.4799821,6.547035051,-30
62.47998924,6.548004232,-30
62.47999278,6.548198016,-30
62.47998281,6.547616595,-30
62.47998597,6.547810417,-30
62.48002721,6.545681424,-30
62.48002266,6.545875061,-30
62.48002239,6.54529379,-30
62.48002592,6.545487577,-30
62.47999839,6.546454509,-30
62.47999061,6.546647711,-30
62.48001499,6.546068287,-30
62.48000669,6.546261398,-30
62.48000557,6.544132455,-30
62.48000093,6.544326116,-30
62.48001962,6.543745797,-30
62.48001163,6.54393897,-30
62.48000938,6.544906924,-30
62.48001588,6.545100357,-30
62.47999897,6.544520011,-30
62.48000244,6.544713564,-30
62.48005593,6.542585218,-30
62.48005316,6.54277907,-30
62.48005693,6.542197342,-30
62.48005651,6.542391283,-30
62.4800356,6.543359449,-30
62.48002761,6.543552623,-30
62.48005039,6.542972921,-30
62.48004336,6.543166234,-30
62.48007322,6.541035018,-30
62.48006415,6.541227896,-30
62.48008925,6.540648735,-30
62.48008039,6.540841703,-30
62.48005778,6.54180946,-30
62.48005735,6.542003401,-30
62.48006281,6.541421809,-30
62.48005865,6.541615543,-30
62.48248618,6.563945956,-10
62.48246685,6.56375658,-10
62.48252915,6.564322571,-10
62.48250705,6.564134593,-10
62.48010943,6.540263306,-30
62.48009934,6.540456021,-30
62.48245119,6.563565623,-10
62.48243946,6.563373374,-10
62.48274232,6.565374877,-10
62.48268523,6.56522523,-10
62.48286861,6.565649309,-10
62.48280191,6.565519806,-10
62.48257935,6.564694927,-10
62.48255262,6.564509778,-10
62.48263796,6.565061483,-10
62.4826075,6.56487909,-10
62.4833802,6.5659419,-10
62.48329048,6.565940863,-10
62.48355923,6.565916571,-10
62.48346984,6.565933082,-10
62.48302752,6.565826401,-10
62.48294499,6.565750479,-10
62.48320127,6.565920863,-10
62.48311342,6.565881962,-10
62.48401881,6.565362023,-10
62.48395645,6.565500829,-10
62.48413791,6.565071845,-10
62.48407903,6.565218232,-10
62.48373279,6.565823219,-10
62.48364754,6.565882845,-10
62.48388349,6.565613771,-10
62.48381044,6.565726463,-10
62.4844326,6.56410359,-10
62.48439478,6.564279359,-10
62.48448619,6.563734826,-10
62.48446617,6.56392377,-10
62.48425029,6.564769666,-10
62.48419588,6.564923814,-10
62.48434987,6.564447234,-10
62.4843025,6.564611899,-10
62.48450516,6.56257436,-10
62.48450736,6.562768274,-10
62.48449434,6.56218771,-10
62.48450277,6.562380458,-10
62.48450787,6.563350064,-10
62.48450021,6.563543251,-10
62.48450956,6.562962189,-10
62.48450958,6.563156127,-10
62.48438197,6.561057027,-10
62.48438711,6.561250545,-10
62.48438216,6.560669358,-10
62.48437882,6.560863196,-10
62.4844667,6.561805058,-10
62.48448338,6.56199527,-10
62.48440716,6.561439103,-10
62.48443753,6.561621631,-10
62.48440322,6.559506437,-10
62.48440051,6.55970032,-10
62.48440334,6.559118736,-10
62.48440595,6.559312554,-10
62.48438951,6.560281742,-10
62.48438559,6.560475528,-10
62.48439736,6.559894169,-10
62.48439344,6.560087955,-10
62.4843482,6.557961601,-10
62.48436004,6.558153878,-10
62.48432613,6.557576624,-10
62.48433636,6.557769324,-10
62.48439078,6.558731792,-10
62.48439782,6.558925166,-10
62.48437188,6.558346155,-10
62.48438371,6.558538432,-10
62.48431632,6.556414882,-10
62.48431198,6.556608626,-10
62.48433029,6.556028143,-10
62.48432289,6.556221454,-10
62.48431096,6.557190135,-10
62.4843175,6.557383579,-10
62.48430784,6.556802381,-10
62.48430725,6.55699633,-10
62.48434257,6.555641153,-10
62.48433769,6.555834832,-10
62.48414782,6.553371236,-10
62.48417889,6.553553214,-10
62.48426164,6.554106691,-10
62.48428352,6.554294665,-10
62.48420951,6.553735511,-10
62.48423492,6.553921541,-10
62.48387217,6.551939771,-10
62.48391305,6.552112404,-10
62.48377977,6.551607252,-10
62.4838267,6.551772572,-10
62.48349132,6.550678103,-10
62.48350155,6.550870307,-10
62.4834842,6.550290477,-10
62.48348771,6.550484294,-10
62.48365842,6.551326317,-10
62.48372662,6.551451342,-10
62.48353685,6.551046934,-10
62.48358918,6.551203444,-10
62.48348553,6.549126819,-10
62.48348473,6.549320777,-10
62.48348714,6.548738903,-10
62.48348634,6.548932861,-10
62.48348249,6.549902654,-10
62.48348191,6.550096616,-10
62.48348392,6.549514735,-10
62.48348312,6.549708693,-10
62.48347362,6.547575658,-10
62.48347718,6.547769471,-10
62.48346649,6.547188033,-10
62.48347006,6.547381846,-10
62.48348636,6.548350999,-10
62.48348756,6.548544947,-10
62.48348073,6.547963285,-10
62.48348426,6.548157101,-10
62.4834287,6.546027133,-10
62.48343526,6.546220579,-10
62.48340974,6.545641413,-10
62.48341978,6.545834159,-10
62.48345454,6.54680098,-10
62.48346082,6.546994471,-10
62.48344182,6.546414025,-10
62.48344827,6.546607489,-10
62.48329861,6.544505166,-10
62.48332438,6.54469089,-10
62.48324429,6.544135428,-10
62.48327157,6.544320214,-10
62.48338629,6.54525689,-10
62.48339969,6.545448667,-10
62.48334595,6.544879168,-10
62.48336915,6.545066536,-10
62.48308069,6.543026684,-10
62.48310816,6.543211331,-10
62.48302334,6.542659098,-10
62.48305202,6.54284289,-10
62.48318935,6.543766124,-10
62.48321682,6.543950776,-10
62.483135,6.543396415,-10
62.48316188,6.543581473,-10
62.48284206,6.541563268,-10
62.48287261,6.541745646,-10
62.48272989,6.541265937,-10
62.48278642,6.541413679,-10
62.48296355,6.542293333,-10
62.48299349,6.542476181,-10
62.48290316,6.541928024,-10
62.4829336,6.542110486,-10
62.48256473,6.540177551,-10
62.48259873,6.540357049,-10
62.48253087,6.539797592,-10
62.482545,6.539989131,-10
62.48265358,6.54091546,-10
62.48268887,6.541093429,-10
62.48262173,6.540542505,-10
62.48262302,6.540733092,-10
62.48245447,6.538645645,-10
62.48246683,6.538837756,-10
62.48242605,6.538262701,-10
62.48244121,6.538453823,-10
62.48250391,6.539414089,-10
62.4825169,6.539605998,-10
62.48247919,6.539029867,-10
62.48249155,6.539221978,-10
62.47443447,6.432517923,-10
62.4744466,6.432710047,-10
62.47441027,6.432133659,-10
62.47442237,6.432325791,-10
62.47447714,6.433287859,-10
62.47448065,6.433481209,-10
62.47445894,6.43290211,-10
62.47446885,6.433094804,-10
62.47438222,6.430973265,-10
62.47438747,6.431166733,-10
62.47434747,6.430593133,-10
62.47436497,6.430783156,-10
62.4743907,6.431748196,-10
62.47439995,6.431941065,-10
62.47438717,6.431360623,-10
62.47438663,6.431554523,-10
62.47441066,6.429440409,-10
62.47440157,6.429633137,-10
62.47437758,6.42906249,-10
62.47440433,6.429247273,-10
62.47435764,6.430206825,-10
62.47434916,6.430399744,-10
62.47438818,6.429824725,-10
62.47437217,6.430015516,-10
62.47400702,6.429461971,-10
62.47404586,6.429288139,-10
62.47396224,6.429837509,-10
62.4739848,6.429649835,-10
62.47424268,6.428908036,-10
62.47432811,6.42890353,-10
62.47409856,6.429131301,-10
62.47416358,6.428998805,-10
62.47648538,6.465269987,-100
62.47650814,6.465082483,-100
62.47642288,6.465632194,-100
62.47645978,6.465455544,-100
62.47653904,6.464512008,-100
62.47394403,6.430027373,-10
62.47652816,6.464893477,-100
62.4765436,6.464702786,-100
62.47610575,6.466450843,-100
62.47619355,6.466449905,-100
62.47594936,6.46626348,-100
62.47602451,6.46636939,-100
62.47634705,6.465983549,-100
62.47638589,6.465808873,-100
62.47625788,6.46631948,-100
62.47630523,6.466155083,-100
62.47573367,6.465252431,-100
62.47573918,6.465444516,-100
62.47570356,6.464870107,-100
62.47571851,6.465061304,-100
62.47582748,6.465982281,-100
62.47588172,6.466136445,-100
62.4757486,6.465635292,-100
62.47578438,6.465812804,-100
62.4755447,6.463770133,-100
62.47558439,6.463943595,-100
62.47550159,6.463393828,-100
62.47552087,6.463583184,-100
62.47567245,6.464488383,-100
62.47569092,6.464678129,-100
62.47562656,6.464114705,-100
62.47565495,6.464298332,-100
62.47561141,6.462358647,-100
62.47553534,6.462451261,-100
62.47578807,6.462391456,-100
62.47570075,6.462349775,-100
62.47547869,6.463009532,-100
62.47548713,6.463202494,-100
62.47549611,6.462625042,-100
62.47548172,6.462816083,-100
62.47618522,6.463153196,-100
62.47612812,6.463003603,-100
62.47628983,6.46346827,-100
62.47623861,6.463309058,-100
62.47594202,6.462584089,-100
62.47586982,6.462470436,-100
62.47606908,6.462857572,-100
62.47600797,6.462715569,-100
62.47653664,6.464494696,-100
62.47649059,6.464328252,-100
62.4806961,6.5127457,-10
62.48065287,6.512915652,-10
62.47635253,6.463830321,-100
62.47632491,6.463645898,-100
62.47644058,6.464167267,-100
62.4763923,6.464004075,-100
62.4808852,6.511659725,-10
62.48086032,6.51184607,-10
62.48093496,6.511287034,-10
62.48091008,6.51147338,-10
62.48077342,6.512395874,-10
62.48073709,6.512573179,-10
62.48083629,6.51203293,-10
62.4808077,6.512216669,-10
62.48094478,6.510139004,-10
62.48095589,6.510331454,-10
62.48094958,6.509752414,-10
62.48094221,6.509945484,-10
62.48097529,6.510910264,-10
62.48095984,6.511100688,-10
62.48096762,6.510523739,-10
62.48097511,6.510716873,-10
62.48112753,6.508657007,-10
62.48109529,6.508837929,-10
62.4811763,6.508284175,-10
62.48115545,6.508472697,-10
62.48099682,6.509379437,-10
62.48096883,6.50956361,-10
62.48106195,6.509017994,-10
62.48102871,6.509198151,-10
62.481387,6.507339091,-10
62.48130137,6.507396261,-10
62.48153833,6.507464969,-10
62.48147557,6.507333605,-10
62.48119934,6.507899596,-10
62.48118854,6.508092136,-10
62.48123612,6.507522578,-10
62.48120957,6.507707045,-10
62.48186416,6.507587045,-10
62.48183589,6.507770838,-10
62.48190438,6.50720925,-10
62.48188706,6.507399509,-10
62.48162883,6.507796391,-10
62.48157639,6.507640416,-10
62.48178567,6.507920441,-10
62.4816974,6.507918335,-10
62.4819231,6.506052563,-10
62.48193084,6.506245794,-10
62.48192111,6.505665828,-10
62.48191691,6.505859146,-10
62.48193005,6.506825541,-10
62.48191951,6.507018151,-10
62.4819397,6.506438794,-10
62.48193885,6.506632533,-10
62.48207363,6.504551055,-10
62.48204785,6.504736838,-10
62.48212502,6.504179394,-10
62.48209931,6.504365212,-10
62.48196548,6.505290649,-10
62.48193907,6.505475844,-10
62.48202208,6.504922621,-10
62.48199507,6.505107541,-10
62.48237873,6.50316537,-10
62.48232076,6.503313336,-10
62.48249839,6.502876278,-10
62.48243884,6.503021333,-10
62.48218617,6.503814782,-10
62.48215437,6.503996107,-10
62.48226828,6.503470321,-10
62.482225,6.503639923,-10
62.48268308,6.501811588,-10
62.48266602,6.50200201,-10
62.48270677,6.501427136,-10
62.48269582,6.501619628,-10
62.48260575,6.50256689,-10
62.4825562,6.502727917,-10
62.48264896,6.502192432,-10
62.48263234,6.50238302,-10
62.48269025,6.500267518,-10
62.48270201,6.500459806,-10
62.48266688,6.499882903,-10
62.48267857,6.50007521,-10
62.48271731,6.501040107,-10
62.48271418,6.501233906,-10
62.48271167,6.500652475,-10
62.48271541,6.500846265,-10
62.48264317,6.49872486,-10
62.48263401,6.498917336,-10
62.48266687,6.498340427,-10
62.4826558,6.498532843,-10
62.48264418,6.499498109,-10
62.48265529,6.499690568,-10
62.48263198,6.499111171,-10
62.48263649,6.499304864,-10
62.48256681,6.497214346,-10
62.48260003,6.497394507,-10
62.48249551,6.496858365,-10
62.48253183,6.497035725,-10
62.48267114,6.49795405,-10
62.48267375,6.49814704,-10
62.48263016,6.497577161,-10
62.4826553,6.497763242,-10
62.4822641,6.495807649,-10
62.4823031,6.495982326,-10
62.4821861,6.495458274,-10
62.48222509,6.495632969,-10
62.48242012,6.496506361,-10
62.48245845,6.496681723,-10
62.48234211,6.496157004,-10
62.48238111,6.496331683,-10
62.48212406,6.49433012,-10
62.48211205,6.494522286,-10
62.48214948,6.49394612,-10
62.48213677,6.49413812,-10
62.48211824,6.495099631,-10
62.48214989,6.495280875,-10
62.48210574,6.494715756,-10
62.48210449,6.494909407,-10
62.48223471,6.492797252,-10
62.48221817,6.492987884,-10
62.48226965,6.492416823,-10
62.48225117,6.492606583,-10
62.4821749,6.49356212,-10
62.48216219,6.49375412,-10
62.48220257,6.49317888,-10
62.48218761,6.493370119,-10
62.48249185,6.491367342,-10
62.48245043,6.491539394,-10
62.48255366,6.491003834,-10
62.48252562,6.491187761,-10
62.48231573,6.492042212,-10
62.48229051,6.492228205,-10
62.48240224,6.491702972,-10
62.48235594,6.491868937,-10
62.48258997,6.48985013,-10
62.48259921,6.490042979,-10
62.48256264,6.489466948,-10
62.48257851,6.489657815,-10
62.4825888,6.490624047,-10
62.48257416,6.490815007,-10
62.48259867,6.490236933,-10
62.48259598,6.490430751,-10
62.48246221,6.488324768,-10
62.48247207,6.48851752,-10
62.48244804,6.487938064,-10
62.48245506,6.488131427,-10
62.48252367,6.489088322,-10
62.48254384,6.489277317,-10
62.48248723,6.488708686,-10
62.4825035,6.488899327,-10
62.48241385,6.48677678,-10
62.48241828,6.486970501,-10
62.48240574,6.486389291,-10
62.48240935,6.486583067,-10
62.4824342,6.487551305,-10
62.48244112,6.487744684,-10
62.48242275,6.487164217,-10
62.48242728,6.487357926,-10
62.48243344,6.485230815,-10
62.48241478,6.48542013,-10
62.48250291,6.484873233,-10
62.48246757,6.485051513,-10
62.48240463,6.486001415,-10
62.48240426,6.48619536,-10
62.48240982,6.485613722,-10
62.48240585,6.485807489,-10
62.48260357,6.48373226,-10
62.48258831,6.483923306,-10
62.48264095,6.48335297,-10
62.48262147,6.483542202,-10
62.48254769,6.484498346,-10
62.4825297,6.484688367,-10
62.48257583,6.484115381,-10
62.48256336,6.484307455,-10
62.48289926,6.482340787,-10
62.48285501,6.482509398,-10
62.4829808,6.48199521,-10
62.48294034,6.482168339,-10
62.48270616,6.482994054,-10
62.48266679,6.48316754,-10
62.48280501,6.482670388,-10
62.48275393,6.482829873,-10
62.48314791,6.480891998,-10
62.48312735,6.481080652,-10
62.48318012,6.480510543,-10
62.48316588,6.480701968,-10
62.48304873,6.481636551,-10
62.48301777,6.481818551,-10
62.48310323,6.481267458,-10
62.48307905,6.481454219,-10
62.4831659,6.479350995,-10
62.48317782,6.479543161,-10
62.48313,6.47897095,-10
62.48314902,6.479160504,-10
62.48319155,6.480123749,-10
62.48318862,6.480317605,-10
62.48318623,6.479736196,-10
62.48319076,6.479929911,-10
62.48296609,6.477868193,-10
62.48300752,6.47804011,-10
62.48286271,6.477552339,-10
62.48291856,6.47770405,-10
62.48309195,6.478591841,-10
62.48311097,6.478781396,-10
62.48304074,6.478220182,-10
62.48306727,6.478405469,-10
62.48250332,6.476686273,-10
62.48256153,6.476833719,-10
62.48240248,6.476366271,-10
62.48244896,6.476531942,-10
62.48274419,6.47726117,-10
62.48280478,6.477404195,-10
62.48262197,6.476977086,-10
62.48268308,6.477119128,-10
62.48221268,6.475280134,-10
62.48224213,6.47546331,-10
62.48214306,6.474922614,-10
62.48217838,6.475100914,-10
62.48232895,6.476013758,-10
62.48235977,6.476195686,-10
62.48226927,6.475648185,-10
62.4822964,6.47583306,-10
62.48190402,6.473880649,-10
62.48194819,6.47404943,-10
62.48180858,6.473552136,-10
62.48185645,6.473716197,-10
62.4820694,6.474568902,-10
62.48210674,6.474745276,-10
62.48198992,6.474221139,-10
62.48203019,6.474394447,-10
62.48151332,6.472579127,-10
62.48156375,6.472739569,-10
62.48141248,6.472258244,-10
62.4814629,6.472418685,-10
62.48171214,6.47322499,-10
62.48176046,6.473388428,-10
62.48161417,6.472900012,-10
62.48166377,6.473061624,-10
62.48112555,6.471274168,-10
62.48116977,6.471442942,-10
62.48104664,6.470926188,-10
62.48108304,6.471103382,-10
62.48131284,6.471935614,-10
62.48136245,6.472097235,-10
62.48121522,6.471610143,-10
62.48126323,6.471773993,-10
62.48090559,6.469805539,-10
62.48092139,6.469996347,-10
62.48088031,6.469421516,-10
62.48089276,6.469613589,-10
62.48098728,6.470560178,-10
62.48101599,6.470743929,-10
62.48094134,6.470185438,-10
62.48096251,6.470373904,-10
62.48079271,6.468274122,-10
62.4808108,6.468464085,-10
62.48075652,6.467894194,-10
62.48077461,6.468084158,-10
62.4808555,6.469037346,-10
62.48086791,6.469229431,-10
62.48082937,6.468653828,-10
62.48084389,6.468845034,-10
62.48064471,6.466755898,-10
62.48066394,6.466945338,-10
62.48060625,6.466377017,-10
62.48062548,6.466566457,-10
62.48071965,6.467514578,-10
62.48073817,6.467704351,-10
62.48068262,6.467135032,-10
62.48070114,6.467324804,-10
62.48047329,6.465249458,-10
62.48049631,6.465436911,-10
62.48042501,6.464875882,-10
62.48044978,6.465062296,-10
62.48056346,6.466000342,-10
62.4805853,6.466188451,-10
62.48051933,6.465624365,-10
62.48054161,6.465812234,-10
62.48025147,6.46377447,-10
62.48028229,6.463956616,-10
62.4801889,6.463410928,-10
62.48022065,6.463592324,-10
62.48036888,6.464507461,-10
62.48039693,6.46469168,-10
62.48031282,6.464138981,-10
62.48034085,6.46432322,-10
62.47998232,6.462338731,-10
62.48002564,6.462508582,-10
62.47991173,6.461983354,-10
62.47994134,6.462166333,-10
62.48012517,6.463048321,-10
62.48015703,6.463229624,-10
62.48006187,6.462685386,-10
62.4800933,6.462867017,-10
62.47974736,6.460875299,-10
62.47977385,6.461060593,-10
62.47969437,6.460504711,-10
62.47972087,6.460690005,-10
62.47985588,6.461614725,-10
62.4798838,6.461799039,-10
62.47980035,6.461245888,-10
62.47982796,6.461430411,-10
62.47954296,6.459388059,-10
62.4795674,6.459574665,-10
62.47949615,6.459013623,-10
62.4795189,6.459201224,-10
62.4796433,6.460132873,-10
62.47966874,6.460318853,-10
62.47959241,6.459760913,-10
62.47961785,6.459946893,-10
62.47940796,6.457867219,-10
62.47942645,6.458056996,-10
62.47936607,6.457490134,-10
62.47938816,6.457678102,-10
62.47946286,6.458633258,-10
62.4794742,6.458825634,-10
62.47944112,6.458248261,-10
62.47945234,6.458440657,-10
62.47921018,6.456376553,-10
62.47923617,6.45656218,-10
62.47915309,6.456008837,-10
62.4791816,6.456192722,-10
62.47931413,6.457119063,-10
62.47934171,6.457303595,-10
62.47926216,6.456747807,-10
62.47928814,6.456933435,-10
62.47896524,6.454918839,-10
62.47900006,6.455097544,-10
62.47887382,6.454586211,-10
62.47892323,6.454747806,-10
62.47909484,6.455642053,-10
62.47912523,6.455824481,-10
62.47903246,6.455278369,-10
62.47906326,6.455460527,-10
62.47845121,6.453873452,-10
62.47852697,6.453977389,-10
62.47830018,6.45366395,-10
62.47837544,6.453769516,-10
62.4787453,6.454317318,-10
62.47881366,6.454442929,-10
62.47860161,6.454085071,-10
62.47867435,6.454198601,-10
62.47791194,6.452871654,-10
62.47796315,6.453030723,-10
62.47781854,6.452540491,-10
62.47786476,6.452706703,-10
62.47815494,6.453436409,-10
62.4782261,6.453554475,-10
62.4780218,6.453177063,-10
62.47808564,6.4533132,-10
62.47760857,6.45147029,-10
62.4776388,6.451652866,-10
62.47755024,6.451103507,-10
62.47757879,6.451287353,-10
62.47774021,6.452191637,-10
62.4777801,6.452365273,-10
62.47767094,6.451833932,-10
62.47770443,6.452013801,-10
62.47737044,6.450006947,-10
62.47740257,6.450188014,-10
62.47730568,6.449645227,-10
62.47733806,6.449826087,-10
62.47749321,6.45073576,-10
62.47752172,6.450919633,-10
62.47743399,6.45036965,-10
62.47746422,6.450552241,-10
62.47714687,6.448534638,-10
62.47717012,6.448721938,-10
62.4771007,6.448159851,-10
62.47712362,6.448347339,-10
62.47724242,6.449282278,-10
62.47727373,6.449464018,-10
62.47719337,6.448909238,-10
62.47721711,6.449096252,-10
62.47696823,6.447032092,-10
62.47699003,6.447220204,-10
62.47692527,6.446655529,-10
62.47694663,6.446843876,-10
62.47705601,6.447784227,-10
62.47707835,6.447972039,-10
62.47701183,6.447408315,-10
62.47703366,6.447596415,-10
62.476811,6.445518848,-10
62.47682695,6.445709662,-10
62.4767856,6.445135075,-10
62.47679591,6.445327691,-10
62.47688255,6.446278836,-10
62.47690391,6.446467182,-10
62.47684443,6.445899869,-10
62.47686302,6.446089571,-10
62.47673448,6.443976865,-10
62.47674224,6.444170058,-10
62.47671897,6.443590478,-10
62.47672673,6.443783672,-10
62.47676678,6.44474938,-10
62.47677577,6.444942324,-10
62.47674999,6.444363252,-10
62.4767578,6.444556435,-10
62.47666734,6.442432516,-10
62.47667829,6.442624982,-10
62.47664551,6.442047562,-10
62.47665608,6.44224013,-10
62.47670356,6.443204074,-10
62.47671122,6.443397285,-10
62.47668882,6.442817562,-10
62.47669636,6.443010782,-10
62.47613048,6.441416634,-10
62.47621306,6.441341092,-10
62.47659026,6.441687007,-10
62.47663222,6.441855959,-10
62.47652733,6.441549106,-10
62.47564184,6.441566102,-10
62.4757158,6.44167457,-10
62.47552276,6.441277589,-10
62.47557768,6.441430718,-10
62.47597044,6.441592154,-10
62.47605038,6.441504047,-10
62.4758018,6.441719153,-10
62.47588833,6.441670077,-10
62.47543388,6.440139533,-10
62.47543844,6.440333145,-10
62.47543435,6.439751778,-10
62.47543323,6.439945629,-10
62.47546958,6.440910665,-10
62.47548774,6.441100297,-10
62.47544531,6.440526407,-10
62.47545732,6.440718573,-10
62.47557012,6.438636823,-10
62.47553381,6.438814155,-10
62.47564372,6.438283143,-10
62.47560642,6.43845949,-10
62.47545162,6.439366042,-10
62.47544054,6.439558443,-10
62.4754999,6.438993608,-10
62.47547093,6.43917696,-10
62.47607883,6.437710374,-10
62.47599004,6.437733475,-10
62.47625716,6.437686407,-10
62.47616857,6.437711616,-10
62.47574676,6.437970081,-10
62.47568785,6.438114459,-10
62.47590423,6.437789775,-10
62.47582126,6.437862924,-10
62.47646211,6.436679831,-10
62.47646014,6.436873652,-10
62.47645314,6.43629262,-10
62.47645669,6.436486268,-10
62.47638386,6.437423503,-10
62.47633,6.437577517,-10
62.47645014,6.437065481,-10
62.47642435,6.437251063,-10
62.47655772,6.435154232,-10
62.47653623,6.43534251,-10
62.47662677,6.434798249,-10
62.47658692,6.434971989,-10
62.47647379,6.43590834,-10
62.47645821,6.436099254,-10
62.47651475,6.435530786,-10
62.47649326,6.435719063,-10
62.47669347,6.43368078,-10
62.47671153,6.433869684,-10
62.47665486,6.433303656,-10
62.4766667,6.433495875,-10
62.47670081,6.434445488,-10
62.47666653,6.434624405,-10
62.47672074,6.434062433,-10
62.47671839,6.434256119,-10
62.47673335,6.432161258,-10
62.47672262,6.432353787,-10
62.47675118,6.43177536,-10
62.47674256,6.431968369,-10
62.47666074,6.432918797,-10
62.47665039,6.433110502,-10
62.47670768,6.432544514,-10
62.47668334,6.432731159,-10
62.47671049,6.430625715,-10
62.47673651,6.430811237,-10
62.47665015,6.430260481,-10
62.47668108,6.430442514,-10
62.47675907,6.431388015,-10
62.47675644,6.431581775,-10
62.47675483,6.431000924,-10
62.47675975,6.431194113,-10
62.47646804,6.429165572,-10
62.47649784,6.429348463,-10
62.47641891,6.428792617,-10
62.47644222,6.428979859,-10
62.47658901,6.429895843,-10
62.4766195,6.430078227,-10
62.47652803,6.429531077,-10
62.47655852,6.42971346,-10
62.4763851,6.427635247,-10
62.47638665,6.427829134,-10
62.47638587,6.427247428,-10
62.4763853,6.42744134,-10
62.47639214,6.428410751,-10
62.47639833,6.428603878,-10
62.47638821,6.428023021,-10
62.47638987,6.428216903,-10
62.47637692,6.426084416,-10
62.47638173,6.426278031,-10
62.47636309,6.425697738,-10
62.47637007,6.425891067,-10
62.47638579,6.426859597,-10
62.47638587,6.427053513,-10
62.4763856,6.426471766,-10
62.4763857,6.426665681,-10
62.47597133,6.438414588,0
62.47600198,6.438232335,0
62.4759201,6.438785852,0
62.47594222,6.438597998,0
62.47618886,6.437934016,0
62.47634801,6.425507077,-10
62.47603681,6.438053941,0
62.47609981,6.437924581,0
62.47584793,6.439931137,0
62.47584256,6.439737572,0
62.47592049,6.440279983,0
62.47587567,6.440113285,0
62.47587809,6.439162903,0
62.47589902,6.43897434,0
62.47584657,6.439544466,0
62.47586054,6.439352918,0
62.47621026,6.439467633,0
62.47619715,6.439659469,0
62.47623912,6.439084994,0
62.47622315,6.439275728,0
62.47606707,6.440147723,0
62.47599933,6.440274173,0
62.47617706,6.43984737,0
62.4761291,6.440007599,0
62.47633657,6.438034701,0
62.47638485,6.43818274,0
62.4823235,6.490572135,-20
62.47625548,6.437951672,0
62.47631069,6.438731541,0
62.47626797,6.438902044,0
62.47637893,6.438375263,0
62.47635196,6.438559405,0
62.48227317,6.491725892,-20
62.48229116,6.491535874,-20
62.48223649,6.492105615,-20
62.4822551,6.491915873,-20
62.48232534,6.490959993,-20
62.48232516,6.490766058,-20
62.48230908,6.491345822,-20
62.48232094,6.491153671,-20
62.48212343,6.493243402,-20
62.48214237,6.493053819,-20
62.48208643,6.493622965,-20
62.48210444,6.493432967,-20
62.48219885,6.492484897,-20
62.48221767,6.492295256,-20
62.4821612,6.492864179,-20
62.48218002,6.492674538,-20
62.48200944,6.494773998,-20
62.48201782,6.494580894,-20
62.48200418,6.495161531,-20
62.48200528,6.494967591,-20
62.48205326,6.494004151,-20
62.48206938,6.493813388,-20
62.48202835,6.494388277,-20
62.48204024,6.494196052,-20
62.48211341,6.496284942,-20
62.48207493,6.496109728,-20
62.48220342,6.496620212,-20
62.48215719,6.496453977,-20
62.48201301,6.495548964,-20
62.48200853,6.495355251,-20
62.48204202,6.495929559,-20
62.48202019,6.495742203,-20
62.48242077,6.49767658,-20
62.4824024,6.497486761,-20
62.48244288,6.498061399,-20
62.48243319,6.497868575,-20
62.48229349,6.496955625,-20
62.48224932,6.496786879,-20
62.48237159,6.497304595,-20
62.48233458,6.497128058,-20
62.48252454,6.499211549,-20
62.48251066,6.499019924,-20
62.48255169,6.499594997,-20
62.48253831,6.499403206,-20
62.48246902,6.49844505,-20
62.4824547,6.498253583,-20
62.48249678,6.498828299,-20
62.4824829,6.498636674,-20
62.4825564,6.500755134,-20
62.48256774,6.500562846,-20
62.48252281,6.501136161,-20
62.48253917,6.500945458,-20
62.4825658,6.499981556,-20
62.4825602,6.49978801,-20
62.48257172,6.500369101,-20
62.48256978,6.500175324,-20
62.48236721,6.502247755,-20
62.48240211,6.502069069,-20
62.48228753,6.502595109,-20
62.48232936,6.50242352,-20
62.4824784,6.501512004,-20
62.48250025,6.501323883,-20
62.48243342,6.501887439,-20
62.48245657,6.501700135,-20
62.48202128,6.50360658,-20
62.48206605,6.503438487,-20
62.48193355,6.503944925,-20
62.48197617,6.503774246,-20
62.4821999,6.502933627,-20
62.48224435,6.502765136,-20
62.48211067,6.5032702,-20
62.48215529,6.503101913,-20
62.48175798,6.505036726,-20
62.48178826,6.504854691,-20
62.48167661,6.505382361,-20
62.48171905,6.505211471,-20
62.48185348,6.504292032,-20
62.48189276,6.504117649,-20
62.48180622,6.504664748,-20
62.48182393,6.504474675,-20
62.48133943,6.506277062,-20
62.48140203,6.506138107,-20
62.48120968,6.506544778,-20
62.48127643,6.506415147,-20
62.48158996,6.505721937,-20
62.48163409,6.505553164,-20
62.48146436,6.505998571,-20
62.48152726,6.505860248,-20
62.48083622,6.507344721,-20
62.48088535,6.507182454,-20
62.48076674,6.507700969,-20
62.48079655,6.507518614,-20
62.48105999,6.506750928,-20
62.48114139,6.506669465,-20
62.4809365,6.507023124,-20
62.48099057,6.506868334,-20
62.48072203,6.508855933,-20
62.48072376,6.508662023,-20
62.48073014,6.509243272,-20
62.48072471,6.50904969,-20
62.48073268,6.508080612,-20
62.48074313,6.507888028,-20
62.48072542,6.50846811,-20
62.48072769,6.508274226,-20
62.48072237,6.510399524,-20
62.48074262,6.510210713,-20
62.48067895,6.510775893,-20
62.48070066,6.510587708,-20
62.48074259,6.509630232,-20
62.48073636,6.509436752,-20
62.48074987,6.510017646,-20
62.48074762,6.509823868,-20
62.48047372,6.511843821,-20
62.48052004,6.511677719,-20
62.48038403,6.512179599,-20
62.48042721,6.512009695,-20
62.48063213,6.511150214,-20
62.48065723,6.510964077,-20
62.48056372,6.511508392,-20
62.4806,6.51133112,-20
62.48015418,6.51323174,-20
62.48019043,6.513054351,-20
62.48008932,6.513593209,-20
62.48011966,6.513410763,-20
62.4803055,6.51252837,-20
62.48034438,6.512353571,-20
62.48022774,6.512877967,-20
62.48026662,6.512703169,-20
62.4799975,6.514734435,-20
62.48000228,6.514540768,-20
62.47998794,6.515121769,-20
62.47999272,6.514928102,-20
62.48003824,6.513964833,-20
62.48006174,6.513777767,-20
62.4800091,6.514347428,-20
62.48002178,6.514155446,-20
62.47984999,6.516225885,-20
62.47989832,6.51606297,-20
62.47970362,6.516444983,-20
62.47978236,6.516352499,-20
62.47997348,6.515508378,-20
62.47998048,6.515315032,-20
62.47993625,6.515887218,-20
62.47995631,6.515698244,-20
62.47919496,6.516819451,-20
62.47927622,6.516737496,-20
62.47908147,6.517110264,-20
62.47912726,6.516944229,-20
62.47953367,6.516568601,-20
62.4796196,6.516512753,-20
62.47936088,6.516673451,-20
62.47944719,6.516620391,-20
62.47899505,6.518240468,-20
62.47899378,6.518046662,-20
62.47901315,6.518626237,-20
62.47900263,6.518433692,-20
62.4790145,6.517467657,-20
62.47904184,6.517284266,-20
62.47899762,6.517852916,-20
62.47900171,6.517659181,-20
62.4792029,6.519707573,-20
62.47916346,6.519533374,-20
62.47926888,6.520068114,-20
62.47923606,6.519887785,-20
62.47905316,6.519003208,-20
62.47902667,6.518817959,-20
62.47912392,6.519359273,-20
62.47908584,6.51918369,-20
62.4791775,6.521201719,-20
62.47919935,6.521013657,-20
62.47915515,6.521586187,-20
62.47916384,6.521393162,-20
62.47927174,6.520453476,-20
62.47927771,6.520260742,-20
62.4792238,6.520827059,-20
62.47924827,6.520640468,-20
62.47911354,6.522745978,-20
62.4791174,6.522552223,-20
62.47910877,6.523133612,-20
62.47910958,6.522939726,-20
62.47913787,6.521972258,-20
62.47914646,6.521779211,-20
62.47912169,6.522358552,-20
62.47912978,6.522165405,-20
62.47920504,6.524271094,-20
62.47917615,6.524087496,-20
62.47926061,6.524639729,-20
62.47923436,6.524454392,-20
62.4791173,6.523520994,-20
62.47911238,6.523327349,-20
62.47915052,6.523901661,-20
62.47913011,6.523712933,-20
62.47933907,6.525789701,-20
62.47933097,6.525596573,-20
62.47935444,6.526176152,-20
62.47934676,6.525982927,-20
62.47929516,6.525019932,-20
62.47928077,6.52482868,-20
62.47931928,6.525404286,-20
62.47930705,6.525212159,-20
62.47941182,6.527332807,-20
62.47940077,6.527140365,-20
62.47945857,6.527706441,-20
62.47943037,6.527522361,-20
62.47936978,6.52656261,-20
62.47936213,6.526369378,-20
62.47938852,6.526948242,-20
62.47937737,6.526755854,-20
62.47972352,6.528711446,-20
62.47966724,6.528560555,-20
62.4797824,6.528857696,-20
62.4795269,6.528064483,-20
62.47948901,6.527888851,-20
62.47957029,6.528234152,-20
62.48024652,6.529772381,-20
62.48017871,6.529645348,-20
62.48038252,6.530025488,-20
62.48031433,6.529899415,-20
62.47997904,6.529255065,-20
62.47991268,6.529124504,-20
62.48011196,6.529515711,-20
62.48004548,6.529385434,-20
62.48051967,6.530275676,-20
62.48045086,6.530151186,-20
62.48065838,6.530521851,-20
62.48058903,6.530398763,-20
62.48127431,6.531894373,-20
62.48123921,6.531715885,-20
62.4813407,6.53225476,-20
62.4813075,6.532074566,-20
62.48107124,6.53126878,-20
62.48119466,6.531547897,-20
62.48113827,6.531397658,-20
62.481508,6.533360361,-20
62.48148177,6.533174873,-20
62.48155928,6.533732088,-20
62.48153389,6.533546065,-20
62.48140248,6.532618851,-20
62.48137323,6.532435489,-20
62.48145555,6.532989385,-20
62.48142933,6.532803898,-20
62.48171167,6.534848235,-20
62.48168627,6.534662209,-20
62.48176203,6.535220557,-20
62.48173695,6.53503433,-20
62.48161008,6.534104136,-20
62.48158468,6.533918112,-20
62.48166087,6.534476185,-20
62.48163548,6.53429016,-20
62.4819125,6.536337927,-20
62.48188742,6.536151698,-20
62.48196164,6.536711006,-20
62.48193751,6.536524195,-20
62.48181219,6.535593012,-20
62.48178711,6.535406784,-20
62.48186234,6.535965469,-20
62.48183727,6.53577924,-20
62.48210643,6.53783188,-20
62.4820823,6.537645067,-20
62.48215469,6.538205508,-20
62.48213056,6.538018694,-20
62.48200991,6.53708463,-20
62.48198577,6.536897818,-20
62.48205817,6.537458254,-20
62.48203404,6.537271442,-20
62.48229163,6.539330892,-20
62.48227097,6.539142148,-20
62.48233282,6.539708454,-20
62.4823123,6.539519636,-20
62.48220201,6.538579693,-20
62.48217882,6.538392322,-20
62.48224808,6.538954606,-20
62.48222504,6.538767149,-20
62.48241277,6.540857989,-20
62.48240275,6.540665286,-20
62.48243936,6.541241158,-20
62.48242449,6.541050238,-20
62.48236968,6.540088023,-20
62.48235295,6.539897472,-20
62.48239382,6.540472291,-20
62.48238334,6.540279718,-20
62.48258618,6.542360504,-20
62.48255921,6.542175511,-20
62.48263845,6.542731608,-20
62.48261239,6.542546009,-20
62.48248553,6.541615977,-20
62.482462,6.541428804,-20
62.48253224,6.541990517,-20
62.48250878,6.541803313,-20
62.48280796,6.543836169,-20
62.48277953,6.543652198,-20
62.48286482,6.54420411,-20
62.48283639,6.544020139,-20
62.48269424,6.543100287,-20
62.48266581,6.542916316,-20
62.4827511,6.543468228,-20
62.48272267,6.543284257,-20
62.48306698,6.545280906,-20
62.48303112,6.545103236,-20
62.48311537,6.545654067,-20
62.48309359,6.545465906,-20
62.48292168,6.544572053,-20
62.48289325,6.544388081,-20
62.48299228,6.544928374,-20
62.48295438,6.544752628,-20
62.48323006,6.546790759,-20
62.48321425,6.546599836,-20
62.48325645,6.547174354,-20
62.48324525,6.546981907,-20
62.48315911,6.546030285,-20
62.48313741,6.545842089,-20
62.48319632,6.546409782,-20
62.48317788,6.546219957,-20
62.48329391,6.548334652,-20
62.48329193,6.548140757,-20
62.48329301,6.548722537,-20
62.48329471,6.548528609,-20
62.48327581,6.547559994,-20
62.48326681,6.547367006,-20
62.48328834,6.547946948,-20
62.4832825,6.547753401,-20
62.48328636,6.549886113,-20
62.48328492,6.549692174,-20
62.48328718,6.550274013,-20
62.48328756,6.550080056,-20
62.48328947,6.54911039,-20
62.48329124,6.548916463,-20
62.48328594,6.549498244,-20
62.48328771,6.549304317,-20
62.48334344,6.551429655,-20
62.48332651,6.551239223,-20
62.4833908,6.551803603,-20
62.48336492,6.55161795,-20
62.48329848,6.550661052,-20
62.48329076,6.550467823,-20
62.48331403,6.551047144,-20
62.48330255,6.550854772,-20
62.48359296,6.552881679,-20
62.48355706,6.552703908,-20
62.48366006,6.553241396,-20
62.48362768,6.553060498,-20
62.48345303,6.552167265,-20
62.48341989,6.551987079,-20
62.48352116,6.552526136,-20
62.48348699,6.552346801,-20
62.4838356,6.554341383,-20
62.48380744,6.554157214,-20
62.48387664,6.554718813,-20
62.48385799,6.554529166,-20
62.48372223,6.553605228,-20
62.48369235,6.55342238,-20
62.48377909,6.553973179,-20
62.48375066,6.553789203,-20
62.483883,6.555879865,-20
62.48389028,6.555686539,-20
62.48386916,6.556266565,-20
62.48387685,6.556073378,-20
62.48389162,6.555105024,-20
62.48388796,6.554911218,-20
62.48389334,6.555492783,-20
62.48389502,6.555298849,-20
62.48375021,6.557400585,-20
62.48377311,6.55721304,-20
62.48369733,6.557771265,-20
62.48372373,6.557585884,-20
62.48383812,6.556648367,-20
62.48385353,6.556457443,-20
62.48379521,6.557025049,-20
62.48381694,6.556836857,-20
62.48343341,6.558756327,-20
62.48350103,6.558629107,-20
62.48328461,6.55897265,-20
62.48336053,6.558869434,-20
62.48363866,6.558137875,-20
62.48366813,6.557954662,-20
62.48356208,6.558487881,-20
62.48360425,6.558316768,-20
62.48278853,6.559410981,-20
62.48287547,6.559362924,-20
62.48261191,6.559478182,-20
62.4827007,6.559450745,-20
62.48312709,6.559158514,-20
62.48320627,6.559067258,-20
62.48296122,6.559305953,-20
62.4830452,6.559237576,-20
62.48211463,6.559081917,-20
62.48219278,6.559177186,-20
62.48196085,6.558881909,-20
62.48203744,6.55898301,-20
62.48243642,6.559423634,-20
62.48252233,6.55947693,-20
62.48227236,6.559266819,-20
62.48235347,6.559349793,-20
62.47362522,6.437269028,-50
62.47358852,6.437092088,-50
62.47370379,6.437617581,-50
62.47366334,6.437444543,-50
62.47348419,6.436555978,-50
62.4734528,6.436374332,-50
62.47355212,6.436914855,-50
62.47351731,6.436736153,-50
62.47398656,6.438605928,-50
62.47393449,6.438448011,-50
62.47409191,6.438919891,-50
62.47403902,6.438763254,-50
62.47378889,6.437959016,-50
62.47374625,6.437788403,-50
62.47388461,6.438286825,-50
62.47383511,6.438125087,-50
62.47439537,6.439879891,-50
62.47435019,6.439712351,-50
62.47447572,6.4402259,-50
62.47443971,6.440048467,-50
62.4741977,6.439233165,-50
62.47414481,6.439076528,-50
62.4743016,6.439549344,-50
62.47425022,6.439390391,-50
62.4745648,6.44136543,-50
62.47456632,6.441171834,-50
62.47454617,6.441751142,-50
62.47455559,6.44155831,-50
62.47452758,6.440596804,-50
62.47450492,6.440409203,-50
62.47455755,6.440978971,-50
62.47454521,6.440786927,-50
62.47451468,6.442911843,-50
62.47451874,6.442718139,-50
62.47451983,6.443298902,-50
62.47451398,6.44310541,-50
62.47453202,6.442137174,-50
62.47453445,6.441943355,-50
62.47452362,6.442524523,-50
62.47452858,6.442330915,-50
62.4746259,6.444438395,-50
62.47460654,6.444249059,-50
62.47466832,6.444815216,-50
62.4746471,6.444626812,-50
62.47455007,6.4436803,-50
62.47453174,6.44349049,-50
62.47458717,6.444059723,-50
62.47456812,6.443870243,-50
62.47243915,6.411158091,-40
62.47235779,6.411076362,-40
62.47259691,6.411342437,-40
62.47251914,6.411245975,-40
62.47210446,6.410882707,-40
62.47468955,6.44500362,-50
62.47227526,6.41100061,-40
62.47219082,6.410935,-40
62.47300451,6.412092032,-40
62.47294723,6.411942769,-40
62.47311812,6.412392179,-40
62.47306158,6.412241654,-40
62.47274505,6.41156114,-40
62.47267176,6.411449254,-40
62.47288517,6.411802895,-40
62.47281646,6.411678464,-40
62.47338255,6.413401936,-40
62.47334567,6.413225208,-40
62.47344668,6.413763905,-40
62.47341593,6.413581742,-40
62.47321992,6.412711335,-40
62.47317112,6.412548636,-40
62.47330499,6.413052635,-40
62.47326392,6.412880277,-40
62.47350292,6.414907794,-40
62.4735114,6.414714766,-40
62.47348561,6.41529378,-40
62.47349433,6.415100801,-40
62.47349264,6.414138368,-40
62.47347128,6.413950042,-40
62.47351841,6.414521544,-40
62.47350808,6.414329096,-40
62.47341098,6.416445833,-40
62.47342353,6.416253844,-40
62.47337856,6.416826645,-40
62.47339842,6.416637822,-40
62.47346129,6.415677906,-40
62.47347455,6.415486135,-40
62.47343609,6.416061855,-40
62.47344864,6.415869866,-40
62.4733195,6.41797583,-40
62.4733381,6.417786215,-40
62.47327478,6.418351388,-40
62.47329695,6.418163501,-40
62.47334499,6.417205655,-40
62.47335505,6.417013762,-40
62.47334629,6.417593401,-40
62.47334526,6.417399518,-40
62.47311806,6.419463951,-40
62.473146,6.419279694,-40
62.47306218,6.419832463,-40
62.47309012,6.419648207,-40
62.47322777,6.418725528,-40
62.47325304,6.418539505,-40
62.47317394,6.419095437,-40
62.47320188,6.41891118,-40
62.47289086,6.420935339,-40
62.47291993,6.420751901,-40
62.4728326,6.421302129,-40
62.47286173,6.421118734,-40
62.47300629,6.420200974,-40
62.47303424,6.420016719,-40
62.47294897,6.420568445,-40
62.47297802,6.420384989,-40
62.47266487,6.422407445,-40
62.47269066,6.422221731,-40
62.47262175,6.422783274,-40
62.47263944,6.422593392,-40
62.47277434,6.421668918,-40
62.47280347,6.421485524,-40
62.47271756,6.422036771,-40
62.47274546,6.421852491,-40
62.47255213,6.423936641,-40
62.47256196,6.423743918,-40
62.47253246,6.424322087,-40
62.47254229,6.424129364,-40
62.47259447,6.423166524,-40
62.47260741,6.422974667,-40
62.47257228,6.423551312,-40
62.47258275,6.423358746,-40
62.47248824,6.425478328,-40
62.47248447,6.425284641,-40
62.47250187,6.42586499,-40
62.47249505,6.42567166,-40
62.47250692,6.424705861,-40
62.47252053,6.424514212,-40
62.47248697,6.425091022,-40
62.47249628,6.424898244,-40
62.47255922,6.427021369,-40
62.47254586,6.42682965,-40
62.47258932,6.427403649,-40
62.47257399,6.427212609,-40
62.47251722,6.426251349,-40
62.47250949,6.42605818,-40
62.4725349,6.426637209,-40
62.47252538,6.426444437,-40
62.47271471,6.42853383,-40
62.47268785,6.428348826,-40
62.47276938,6.428903182,-40
62.47274178,6.428718694,-40
62.47262318,6.427784368,-40
62.47260505,6.427594537,-40
62.4726645,6.428161735,-40
62.47264382,6.427973064,-40
62.47295033,6.429998756,-40
62.47291869,6.429817314,-40
62.47301361,6.430361642,-40
62.47298197,6.430180199,-40
62.47282694,6.429270479,-40
62.47279808,6.429086889,-40
62.47288705,6.429635872,-40
62.47285698,6.429453182,-40
62.47318811,6.431461893,-40
62.47316138,6.431276804,-40
62.47323154,6.431837211,-40
62.47321472,6.431647047,-40
62.47307559,6.430725556,-40
62.47304525,6.430543086,-40
62.47313438,6.431091896,-40
62.4731059,6.430908063,-40
62.47330959,6.432987313,-40
62.47330112,6.432794283,-40
62.47333007,6.433372481,-40
62.47331859,6.433180226,-40
62.4732659,6.432217802,-40
62.47324948,6.43202719,-40
62.47329194,6.432601421,-40
62.47328052,6.432409109,-40
62.47341879,6.434519821,-40
62.47340176,6.43432945,-40
62.47345279,6.43490051,-40
62.47343457,6.434710699,-40
62.47335806,6.433755528,-40
62.47334406,6.433564004,-40
62.47338605,6.434138576,-40
62.47337205,6.433947052,-40
62.47361299,6.436010074,-40
62.47358144,6.43582856,-40
62.47368029,6.436369518,-40
62.47364561,6.436190709,-40
62.47349862,6.435275317,-40
62.47347413,6.435088778,-40
62.4735514,6.435645881,-40
62.47352329,6.435461742,-40
62.47390777,6.437423571,-40
62.47386733,6.437250473,-40
62.47400015,6.437755727,-40
62.47395182,6.437592423,-40
62.47375137,6.436725608,-40
62.47371574,6.436547646,-40
62.47382762,6.437076604,-40
62.47378862,6.436901971,-40
62.47435554,6.438625724,-40
62.47429047,6.438492189,-40
62.47448452,6.438895353,-40
62.47442061,6.438759259,-40
62.47410867,6.438064409,-40
62.47405276,6.437912773,-40
62.47422547,6.43835853,-40
62.47416555,6.438214383,-40
62.47476017,6.439883682,-40
62.4747281,6.439702645,-40
62.47480239,6.440260025,-40
62.47478488,6.440069905,-40
62.47459956,6.439192406,-40
62.47454467,6.43903903,-40
62.474689,6.439528205,-40
62.47464736,6.439356515,-40
62.47482954,6.441419984,-40
62.4748303,6.441226085,-40
62.474828,6.441807782,-40
62.47482877,6.441613883,-40
62.4748243,6.440644724,-40
62.47481547,6.440451816,-40
62.47483107,6.441032186,-40
62.4748289,6.440838345,-40
62.47487314,6.442963571,-40
62.47485421,6.442774081,-40
62.47491402,6.443341195,-40
62.47489358,6.443152383,-40
62.47482974,6.442195559,-40
62.47482842,6.442001674,-40
62.47484043,6.442582533,-40
62.4748338,6.442389209,-40
62.47503846,6.444473098,-40
62.47501612,6.444285297,-40
62.4750871,6.444846291,-40
62.47506091,6.44466084,-40
62.47495489,6.44371882,-40
62.47493445,6.443530007,-40
62.47499573,6.444096461,-40
62.47497532,6.443907633,-40
62.4752705,6.4459389,-40
62.47523597,6.445759925,-40
62.47534315,6.4462935,-40
62.47530626,6.446116732,-40
62.47513871,6.445217674,-40
62.47511327,6.445031769,-40
62.47520207,6.445580387,-40
62.4751689,6.445400214,-40
62.47479605,6.432773187,-30
62.47480997,6.432964745,-30
62.47477388,6.432388454,-30
62.47478339,6.432581268,-30
62.47485329,6.433538855,-30
62.47538004,6.446470268,-40
62.47482389,6.433156304,-30
62.47483781,6.433347863,-30
62.47475312,6.431226834,-30
62.47475282,6.431420739,-30
62.47475371,6.430839026,-30
62.47475341,6.43103293,-30
62.47475842,6.432002197,-30
62.47476414,6.432195695,-30
62.47475277,6.431614639,-30
62.47475464,6.431808502,-30
62.47474597,6.42967583,-30
62.4747496,6.429869577,-30
62.47472512,6.429290878,-30
62.47473738,6.429482929,-30
62.47475337,6.430451227,-30
62.474754,6.430645121,-30
62.47475101,6.43006345,-30
62.47475215,6.43025734,-30
62.47458153,6.428172863,-30
62.47461427,6.428353322,-30
62.4745087,6.427818421,-30
62.47454507,6.427995682,-30
62.47469185,6.428909918,-30
62.47471005,6.429099767,-30
62.47464456,6.428535842,-30
62.47466899,6.428722412,-30
62.47425842,6.426788951,-30
62.47430368,6.426956264,-30
62.47415855,6.426466831,-30
62.47421007,6.426625596,-30
62.47442997,6.427469966,-30
62.47447005,6.42764343,-30
62.47434678,6.42712633,-30
62.47438848,6.427298038,-30
62.47384947,6.425515056,-30
62.47389574,6.425681204,-30
62.47376369,6.425174655,-30
62.47380409,6.425347786,-30
62.47405334,6.426152666,-30
62.47410621,6.426309333,-30
62.47394756,6.425839366,-30
62.47400046,6.425995999,-30
62.47348734,6.424179765,-30
62.47354152,6.424334173,-30
62.47336765,6.423891216,-30
62.47342925,6.424031981,-30
62.47368305,6.424828204,-30
62.4737234,6.425001398,-30
62.47359292,6.424493097,-30
62.47363989,6.424658325,-30
62.47291805,6.423771429,-30
62.47296992,6.423616562,-30
62.47285681,6.424135416,-30
62.47288363,6.423950464,-30
62.47322395,6.423660892,-30
62.47329902,6.423766507,-30
62.47305274,6.423555822,-30
62.47314078,6.423589119,-30
62.47270292,6.425247873,-30
62.47271965,6.425058134,-30
62.47270352,6.425634804,-30
62.47269859,6.425441283,-30
62.47280498,6.42450668,-30
62.47283089,6.424321048,-30
62.47274593,6.424872781,-30
62.47277638,6.424690392,-30
62.47277276,6.426787588,-30
62.47275651,6.426596904,-30
62.47280528,6.427168957,-30
62.47278902,6.426978272,-30
62.47271962,6.426021025,-30
62.47271157,6.425827915,-30
62.47274167,6.4264057,-30
62.47272818,6.426214011,-30
62.47293701,6.428295802,-30
62.47290839,6.428112049,-30
62.47300757,6.428651301,-30
62.47296876,6.42847648,-30
62.47284201,6.42754846,-30
62.47282229,6.427359306,-30
62.47288675,6.427923957,-30
62.47286381,6.427736509,-30
62.47324075,6.429696423,-30
62.47321384,6.42951152,-30
62.47329037,6.430069065,-30
62.4732665,6.429882149,-30
62.47309383,6.428991273,-30
62.47304998,6.428822101,-30
62.47317729,6.42933451,-30
62.47313666,6.429161629,-30
62.4734128,6.43120182,-30
62.47339388,6.431012279,-30
62.47344021,6.431584603,-30
62.47342965,6.431392081,-30
62.47333393,6.430445203,-30
62.47331317,6.430256565,-30
62.47337412,6.430823143,-30
62.47335436,6.430634007,-30
62.4734801,6.43274452,-30
62.47347363,6.432551126,-30
62.47349319,6.433131276,-30
62.47348656,6.432937913,-30
62.4734553,6.431970792,-30
62.47344974,6.431777268,-30
62.47346717,6.432357733,-30
62.47346087,6.432164315,-30
62.47359561,6.434270518,-30
62.47357431,6.434082169,-30
62.47360778,6.434656065,-30
62.47360702,6.434462174,-30
62.47351193,6.433516947,-30
62.47350222,6.433324188,-30
62.47355164,6.433894555,-30
62.47352885,6.433707016,-30
62.47377204,6.435754217,-30
62.47373285,6.435579812,-30
62.47385704,6.436095508,-30
62.47381229,6.43592743,-30
62.47363786,6.435036272,-30
62.47361538,6.434848583,-30
62.47369762,6.435401476,-30
62.47366485,6.435221112,-30
62.47423709,6.436898457,-30
62.47416127,6.436794712,-30
62.47440168,6.437042619,-30
62.47431561,6.436991756,-30
62.47395834,6.436414679,-30
62.47390374,6.436260991,-30
62.47408925,6.436679266,-30
62.47402169,6.436551666,-30
62.47477212,6.436295763,-30
62.47473173,6.436468921,-30
62.47485399,6.435950651,-30
62.47481305,6.436123207,-30
62.47457078,6.436928016,-30
62.47448971,6.437009581,-30
62.47468666,6.436636443,-30
62.47463639,6.43679703,-30
62.47490366,6.434808533,-30
62.47490695,6.435002299,-30
62.47489299,6.43442145,-30
62.47489962,6.434614824,-30
62.47490484,6.435583738,-30
62.47488901,6.435772562,-30
62.47490904,6.435196153,-30
62.47490814,6.435389963,-30
62.47660348,6.474487238,-80
62.4765323,6.474369141,-80
62.47674375,6.474729139,-80
62.47667426,6.474606431,-80
62.47487964,6.434034712,-30
62.47488627,6.434228088,-30
62.47486243,6.433648731,-30
62.47487196,6.433841541,-30
62.47714957,6.475493483,-80
62.47708388,6.475361365,-80
62.47727846,6.475763277,-80
62.47721527,6.475625601,-80
62.4768815,6.474977745,-80
62.47681309,6.47485223,-80
62.47701671,6.475232789,-80
62.47694941,6.47510451,-80
62.4776533,6.476598525,-80
62.47759169,6.476457517,-80
62.47777546,6.476882666,-80
62.47771438,6.476740595,-80
62.47740479,6.476038794,-80
62.47734163,6.475901035,-80
62.47752944,6.476317832,-80
62.47746719,6.476178148,-80
62.47811461,6.477780413,-80
62.47806929,6.477613026,-80
62.4782244,6.478084817,-80
62.47816422,6.477941756,-80
62.47789699,6.477168079,-80
62.4778364,6.477025019,-80
62.47801816,6.4774542,-80
62.47795758,6.477311139,-80
62.47866613,6.478632496,-80
62.47857893,6.478665168,-80
62.47883208,6.478486523,-80
62.47875038,6.478565677,-80
62.47835564,6.478349292,-80
62.47828914,6.478219119,-80
62.47849803,6.47858428,-80
62.47842446,6.478473737,-80
62.4788267,6.477401429,-80
62.47884001,6.477593216,-80
62.4788002,6.477017814,-80
62.47881338,6.477209641,-80
62.47890189,6.478157083,-80
62.47889271,6.478348006,-80
62.47885545,6.477784237,-80
62.47887821,6.477971163,-80
62.47872132,6.47586677,-80
62.47873446,6.47605861,-80
62.47869068,6.47548462,-80
62.47870646,6.475675533,-80
62.4787739,6.476634132,-80
62.47878705,6.476825973,-80
62.47874761,6.476250451,-80
62.47876076,6.476442291,-80
62.47855848,6.474360006,-80
62.47859039,6.474541156,-80
62.47848778,6.474003891,-80
62.47852595,6.474179406,-80
62.47866121,6.475102238,-80
62.47867675,6.475293056,-80
62.47861694,6.474726355,-80
62.47863911,6.474914277,-80
62.4783405,6.472889011,-80
62.47835728,6.47307952,-80
62.47831075,6.472506593,-80
62.47832405,6.472698381,-80
62.47842003,6.473645002,-80
62.47845145,6.473826615,-80
62.47837462,6.473269759,-80
62.47839721,6.473457442,-80
62.47825381,6.471349733,-80
62.47826158,6.471542933,-80
62.47824044,6.470962961,-80
62.47824676,6.471156408,-80
62.47828859,6.472121731,-80
62.4782991,6.472314328,-80
62.47826935,6.471736134,-80
62.47827837,6.471929063,-80
62.47820429,6.469802013,-80
62.47821019,6.469995523,-80
62.4781927,6.469414965,-80
62.47819846,6.469608494,-80
62.47822788,6.470576053,-80
62.47823411,6.470769514,-80
62.47821609,6.470189033,-80
62.47822198,6.470382543,-80
62.47815813,6.468253792,-80
62.4781639,6.468447321,-80
62.47814661,6.467866735,-80
62.47815237,6.468060263,-80
62.47818118,6.469027907,-80
62.47818694,6.469221436,-80
62.47816966,6.468640849,-80
62.47817542,6.468834378,-80
62.47811192,6.466705582,-80
62.47811772,6.466899105,-80
62.47810032,6.466318535,-80
62.47810612,6.466512058,-80
62.47813509,6.467479678,-80
62.47814085,6.467673206,-80
62.47812351,6.467092628,-80
62.47812931,6.467286152,-80
62.47804425,6.465162764,-80
62.47806164,6.465352782,-80
62.47799297,6.464791198,-80
62.47801975,6.464976289,-80
62.47808755,6.465931663,-80
62.47809399,6.466125091,-80
62.47807292,6.465545128,-80
62.47808111,6.465738234,-80
62.47781085,6.463696359,-80
62.47784252,6.463877812,-80
62.47774752,6.463333454,-80
62.47777919,6.463514907,-80
62.47793571,6.464423615,-80
62.4779645,6.464607296,-80
62.47787418,6.464059266,-80
62.47790502,6.464241385,-80
62.4775813,6.462227464,-80
62.47760519,6.462414384,-80
62.47753283,6.461854022,-80
62.47755707,6.462040743,-80
62.47768764,6.462967903,-80
62.47771612,6.463151798,-80
62.47762951,6.462601031,-80
62.47765803,6.462784841,-80
62.47735992,6.460753496,-80
62.47739464,6.460932241,-80
62.47727465,6.460412917,-80
62.47732074,6.46057908,-80
62.47748425,6.461480674,-80
62.47750899,6.461667072,-80
62.47742547,6.461114336,-80
62.47745579,6.46129685,-80
62.47700279,6.459415141,-80
62.4770352,6.459595961,-80
62.47694458,6.459048337,-80
62.47697231,6.459232747,-80
62.47717116,6.460096051,-80
62.47722296,6.460254408,-80
62.4770732,6.459771392,-80
62.47711978,6.459937062,-80
62.47678717,6.457935786,-80
62.47681533,6.458119916,-80
62.47671305,6.457582657,-80
62.4767512,6.457758138,-80
62.47689329,6.458676688,-80
62.47691845,6.458862832,-80
62.47684296,6.458304409,-80
62.47686814,6.458490545,-80
62.47644812,6.456571121,-80
62.47649859,6.456731218,-80
62.4763337,6.456272384,-80
62.47639161,6.456420526,-80
62.4766302,6.457238618,-80
62.47667184,6.457410397,-80
62.47654406,6.456898384,-80
62.47658744,6.457068145,-80
62.47596244,6.455430339,-80
62.47602684,6.455565393,-80
62.47583418,6.455159061,-80
62.47589823,6.455294881,-80
62.47621443,6.455982658,-80
62.47627482,6.456126085,-80
62.47608944,6.455704327,-80
62.47615195,6.455843463,-80
62.475353,6.454729761,-80
62.47544251,6.454743379,-80
62.47517358,6.454733014,-80
62.47526328,6.454727727,-80
62.47569635,6.454911531,-80
62.47576811,6.455027904,-80
62.47553133,6.454770415,-80
62.47561801,6.454818463,-80
62.47465539,6.45497253,-80
62.47473212,6.454873544,-80
62.47452399,6.455235263,-80
62.47458619,6.45509554,-80
62.47499438,6.454753664,-80
62.47508394,6.454742151,-80
62.4748172,6.454812112,-80
62.47490517,6.454774395,-80
62.47420346,6.456150961,-80
62.47423652,6.455970884,-80
62.47415322,6.456522525,-80
62.47417395,6.456333877,-80
62.47439703,6.455509143,-80
62.47446192,6.455375208,-80
62.4742792,6.455800584,-80
62.47433471,6.455648557,-80
62.47405207,6.457664547,-80
62.47406601,6.457473006,-80
62.47403438,6.458050426,-80
62.47404266,6.45785738,-80
62.47411164,6.456899757,-80
62.47413176,6.456710797,-80
62.47408019,6.457281539,-80
62.47409511,6.457090341,-80
62.47406285,6.459209529,-80
62.47405158,6.459017162,-80
62.47408736,6.459593699,-80
62.47407509,6.459401619,-80
62.47403101,6.458438021,-80
62.4740313,6.458244121,-80
62.47404039,6.458824777,-80
62.47403181,6.458631765,-80
62.47417814,6.460740417,-80
62.47416233,6.46054955,-80
62.47421007,6.461122035,-80
62.47419411,6.460931226,-80
62.47411647,6.459976346,-80
62.47410146,6.459785174,-80
62.47414693,6.460358523,-80
62.47413153,6.460167496,-80
62.47431845,6.462259146,-80
62.47430907,6.462066367,-80
62.47433825,6.462644489,-80
62.47432937,6.462451598,-80
62.47424201,6.461503654,-80
62.47422604,6.461312845,-80
62.47428717,6.461878469,-80
62.47426164,6.461692578,-80
62.47438307,6.463803774,-80
62.47437337,6.463611025,-80
62.47440437,6.464188841,-80
62.47439361,6.463996336,-80
62.47435186,6.46303118,-80
62.47434506,6.462837834,-80
62.47436567,6.463417836,-80
62.47435867,6.463224525,-80
62.4745498,6.46530639,-80
62.4745334,6.465115864,-80
62.47457884,6.465689089,-80
62.47456425,6.465497762,-80
62.47445127,6.46456262,-80
62.47442516,6.464377127,-80
62.47451173,6.464927751,-80
62.47448178,6.464744971,-80
62.47465549,6.466840575,-80
62.47464345,6.466648425,-80
62.47467959,6.467224877,-80
62.47466754,6.467032726,-80
62.4746073,6.466071974,-80
62.47459343,6.465880416,-80
62.4746314,6.466456274,-80
62.47461935,6.466264124,-80
62.47475286,6.468377458,-80
62.4747396,6.468185681,-80
62.47477939,6.468761012,-80
62.47476613,6.468569235,-80
62.47470342,6.467609253,-80
62.47469164,6.467417028,-80
62.4747268,6.467993763,-80
62.47471511,6.467801508,-80
62.47487296,6.469906312,-80
62.4748534,6.469717112,-80
62.47492526,6.470277183,-80
62.47489764,6.470092683,-80
62.47480627,6.469144448,-80
62.47479266,6.468952789,-80
62.47483593,6.46952692,-80
62.47482093,6.469335748,-80
62.47517027,6.471306511,-80
62.47511933,6.471146883,-80
62.47527469,6.471621899,-80
62.47522172,6.471465374,-80
62.47498788,6.470640323,-80
62.4749541,6.470460768,-80
62.47506989,6.47098505,-80
62.4750271,6.47081468,-80
62.47561044,6.472531255,-80
62.47555302,6.472382231,-80
62.47572528,6.472829305,-80
62.47566786,6.47268028,-80
62.47538462,6.471928351,-80
62.47532845,6.471777123,-80
62.47549675,6.472231173,-80
62.47544074,6.472079663,-80
62.4761025,6.473656792,-80
62.47603443,6.473530446,-80
62.47624211,6.473900496,-80
62.4761719,6.47377972,-80
62.47584336,6.473121263,-80
62.47578311,6.472977557,-80
62.475969,6.473397738,-80
62.47590357,6.473265015,-80
62.47364261,6.431002874,-20
62.47365441,6.431195088,-20
62.47361871,6.430618534,-20
62.47363081,6.43081066,-20
62.47638577,6.474132958,-80
62.47631382,6.474017056,-80
62.47652967,6.474364765,-80
62.47645772,6.474248862,-80
62.47353133,6.429470748,-20
62.47354718,6.429661598,-20
62.47348899,6.429093998,-20
62.4735115,6.429281685,-20
62.47359376,6.430234517,-20
62.47360643,6.430426459,-20
62.47356299,6.429852461,-20
62.47357837,6.430043489,-20
62.47333125,6.427981801,-20
62.47335636,6.428167892,-20
62.47328925,6.427604784,-20
62.4733107,6.42779306,-20
62.47343647,6.428723226,-20
62.47346331,6.428908249,-20
62.47338269,6.428353251,-20
62.47340958,6.428538238,-20
62.4731908,6.426461917,-20
62.47320337,6.426653898,-20
62.47324169,6.426107158,-20
62.47319449,6.42626923,-20
62.4732515,6.427225881,-20
62.47326764,6.427416613,-20
62.47321641,6.426845737,-20
62.47323307,6.427036142,-20
62.47373468,6.426207295,-20
62.47365872,6.426104058,-20
62.47387593,6.426446231,-20
62.47380677,6.426322715,-20
62.47340348,6.4259498,-20
62.4733183,6.426007089,-20
62.47357855,6.42601753,-20
62.47349228,6.425964601,-20
62.47412524,6.427463058,-20
62.47408656,6.427288428,-20
62.47421057,6.427804227,-20
62.47416764,6.427633952,-20
62.4739857,6.426749988,-20
62.47393751,6.426586683,-20
62.47405366,6.427108028,-20
62.47402089,6.426927511,-20
62.47448199,6.428789587,-20
62.47445707,6.42860331,-20
62.47452923,6.429163481,-20
62.47450838,6.428974913,-20
62.47430289,6.428136402,-20
62.47425449,6.42797329,-20
62.47442047,6.428427001,-20
62.47436261,6.428280457,-20
62.47459954,6.43031156,-20
62.47460377,6.430117885,-20
62.47456707,6.43069239,-20
62.47458601,6.430503086,-20
62.4745672,6.42954229,-20
62.47455111,6.429351528,-20
62.47459657,6.429924802,-20
62.47458347,6.429732979,-20
62.47447791,6.431829013,-20
62.47448498,6.431635731,-20
62.47451706,6.432207467,-20
62.47449701,6.432018477,-20
62.4745093,6.431056478,-20
62.47453106,6.430869998,-20
62.47449212,6.431442441,-20
62.47449952,6.4312492,-20
62.47463999,6.433339993,-20
62.47462159,6.433150264,-20
62.47466513,6.433723939,-20
62.47465216,6.433532107,-20
62.47455901,6.432584534,-20
62.47453803,6.432396,-20
62.47460188,6.432961113,-20
62.4745801,6.432773006,-20
62.47465988,6.434886765,-20
62.47466335,6.434693044,-20
62.47463714,6.435270167,-20
62.4746532,6.435080103,-20
62.47466899,6.434111457,-20
62.47466902,6.433917552,-20
62.47466523,6.434499181,-20
62.47466711,6.434305319,-20
62.47424319,6.435777245,-20
62.4743303,6.435822804,-20
62.47408252,6.435606383,-20
62.47416061,6.435701626,-20
62.47456872,6.43562718,-20
62.47460723,6.435452916,-20
62.47441961,6.435826468,-20
62.47450241,6.435754823,-20
62.4738174,6.434624941,-20
62.47383933,6.434811818,-20
62.47382549,6.434238026,-20
62.47381818,6.434431281,-20
62.47395938,6.435329403,-20
62.474014,6.43548249,-20
62.47387014,6.434993502,-20
62.47391104,6.435166036,-20
62.47373596,6.433094109,-20
62.47375397,6.433284053,-20
62.4737111,6.432710213,-20
62.4737216,6.432902773,-20
62.473809,6.433853463,-20
62.47382326,6.434044808,-20
62.47377245,6.433473794,-20
62.47379094,6.433663535,-20
62.47367293,6.431550024,-20
62.4736809,6.431743145,-20
62.47551811,6.458375098,-90
62.47366436,6.431357013,-20
62.47369608,6.432323914,-20
62.47370128,6.43251748,-20
62.47368596,6.431936734,-20
62.47369102,6.432130324,-20
62.47498072,6.458397038,-90
62.47507043,6.458399479,-90
62.47480222,6.458433471,-90
62.47489116,6.458408011,-90
62.47533953,6.458410772,-90
62.47542909,6.458398528,-90
62.47516011,6.458406163,-90
62.4752498,6.458412509,-90
62.47439482,6.459102835,-90
62.47443581,6.458930602,-90
62.47433702,6.459467517,-90
62.47435844,6.459279804,-90
62.47463001,6.458538772,-90
62.47471459,6.458474536,-90
62.4744899,6.458776258,-90
62.47455384,6.458640551,-90
62.47441461,6.46061644,-90
62.47439534,6.46042706,-90
62.47445315,6.4609952,-90
62.47443388,6.46080582,-90
62.47434913,6.459854172,-90
62.47434127,6.459661062,-90
62.47437845,6.460236623,-90
62.47436247,6.460045824,-90
62.47458207,6.462124613,-90
62.47455945,6.461936967,-90
62.47462804,6.462499465,-90
62.47460469,6.462312259,-90
62.4744922,6.461373722,-90
62.47447265,6.461184475,-90
62.47453682,6.46174933,-90
62.47451416,6.461561708,-90
62.47478204,6.46361427,-90
62.4747557,6.463428901,-90
62.47483707,6.463983398,-90
62.47480945,6.463798906,-90
62.47467806,6.462871915,-90
62.47465305,6.46268569,-90
62.47472936,6.463243533,-90
62.47470307,6.46305814,-90
62.47500124,6.46509141,-90
62.47497519,6.464905859,-90
62.47505269,6.46546295,-90
62.47502697,6.46527718,-90
62.47489232,6.464352381,-90
62.4748647,6.464167889,-90
62.47494757,6.464721366,-90
62.47491994,6.464536873,-90
62.47519795,6.466583235,-90
62.47517475,6.466395923,-90
62.47524407,6.46695803,-90
62.47522101,6.466770633,-90
62.47510241,6.465835591,-90
62.47507765,6.465649209,-90
62.47515077,6.466209061,-90
62.4751268,6.4660222,-90
62.47538244,6.468082423,-90
62.47535938,6.467895023,-90
62.47542966,6.46845658,-90
62.475406,6.46826953,-90
62.4752902,6.467332827,-90
62.47526714,6.467145428,-90
62.47533632,6.467707624,-90
62.47531326,6.467520225,-90
62.47557341,6.469577581,-90
62.47554643,6.469392656,-90
62.47564632,6.46993136,-90
62.47560612,6.46975802,-90
62.47547698,6.46883068,-90
62.47545332,6.46864363,-90
62.47552209,6.469206047,-90
62.47549982,6.469018198,-90
62.47593193,6.470916889,-90
62.4758819,6.470755919,-90
62.47602827,6.471243981,-90
62.47598193,6.471077919,-90
62.47573613,6.470267005,-90
62.47569004,6.470100628,-90
62.47583186,6.470594949,-90
62.4757826,6.470432905,-90
62.47631966,6.472199163,-90
62.47625654,6.472061383,-90
62.47644931,6.472467308,-90
62.47638381,6.472334752,-90
62.47609941,6.471596707,-90
62.47607405,6.471410758,-90
62.47619712,6.471916062,-90
62.47613904,6.471768309,-90
62.47692073,6.472887225,-90
62.47683302,6.472925936,-90
62.47708766,6.472747378,-90
62.47700626,6.472828815,-90
62.47658796,6.472712707,-90
62.47651618,6.472596486,-90
62.4767448,6.472898275,-90
62.47666352,6.472817081,-90
62.47730538,6.47176543,-90
62.47729583,6.471958241,-90
62.47730843,6.471377965,-90
62.47730995,6.471571832,-90
62.47722752,6.472513169,-90
62.47716596,6.472652683,-90
62.47728315,6.472150182,-90
62.4772666,6.472340778,-90
62.47725446,6.470220767,-90
62.4772657,6.470413162,-90
62.47723523,6.469835281,-90
62.47724373,6.470028235,-90
62.47729649,6.470991021,-90
62.47730352,6.471184331,-90
62.47727694,6.470605558,-90
62.47728818,6.470797953,-90
62.47724003,6.468672983,-90
62.47723542,6.46886665,-90
62.47725341,6.468286233,-90
62.47724637,6.46847956,-90
62.47722616,6.469447984,-90
62.47723036,6.469641644,-90
62.47723095,6.469060329,-90
62.47722756,6.469254114,-90
62.47729316,6.467125873,-90
62.47728662,6.467319281,-90
62.47730624,6.466739058,-90
62.4772997,6.466932466,-90
62.477267,6.467899503,-90
62.47726044,6.468092906,-90
62.47728008,6.467512688,-90
62.47727354,6.467706096,-90
62.47733657,6.465577525,-90
62.47733357,6.46577134,-90
62.4773202,6.465192619,-90
62.47733322,6.465384433,-90
62.47731886,6.466352175,-90
62.47731278,6.46654565,-90
62.47733058,6.465965155,-90
62.47732472,6.466158665,-90
62.4771573,6.464084725,-90
62.47718711,6.46426763,-90
62.47710272,6.463715346,-90
62.47712861,6.46390102,-90
62.47727374,6.464818414,-90
62.47729986,6.465003879,-90
62.47721693,6.464450535,-90
62.47724598,6.464634005,-90
62.47698292,6.462581732,-90
62.47700847,6.462767605,-90
62.47692227,6.46221687,-90
62.47695475,6.46239765,-90
62.47706305,6.463337279,-90
62.47708155,6.463527034,-90
62.47702713,6.462957286,-90
62.47704509,6.463147282,-90
62.47676092,6.461108426,-90
62.47678305,6.461296355,-90
62.47671665,6.460732568,-90
62.47673878,6.460920497,-90
62.47685837,6.461854483,-90
62.4768898,6.462036091,-90
62.47680495,6.461484411,-90
62.47682953,6.461670866,-90
62.47657299,6.459617227,-90
62.47658852,6.459808221,-90
62.47654298,6.459234851,-90
62.47655795,6.459426054,-90
62.47667101,6.460357484,-90
62.47669414,6.460544852,-90
62.47660515,6.459998779,-90
62.4766398,6.460176578,-90
62.47643869,6.458094001,-90
62.47646041,6.458282114,-90
62.47638353,6.457725475,-90
62.47641396,6.457907604,-90
62.47651305,6.458852446,-90
62.47652802,6.459043648,-90
62.47648012,6.458471292,-90
62.47649809,6.458661244,-90
62.47601356,6.457384246,-90
62.4760611,6.457222481,-90
62.47595388,6.457749379,-90
62.47598366,6.457566734,-90
62.47630413,6.457379329,-90
62.47634756,6.457547851,-90
62.47614783,6.457204969,-90
62.47623218,6.457269917,-90
62.47393566,6.430115885,-10
62.47560361,6.458329551,-90
62.47390462,6.430497742,-10
62.47391868,6.430306249,-10
62.47583486,6.458035082,-90
62.47590073,6.457903646,-90
62.47568407,6.458243942,-90
62.47576207,6.458148106,-90
62.4739325,6.431649441,-10
62.47392416,6.431456462,-10
62.47392762,6.432036474,-10
62.47393029,6.43184299,-10
62.47388306,6.430882724,-10
62.47389378,6.430690222,-10
62.47390534,6.431266871,-10
62.47389114,6.4310756,-10
62.47396553,6.4331965,-10
62.47395466,6.433004077,-10
62.4739955,6.433578679,-10
62.47397915,6.433388148,-10
62.47393725,6.432423716,-10
62.47393243,6.432230095,-10
62.47394688,6.432810958,-10
62.47394206,6.432617337,-10
62.47438701,6.434004892,-10
62.47431098,6.434103675,-10
62.47447365,6.433674109,-10
62.47444423,6.433856318,-10
62.47406307,6.433934865,-10
62.47402049,6.433764721,-10
62.47422198,6.434099025,-10
62.47413659,6.434041622,-10
