{
  "type": "FeatureCollection",
  "features": [
    {
      "id": "0",
      "type": "Feature",
      "properties": {},
      "geometry": {
        "type": "Polygon",
        "coordinates": [
          [
            [
              6.481267671593783,
              62.49204182310338
            ],
            [
              6.481293168243443,
              62.491953054280685
            ],
            [
              6.481101251180148,
              62.491941261039585
            ],
            [
              6.481126748215119,
              62.49185249225423
            ],
            [
              6.480934831881268,
              62.49184069879505
            ],
            [
              6.481011323625873,
              62.491574392529934
            ],
            [
              6.481203238287622,
              62.49158618585591
            ],
            [
              6.4812797268115645,
              62.49131987939408
            ],
            [
              6.481087813821885,
              62.491308086201286
            ],
            [
              6.481113310209757,
              62.491219317411
            ],
            [
              6.480729485861282,
              62.4911957303268
            ],
            [
              6.480754983191786,
              62.49110696161823
            ],
            [
              6.480563071832986,
              62.491095167726826
            ],
            [
              6.480588569548761,
              62.49100639905561
            ],
            [
              6.480204748462042,
              62.4909828105742
            ],
            [
              6.4802302471204145,
              62.490894041984724
            ],
            [
              6.480038337392498,
              62.49088224739474
            ],
            [
              6.480063836436115,
              62.49079347884262
            ],
            [
              6.479680018611162,
              62.490769888963996
            ],
            [
              6.479654518452892,
              62.490858657427296
            ],
            [
              6.478503065764211,
              62.49078788122581
            ],
            [
              6.478528569266376,
              62.490699113028946
            ],
            [
              6.477760939811887,
              62.490651923822966
            ],
            [
              6.477786445371163,
              62.4905631557967
            ],
            [
              6.477018820899761,
              62.49051596256899
            ],
            [
              6.477044328516091,
              62.490427194713355
            ],
            [
              6.476852423385851,
              62.49041539579469
            ],
            [
              6.476826915212231,
              62.49050416360589
            ],
            [
              6.4766350096968335,
              62.490492364380366
            ],
            [
              6.476711535373155,
              62.4902260610588
            ],
            [
              6.476327728202477,
              62.49020246208686
            ],
            [
              6.47635323753153,
              62.49011369438774
            ],
            [
              6.475969432163955,
              62.49009009445485
            ],
            [
              6.475943921720361,
              62.49017886206509
            ],
            [
              6.475752018737518,
              62.490167061660564
            ],
            [
              6.475803040567107,
              62.48998952652177
            ],
            [
              6.4756111388709545,
              62.4899777259436
            ],
            [
              6.4756366500847795,
              62.489888958408066
            ],
            [
              6.475444749118033,
              62.48987715761187
            ],
            [
              6.475495772143754,
              62.48969962260841
            ],
            [
              6.4753038724636625,
              62.48968782163865
            ],
            [
              6.475329384275537,
              62.48959905417079
            ],
            [
              6.474945586546319,
              62.489575451532716
            ],
            [
              6.475022124292462,
              62.48930914935326
            ],
            [
              6.474830227357791,
              62.48929734777386
            ],
            [
              6.474855740152751,
              62.489208580411
            ],
            [
              6.474280052053379,
              62.489173174231404
            ],
            [
              6.474305566347842,
              62.48908440699478
            ],
            [
              6.473921776256856,
              62.48906080165171
            ],
            [
              6.473972806558129,
              62.48888326733504
            ],
            [
              6.473780912885313,
              62.4888714643587
            ],
            [
              6.473806428334898,
              62.48878269723417
            ],
            [
              6.473038857594187,
              62.48873548288226
            ],
            [
              6.4730643751003765,
              62.48864671592844
            ],
            [
              6.473256266970088,
              62.48865851986564
            ],
            [
              6.473358333044292,
              62.48830345180194
            ],
            [
              6.472974553934502,
              62.48827984402061
            ],
            [
              6.473000071136958,
              62.488191077075896
            ],
            [
              6.472616293830242,
              62.48816746833371
            ],
            [
              6.472667329947278,
              62.48798993460085
            ],
            [
              6.472091668621578,
              62.48795451978602
            ],
            [
              6.472117188093285,
              62.48786575304232
            ],
            [
              6.470965873434129,
              62.48779491659391
            ],
            [
              6.470991396076504,
              62.48770615010981
            ],
            [
              6.470799511459848,
              62.487694343161046
            ],
            [
              6.4708250344871505,
              62.48760557671431
            ],
            [
              6.4704412668847535,
              62.48758196211843
            ],
            [
              6.470466790854097,
              62.48749319575353
            ],
            [
              6.4702749078683555,
              62.48748138810642
            ],
            [
              6.470300432222599,
              62.48739262177889
            ],
            [
              6.470108549966208,
              62.4873808139138
            ],
            [
              6.470083025054845,
              62.48746958019687
            ],
            [
              6.469507377647679,
              62.48743415489381
            ],
            [
              6.469532904230399,
              62.48734538874409
            ],
            [
              6.468765378993995,
              62.48729815151069
            ],
            [
              6.468790907632907,
              62.487209385531735
            ],
            [
              6.468215267185537,
              62.48717395498477
            ],
            [
              6.468189736875315,
              62.48726272083036
            ],
            [
              6.46703845728914,
              62.48719185238464
            ],
            [
              6.467012923464059,
              62.48728061795642
            ],
            [
              6.466629163866052,
              62.487256992953
            ],
            [
              6.466654698805312,
              62.48716822747017
            ],
            [
              6.466462819821838,
              62.48715641461931
            ],
            [
              6.466488355145894,
              62.487067649173866
            ],
            [
              6.466104598809997,
              62.48704402277389
            ],
            [
              6.466130135075923,
              62.48695525741031
            ],
            [
              6.465746380543379,
              62.486931630049675
            ],
            [
              6.465771917751148,
              62.486842864767986
            ],
            [
              6.465580041300403,
              62.486831050738516
            ],
            [
              6.465631116313168,
              62.48665352024284
            ],
            [
              6.464863616689797,
              62.48660626185679
            ],
            [
              6.464838077041328,
              62.486695026930285
            ],
            [
              6.464646202009222,
              62.4866832116333
            ],
            [
              6.464620661631374,
              62.48677197665524
            ],
            [
              6.4644287862145315,
              62.4867601610514
            ],
            [
              6.464403245107301,
              62.48684892602178
            ],
            [
              6.4628682435203,
              62.4867543913889
            ],
            [
              6.462842697784281,
              62.486843155996354
            ],
            [
              6.4607320824867,
              62.48671314296663
            ],
            [
              6.460706530450821,
              62.486801907077606
            ],
            [
              6.460322783341902,
              62.48677826484485
            ],
            [
              6.460348336491852,
              62.48668950082287
            ],
            [
              6.460156463753036,
              62.486677679357406
            ],
            [
              6.4601309100460576,
              62.4867664433349
            ],
            [
              6.45897967389181,
              62.48669550876494
            ],
            [
              6.459005230940948,
              62.486606745054445
            ],
            [
              6.4584296168627064,
              62.48657127436078
            ],
            [
              6.458404058142516,
              62.486660037937725
            ],
            [
              6.457060960763281,
              62.48657726349077
            ],
            [
              6.457086523382549,
              62.48648850022538
            ],
            [
              6.45593530712583,
              62.486417540733584
            ],
            [
              6.455960872914602,
              62.48632877772822
            ],
            [
              6.45576900469917,
              62.486316950272446
            ],
            [
              6.455794570872438,
              62.48622818730452
            ],
            [
              6.455602703386484,
              62.486216359630895
            ],
            [
              6.455628269944243,
              62.48612759670038
            ],
            [
              6.454093340722565,
              62.48603296622205
            ],
            [
              6.454118911563594,
              62.48594420364065
            ],
            [
              6.45392704674416,
              62.48593237369471
            ],
            [
              6.4539014753461705,
              62.486021136231564
            ],
            [
              6.453517745110958,
              62.48599747546353
            ],
            [
              6.453492172426511,
              62.48608623790425
            ],
            [
              6.45330030701074,
              62.486074407082135
            ],
            [
              6.45332588025215,
              62.48598564468596
            ],
            [
              6.453134015565884,
              62.485973813646
            ],
            [
              6.45315958919171,
              62.48588505128726
            ],
            [
              6.452967725234936,
              62.485873220029475
            ],
            [
              6.452993299245174,
              62.48578445770818
            ],
            [
              6.452609572963157,
              62.48576079449458
            ],
            [
              6.452635147914744,
              62.48567203225526
            ],
            [
              6.45205956145666,
              62.48563653560072
            ],
            [
              6.452085137906511,
              62.48554777348793
            ],
            [
              6.451509554672233,
              62.48551227460575
            ],
            [
              6.4515607103958414,
              62.48533475062611
            ],
            [
              6.45117699133018,
              62.485311083571
            ],
            [
              6.451202570046971,
              62.48522232165963
            ],
            [
              6.450818852785416,
              62.48519865364419
            ],
            [
              6.450844432443464,
              62.4851098918148
            ],
            [
              6.450077002218919,
              62.48506255281381
            ],
            [
              6.450051420333247,
              62.48515131446502
            ],
            [
              6.449283990642527,
              62.485103971088186
            ],
            [
              6.449309574755794,
              62.485015209615156
            ],
            [
              6.449117718321512,
              62.48500337315964
            ],
            [
              6.449092133651348,
              62.485092134588086
            ],
            [
              6.448708420186823,
              62.485068460800846
            ],
            [
              6.448734005970772,
              62.48497969946149
            ],
            [
              6.44681545457448,
              62.48486131522983
            ],
            [
              6.446789863221702,
              62.48495007612361
            ],
            [
              6.44621429949871,
              62.484914555604654
            ],
            [
              6.4462654853728285,
              62.4847370340774
            ],
            [
              6.445689926544987,
              62.48470151146476
            ],
            [
              6.445664332023671,
              62.48479027209821
            ],
            [
              6.445280625888069,
              62.48476658895557
            ],
            [
              6.44525503008035,
              62.48485534949281
            ],
            [
              6.444679470501475,
              62.48481982267759
            ],
            [
              6.444653872850499,
              62.484908583073974
            ],
            [
              6.444270166214312,
              62.484884897129625
            ],
            [
              6.4442445672769155,
              62.48497365742979
            ],
            [
              6.4440527136610095,
              62.48496181401951
            ],
            [
              6.4440271139940455,
              62.485050574268
            ],
            [
              6.441724877393028,
              62.48490843234726
            ],
            [
              6.44175048374222,
              62.4848196726338
            ],
            [
              6.441366781174065,
              62.48479597873009
            ],
            [
              6.44139238846418,
              62.48470721909871
            ],
            [
              6.441200537996072,
              62.48469537179795
            ],
            [
              6.441174930149123,
              62.48478413138475
            ],
            [
              6.4409830792969345,
              62.48477228377706
            ],
            [
              6.4409574707203925,
              62.48486104331216
            ],
            [
              6.439422665668052,
              62.484766252649855
            ],
            [
              6.439448278699231,
              62.48467749347153
            ],
            [
              6.43848903394128,
              62.484618241004775
            ],
            [
              6.438514649583741,
              62.48452948204234
            ],
            [
              6.438322801707379,
              62.4845176308066
            ],
            [
              6.438348417733835,
              62.48442887188168
            ],
            [
              6.437964723613151,
              62.48440516871244
            ],
            [
              6.437990340580402,
              62.484316409869606
            ],
            [
              6.4376066482645795,
              62.48429270574028
            ],
            [
              6.437632266172602,
              62.48420394697954
            ],
            [
              6.436864885842019,
              62.48415653575146
            ],
            [
              6.4368392657068485,
              62.48424529433373
            ],
            [
              6.436455575464989,
              62.48422158705653
            ],
            [
              6.4364811967137285,
              62.48413282856348
            ],
            [
              6.435905664317624,
              62.48409726581411
            ],
            [
              6.435931287063839,
              62.484008507447804
            ],
            [
              6.43516391518275,
              62.48396108695466
            ],
            [
              6.435189539983185,
              62.4838723287597
            ],
            [
              6.434422173094992,
              62.48382490424798
            ],
            [
              6.434396546067521,
              62.48391366226443
            ],
            [
              6.430559741987395,
              62.48367647585846
            ],
            [
              6.430585380149666,
              62.48358771873467
            ],
            [
              6.430201704659587,
              62.483563994412584
            ],
            [
              6.4302273437623425,
              62.48347523737096
            ],
            [
              6.429843670077527,
              62.48345151208895
            ],
            [
              6.429792389472189,
              62.483629025986474
            ],
            [
              6.4296005517757955,
              62.483617162862714
            ],
            [
              6.429626192721662,
              62.48352840596217
            ],
            [
              6.429242518961218,
              62.48350467901706
            ],
            [
              6.4292168769019264,
              62.483593435828304
            ],
            [
              6.428449529229958,
              62.483545978611836
            ],
            [
              6.428475173516084,
              62.48345722197921
            ],
            [
              6.42732416053818,
              62.48338602855344
            ],
            [
              6.427298512911854,
              62.48347478491814
            ],
            [
              6.426914842189892,
              62.48345105158851
            ],
            [
              6.426940490929607,
              62.48336229531315
            ],
            [
              6.426173153788724,
              62.48331482568501
            ],
            [
              6.426147502822255,
              62.48340358178172
            ],
            [
              6.425763834176638,
              62.48337984530455
            ],
            [
              6.425738181923761,
              62.48346860130481
            ],
            [
              6.425546347303829,
              62.48345673262809
            ],
            [
              6.425392426812373,
              62.48398926821197
            ],
            [
              6.425584264772487,
              62.48400113715669
            ],
            [
              6.425558611308259,
              62.48408989310706
            ],
            [
              6.425750449998142,
              62.48410176183413
            ],
            [
              6.42569914366395,
              62.48427927380283
            ],
            [
              6.425890983640323,
              62.484291142356945
            ],
            [
              6.425839677727365,
              62.484468654386454
            ],
            [
              6.425264154977075,
              62.48443304766919
            ],
            [
              6.425238500090819,
              62.48452180353926
            ],
            [
              6.424471136619822,
              62.48447432406525
            ],
            [
              6.42449679373297,
              62.48438556837388
            ],
            [
              6.422194726617332,
              62.484243105306994
            ],
            [
              6.422220390237876,
              62.48415435014469
            ],
            [
              6.420493861271239,
              62.484047478459544
            ],
            [
              6.420545198013293,
              62.48386996891794
            ],
            [
              6.4203533634405225,
              62.483858093064185
            ],
            [
              6.4203790321084915,
              62.48376933832737
            ],
            [
              6.419803531099127,
              62.48373370932644
            ],
            [
              6.4198292012639335,
              62.483644954716574
            ],
            [
              6.418870039161609,
              62.48358556802612
            ],
            [
              6.418895711936521,
              62.48349681363264
            ],
            [
              6.418512049421122,
              62.48347305720986
            ],
            [
              6.418537723136146,
              62.48338430289864
            ],
            [
              6.418345892694865,
              62.48337242433853
            ],
            [
              6.418371566793345,
              62.48328367006487
            ],
            [
              6.417796078178551,
              62.483248032944985
            ],
            [
              6.417770402410172,
              62.48333678708452
            ],
            [
              6.417578572661667,
              62.483324907475286
            ],
            [
              6.417629925138485,
              62.48314739927851
            ],
            [
              6.417438096676442,
              62.48313551949642
            ],
            [
              6.41748944957371,
              62.48295801136048
            ],
            [
              6.416338489118194,
              62.48288672769666
            ],
            [
              6.41636416864668,
              62.482797973886264
            ],
            [
              6.415980517660448,
              62.482774210656224
            ],
            [
              6.416006198128917,
              62.48268545692813
            ],
            [
              6.415622548948776,
              62.48266169273844
            ],
            [
              6.415648230357209,
              62.48257293909262
            ],
            [
              6.414880936302098,
              62.482525407744916
            ],
            [
              6.414906619763628,
              62.48243665427084
            ],
            [
              6.413947508875663,
              62.48237723440883
            ],
            [
              6.413973194946819,
              62.48228848115123
            ],
            [
              6.41339773216284,
              62.48225282622104
            ],
            [
              6.413423419730429,
              62.482164073090445
            ],
            [
              6.4128479601755615,
              62.48212841593411
            ],
            [
              6.412873649239533,
              62.48203966293061
            ],
            [
              6.4113391025034705,
              62.481944565998916
            ],
            [
              6.4113647958465005,
              62.481855813346115
            ],
            [
              6.410981162008549,
              62.48183203658011
            ],
            [
              6.41100685629133,
              62.48174328400965
            ],
            [
              6.409855962276215,
              62.481671947686095
            ],
            [
              6.4098816597248,
              62.48158319537695
            ],
            [
              6.409689845218768,
              62.48157130511656
            ],
            [
              6.409664147213668,
              62.481660057380964
            ],
            [
              6.409280517608587,
              62.48163627598396
            ],
            [
              6.40930621672671,
              62.481547523809056
            ],
            [
              6.406620836698157,
              62.481381025285124
            ],
            [
              6.406646543433859,
              62.48129227372963
            ],
            [
              6.405879300464717,
              62.481244693461164
            ],
            [
              6.405905009252932,
              62.48115594207756
            ],
            [
              6.40571319950062,
              62.48114404639961
            ],
            [
              6.40568749015593,
              62.481232797738464
            ],
            [
              6.404728441213208,
              62.48117331519137
            ],
            [
              6.404908422460484,
              62.48055205723615
            ],
            [
              6.404716617087355,
              62.48054016025343
            ],
            [
              6.404742328556871,
              62.48045140913312
            ],
            [
              6.4045505239136,
              62.48043951193295
            ],
            [
              6.404627658950945,
              62.4801732586634
            ],
            [
              6.40347684474884,
              62.48010187076147
            ],
            [
              6.403451129904635,
              62.48019062158984
            ],
            [
              6.401533114545731,
              62.48007162032795
            ],
            [
              6.401507393964001,
              62.48016037070136
            ],
            [
              6.399781189965395,
              62.480053246743054
            ],
            [
              6.39980691555466,
              62.47996449677275
            ],
            [
              6.399423317687348,
              62.479940688653905
            ],
            [
              6.399397590985316,
              62.48002943853462
            ],
            [
              6.399205791755546,
              62.48001753403709
            ],
            [
              6.39923151901396,
              62.47992878420118
            ],
            [
              6.398272528249858,
              62.47986925800433
            ],
            [
              6.3983497173295305,
              62.47960300912561
            ],
            [
              6.398541513466196,
              62.47961491475499
            ],
            [
              6.398644427584269,
              62.47925991597049
            ],
            [
              6.398836221669049,
              62.47927182115847
            ],
            [
              6.398939130785437,
              62.47891682208015
            ],
            [
              6.3981719643888795,
              62.478869200471784
            ],
            [
              6.398197693459511,
              62.47878045086352
            ],
            [
              6.398005902850496,
              62.478768544850716
            ],
            [
              6.39816027696825,
              62.47823604731933
            ],
            [
              6.397968489870627,
              62.478224141313156
            ],
            [
              6.397994218839235,
              62.478135391744324
            ],
            [
              6.397610646277144,
              62.478111579034994
            ],
            [
              6.397636376184815,
              62.47802282954859
            ],
            [
              6.397444590720345,
              62.47801092284545
            ],
            [
              6.397470321010773,
              62.4779221733967
            ],
            [
              6.397278536276119,
              62.47791026647617
            ],
            [
              6.3974071879068,
              62.47746651934888
            ],
            [
              6.397215406127028,
              62.47745461239018
            ],
            [
              6.397241136488849,
              62.47736586298805
            ],
            [
              6.396474013330076,
              62.477318232710715
            ],
            [
              6.3964997457433945,
              62.47722948348061
            ],
            [
              6.3963079659437865,
              62.477217575300635
            ],
            [
              6.396436628188557,
              62.47677382926669
            ],
            [
              6.396628405206975,
              62.47678573722264
            ],
            [
              6.396731329654334,
              62.47643074008727
            ],
            [
              6.396156005794316,
              62.476395015970596
            ],
            [
              6.396181738140979,
              62.47630626680328
            ],
            [
              6.395989964424244,
              62.476294358284854
            ],
            [
              6.396041429709394,
              62.47611686001829
            ],
            [
              6.395849657278592,
              62.47610495132732
            ],
            [
              6.395875390217062,
              62.4760162022281
            ],
            [
              6.394341221467659,
              62.47592092362109
            ],
            [
              6.3943669586820855,
              62.47583217487317
            ],
            [
              6.394175188925575,
              62.4758202639124
            ],
            [
              6.394200926522611,
              62.475731515202135
            ],
            [
              6.394009157495829,
              62.47571960402402
            ],
            [
              6.394034895475464,
              62.47563085535142
            ],
            [
              6.39288428829677,
              62.4755593830464
            ],
            [
              6.392910029439801,
              62.475470634635535
            ],
            [
              6.392526496214515,
              62.475446808526286
            ],
            [
              6.392655204887365,
              62.47500306681263
            ],
            [
              6.391121101175444,
              62.47490775368279
            ],
            [
              6.391095355339041,
              62.47499650168125
            ],
            [
              6.389177735763215,
              62.47487733622794
            ],
            [
              6.389151984192046,
              62.47496608377087
            ],
            [
              6.388576700036966,
              62.474930328888675
            ],
            [
              6.388602453276445,
              62.474841581480256
            ],
            [
              6.3866848562756156,
              62.47472238194918
            ],
            [
              6.386710614902326,
              62.47463363498208
            ],
            [
              6.386327098698543,
              62.47460979201998
            ],
            [
              6.386301338959673,
              62.47469853889738
            ],
            [
              6.385917822338547,
              62.474674694797045
            ],
            [
              6.385943583189568,
              62.474585948009356
            ],
            [
              6.384217771998127,
              62.474478636986255
            ],
            [
              6.384192006142502,
              62.47456738337019
            ],
            [
              6.383424981239166,
              62.474519682587456
            ],
            [
              6.38345074931902,
              62.47443093638295
            ],
            [
              6.383067239021978,
              62.47440708450858
            ],
            [
              6.383093008040174,
              62.47431833838661
            ],
            [
              6.382517745565971,
              62.474282558743745
            ],
            [
              6.382543516078525,
              62.47419381274922
            ],
            [
              6.382351762824031,
              62.47418188572223
            ],
            [
              6.382377533718846,
              62.474093139765415
            ],
            [
              6.381035269695406,
              62.47400964355132
            ],
            [
              6.38106104430862,
              62.47392089790141
            ],
            [
              6.380294042342721,
              62.47387318019209
            ],
            [
              6.380268265505454,
              62.473961925662444
            ],
            [
              6.380076514892484,
              62.47394999553494
            ],
            [
              6.380050737325397,
              62.47403874095323
            ],
            [
              6.379475484861358,
              62.47400294886341
            ],
            [
              6.379501264096472,
              62.4739142035798
            ],
            [
              6.379309514178779,
              62.47390227240385
            ],
            [
              6.3793352937960766,
              62.473813527157915
            ],
            [
              6.379143544608219,
              62.47380159576476
            ],
            [
              6.379169324607683,
              62.47371285055652
            ],
            [
              6.378785827865447,
              62.47368898707366
            ],
            [
              6.379017850046113,
              62.4728902806841
            ],
            [
              6.378826106939522,
              62.472878348953515
            ],
            [
              6.378877666623947,
              62.472700858655415
            ],
            [
              6.379069408618634,
              62.47271279029621
            ],
            [
              6.3791209664958775,
              62.47253529987958
            ],
            [
              6.379312707552479,
              62.472547231168534
            ],
            [
              6.379493150756235,
              62.471926014169625
            ],
            [
              6.379684888095109,
              62.471937944882285
            ],
            [
              6.379839543584657,
              62.471405472619324
            ],
            [
              6.377538747014771,
              62.47126229000171
            ],
            [
              6.377564528992111,
              62.47117354513805
            ],
            [
              6.377372797630302,
              62.47116161159464
            ],
            [
              6.377398579989694,
              62.471072866768665
            ],
            [
              6.3772068493575915,
              62.471060933008054
            ],
            [
              6.377232632099023,
              62.47097218821979
            ],
            [
              6.377040902196624,
              62.470960254242
            ],
            [
              6.377066685320086,
              62.47087150949145
            ],
            [
              6.376874956147384,
              62.4708595752965
            ],
            [
              6.376926522984544,
              62.47068208586357
            ],
            [
              6.37635133984459,
              62.470646281975654
            ],
            [
              6.3763255548453746,
              62.470735026561016
            ],
            [
              6.375942099176258,
              62.47071115590226
            ],
            [
              6.3759678852871735,
              62.470622411406694
            ],
            [
              6.375009251936089,
              62.47056273039813
            ],
            [
              6.375035040652343,
              62.47047398611989
            ],
            [
              6.3748433150595565,
              62.47046204917689
            ],
            [
              6.374869104157781,
              62.47037330493634
            ],
            [
              6.3742939300901345,
              62.47033749266968
            ],
            [
              6.374268139324431,
              62.47042623677549
            ],
            [
              6.373309516576908,
              62.4703665441986
            ],
            [
              6.373283722858203,
              62.470455288072635
            ],
            [
              6.373091998274565,
              62.47044334872617
            ],
            [
              6.373066203826132,
              62.47053209254811
            ],
            [
              6.372299305007389,
              62.47048433236196
            ],
            [
              6.372325101679101,
              62.47039558871966
            ],
            [
              6.371941654424869,
              62.47037170714405
            ],
            [
              6.371915856641533,
              62.470460450696514
            ],
            [
              6.37153240897139,
              62.47043656798282
            ],
            [
              6.371506609902492,
              62.470525311438244
            ],
            [
              6.371123161816467,
              62.470501427586484
            ],
            [
              6.371174762003561,
              62.47032394084815
            ],
            [
              6.370983039333078,
              62.470311998619025
            ],
            [
              6.370957238770698,
              62.47040074194687
            ],
            [
              6.3690400160754645,
              62.47028130479342
            ],
            [
              6.3690142097811435,
              62.470370047664765
            ],
            [
              6.368055602178702,
              62.4703103190364
            ],
            [
              6.368029792931452,
              62.470399061675835
            ],
            [
              6.367262907758382,
              62.47035127387644
            ],
            [
              6.367288719228764,
              62.47026253141677
            ],
            [
              6.367096998926308,
              62.47025058385675
            ],
            [
              6.367122810778457,
              62.470161841434795
            ],
            [
              6.3669310912057995,
              62.47014989365765
            ],
            [
              6.366956903439694,
              62.47006115127345
            ],
            [
              6.366765184596825,
              62.470049203279224
            ],
            [
              6.366790997212462,
              62.469960460932754
            ],
            [
              6.366215843395293,
              62.46992461551262
            ],
            [
              6.3664223513936395,
              62.46921467756018
            ],
            [
              6.36565549985755,
              62.46916688143645
            ],
            [
              6.365629684743939,
              62.469255623525925
            ],
            [
              6.363329140175294,
              62.46911220946012
            ],
            [
              6.363354961957467,
              62.46902346791011
            ],
            [
              6.361629574982342,
              62.468915883003646
            ],
            [
              6.361603748198901,
              62.46900462414896
            ],
            [
              6.361028620673978,
              62.46896875766209
            ],
            [
              6.361002792049351,
              62.46905749866531
            ],
            [
              6.3602359555644385,
              62.469009672834595
            ],
            [
              6.3602101245429425,
              62.469098413650684
            ],
            [
              6.3600184153013615,
              62.46908645649298
            ],
            [
              6.36004424687854,
              62.46899771572187
            ],
            [
              6.35985253836679,
              62.46898575834711
            ],
            [
              6.359878370325504,
              62.468897017613784
            ],
            [
              6.3593032475021545,
              62.46886114405232
            ],
            [
              6.359277413876415,
              62.468949884650726
            ],
            [
              6.358893998420273,
              62.46892596754302
            ],
            [
              6.3588681635090305,
              62.469014708044234
            ],
            [
              6.358101332464051,
              62.46896687050465
            ],
            [
              6.358075495155955,
              62.46905561081871
            ],
            [
              6.35654183698151,
              62.46895992280275
            ],
            [
              6.356515995053895,
              62.46904866274967
            ],
            [
              6.35613258114099,
              62.46902473803553
            ],
            [
              6.356106737927847,
              62.46911347788521
            ],
            [
              6.355148203416187,
              62.46905366128956
            ],
            [
              6.355174049407609,
              62.46896492166487
            ],
            [
              6.354023817077385,
              62.46889313337364
            ],
            [
              6.353997967752076,
              62.4689818727283
            ],
            [
              6.353422852272475,
              62.4689459749105
            ],
            [
              6.353681354352826,
              62.46805858238914
            ],
            [
              6.35348965509769,
              62.46804661637596
            ],
            [
              6.353515504902901,
              62.4679578771291
            ],
            [
              6.352748711847355,
              62.46791001063641
            ],
            [
              6.352645302691333,
              62.4682649668603
            ],
            [
              6.351878503534589,
              62.46821709545541
            ],
            [
              6.3518526485874816,
              62.468305834313256
            ],
            [
              6.351660948678415,
              62.46829386576201
            ],
            [
              6.351635093001417,
              62.46838260456759
            ],
            [
              6.351443392711043,
              62.468370635709334
            ],
            [
              6.351417536304135,
              62.46845937446269
            ],
            [
              6.351225835632463,
              62.4684474052974
            ],
            [
              6.351199978495648,
              62.46853614399851
            ],
            [
              6.350433175329637,
              62.46848826453725
            ],
            [
              6.350484893873771,
              62.468310787488
            ],
            [
              6.350101495559066,
              62.46828684636549
            ],
            [
              6.350075635262975,
              62.468375584803674
            ],
            [
              6.348925441169301,
              62.46830375487798
            ],
            [
              6.348951304798917,
              62.46821501670997
            ],
            [
              6.348376211772485,
              62.468179098345274
            ],
            [
              6.34840207689448,
              62.468090360305155
            ],
            [
              6.347826987103995,
              62.46805443971765
            ],
            [
              6.34780112031529,
              62.46814317762265
            ],
            [
              6.3445422983701425,
              62.46793958232279
            ],
            [
              6.344516421962567,
              62.468028319454795
            ],
            [
              6.344133033348242,
              62.46800436199873
            ],
            [
              6.344107155655145,
              62.468093099033375
            ],
            [
              6.342956990665597,
              62.46802122010719
            ],
            [
              6.342931109464798,
              62.46810995686424
            ],
            [
              6.3427394153549335,
              62.468097976081204
            ],
            [
              6.342635886584899,
              62.46845292285679
            ],
            [
              6.342444190427324,
              62.46844094163151
            ],
            [
              6.342418307243082,
              62.468529678262236
            ],
            [
              6.341459826294706,
              62.468469767980714
            ],
            [
              6.3414857122566906,
              62.46838103157532
            ],
            [
              6.341294017146039,
              62.46836904877813
            ],
            [
              6.341319903489069,
              62.468280312410585
            ],
            [
              6.341128209108456,
              62.46826832939648
            ],
            [
              6.341154095832521,
              62.46817959306676
            ],
            [
              6.340962402181936,
              62.468167609835746
            ],
            [
              6.340988289287034,
              62.46807887354385
            ],
            [
              6.340796596366487,
              62.46806689009592
            ],
            [
              6.340822483852611,
              62.467978153841855
            ],
            [
              6.340439099646073,
              62.467954186250225
            ],
            [
              6.340464988068726,
              62.46786545007906
            ],
            [
              6.3398899147342975,
              62.467829496862024
            ],
            [
              6.339915804648974,
              62.467740760818856
            ],
            [
              6.339724114442042,
              62.46772877593431
            ],
            [
              6.339698223971862,
              62.4678175119324
            ],
            [
              6.3393148429705555,
              62.46779354128721
            ],
            [
              6.3393407345517465,
              62.46770480537928
            ],
            [
              6.3383822878803295,
              62.46764487440719
            ],
            [
              6.338356393521645,
              62.46773361008971
            ],
            [
              6.337589637104367,
              62.46768566041623
            ],
            [
              6.337615533685017,
              62.46759692491405
            ],
            [
              6.337807221972011,
              62.4676089126803
            ],
            [
              6.337833117822611,
              62.4675201771258
            ],
            [
              6.338024805728678,
              62.46753216458497
            ],
            [
              6.33805070084924,
              62.467443428978136
            ],
            [
              6.338242388374372,
              62.46745541613027
            ],
            [
              6.338268282764904,
              62.4673666804711
            ],
            [
              6.338459969909102,
              62.46737866731617
            ],
            [
              6.338485863569607,
              62.46728993160468
            ],
            [
              6.338677550332869,
              62.4673019181427
            ],
            [
              6.338703443263353,
              62.46721318237888
            ],
            [
              6.338895129645669,
              62.46722516860986
            ],
            [
              6.338921021846147,
              62.4671364327937
            ],
            [
              6.339112707847518,
              62.46714841871762
            ],
            [
              6.3391385993179945,
              62.46705968284914
            ],
            [
              6.339330284938415,
              62.46707166846602
            ],
            [
              6.339356175678889,
              62.46698293254523
            ],
            [
              6.3395478609183575,
              62.466994917855075
            ],
            [
              6.339573750928846,
              62.46690618188195
            ],
            [
              6.339765435787362,
              62.466918166884746
            ],
            [
              6.339843103105361,
              62.46665195878669
            ],
            [
              6.340034786471987,
              62.466663943392284
            ],
            [
              6.340060674673516,
              62.46657520730003
            ],
            [
              6.340252357659181,
              62.4665871915986
            ],
            [
              6.340278245130748,
              62.466498455454044
            ],
            [
              6.34066161051465,
              62.466522423175135
            ],
            [
              6.340687496700815,
              62.466433686933186
            ],
            [
              6.340879179099045,
              62.46644567035571
            ],
            [
              6.340905064555267,
              62.46635693406146
            ],
            [
              6.341096746572516,
              62.46636891717696
            ],
            [
              6.341122631298809,
              62.46628018083038
            ],
            [
              6.3413143129350855,
              62.46629216363884
            ],
            [
              6.341340196931452,
              62.46620342723996
            ],
            [
              6.341531878186741,
              62.46621540974141
            ],
            [
              6.34155776145319,
              62.466126673290205
            ],
            [
              6.341749442327503,
              62.46613865548463
            ],
            [
              6.341801207226103,
              62.46596118247041
            ],
            [
              6.342184567276314,
              62.46598514589309
            ],
            [
              6.342210448353045,
              62.46589640928499
            ],
            [
              6.342402128084384,
              62.46590839055835
            ],
            [
              6.342453888603619,
              62.46573091723029
            ],
            [
              6.343028925511646,
              62.4657668592082
            ],
            [
              6.343080682000493,
              62.465589385580856
            ],
            [
              6.343272360207826,
              62.46560136562614
            ],
            [
              6.343298237635178,
              62.465512628756535
            ],
            [
              6.343873271637398,
              62.46554856718545
            ],
            [
              6.343899147224019,
              62.46545983017347
            ],
            [
              6.344090825018153,
              62.46547180908081
            ],
            [
              6.344064949986968,
              62.46556054613785
            ],
            [
              6.344448307209327,
              62.465584503256764
            ],
            [
              6.3444741811296375,
              62.46549576610961
            ],
            [
              6.344665859446979,
              62.4655077442311
            ],
            [
              6.344743478495221,
              62.46524153261105
            ],
            [
              6.34512683232047,
              62.46526548779783
            ],
            [
              6.3451527038769076,
              62.46517675048658
            ],
            [
              6.34534438049568,
              62.465188727641994
            ],
            [
              6.345421992452423,
              62.464922515529715
            ],
            [
              6.345230317499925,
              62.46491053850945
            ],
            [
              6.345282059043383,
              62.46473306382183
            ],
            [
              6.345665406901083,
              62.46475701742024
            ],
            [
              6.345691276300424,
              62.46466827997549
            ],
            [
              6.346074623744763,
              62.464692232436015
            ],
            [
              6.346100491858917,
              62.46460349489396
            ],
            [
              6.346483838889861,
              62.46462744621659
            ],
            [
              6.346509705718836,
              62.464538708577216
            ],
            [
              6.346893052336345,
              62.464562658761984
            ],
            [
              6.346918917880152,
              62.46447392102529
            ],
            [
              6.3471105908950065,
              62.4644858956797
            ],
            [
              6.347136455709071,
              62.46439715789074
            ],
            [
              6.347711474133392,
              62.464433080147174
            ],
            [
              6.34773733710689,
              62.46434434221589
            ],
            [
              6.3483123554338725,
              62.46438026197968
            ],
            [
              6.348286494126618,
              62.46446900004606
            ],
            [
              6.349244864268188,
              62.46452886130515
            ],
            [
              6.349322439335762,
              62.46426264640889
            ],
            [
              6.349130766625105,
              62.46425067481606
            ],
            [
              6.349156625187794,
              62.46416193654788
            ],
            [
              6.349348297343038,
              62.464173908095695
            ],
            [
              6.349374155176027,
              62.46408516977527
            ],
            [
              6.350332515789397,
              62.464145023359926
            ],
            [
              6.350306660733481,
              62.464233761905476
            ],
            [
              6.350498333934394,
              62.46424573188158
            ],
            [
              6.350472479259632,
              62.46433447046492
            ],
            [
              6.350664153190234,
              62.46434644022409
            ],
            [
              6.3506382988966354,
              62.46443517884521
            ],
            [
              6.350829973556929,
              62.46444714838745
            ],
            [
              6.350804119644496,
              62.46453588704638
            ],
            [
              6.3509957950344935,
              62.46454785637166
            ],
            [
              6.350944087797715,
              62.46472533375788
            ],
            [
              6.351710795543821,
              62.4647732087996
            ],
            [
              6.351684943885839,
              62.46486194766192
            ],
            [
              6.3528350140651515,
              62.46493375263573
            ],
            [
              6.352860862390379,
              62.46484501350333
            ],
            [
              6.35324421939976,
              62.464868946308876
            ],
            [
              6.35329591330569,
              62.46469146784238
            ],
            [
              6.35348759096079,
              62.464703433762196
            ],
            [
              6.353513437096973,
              62.464614694473106
            ],
            [
              6.353705114370822,
              62.46462666008595
            ],
            [
              6.35373095977734,
              62.46453792074463
            ],
            [
              6.354114313736745,
              62.46456185109444
            ],
            [
              6.354140157858143,
              62.46447311165591
            ],
            [
              6.354523511403431,
              62.464497040867855
            ],
            [
              6.354549354239726,
              62.46440830133209
            ],
            [
              6.354741030718205,
              62.464420265500124
            ],
            [
              6.354999443946663,
              62.463532869295435
            ],
            [
              6.355191115044938,
              62.46354483275153
            ],
            [
              6.35537199005387,
              62.46292365466366
            ],
            [
              6.355563657438447,
              62.46293561754287
            ],
            [
              6.355589495473415,
              62.46284687774216
            ],
            [
              6.355781162476739,
              62.462858840314425
            ],
            [
              6.356039527694764,
              62.461971441460356
            ],
            [
              6.355656204969781,
              62.46194751695368
            ],
            [
              6.355682041644566,
              62.461858777118536
            ],
            [
              6.355107060529173,
              62.461822888528964
            ],
            [
              6.3551328986958735,
              62.46173414882157
            ],
            [
              6.354941239227702,
              62.461722185479516
            ],
            [
              6.354967077775598,
              62.461633445809916
            ],
            [
              6.354775419036917,
              62.4616214822509
            ],
            [
              6.354827096720948,
              62.46144400298001
            ],
            [
              6.354060467950383,
              62.46139614648464
            ],
            [
              6.354086308752482,
              62.46130740701834
            ],
            [
              6.353319684989734,
              62.46125954651215
            ],
            [
              6.353345527838937,
              62.46117080721862
            ],
            [
              6.353153872888984,
              62.461158841482245
            ],
            [
              6.353205559175486,
              62.460981362963544
            ],
            [
              6.353013905510314,
              62.46096939705525
            ],
            [
              6.35303974894761,
              62.46088065783007
            ],
            [
              6.352848096011908,
              62.46086869170486
            ],
            [
              6.352925626944634,
              62.46060247412095
            ],
            [
              6.353117278214468,
              62.460614440111144
            ],
            [
              6.353246490175902,
              62.460170743768494
            ],
            [
              6.353438138843515,
              62.46018270927179
            ],
            [
              6.353463980158051,
              62.46009396993661
            ],
            [
              6.353272332045706,
              62.46008200447831
            ],
            [
              6.353298173741345,
              62.45999326518091
            ],
            [
              6.3531065263584185,
              62.45998129950569
            ],
            [
              6.353158210337755,
              62.4598038209792
            ],
            [
              6.353349856610174,
              62.45981578656439
            ],
            [
              6.3533756977833535,
              62.459727047245316
            ],
            [
              6.353758989740138,
              62.459750977540004
            ],
            [
              6.353784829628677,
              62.4596622381237
            ],
            [
              6.354168121171535,
              62.45968616728075
            ],
            [
              6.354142282393499,
              62.45977490678706
            ],
            [
              6.354333928981383,
              62.45978687101773
            ],
            [
              6.354359767204162,
              62.45969813146643
            ],
            [
              6.3545514134109276,
              62.4597100953902
            ],
            [
              6.3547581084826055,
              62.459000178360085
            ],
            [
              6.354949750421556,
              62.459012141662015
            ],
            [
              6.355001421337856,
              62.4588346622423
            ],
            [
              6.354809780509352,
              62.45882269903036
            ],
            [
              6.354835616261556,
              62.45873395935466
            ],
            [
              6.355027256534838,
              62.45874592252162
            ],
            [
              6.355078926406498,
              62.45856844305859
            ],
            [
              6.355270565743463,
              62.458580405873676
            ],
            [
              6.35529639986292,
              62.458491666086374
            ],
            [
              6.355488038818768,
              62.45850362859458
            ],
            [
              6.355436371516171,
              62.45868110825198
            ],
            [
              6.356586215569728,
              62.45875287834115
            ],
            [
              6.356560384988629,
              62.45884161842893
            ],
            [
              6.356752026828739,
              62.45885357923878
            ],
            [
              6.3567261966288,
              62.45894231936431
            ],
            [
              6.356917839198215,
              62.45895427995724
            ],
            [
              6.356943668842921,
              62.45886553978673
            ],
            [
              6.357710238640312,
              62.4589133793595
            ],
            [
              6.357658583618763,
              62.45909086005312
            ],
            [
              6.357850227613744,
              62.4591028193815
            ],
            [
              6.357824400397133,
              62.45919155976246
            ],
            [
              6.358016045121431,
              62.4592035188739
            ],
            [
              6.35799021828602,
              62.4592922592926
            ],
            [
              6.358565155168986,
              62.459328135190404
            ],
            [
              6.358590980338619,
              62.459239394636775
            ],
            [
              6.358974271353628,
              62.45926331050246
            ],
            [
              6.358948447294526,
              62.459352051146034
            ],
            [
              6.359140093618353,
              62.459364008730965
            ],
            [
              6.359114269940472,
              62.459452749412335
            ],
            [
              6.359497564220771,
              62.45947666388641
            ],
            [
              6.359471741479411,
              62.45956540465046
            ],
            [
              6.360046685870895,
              62.459601274532154
            ],
            [
              6.360072506946416,
              62.45951253363318
            ],
            [
              6.362180643672372,
              62.45964403587038
            ],
            [
              6.3621548287050596,
              62.45973277726388
            ],
            [
              6.362538129664053,
              62.45975668344649
            ],
            [
              6.362512315633379,
              62.45984542492267
            ],
            [
              6.362703966929142,
              62.45985737766605
            ],
            [
              6.362678153279802,
              62.459946119179975
            ],
            [
              6.362869805304853,
              62.459958071706374
            ],
            [
              6.362843992036857,
              62.460046813258046
            ],
            [
              6.363227297719494,
              62.46007071761497
            ],
            [
              6.363201485388182,
              62.460159459249326
            ],
            [
              6.363584792877327,
              62.46018336264843
            ],
            [
              6.363610604097985,
              62.460094620924195
            ],
            [
              6.363802257548167,
              62.46010657218589
            ],
            [
              6.363828068039553,
              62.460017830409484
            ],
            [
              6.364019721108361,
              62.46002978136432
            ],
            [
              6.364097149872852,
              62.459763555857016
            ],
            [
              6.364480453200368,
              62.45978745671125
            ],
            [
              6.3644546448967825,
              62.45987619864411
            ],
            [
              6.365029602858526,
              62.459912048095816
            ],
            [
              6.365003796046986,
              62.4600007901563
            ],
            [
              6.365195449604089,
              62.460012739494616
            ],
            [
              6.365169643173957,
              62.46010148159284
            ],
            [
              6.365361297460312,
              62.46011343071416
            ],
            [
              6.365335491411596,
              62.460202172850096
            ],
            [
              6.365910456980213,
              62.460238018777304
            ],
            [
              6.365884652423613,
              62.46032676104085
            ],
            [
              6.366076308516333,
              62.4603387092043
            ],
            [
              6.366050504341165,
              62.460427451505595
            ],
            [
              6.366242161163149,
              62.46043939945205
            ],
            [
              6.366293768228867,
              62.46026191475244
            ],
            [
              6.366868736406122,
              62.46029775675062
            ],
            [
              6.3668945380120725,
              62.46020901425519
            ],
            [
              6.3670861938635985,
              62.46022096101911
            ],
            [
              6.367111994740305,
              62.46013221847156
            ],
            [
              6.367303650210369,
              62.46014416492862
            ],
            [
              6.367329450357836,
              62.46005542232894
            ],
            [
              6.367521105446431,
              62.46006736847914
            ],
            [
              6.367546904864673,
              62.459978625827326
            ],
            [
              6.367738559571805,
              62.45999057167065
            ],
            [
              6.367815955117249,
              62.45972434353723
            ],
            [
              6.368007608332224,
              62.459736288983855
            ],
            [
              6.368033405944296,
              62.45964754621337
            ],
            [
              6.368225058777801,
              62.459659491353136
            ],
            [
              6.368250855660672,
              62.45957074853055
            ],
            [
              6.3684425081126985,
              62.45958269336349
            ],
            [
              6.368545691684335,
              62.45922772182139
            ],
            [
              6.368162391396735,
              62.45920383225301
            ],
            [
              6.368342963728279,
              62.458582632406035
            ],
            [
              6.368534609898018,
              62.458594577006764
            ],
            [
              6.3685861993175505,
              62.45841709118152
            ],
            [
              6.368969489957386,
              62.45844097941751
            ],
            [
              6.3689952832958205,
              62.45835223640429
            ],
            [
              6.369186928321193,
              62.45836418008449
            ],
            [
              6.369238513366031,
              62.45818669394654
            ],
            [
              6.369430157454661,
              62.45819863727499
            ],
            [
              6.369507532052425,
              62.45793240787938
            ],
            [
              6.369699174649037,
              62.457944350811196
            ],
            [
              6.369724965278726,
              62.45785560762001
            ],
            [
              6.370299892445594,
              62.457891434709154
            ],
            [
              6.370325681235674,
              62.45780269137603
            ],
            [
              6.370517323416952,
              62.45781463317035
            ],
            [
              6.3705688993651854,
              62.457637146392706
            ],
            [
              6.37114382362013,
              62.457672969934706
            ],
            [
              6.371169609667772,
              62.457584226400364
            ],
            [
              6.371744533820899,
              62.45762004745044
            ],
            [
              6.371770318028963,
              62.45753130377421
            ],
            [
              6.3719619592056045,
              62.45754324355549
            ],
            [
              6.371987742684631,
              62.457454499827165
            ],
            [
              6.372179383479765,
              62.45746643930163
            ],
            [
              6.372205166229779,
              62.45737769552118
            ],
            [
              6.3723968066434,
              62.45738963468885
            ],
            [
              6.372448370511633,
              62.45721214701663
            ],
            [
              6.372640009988477,
              62.457224085832586
            ],
            [
              6.3726657911067255,
              62.45713534194075
            ],
            [
              6.372857430202051,
              62.45714728044991
            ],
            [
              6.3728832105913,
              62.45705853650599
            ],
            [
              6.373074849305105,
              62.45707047470833
            ],
            [
              6.373100628965362,
              62.45698173071236
            ],
            [
              6.373867183336839,
              62.45702948072303
            ],
            [
              6.373970291356614,
              62.456674503948854
            ],
            [
              6.374353565142634,
              62.45669837702362
            ],
            [
              6.374379340602811,
              62.456609632722305
            ],
            [
              6.3751458880382375,
              62.4566573755494
            ],
            [
              6.375171661103734,
              62.45656863106136
            ],
            [
              6.375746571838264,
              62.456604435296974
            ],
            [
              6.375772343064332,
              62.456515690667096
            ],
            [
              6.3759639797679455,
              62.456527624843595
            ],
            [
              6.375989750265092,
              62.45643888016166
            ],
            [
              6.376181386587119,
              62.45645081403137
            ],
            [
              6.376207156355352,
              62.45636206929736
            ],
            [
              6.376398792295798,
              62.456374002860294
            ],
            [
              6.376424561335128,
              62.456285258074224
            ],
            [
              6.376616196893983,
              62.45629719133036
            ],
            [
              6.376641965204406,
              62.45620844649225
            ],
            [
              6.376833600381678,
              62.456220379441596
            ],
            [
              6.376859367963213,
              62.4561316345514
            ],
            [
              6.377051002758882,
              62.456143567193976
            ],
            [
              6.377102536290554,
              62.45596607730226
            ],
            [
              6.377294170149393,
              62.45597800959318
            ],
            [
              6.377345701876046,
              62.45580051958297
            ],
            [
              6.377537334798052,
              62.455812451522256
            ],
            [
              6.3775630998457,
              62.455723706461505
            ],
            [
              6.377754732386106,
              62.45573563809401
            ],
            [
              6.377780496704907,
              62.4556468929812
            ],
            [
              6.377972128863707,
              62.45565882430695
            ],
            [
              6.377997892453662,
              62.45557007914207
            ],
            [
              6.378189524230857,
              62.455582010161024
            ],
            [
              6.378215287091975,
              62.45549326494411
            ],
            [
              6.378406918487559,
              62.45550519565631
            ],
            [
              6.378432680619844,
              62.45541645038734
            ],
            [
              6.378815942821385,
              62.45544031093628
            ],
            [
              6.3788417036696305,
              62.45535156557042
            ],
            [
              6.379033334475579,
              62.45536349540717
            ],
            [
              6.379059094595009,
              62.45527474998924
            ],
            [
              6.379250725019332,
              62.455286679519254
            ],
            [
              6.379276484409957,
              62.45519793404927
            ],
            [
              6.379468114452649,
              62.45520986327249
            ],
            [
              6.379493873114475,
              62.45512111775047
            ],
            [
              6.379685502775539,
              62.45513304666696
            ],
            [
              6.379711260708564,
              62.4550443010929
            ],
            [
              6.380094519440985,
              62.45506815805046
            ],
            [
              6.380120276090027,
              62.45497941237947
            ],
            [
              6.380503534406295,
              62.4550032681997
            ],
            [
              6.380529289771347,
              62.45491452243184
            ],
            [
              6.3807209186346086,
              62.45492644990425
            ],
            [
              6.380772427733615,
              62.454748958257305
            ],
            [
              6.380964055660018,
              62.45476088537811
            ],
            [
              6.381041316341308,
              62.454494647719216
            ],
            [
              6.381232942775647,
              62.454506574443585
            ],
            [
              6.38125869543379,
              62.45441782849809
            ],
            [
              6.381450321486483,
              62.4544297549157
            ],
            [
              6.3814760734159,
              62.454341008918156
            ],
            [
              6.381667699086923,
              62.454352935029036
            ],
            [
              6.381693450287617,
              62.45426418897946
            ],
            [
              6.381885075576982,
              62.454276114783596
            ],
            [
              6.381910826048957,
              62.45418736868202
            ],
            [
              6.382102450956651,
              62.45419929417941
            ],
            [
              6.382128200699923,
              62.45411054802578
            ],
            [
              6.382319825225949,
              62.45412247321644
            ],
            [
              6.3823455742405235,
              62.45403372701078
            ],
            [
              6.382537198384874,
              62.4540456518947
            ],
            [
              6.382562946670749,
              62.45395690563704
            ],
            [
              6.38275457043342,
              62.45396883021424
            ],
            [
              6.382806065374299,
              62.453791337587674
            ],
            [
              6.382422820243176,
              62.45376748835077
            ],
            [
              6.38255156011082,
              62.45332375710714
            ],
            [
              6.382743179813812,
              62.45333568163233
            ],
            [
              6.382768926711687,
              62.453246935317225
            ],
            [
              6.382960546033014,
              62.45325885953568
            ],
            [
              6.383089275144312,
              62.45281512762826
            ],
            [
              6.383280891863393,
              62.45282705136067
            ],
            [
              6.383306636610068,
              62.45273830491281
            ],
            [
              6.383689869458386,
              62.45276215150226
            ],
            [
              6.383715612921314,
              62.452673404957565
            ],
            [
              6.3846736953020375,
              62.45273301662415
            ],
            [
              6.384699435815815,
              62.452644269848115
            ],
            [
              6.385082668871982,
              62.452668112591915
            ],
            [
              6.385056929468492,
              62.452756859457615
            ],
            [
              6.3860150179197985,
              62.45281646195833
            ],
            [
              6.386066491001875,
              62.4526389677715
            ],
            [
              6.386258108102119,
              62.45265088739635
            ],
            [
              6.386335314759154,
              62.45238464592784
            ],
            [
              6.386718546149019,
              62.452408484122955
            ],
            [
              6.386744280244262,
              62.4523197368628
            ],
            [
              6.386935895644161,
              62.45233165552271
            ],
            [
              6.386961629010865,
              62.452242908210565
            ],
            [
              6.388302937779135,
              62.4523263311836
            ],
            [
              6.3882772082984385,
              62.45241507880944
            ],
            [
              6.388468825085431,
              62.45242699537429
            ],
            [
              6.388443095986513,
              62.45251574303778
            ],
            [
              6.388634713502036,
              62.45252765938555
            ],
            [
              6.3885832558944005,
              62.45270515478062
            ],
            [
              6.388774874693614,
              62.452717070956126
            ],
            [
              6.388749146184907,
              62.45280581868772
            ],
            [
              6.38932400528826,
              62.45284156577734
            ],
            [
              6.389349732131452,
              62.452752817911325
            ],
            [
              6.389541351624123,
              62.45276473303928
            ],
            [
              6.3895156253361,
              62.45285348095011
            ],
            [
              6.389898865951848,
              62.45287731050994
            ],
            [
              6.389873140600833,
              62.45296605850321
            ],
            [
              6.390639626133225,
              62.45301371465936
            ],
            [
              6.3906653492634975,
              62.4529249664869
            ],
            [
              6.391048591959338,
              62.45294879290404
            ],
            [
              6.391100035479142,
              62.45277129635842
            ],
            [
              6.391483276647541,
              62.45279512154877
            ],
            [
              6.391508997037086,
              62.45270637317564
            ],
            [
              6.391700617326076,
              62.45271828533318
            ],
            [
              6.391726336987129,
              62.45262953690807
            ],
            [
              6.391917956894246,
              62.45264144875892
            ],
            [
              6.391943675826811,
              62.45255270028184
            ],
            [
              6.392135295352055,
              62.452564611826006
            ],
            [
              6.392161013556128,
              62.452475863297
            ],
            [
              6.392735871506106,
              62.45251159622378
            ],
            [
              6.3927615878713535,
              62.45242284755321
            ],
            [
              6.392953206979418,
              62.452434757960226
            ],
            [
              6.393004638079701,
              62.45225726050801
            ],
            [
              6.393387874594953,
              62.452281080357245
            ],
            [
              6.3934393027814345,
              62.45210358269724
            ],
            [
              6.393630920188622,
              62.45211549213944
            ],
            [
              6.393682346571688,
              62.45193799436122
            ],
            [
              6.3938739630418135,
              62.451949903451954
            ],
            [
              6.393951099651472,
              62.45168365659654
            ],
            [
              6.394142714629372,
              62.45169556529105
            ],
            [
              6.394168425930925,
              62.45160681628015
            ],
            [
              6.395126500643312,
              62.45166635560055
            ],
            [
              6.395152208995843,
              62.45157760635859
            ],
            [
              6.395727054236589,
              62.451613326673865
            ],
            [
              6.395701347549542,
              62.45170207605015
            ],
            [
              6.396276196014755,
              62.451737794142744
            ],
            [
              6.3963019010363,
              62.451649044632155
            ],
            [
              6.396493516982626,
              62.45166095009448
            ],
            [
              6.396519221275801,
              62.451572200531956
            ],
            [
              6.396902452577718,
              62.45159601058138
            ],
            [
              6.396876749394882,
              62.45168476023345
            ],
            [
              6.398409685971503,
              62.45177999031363
            ],
            [
              6.398435384712928,
              62.451691240303475
            ],
            [
              6.398627002009117,
              62.45170314284022
            ],
            [
              6.398652700022198,
              62.451614392778126
            ],
            [
              6.399610786324587,
              62.451673901309654
            ],
            [
              6.399687870997172,
              62.45140765040918
            ],
            [
              6.39987948711155,
              62.451419551195556
            ],
            [
              6.3999051811009515,
              62.45133080083635
            ],
            [
              6.400863261493861,
              62.45139030061605
            ],
            [
              6.400888952534248,
              62.45130155002593
            ],
            [
              6.401080568577007,
              62.45131344915144
            ],
            [
              6.401106258889101,
              62.45122469850943
            ],
            [
              6.401297874549789,
              62.451236597328304
            ],
            [
              6.401400631846413,
              62.450881594509745
            ],
            [
              6.40120901840641,
              62.45086969586983
            ],
            [
              6.401234707852976,
              62.45078094519205
            ],
            [
              6.4016179337957535,
              62.450804742120475
            ],
            [
              6.401643621958899,
              62.45071599134607
            ],
            [
              6.402218460505759,
              62.45075168464032
            ],
            [
              6.402141400493547,
              62.45101793734478
            ],
            [
              6.402333015354176,
              62.45102983471998
            ],
            [
              6.402307328892444,
              62.4511185856519
            ],
            [
              6.4024989444813425,
              62.45113048280993
            ],
            [
              6.402447572148997,
              62.4513079847418
            ],
            [
              6.404938604988705,
              62.45146262512674
            ],
            [
              6.404964284023835,
              62.45137387358288
            ],
            [
              6.405155902590726,
              62.45138576711909
            ],
            [
              6.4052842923948905,
              62.45094200906896
            ],
            [
              6.406050757288675,
              62.45098957970033
            ],
            [
              6.4060764325096695,
              62.45090082788995
            ],
            [
              6.4064596648842365,
              62.450924611544814
            ],
            [
              6.406433990773635,
              62.45101336344462
            ],
            [
              6.407008842298585,
              62.4510490370968
            ],
            [
              6.40698316968061,
              62.45113778912359
            ],
            [
              6.407366406005954,
              62.45116157033831
            ],
            [
              6.407392077513508,
              62.4510728182221
            ],
            [
              6.4075836953804455,
              62.45108470839191
            ],
            [
              6.407609366159819,
              62.4509959562238
            ],
            [
              6.407992601302211,
              62.45101973568827
            ],
            [
              6.408018270798184,
              62.450930983423625
            ],
            [
              6.4082098880736345,
              62.450942872718294
            ],
            [
              6.4082355568414275,
              62.45085412040181
            ],
            [
              6.408427173734631,
              62.450866009389884
            ],
            [
              6.4085298448554,
              62.45051099987365
            ],
            [
              6.408338230182992,
              62.45049911106442
            ],
            [
              6.408440900757226,
              62.45014410161272
            ],
            [
              6.408249288478506,
              62.45013221272042
            ],
            [
              6.408326291258702,
              62.449865955690754
            ],
            [
              6.408134680818442,
              62.449854066670675
            ],
            [
              6.408160348621095,
              62.449765314357876
            ],
            [
              6.407968738908952,
              62.44975342512062
            ],
            [
              6.408020075105726,
              62.449575920563
            ],
            [
              6.407828466676837,
              62.44956403115326
            ],
            [
              6.407854135070938,
              62.449475278908444
            ],
            [
              6.407470919842326,
              62.449451499392744
            ],
            [
              6.407496589173761,
              62.4493627472302
            ],
            [
              6.407688196146445,
              62.44937463707428
            ],
            [
              6.407893540130501,
              62.448664619159054
            ],
            [
              6.408085142835133,
              62.448676508383606
            ],
            [
              6.40813647599147,
              62.44849900374393
            ],
            [
              6.408519679699107,
              62.448522781228604
            ],
            [
              6.408545344907664,
              62.448434028808634
            ],
            [
              6.40873694646577,
              62.44844591711345
            ],
            [
              6.408762610946291,
              62.44835716464167
            ],
            [
              6.40952901668749,
              62.44840471506337
            ],
            [
              6.40955467877467,
              62.44831596240563
            ],
            [
              6.410704289242939,
              62.44838727991377
            ],
            [
              6.410678630486435,
              62.44847603283967
            ],
            [
              6.41125343971992,
              62.44851168819247
            ],
            [
              6.4112790968110644,
              62.44842293513249
            ],
            [
              6.411470699679525,
              62.44843481968164
            ],
            [
              6.411522012232959,
              62.4482573134509
            ],
            [
              6.412096818544817,
              62.44829296525896
            ],
            [
              6.412071164019894,
              62.44838171851195
            ],
            [
              6.4124543702023304,
              62.448405485163974
            ],
            [
              6.412403062854424,
              62.4485829918273
            ],
            [
              6.412594667315185,
              62.44859487484985
            ],
            [
              6.412569013937087,
              62.44868362821549
            ],
            [
              6.4127606191258355,
              62.448695511020844
            ],
            [
              6.412683659619873,
              62.44896177120895
            ],
            [
              6.41287526664691,
              62.44897365388646
            ],
            [
              6.412849613687707,
              62.449062407312915
            ],
            [
              6.413232829370644,
              62.44908617197163
            ],
            [
              6.413207177348908,
              62.44917492548032
            ],
            [
              6.413398786004804,
              62.44918680746154
            ],
            [
              6.413296178410084,
              62.44954182160357
            ],
            [
              6.414254235385683,
              62.44960122847478
            ],
            [
              6.414202936103112,
              62.44977873594978
            ],
            [
              6.414394549127124,
              62.44979061662768
            ],
            [
              6.414420198299634,
              62.44970186284906
            ],
            [
              6.41461181094128,
              62.44971374322039
            ],
            [
              6.414688755756262,
              62.449447481707764
            ],
            [
              6.415071978226878,
              62.44947124139672
            ],
            [
              6.415046331238412,
              62.44955999533073
            ],
            [
              6.415621167906002,
              62.44959563303392
            ],
            [
              6.415595522410307,
              62.44968438709482
            ],
            [
              6.415978748829794,
              62.44970814434344
            ],
            [
              6.41590181463712,
              62.44997440675135
            ],
            [
              6.416285045079061,
              62.44999816322038
            ],
            [
              6.416259401113005,
              62.45008691743141
            ],
            [
              6.416834249737539,
              62.450122550304656
            ],
            [
              6.416808607264354,
              62.45021130464255
            ],
            [
              6.417000224373341,
              62.45022318178782
            ],
            [
              6.416948940019078,
              62.45040069053154
            ],
            [
              6.417140558411318,
              62.450412567504216
            ],
            [
              6.41711491653024,
              62.45050132191006
            ],
            [
              6.417498154943565,
              62.450525075159014
            ],
            [
              6.417523795714155,
              62.450436320663854
            ],
            [
              6.418290272393126,
              62.45048382384017
            ],
            [
              6.418264633843528,
              62.45057257851397
            ],
            [
              6.418456254000444,
              62.45058445369792
            ],
            [
              6.418430615833339,
              62.45067320840923
            ],
            [
              6.4188138577759615,
              62.45069695808071
            ],
            [
              6.4187882205466265,
              62.45078571287418
            ],
            [
              6.41859659893367,
              62.450773838124746
            ],
            [
              6.418545322846171,
              62.45095134760103
            ],
            [
              6.418736945569664,
              62.450963222439775
            ],
            [
              6.418685669901665,
              62.451140731976835
            ],
            [
              6.419068918088036,
              62.451164481047186
            ],
            [
              6.419043281105455,
              62.451253235894335
            ],
            [
              6.419234906013063,
              62.45126511008129
            ],
            [
              6.41926054244036,
              62.45117635518947
            ],
            [
              6.419643791663263,
              62.451200102688276
            ],
            [
              6.419618156346543,
              62.45128885766939
            ],
            [
              6.419809781772404,
              62.45130073107057
            ],
            [
              6.4197841468382375,
              62.45138948608918
            ],
            [
              6.420167399318785,
              62.451413232195044
            ],
            [
              6.420141765322468,
              62.451501987295856
            ],
            [
              6.42052501960458,
              62.451525732443294
            ],
            [
              6.420473753314962,
              62.45170324280208
            ],
            [
              6.421240268394467,
              62.451750730310984
            ],
            [
              6.421189005856464,
              62.45192824099848
            ],
            [
              6.421380636168805,
              62.451940112310155
            ],
            [
              6.421355005196052,
              62.45202886768784
            ],
            [
              6.421546636236447,
              62.45204073878223
            ],
            [
              6.4214697439478545,
              62.452307005006446
            ],
            [
              6.421661376826991,
              62.45231887597283
            ],
            [
              6.421610115548341,
              62.452496386842625
            ],
            [
              6.4214184815585025,
              62.45248451578697
            ],
            [
              6.421392850104735,
              62.45257327116654
            ],
            [
              6.421201215732271,
              62.452561399804296
            ],
            [
              6.421149951195829,
              62.45273891045275
            ],
            [
              6.421533222334928,
              62.45276265309389
            ],
            [
              6.421507590918333,
              62.45285140849674
            ],
            [
              6.421890863859082,
              62.45287515017938
            ],
            [
              6.421737078396678,
              62.45340768298247
            ],
            [
              6.421545438507646,
              62.453395812004274
            ],
            [
              6.421519806437291,
              62.453484567401865
            ],
            [
              6.421328166165603,
              62.45347269611706
            ],
            [
              6.421225633935169,
              62.45382771745762
            ],
            [
              6.421033991614625,
              62.45381584573228
            ],
            [
              6.420957088961703,
              62.454082111528905
            ],
            [
              6.420765445147675,
              62.45407023940766
            ],
            [
              6.42071417473776,
              62.45424774981384
            ],
            [
              6.420522529985655,
              62.454235877341354
            ],
            [
              6.420471257773841,
              62.45441338762971
            ],
            [
              6.4208545496725185,
              62.45443713249133
            ],
            [
              6.4208289144183155,
              62.45452588771412
            ],
            [
              6.421403855228364,
              62.4545615031758
            ],
            [
              6.42135258753431,
              62.45473901386787
            ],
            [
              6.421544235927397,
              62.45475088525381
            ],
            [
              6.421492968653207,
              62.45492839600667
            ],
            [
              6.421684618329956,
              62.454940267219925
            ],
            [
              6.421658984989186,
              62.45502902263031
            ],
            [
              6.423192193065776,
              62.45512398326255
            ],
            [
              6.423217821962817,
              62.45503522749502
            ],
            [
              6.423601124598363,
              62.45505896494408
            ],
            [
              6.423575496812276,
              62.45514772080088
            ],
            [
              6.42395880124965,
              62.45517145729132
            ],
            [
              6.423933174401808,
              62.455260213230254
            ],
            [
              6.424508134019666,
              62.45529581613499
            ],
            [
              6.4245337592010525,
              62.45520706006216
            ],
            [
              6.424917065365509,
              62.455230793932834
            ],
            [
              6.4248914412951015,
              62.455319550094934
            ],
            [
              6.425274749261322,
              62.45534328300694
            ],
            [
              6.425300372220745,
              62.455254526755596
            ],
            [
              6.425492025907401,
              62.45526639277401
            ],
            [
              6.425543270197208,
              62.45508888016066
            ],
            [
              6.425734922945559,
              62.45510074582783
            ],
            [
              6.425837407231092,
              62.45474572033716
            ],
            [
              6.426029057930194,
              62.45475758556387
            ],
            [
              6.42605467801442,
              62.45466882912878
            ],
            [
              6.426246328330713,
              62.45468069404889
            ],
            [
              6.426271947686797,
              62.45459193756207
            ],
            [
              6.426846898005213,
              62.45462753061669
            ],
            [
              6.426872515522225,
              62.45453877398889
            ],
            [
              6.427255815486804,
              62.454562501292855
            ],
            [
              6.427281431720231,
              62.45447374456867
            ],
            [
              6.428048031499141,
              62.45452119585448
            ],
            [
              6.42807364533803,
              62.45443243894474
            ],
            [
              6.4282652951588535,
              62.45444430106664
            ],
            [
              6.428290908269647,
              62.45435554410515
            ],
            [
              6.4284825577076115,
              62.45436740592048
            ],
            [
              6.428533782300406,
              62.454189891886955
            ],
            [
              6.42872543080004,
              62.454201753351086
            ],
            [
              6.428776653591467,
              62.45402423919985
            ],
            [
              6.4289683011527785,
              62.454036100312784
            ],
            [
              6.428993911734115,
              62.45394734318191
            ],
            [
              6.429952149352288,
              62.45400664459397
            ],
            [
              6.429977756983721,
              62.453917887232954
            ],
            [
              6.430169404469645,
              62.453929746684835
            ],
            [
              6.430195011373033,
              62.45384098927211
            ],
            [
              6.4303866584760705,
              62.45385284841743
            ],
            [
              6.430412264651421,
              62.453764090952966
            ],
            [
              6.430603911371564,
              62.453775949791726
            ],
            [
              6.430629516818889,
              62.45368719227555
            ],
            [
              6.4308211631561365,
              62.453699050807735
            ],
            [
              6.430846767875446,
              62.453610293239834
            ],
            [
              6.431038413829791,
              62.453622151465446
            ],
            [
              6.4310896216398135,
              62.45344463621917
            ],
            [
              6.432622786598892,
              62.45353949187966
            ],
            [
              6.432648385801429,
              62.4534507338891
            ],
            [
              6.4328400316422405,
              62.45346258962319
            ],
            [
              6.432865630116793,
              62.453373831580954
            ],
            [
              6.433057275574661,
              62.45338568700852
            ],
            [
              6.433082873321243,
              62.45329692891457
            ],
            [
              6.433274518396168,
              62.453308784035556
            ],
            [
              6.433248921205043,
              62.45339754217409
            ],
            [
              6.4345904454477525,
              62.453480520997935
            ],
            [
              6.434564851972413,
              62.45356927944143
            ],
            [
              6.434756499538239,
              62.45358113255582
            ],
            [
              6.43473090644589,
              62.45366989103678
            ],
            [
              6.43492255473968,
              62.45368174393377
            ],
            [
              6.4348969620303285,
              62.453770502452215
            ],
            [
              6.435088611052088,
              62.45378235513179
            ],
            [
              6.435063018725751,
              62.45387111368769
            ],
            [
              6.43525466847548,
              62.45388296614987
            ],
            [
              6.435229076532151,
              62.45397172474326
            ],
            [
              6.43580402848267,
              62.454007280691634
            ],
            [
              6.435778438033374,
              62.454096039411645
            ],
            [
              6.43597008958399,
              62.45410789091505
            ],
            [
              6.435816546599446,
              62.45464044335324
            ],
            [
              6.435624891715718,
              62.45462859158239
            ],
            [
              6.435599300059114,
              62.454717350252636
            ],
            [
              6.435407644792337,
              62.454705498175215
            ],
            [
              6.435382052407715,
              62.4547942567938
            ],
            [
              6.435190396757893,
              62.454782404409826
            ],
            [
              6.435164803645252,
              62.454871162976715
            ],
            [
              6.434973147612381,
              62.45485931028618
            ],
            [
              6.434921959758549,
              62.455036827309456
            ],
            [
              6.434730302787104,
              62.45502497426778
            ],
            [
              6.434576731752326,
              62.455557524899554
            ],
            [
              6.434768392057078,
              62.45556937820872
            ],
            [
              6.4347172014432115,
              62.45574689511828
            ],
            [
              6.434908863031611,
              62.45575874825461
            ],
            [
              6.434883268021486,
              62.455847506743325
            ],
            [
              6.4350749303379615,
              62.455859359662234
            ],
            [
              6.435100524792513,
              62.45577060112895
            ],
            [
              6.435292186725922,
              62.455782453741286
            ],
            [
              6.435266592826945,
              62.45587121231915
            ],
            [
              6.43545825548843,
              62.45588306471406
            ],
            [
              6.435432661972538,
              62.45597182332937
            ],
            [
              6.436199316565759,
              62.4560192304673
            ],
            [
              6.436173725099718,
              62.45610798925382
            ],
            [
              6.4363653897348385,
              62.45611984042785
            ],
            [
              6.436339798651908,
              62.456208599251845
            ],
            [
              6.4365314640151094,
              62.45622045020847
            ],
            [
              6.43637791722896,
              62.456753003270606
            ],
            [
              6.4369529243544825,
              62.45678855537069
            ],
            [
              6.436927334286633,
              62.45687731432323
            ],
            [
              6.437310674343984,
              62.45690101450234
            ],
            [
              6.437285085214917,
              62.456989773536925
            ],
            [
              6.437093414544366,
              62.456977923533806
            ],
            [
              6.437067824687183,
              62.457066682516704
            ],
            [
              6.436876153633473,
              62.45705483220701
            ],
            [
              6.4367993813601,
              62.45732110897934
            ],
            [
              6.4366077088119535,
              62.457309258273895
            ],
            [
              6.436530933319202,
              62.45757553484857
            ],
            [
              6.437297631214601,
              62.45762293663312
            ],
            [
              6.437272041261345,
              62.45771169565541
            ],
            [
              6.437463716722079,
              62.45772354549104
            ],
            [
              6.437438127152006,
              62.457812304550814
            ],
            [
              6.437629803340899,
              62.457824154168996
            ],
            [
              6.437578624794655,
              62.45800167235635
            ],
            [
              6.4373869474944065,
              62.45798982264904
            ],
            [
              6.437335767146854,
              62.45816734071884
            ],
            [
              6.437527445558469,
              62.458179190515324
            ],
            [
              6.437450675410547,
              62.45844546770044
            ],
            [
              6.437642355661741,
              62.45845731736857
            ],
            [
              6.43759117581207,
              62.458634835545624
            ],
            [
              6.437399494449468,
              62.458622985788345
            ],
            [
              6.43732272171414,
              62.45888926286688
            ],
            [
              6.4369393561721635,
              62.45886556229876
            ],
            [
              6.436913763803953,
              62.45895432122159
            ],
            [
              6.436722080736004,
              62.458942470499885
            ],
            [
              6.4366964876395665,
              62.45903122937102
            ],
            [
              6.436504804188418,
              62.459019378342724
            ],
            [
              6.436479210363742,
              62.45910813716216
            ],
            [
              6.436095842867559,
              62.45908443423029
            ],
            [
              6.43604465247775,
              62.45926195166958
            ],
            [
              6.435852967877002,
              62.459250099721416
            ],
            [
              6.435827371867577,
              62.459338858385806
            ],
            [
              6.436019057024052,
              62.459350710378565
            ],
            [
              6.4359934613978265,
              62.45943946908042
            ],
            [
              6.436185147282559,
              62.45945132085572
            ],
            [
              6.4361339566239755,
              62.4596288383273
            ],
            [
              6.436325643792723,
              62.459640689929685
            ],
            [
              6.436300048760375,
              62.459729448699406
            ],
            [
              6.436491736657396,
              62.459741300084346
            ],
            [
              6.4364661420082685,
              62.45983005889153
            ],
            [
              6.436657830633572,
              62.459841910058984
            ],
            [
              6.436606641929246,
              62.46001942774118
            ],
            [
              6.436798331838586,
              62.46003127873576
            ],
            [
              6.436772737783397,
              62.46012003761077
            ],
            [
              6.436964428421032,
              62.46013188838787
            ],
            [
              6.436938834749082,
              62.46022064730035
            ],
            [
              6.437130526115012,
              62.46023249785997
            ],
            [
              6.437002557946267,
              62.4606762925387
            ],
            [
              6.436619169829122,
              62.46065259071165
            ],
            [
              6.436567979130757,
              62.46083010835508
            ],
            [
              6.436376284219408,
              62.4608182569593
            ],
            [
              6.436248301674993,
              62.46126205072062
            ],
            [
              6.435864906811917,
              62.461238346697066
            ],
            [
              6.435788111879763,
              62.461504622601076
            ],
            [
              6.436554908965939,
              62.46155203013489
            ],
            [
              6.43658050522593,
              62.46146327132903
            ],
            [
              6.43715560318486,
              62.46149882409396
            ],
            [
              6.437181197604844,
              62.4614100651472
            ],
            [
              6.438139694874615,
              62.46146931429116
            ],
            [
              6.438165286342923,
              62.46138055511447
            ],
            [
              6.438356985758617,
              62.46139240411245
            ],
            [
              6.438382576498583,
              62.46130364488408
            ],
            [
              6.4387659747358335,
              62.461327342004765
            ],
            [
              6.438791564191644,
              62.46123858268013
            ],
            [
              6.439558360512835,
              62.4612859735984
            ],
            [
              6.439583947572831,
              62.461197214088386
            ],
            [
              6.440159044957357,
              62.46123275439166
            ],
            [
              6.440184630177372,
              62.46114399474088
            ],
            [
              6.440568028184435,
              62.46116768687692
            ],
            [
              6.440542444076084,
              62.46125644661682
            ],
            [
              6.441117544047681,
              62.46129198298903
            ],
            [
              6.441143126488514,
              62.46120322311546
            ],
            [
              6.441909926641645,
              62.46125060109784
            ],
            [
              6.441884346424184,
              62.461339361149655
            ],
            [
              6.442267748647109,
              62.4613630486575
            ],
            [
              6.442242169368909,
              62.46145180879131
            ],
            [
              6.442433871294877,
              62.4614636521967
            ],
            [
              6.442408292400095,
              62.46155241236797
            ],
            [
              6.4425999950543655,
              62.4615642555558
            ],
            [
              6.442574416543016,
              62.461653015764526
            ],
            [
              6.442766119925576,
              62.46166485873483
            ],
            [
              6.44274054179766,
              62.46175361898099
            ],
            [
              6.442932245908523,
              62.46176546173378
            ],
            [
              6.442906668164046,
              62.461854222017436
            ],
            [
              6.4430983730032105,
              62.46186606455266
            ],
            [
              6.44304721810874,
              62.46204358518771
            ],
            [
              6.443238924232097,
              62.46205542754997
            ],
            [
              6.443213347082105,
              62.462144187901394
            ],
            [
              6.443405053933776,
              62.462156030046124
            ],
            [
              6.443379477167254,
              62.46224479043499
            ],
            [
              6.443571184747242,
              62.46225663236217
            ],
            [
              6.44352003180871,
              62.46243415320775
            ],
            [
              6.444095158918613,
              62.46246967768404
            ],
            [
              6.444018433220852,
              62.46273595930003
            ],
            [
              6.44421014427007,
              62.46274780040159
            ],
            [
              6.444184569248572,
              62.46283656097059
            ],
            [
              6.444376281026127,
              62.46284840185459
            ],
            [
              6.444350706388135,
              62.46293716246106
            ],
            [
              6.444734131572345,
              62.46296084353186
            ],
            [
              6.444708557873807,
              62.463049604220316
            ],
            [
              6.445091984859525,
              62.4630732843318
            ],
            [
              6.4450664121004655,
              62.463162045102244
            ],
            [
              6.445449840887682,
              62.46318572425441
            ],
            [
              6.445475412534848,
              62.46309696339491
            ],
            [
              6.445667126631107,
              62.46310880253331
            ],
            [
              6.445692697549946,
              62.463020041622144
            ],
            [
              6.445884411262652,
              62.463031880453904
            ],
            [
              6.445909981453155,
              62.462943119491115
            ],
            [
              6.446293408283825,
              62.46296679627929
            ],
            [
              6.446318977190063,
              62.46287803522034
            ],
            [
              6.447277544503555,
              62.46293722238132
            ],
            [
              6.447303110457705,
              62.46284846109263
            ],
            [
              6.447878251246278,
              62.46288397011042
            ],
            [
              6.447852686959978,
              62.462972731532695
            ],
            [
              6.448427830967519,
              62.46300823832514
            ],
            [
              6.448402268176746,
              62.46309699987388
            ],
            [
              6.448593983746566,
              62.463108834991665
            ],
            [
              6.448568421339417,
              62.46319759657786
            ],
            [
              6.448951854107987,
              62.46322126611618
            ],
            [
              6.4489774154032045,
              62.46313250444095
            ],
            [
              6.449552564180602,
              62.46316800664907
            ],
            [
              6.449578123635584,
              62.46307924483322
            ],
            [
              6.450153272295914,
              62.463114744548825
            ],
            [
              6.450178829910676,
              62.46302598259231
            ],
            [
              6.450753978453821,
              62.4630614798154
            ],
            [
              6.450779534228369,
              62.46297271771827
            ],
            [
              6.451354682654215,
              62.463008212448855
            ],
            [
              6.451380236588556,
              62.46291945021111
            ],
            [
              6.45157195251909,
              62.462931281219255
            ],
            [
              6.451674164309856,
              62.46257623201935
            ],
            [
              6.451865878188795,
              62.462588062587365
            ],
            [
              6.451916981938653,
              62.46241053785589
            ],
            [
              6.451725269171624,
              62.4623987073769
            ],
            [
              6.451776373344349,
              62.462221182706074
            ],
            [
              6.451968084999473,
              62.46223301309605
            ],
            [
              6.452070289054031,
              62.46187796349141
            ],
            [
              6.451878579622663,
              62.46186613327942
            ],
            [
              6.451929681728293,
              62.46168860852357
            ],
            [
              6.452313098539568,
              62.4617122685074
            ],
            [
              6.4523386482221605,
              62.46162350602984
            ],
            [
              6.452530356330243,
              62.46163533558413
            ],
            [
              6.452504807203577,
              62.46172409810619
            ],
            [
              6.453079934229017,
              62.461759585329936
            ],
            [
              6.453028838794572,
              62.461937110619786
            ],
            [
              6.4534122598964405,
              62.46196076763645
            ],
            [
              6.453386713032762,
              62.462049530359735
            ],
            [
              6.453770135935424,
              62.46207318641699
            ],
            [
              6.453744590011418,
              62.4621619492222
            ],
            [
              6.453936302277031,
              62.46217377690217
            ],
            [
              6.45391075673676,
              62.46226253974478
            ],
            [
              6.454294182896563,
              62.46228619440738
            ],
            [
              6.4543197273249175,
              62.462197431475786
            ],
            [
              6.454511440107177,
              62.462209258369434
            ],
            [
              6.454536983807357,
              62.46212049538628
            ],
            [
              6.454920408776574,
              62.462144148298286
            ],
            [
              6.4549714934365054,
              62.46196662213273
            ],
            [
              6.454779781977709,
              62.46195479589676
            ],
            [
              6.454805324605329,
              62.461866032847844
            ],
            [
              6.4546136138746855,
              62.46185420639426
            ],
            [
              6.454639156886056,
              62.46176544338276
            ],
            [
              6.45444744688355,
              62.461753616711555
            ],
            [
              6.454472990278667,
              62.461664853737446
            ],
            [
              6.454089571902146,
              62.46164119969774
            ],
            [
              6.4541406603995,
              62.46146367390627
            ],
            [
              6.454332368389795,
              62.46147550096821
            ],
            [
              6.454357911824241,
              62.46138673801734
            ],
            [
              6.454549619430807,
              62.4613985647727
            ],
            [
              6.4545751621371314,
              62.46130980177026
            ],
            [
              6.454958576754993,
              62.46133345440568
            ],
            [
              6.454933035160525,
              62.46142221749709
            ],
            [
              6.455508160046513,
              62.461457694617934
            ],
            [
              6.455457079676627,
              62.46163522104642
            ],
            [
              6.455648789428197,
              62.461647046318134
            ],
            [
              6.455674329143286,
              62.46155828306295
            ],
            [
              6.456632877703984,
              62.46161740526764
            ],
            [
              6.456607340768627,
              62.461706168745245
            ],
            [
              6.457182473638822,
              62.461741639056264
            ],
            [
              6.457208008906325,
              62.461652875445246
            ],
            [
              6.457399719651408,
              62.46166469831356
            ],
            [
              6.457425254190806,
              62.46157593465098
            ],
            [
              6.457616964552076,
              62.461587757212726
            ],
            [
              6.457668032002557,
              62.46141022977739
            ],
            [
              6.4578597414240635,
              62.461422051988066
            ],
            [
              6.457910807074113,
              62.46124452443549
            ],
            [
              6.457719098764495,
              62.461232702313744
            ],
            [
              6.457770164837909,
              62.461055174821766
            ],
            [
              6.457961872035658,
              62.461066996854576
            ],
            [
              6.457987404258241,
              62.460978233053496
            ],
            [
              6.458179111072181,
              62.46099005477974
            ],
            [
              6.458230173889123,
              62.46081252706741
            ],
            [
              6.458421879763327,
              62.460824348442614
            ],
            [
              6.45847294077996,
              62.460646820613064
            ],
            [
              6.458856350821007,
              62.46067046239928
            ],
            [
              6.45888187995932,
              62.46058169838495
            ],
            [
              6.4590735846820815,
              62.46059351884046
            ],
            [
              6.459124641330582,
              62.460415990701634
            ],
            [
              6.459316345113601,
              62.46042781080611
            ],
            [
              6.4593418726237966,
              62.46033904668164
            ],
            [
              6.459533576022994,
              62.46035086647956
            ],
            [
              6.459661208213172,
              62.45990704552866
            ],
            [
              6.459852909004933,
              62.45991886484218
            ],
            [
              6.459878434370839,
              62.45983010058632
            ],
            [
              6.4600701347787775,
              62.459841919593295
            ],
            [
              6.460095659416717,
              62.45975315528591
            ],
            [
              6.460287359440829,
              62.45976497398634
            ],
            [
              6.460312883350818,
              62.459676209627396
            ],
            [
              6.46069628280344,
              62.459699846153086
            ],
            [
              6.460721805429589,
              62.45961108169819
            ],
            [
              6.461105204458642,
              62.45963471708662
            ],
            [
              6.461130725800962,
              62.45954595253571
            ],
            [
              6.461514124406414,
              62.45956958678689
            ],
            [
              6.461539644464923,
              62.45948082213999
            ],
            [
              6.4617313434698165,
              62.45949263882799
            ],
            [
              6.461756862800395,
              62.459403874129606
            ],
            [
              6.46194856142143,
              62.459415690511065
            ],
            [
              6.46205063479996,
              62.45906063146895
            ],
            [
              6.4622423313694926,
              62.45907244741055
            ],
            [
              6.46226784872821,
              62.458983682587856
            ],
            [
              6.462651241271574,
              62.4590073135959
            ],
            [
              6.462676757346524,
              62.45891854867729
            ],
            [
              6.462868453320349,
              62.45893036374373
            ],
            [
              6.4628939686674265,
              62.45884159877361
            ],
            [
              6.463277360019327,
              62.458865228031364
            ],
            [
              6.463251845783992,
              62.45895399309039
            ],
            [
              6.46363523893561,
              62.45897762138872
            ],
            [
              6.463660752059195,
              62.458888856240804
            ],
            [
              6.464427538202728,
              62.458936109514674
            ],
            [
              6.464453048930822,
              62.45884734418195
            ],
            [
              6.4650281386765345,
              62.45888278125218
            ],
            [
              6.465053647565017,
              62.45879401577907
            ],
            [
              6.46524534393496,
              62.45880582756721
            ],
            [
              6.465270852095612,
              62.45871706204261
            ],
            [
              6.465462548081627,
              62.458728873524244
            ],
            [
              6.465539069864255,
              62.45846257677476
            ],
            [
              6.465730764354594,
              62.458474387861
            ],
            [
              6.465756270715714,
              62.458385622219275
            ],
            [
              6.465947964822124,
              62.458397432999014
            ],
            [
              6.465973470455442,
              62.4583086673058
            ],
            [
              6.466165164177915,
              62.45832047777904
            ],
            [
              6.466190669083437,
              62.458231712034326
            ],
            [
              6.466382362421977,
              62.458243522201045
            ],
            [
              6.466407866599712,
              62.45815475640483
            ],
            [
              6.466791252680835,
              62.4581783758632
            ],
            [
              6.466816755574921,
              62.45808960997108
            ],
            [
              6.467008448317496,
              62.45810141926271
            ],
            [
              6.467033950483807,
              62.45801265331912
            ],
            [
              6.467225642842431,
              62.45802446230425
            ],
            [
              6.467276645547623,
              62.45784693030702
            ],
            [
              6.4674683369664345,
              62.45785873894125
            ],
            [
              6.467493837505329,
              62.4577699728876
            ],
            [
              6.467877219746931,
              62.45779358928097
            ],
            [
              6.467902719002229,
              62.45770482313143
            ],
            [
              6.468669483324653,
              62.45775205259554
            ],
            [
              6.468694980184654,
              62.45766328626129
            ],
            [
              6.468886671139093,
              62.4576750929277
            ],
            [
              6.468912167271367,
              62.45758632654197
            ],
            [
              6.469103857841823,
              62.45759813290191
            ],
            [
              6.4691293532463785,
              62.45750936646471
            ],
            [
              6.469321043432843,
              62.45752117251815
            ],
            [
              6.469346538109693,
              62.45743240602949
            ],
            [
              6.469538227912167,
              62.45744421177643
            ],
            [
              6.469563721861315,
              62.4573554452363
            ],
            [
              6.469755411279788,
              62.457367250676754
            ],
            [
              6.469780904501237,
              62.45727848408517
            ],
            [
              6.469972593535714,
              62.457290289219166
            ],
            [
              6.470049070501495,
              62.457023989268755
            ],
            [
              6.470240758040287,
              62.45703579400745
            ],
            [
              6.470317231792046,
              62.4567694938603
            ],
            [
              6.470508917835175,
              62.45678129820373
            ],
            [
              6.470559898365563,
              62.45660376464818
            ],
            [
              6.470751583468873,
              62.456615568640714
            ],
            [
              6.4707770729205105,
              62.456526801807975
            ],
            [
              6.471160442530929,
              62.456550408918055
            ],
            [
              6.47118593069912,
              62.45646164198943
            ],
            [
              6.471377615206225,
              62.45647344510698
            ],
            [
              6.471428589915551,
              62.45629591113978
            ],
            [
              6.471620273482826,
              62.45630771390645
            ],
            [
              6.47167124639334,
              62.45613017982221
            ],
            [
              6.471862929020789,
              62.45614198223804
            ],
            [
              6.4718884146625495,
              62.45605321514093
            ],
            [
              6.4720800969059775,
              62.4560650172503
            ],
            [
              6.47215655113313,
              62.45579871578351
            ],
            [
              6.472348231880944,
              62.455810517497625
            ],
            [
              6.472399199395227,
              62.455632983062344
            ],
            [
              6.472590879203229,
              62.455644784425616
            ],
            [
              6.472718292204034,
              62.45520094799199
            ],
            [
              6.473101646777493,
              62.455224549488484
            ],
            [
              6.473152608552393,
              62.45504701468807
            ],
            [
              6.473344284985206,
              62.45505881495446
            ],
            [
              6.473369765059259,
              62.45497004749931
            ],
            [
              6.4735614411080515,
              62.45498184745922
            ],
            [
              6.473586920454589,
              62.45489307995265
            ],
            [
              6.473970271955855,
              62.45491667899758
            ],
            [
              6.474072183178559,
              62.45456160854557
            ],
            [
              6.474263856963743,
              62.454573407497435
            ],
            [
              6.474289333784347,
              62.454484639822404
            ],
            [
              6.474481007185496,
              62.45449643846785
            ],
            [
              6.474506483278623,
              62.45440767074139
            ],
            [
              6.4746981562957355,
              62.454419469080406
            ],
            [
              6.474672680758364,
              62.454508236851225
            ],
            [
              6.474864354502942,
              62.45452003497253
            ],
            [
              6.474838879349609,
              62.454608802780704
            ],
            [
              6.4750305538216635,
              62.45462060068435
            ],
            [
              6.475005079052378,
              62.45470936852984
            ],
            [
              6.475388429623131,
              62.454732963639714
            ],
            [
              6.475362955793684,
              62.4548217315669
            ],
            [
              6.475554631892391,
              62.454833528773115
            ],
            [
              6.4755291584470145,
              62.454922296737614
            ],
            [
              6.4757208352731945,
              62.454934093726166
            ],
            [
              6.475695362211896,
              62.45502286172799
            ],
            [
              6.475887039765564,
              62.45503465849885
            ],
            [
              6.475861567088354,
              62.45512342653798
            ],
            [
              6.4760532453695046,
              62.45513522309115
            ],
            [
              6.476027773076381,
              62.455223991167614
            ],
            [
              6.476602810617374,
              62.455259379387876
            ],
            [
              6.476628281243112,
              62.455170611178296
            ],
            [
              6.477394998144815,
              62.45521779162559
            ],
            [
              6.477369529742285,
              62.45530656001262
            ],
            [
              6.47775289033478,
              62.45533014875262
            ],
            [
              6.4777783576256995,
              62.45524138027687
            ],
            [
              6.477970037623634,
              62.4552531742094
            ],
            [
              6.4778936369033095,
              62.45551947974863
            ],
            [
              6.478660365281399,
              62.45556665339043
            ],
            [
              6.478634900254592,
              62.45565542206685
            ],
            [
              6.478826583334077,
              62.45566721486648
            ],
            [
              6.478750188891238,
              62.45593352098654
            ],
            [
              6.478941873809874,
              62.455945313657175
            ],
            [
              6.478967338239967,
              62.45585654491316
            ],
            [
              6.479159022774415,
              62.45586833727736
            ],
            [
              6.479133558900164,
              62.45595710606574
            ],
            [
              6.479516929595667,
              62.4559806900966
            ],
            [
              6.479466003555627,
              62.45615822782961
            ],
            [
              6.479657690272541,
              62.45617001954064
            ],
            [
              6.479632227550917,
              62.45625878844093
            ],
            [
              6.47982391499533,
              62.45627057993423
            ],
            [
              6.479798452657928,
              62.45635934887182
            ],
            [
              6.479990140829838,
              62.4563711401474
            ],
            [
              6.479964678876665,
              62.45645990912231
            ],
            [
              6.480156367776078,
              62.45647170018015
            ],
            [
              6.480130906207145,
              62.45656046919237
            ],
            [
              6.480322595834062,
              62.45657226003249
            ],
            [
              6.480348056847121,
              62.45648349097592
            ],
            [
              6.480731435504089,
              62.456507071781225
            ],
            [
              6.48075689523378,
              62.45641830262889
            ],
            [
              6.481140273465477,
              62.456441882297156
            ],
            [
              6.481114814847544,
              62.45653065153815
            ],
            [
              6.481306504776693,
              62.456542441023494
            ],
            [
              6.481281046543023,
              62.45663121030182
            ],
            [
              6.481472737199672,
              62.45664299956941
            ],
            [
              6.4813709047724455,
              62.45699807678959
            ],
            [
              6.481562597824273,
              62.45700986597249
            ],
            [
              6.481511681692786,
              62.457187404629
            ],
            [
              6.482470155085137,
              62.45724634705556
            ],
            [
              6.482495610457128,
              62.4571575775091
            ],
            [
              6.483070694883967,
              62.45719293968686
            ],
            [
              6.483096148416616,
              62.457104170000335
            ],
            [
              6.484246318567437,
              62.45717488701323
            ],
            [
              6.484271768592988,
              62.45708611705367
            ],
            [
              6.484655158903936,
              62.45710968720585
            ],
            [
              6.4847060562166945,
              62.45693214708821
            ],
            [
              6.486047919925735,
              62.457014633744166
            ],
            [
              6.486073364433333,
              62.45692586336452
            ],
            [
              6.486456754496396,
              62.45694942853296
            ],
            [
              6.486431311100656,
              62.45703819900125
            ],
            [
              6.4871980955086705,
              62.45708532637021
            ],
            [
              6.487172654165156,
              62.45717409700877
            ],
            [
              6.488131141313664,
              62.45723300054425
            ],
            [
              6.488156579877448,
              62.457144229684125
            ],
            [
              6.489115068533333,
              62.457203126445414
            ],
            [
              6.489140504145877,
              62.457114355356715
            ],
            [
              6.489523899696607,
              62.45713791213787
            ],
            [
              6.489498465195974,
              62.457226683315184
            ],
            [
              6.490840358915985,
              62.45730912410297
            ],
            [
              6.490865789524885,
              62.45722035261552
            ],
            [
              6.491057488757534,
              62.45723212877818
            ],
            [
              6.49108291863903,
              62.4571433572394
            ],
            [
              6.491658015697644,
              62.45717868402181
            ],
            [
              6.491708871610582,
              62.45700114065739
            ],
            [
              6.492283966876121,
              62.45703646481505
            ],
            [
              6.492258540673263,
              62.45712523663364
            ],
            [
              6.492833639149336,
              62.457160558565185
            ],
            [
              6.492859063684282,
              62.4570717866137
            ],
            [
              6.49305076296312,
              62.45708356002236
            ],
            [
              6.493076186770705,
              62.456994788019564
            ],
            [
              6.493267885664961,
              62.45700656112183
            ],
            [
              6.493293308745191,
              62.45691778906771
            ],
            [
              6.494060103812104,
              62.45696487867851
            ],
            [
              6.494085524497074,
              62.45687610644021
            ],
            [
              6.4942772231362556,
              62.456887878143334
            ],
            [
              6.494302643093891,
              62.45679910585374
            ],
            [
              6.494686039774384,
              62.45682264838511
            ],
            [
              6.494711458448721,
              62.45673387599992
            ],
            [
              6.494903156490024,
              62.45674564682816
            ],
            [
              6.494928574437042,
              62.45665687439168
            ],
            [
              6.495120272093722,
              62.45666864491353
            ],
            [
              6.495145689313427,
              62.45657987242575
            ],
            [
              6.495529084028879,
              62.45660341259455
            ],
            [
              6.49557991573042,
              62.45642586742076
            ],
            [
              6.495771612233217,
              62.45643763702346
            ],
            [
              6.495822442137519,
              62.45626009173305
            ],
            [
              6.496014137699722,
              62.45627186098509
            ],
            [
              6.496064965806827,
              62.45609431557803
            ],
            [
              6.496256660428441,
              62.456106084479394
            ],
            [
              6.496307486738387,
              62.4559285389557
            ],
            [
              6.496499180419416,
              62.45594030750643
            ],
            [
              6.4966008287598624,
              62.45558521619765
            ],
            [
              6.4977509811006575,
              62.45565582093549
            ],
            [
              6.49772557260813,
              62.4557445940388
            ],
            [
              6.497917265820364,
              62.45575636062201
            ],
            [
              6.497891857712504,
              62.45584513376258
            ],
            [
              6.498275245762695,
              62.455868666231204
            ],
            [
              6.498249838595472,
              62.45595743945324
            ],
            [
              6.498633228442661,
              62.45598097096196
            ],
            [
              6.498607822216082,
              62.456069744265534
            ],
            [
              6.499182909939228,
              62.45610503969554
            ],
            [
              6.499208314497915,
              62.4560162662592
            ],
            [
              6.499975098302456,
              62.456063322985976
            ],
            [
              6.500000500466016,
              62.455974549365614
            ],
            [
              6.500575588449527,
              62.456009839025775
            ],
            [
              6.500550187953882,
              62.45609861277888
            ],
            [
              6.500741884846821,
              62.45611037551895
            ],
            [
              6.50076728478649,
              62.45602160172158
            ],
            [
              6.50210916393927,
              62.45610393325317
            ],
            [
              6.502134559815863,
              62.45601515913908
            ],
            [
              6.502326256966525,
              62.45602691969374
            ],
            [
              6.502300861645911,
              62.45611569385209
            ],
            [
              6.502492559523755,
              62.45612745418888
            ],
            [
              6.502467164587943,
              62.45621622838444
            ],
            [
              6.502658863192968,
              62.45622798850334
            ],
            [
              6.502633468641953,
              62.456316762736144
            ],
            [
              6.503400266997902,
              62.456363800767555
            ],
            [
              6.503374874499708,
              62.456452575170296
            ],
            [
              6.504333379076128,
              62.456511367032995
            ],
            [
              6.504307989186841,
              62.45660014164986
            ],
            [
              6.505266500822363,
              62.45665892718059
            ],
            [
              6.505291887931542,
              62.45657015234257
            ],
            [
              6.506058698096442,
              62.456617175871976
            ],
            [
              6.506084082810379,
              62.45652840085005
            ],
            [
              6.506275785223402,
              62.45654015603285
            ],
            [
              6.506250401065497,
              62.456628931099004
            ],
            [
              6.506633807516969,
              62.456652440766675
            ],
            [
              6.506608424300018,
              62.45674121591424
            ],
            [
              6.507566946203389,
              62.456799985717225
            ],
            [
              6.5075923266401245,
              62.45671121034857
            ],
            [
              6.507975735487101,
              62.45673471634642
            ],
            [
              6.5079503561624605,
              62.45682349180348
            ],
            [
              6.508333766805904,
              62.45684699684121
            ],
            [
              6.5083591450184475,
              62.45675822129571
            ],
            [
              6.508550850040744,
              62.45676997337716
            ],
            [
              6.5085254723842585,
              62.45685874896688
            ],
            [
              6.509292296408457,
              62.45690575484815
            ],
            [
              6.509266920805127,
              62.456994530607716
            ],
            [
              6.509650334955785,
              62.45701803206394
            ],
            [
              6.509396580635142,
              62.45790579015821
            ],
            [
              6.509588293527956,
              62.45791754093517
            ],
            [
              6.509562917711091,
              62.45800631675028
            ],
            [
              6.509754631331079,
              62.4580180673093
            ],
            [
              6.5097292558992566,
              62.458106843161595
            ],
            [
              6.509920970246437,
              62.458118593502654
            ],
            [
              6.509895595199662,
              62.45820736939214
            ],
            [
              6.510087310274029,
              62.458219119515284
            ],
            [
              6.509935059737566,
              62.45875177497039
            ],
            [
              6.509743341326401,
              62.45874002458202
            ],
            [
              6.509717965082078,
              62.45882880042248
            ],
            [
              6.5095262462858505,
              62.458817049727756
            ],
            [
              6.509297847382512,
              62.4596160315787
            ],
            [
              6.509106123751926,
              62.45960428022392
            ],
            [
              6.5089284666854565,
              62.46022570985056
            ],
            [
              6.508736739332665,
              62.460213957924125
            ],
            [
              6.508660596354544,
              62.460480284669224
            ],
            [
              6.509044054568478,
              62.46050378852519
            ],
            [
              6.509018674345952,
              62.46059256418129
            ],
            [
              6.5095938646188864,
              62.46062781813153
            ],
            [
              6.509466969282826,
              62.461071696970144
            ],
            [
              6.509275236239582,
              62.46105994569452
            ],
            [
              6.509199095315814,
              62.46132627278098
            ],
            [
              6.508815626405242,
              62.46130276917789
            ],
            [
              6.508790244642574,
              62.461391544770926
            ],
            [
              6.508023306650088,
              62.46134453424167
            ],
            [
              6.507820228587389,
              62.462054737318695
            ],
            [
              6.507628490067086,
              62.46204298367716
            ],
            [
              6.507603103982759,
              62.46213175898602
            ],
            [
              6.507411365077348,
              62.46212000503806
            ],
            [
              6.507309816803238,
              62.46247510602654
            ],
            [
              6.50711807584388,
              62.46246335163949
            ],
            [
              6.507067299567193,
              62.462640902003194
            ],
            [
              6.507259041639123,
              62.462652656478696
            ],
            [
              6.507233653800295,
              62.46274143169426
            ],
            [
              6.507425396599711,
              62.46275318595177
            ],
            [
              6.5074000091459965,
              62.46284196120456
            ],
            [
              6.507591752672885,
              62.46285371524411
            ],
            [
              6.507540978364529,
              62.463031265817115
            ],
            [
              6.5084997041296795,
              62.46309003252404
            ],
            [
              6.50847431950032,
              62.46317880802114
            ],
            [
              6.508666065723169,
              62.46319056062014
            ],
            [
              6.508640681478969,
              62.463279336154436
            ],
            [
              6.5088324284293115,
              62.46329108853545
            ],
            [
              6.508807044570282,
              62.46337986410695
            ],
            [
              6.508998792248114,
              62.463391616269945
            ],
            [
              6.508973408774259,
              62.46348039187866
            ],
            [
              6.509165157179587,
              62.463492143823686
            ],
            [
              6.509063623797948,
              62.46384724636536
            ],
            [
              6.509255374599823,
              62.46385899822505
            ],
            [
              6.509204607994763,
              62.46403654954224
            ],
            [
              6.509588112337424,
              62.464060052651824
            ],
            [
              6.509511964484349,
              62.464326379840394
            ],
            [
              6.509703718581531,
              62.46433813113451
            ],
            [
              6.509678336177906,
              62.46442690689422
            ],
            [
              6.509870091002623,
              62.46443865797033
            ],
            [
              6.509844708984231,
              62.464527433767245
            ],
            [
              6.51003646453649,
              62.46453918462534
            ],
            [
              6.509985701099013,
              62.4647167362866
            ],
            [
              6.509793944433967,
              62.46470498534007
            ],
            [
              6.5097685619021,
              62.464793761115985
            ],
            [
              6.509193291264748,
              62.46475850657042
            ],
            [
              6.509167906892528,
              62.46484728220668
            ],
            [
              6.508017366901167,
              62.46477676577014
            ],
            [
              6.507991979019408,
              62.46486554113406
            ],
            [
              6.507416709665627,
              62.4648302792431
            ],
            [
              6.507391319943505,
              62.46491905446732
            ],
            [
              6.506816050461427,
              62.46488379008367
            ],
            [
              6.506790658898927,
              62.46497256516818
            ],
            [
              6.506407145654187,
              62.46494905417951
            ],
            [
              6.5064325383294594,
              62.46486027918344
            ],
            [
              6.505665516120258,
              62.464813254236375
            ],
            [
              6.505640121219463,
              62.4649020290555
            ],
            [
              6.505448365538878,
              62.464890272118936
            ],
            [
              6.505372178139888,
              62.46515659640152
            ],
            [
              6.505180420961402,
              62.46514483907002
            ],
            [
              6.505129627393051,
              62.46532238846819
            ],
            [
              6.504937869273041,
              62.465310630785986
            ],
            [
              6.504912471675583,
              62.465399405430325
            ],
            [
              6.504337196673955,
              62.46536413067768
            ],
            [
              6.5043117972360545,
              62.465452905182254
            ],
            [
              6.503928280311879,
              62.46542938728088
            ],
            [
              6.503674265384251,
              62.46631713105594
            ],
            [
              6.5038660293248,
              62.4663288905802
            ],
            [
              6.503789823175574,
              62.46659521370865
            ],
            [
              6.503981588956718,
              62.466606973103424
            ],
            [
              6.50393078511362,
              62.466784521909155
            ],
            [
              6.5041225521789565,
              62.46679628113018
            ],
            [
              6.504071748763572,
              62.46697382999633
            ],
            [
              6.50445528563394,
              62.46699734782866
            ],
            [
              6.504506086823502,
              62.46681979878553
            ],
            [
              6.504889622153205,
              62.46684331539193
            ],
            [
              6.5048642227569795,
              62.466932090005486
            ],
            [
              6.505055991235214,
              62.46694384795956
            ],
            [
              6.505030592224173,
              62.46703262261033
            ],
            [
              6.505605900355934,
              62.46706789503184
            ],
            [
              6.505580502843018,
              62.46715666980834
            ],
            [
              6.505772273119291,
              62.46716842680192
            ],
            [
              6.505721478692598,
              62.467345976422365
            ],
            [
              6.5059132502531005,
              62.467357733242174
            ],
            [
              6.505887853339332,
              62.46744650808613
            ],
            [
              6.506271398087107,
              62.46747002102748
            ],
            [
              6.50624600211505,
              62.46755879595289
            ],
            [
              6.506629548660863,
              62.46758230793371
            ],
            [
              6.506654943519927,
              62.46749353291983
            ],
            [
              6.507997357929151,
              62.46757581628214
            ],
            [
              6.5079719669655995,
              62.46766459160565
            ],
            [
              6.508355516593806,
              62.467688098865885
            ],
            [
              6.508330126572047,
              62.46777687427085
            ],
            [
              6.508138351115818,
              62.467765120727606
            ],
            [
              6.508062178353631,
              62.468031446767675
            ],
            [
              6.509212843676777,
              62.468101964889264
            ],
            [
              6.50913667939112,
              62.46836829166235
            ],
            [
              6.508753120259282,
              62.46834478640552
            ],
            [
              6.508727730708535,
              62.468433561894074
            ],
            [
              6.50891951074539,
              62.46844531469784
            ],
            [
              6.50884334273545,
              62.46871164125413
            ],
            [
              6.509035124613193,
              62.46872339392831
            ],
            [
              6.5089589567319,
              62.468989720554184
            ],
            [
              6.509534308401569,
              62.46902497740112
            ],
            [
              6.509559696196843,
              62.4689362017335
            ],
            [
              6.510326831927127,
              62.468983207014055
            ],
            [
              6.510276060617993,
              62.46916075869605
            ],
            [
              6.511618562529378,
              62.46924300845846
            ],
            [
              6.5116439443734135,
              62.46915423231146
            ],
            [
              6.512027516775579,
              62.469177729794644
            ],
            [
              6.512002136044734,
              62.46926650603009
            ],
            [
              6.5121939230591765,
              62.46927825442247
            ],
            [
              6.512168542713772,
              62.469367030695096
            ],
            [
              6.512552118369369,
              62.469390526781446
            ],
            [
              6.512526738966005,
              62.46947930313549
            ],
            [
              6.512910316419484,
              62.46950279826113
            ],
            [
              6.512961072828593,
              62.469325245369205
            ],
            [
              6.513152860698848,
              62.469336992450174
            ],
            [
              6.513203615310126,
              62.46915943944181
            ],
            [
              6.513970764049725,
              62.46920642478927
            ],
            [
              6.5139961388722165,
              62.469117648097786
            ],
            [
              6.5141879259283515,
              62.469129393734754
            ],
            [
              6.514162551662468,
              62.469218170470434
            ],
            [
              6.514546127401342,
              62.4692416610459
            ],
            [
              6.51447000691661,
              62.46950799147616
            ],
            [
              6.514661796712598,
              62.46951973650306
            ],
            [
              6.514636423432062,
              62.46960851334335
            ],
            [
              6.514828213955803,
              62.46962025815217
            ],
            [
              6.514802841060772,
              62.46970903502965
            ],
            [
              6.514994632312272,
              62.46972077962038
            ],
            [
              6.514969259802761,
              62.46980955653506
            ],
            [
              6.5153528439323996,
              62.46983304501803
            ],
            [
              6.515378215328626,
              62.46974426801496
            ],
            [
              6.515761799029434,
              62.469767755360365
            ],
            [
              6.515787169141275,
              62.469678978261896
            ],
            [
              6.51597896069169,
              62.469690721496974
            ],
            [
              6.515953591136497,
              62.469779498639625
            ],
            [
              6.516145383414664,
              62.469791241656615
            ],
            [
              6.5161200142450255,
              62.469880018836434
            ],
            [
              6.516503600427953,
              62.46990350417189
            ],
            [
              6.516478232200517,
              62.4699922814331
            ],
            [
              6.516670026105279,
              62.47000402375159
            ],
            [
              6.516644658263412,
              62.47009280104997
            ],
            [
              6.516836452895932,
              62.470104543150356
            ],
            [
              6.516811085439636,
              62.47019332048594
            ],
            [
              6.517002880799912,
              62.4702050623682
            ],
            [
              6.516901411490513,
              62.47056017181734
            ],
            [
              6.516709613903529,
              62.47054842975834
            ],
            [
              6.516684245591769,
              62.470637207058935
            ],
            [
              6.516492447619199,
              62.47062546469344
            ],
            [
              6.516390970434362,
              62.47098057364908
            ],
            [
              6.5167745710041505,
              62.4710040584713
            ],
            [
              6.516749202393576,
              62.47109283578109
            ],
            [
              6.5186672210751855,
              62.47121024459546
            ],
            [
              6.518641857860678,
              62.47129902234009
            ],
            [
              6.518833661226492,
              62.471310761823005
            ],
            [
              6.518808298397642,
              62.47139953960483
            ],
            [
              6.519000102491259,
              62.47141127886959
            ],
            [
              6.518974740048076,
              62.4715000566886
            ],
            [
              6.519166544869485,
              62.47151179573523
            ],
            [
              6.519115820583404,
              62.471689351440624
            ],
            [
              6.519691239414469,
              62.471724567271664
            ],
            [
              6.519665878685078,
              62.47181334524641
            ],
            [
              6.520433108414923,
              62.471860296192
            ],
            [
              6.520407749741521,
              62.471949074336436
            ],
            [
              6.520599558158357,
              62.471960811461194
            ],
            [
              6.520548841411952,
              62.47213836781742
            ],
            [
              6.521316081243839,
              62.472185314046605
            ],
            [
              6.521341437475463,
              62.4720965356953
            ],
            [
              6.521916867474846,
              62.47213174248024
            ],
            [
              6.521891512913562,
              62.472220520964015
            ],
            [
              6.522850569116732,
              62.47227919391315
            ],
            [
              6.5228759208940765,
              62.47219041520855
            ],
            [
              6.523451354997619,
              62.472225615697575
            ],
            [
              6.523426004890654,
              62.47231439453465
            ],
            [
              6.525344135250755,
              62.47243171288794
            ],
            [
              6.525318790540885,
              62.47252049215954
            ],
            [
              6.526469680303818,
              62.472590870844215
            ],
            [
              6.526444338763928,
              62.47267965037374
            ],
            [
              6.527403421051218,
              62.472738292283935
            ],
            [
              6.527378082124583,
              62.472827072027165
            ],
            [
              6.527761717349618,
              62.472850527043114
            ],
            [
              6.527736379365764,
              62.472939306867616
            ],
            [
              6.528695473203485,
              62.47299794003708
            ],
            [
              6.528670137832993,
              62.47308672007529
            ],
            [
              6.529053777678088,
              62.4731101715949
            ],
            [
              6.529079111934859,
              62.47302139146844
            ],
            [
              6.529462751349778,
              62.47304484185038
            ],
            [
              6.529488084321937,
              62.472956061628686
            ],
            [
              6.529871723306641,
              62.472979510872975
            ],
            [
              6.529846391448217,
              62.47306829118291
            ],
            [
              6.530230032230141,
              62.47309173946606
            ],
            [
              6.530255362974834,
              62.47300295906785
            ],
            [
              6.5310226443615536,
              62.47304985230937
            ],
            [
              6.531047972707912,
              62.4729610717277
            ],
            [
              6.531623433871256,
              62.47299623877178
            ],
            [
              6.531598107195517,
              62.47308501948583
            ],
            [
              6.531789928481857,
              62.473096741353245
            ],
            [
              6.531815254600712,
              62.47300796059511
            ],
            [
              6.5320070755010065,
              62.473019682156064
            ],
            [
              6.531981749939028,
              62.47310846295833
            ],
            [
              6.5325572153355145,
              62.47314362619943
            ],
            [
              6.532531891273365,
              62.47323240712704
            ],
            [
              6.533874653741972,
              62.473314445815824
            ],
            [
              6.533899973905859,
              62.473225664579445
            ],
            [
              6.534475444426574,
              62.47326081994978
            ],
            [
              6.5345007627489755,
              62.47317203857409
            ],
            [
              6.535651705060041,
              62.47324234196635
            ],
            [
              6.535677019870245,
              62.473153560319076
            ],
            [
              6.535868843629529,
              62.47316527658876
            ],
            [
              6.535894157712061,
              62.47307649489045
            ],
            [
              6.536085981085196,
              62.47308821085365
            ],
            [
              6.536212546152113,
              62.47264430203694
            ],
            [
              6.536404366911513,
              62.47265601751732
            ],
            [
              6.5364296788557725,
              62.47256723568898
            ],
            [
              6.536621499229024,
              62.47257895086291
            ],
            [
              6.536646810445669,
              62.47249016898348
            ],
            [
              6.536838630432768,
              62.47250188385098
            ],
            [
              6.5368639409217915,
              62.4724131019205
            ],
            [
              6.537055760522732,
              62.47242481648155
            ],
            [
              6.537081070284152,
              62.472336034499996
            ],
            [
              6.537848348167579,
              62.472382889944235
            ],
            [
              6.537873655530755,
              62.472294107779376
            ],
            [
              6.538640933917943,
              62.472340958849564
            ],
            [
              6.538666238882874,
              62.472252176501414
            ],
            [
              6.539049877986849,
              62.4722756003742
            ],
            [
              6.539075181667323,
              62.4721868179309
            ],
            [
              6.539458820340254,
              62.47221024066609
            ],
            [
              6.539433517773551,
              62.47229902319756
            ],
            [
              6.540008978733662,
              62.47233415546488
            ],
            [
              6.539983677666981,
              62.47242293812157
            ],
            [
              6.540175498885248,
              62.47243464839669
            ],
            [
              6.540150198204799,
              62.47252343109051
            ],
            [
              6.54053384226713,
              62.47254685094182
            ],
            [
              6.540508542529839,
              62.47263563371681
            ],
            [
              6.541275834929999,
              62.472682470447346
            ],
            [
              6.541301132439639,
              62.47259368749609
            ],
            [
              6.541876601860767,
              62.47262881215695
            ],
            [
              6.541901897529016,
              62.4725400290665
            ],
            [
              6.542477366815068,
              62.47257515123387
            ],
            [
              6.542502660641929,
              62.47248636800429
            ],
            [
              6.5434617767463905,
              62.47254489948223
            ],
            [
              6.543487067618039,
              62.47245611602538
            ],
            [
              6.54387071414019,
              62.47247952669188
            ],
            [
              6.543896003727395,
              62.472390743139954
            ],
            [
              6.544087826687433,
              62.472402448035595
            ],
            [
              6.544062537657154,
              62.472491231631565
            ],
            [
              6.5444461852028315,
              62.47251464072384
            ],
            [
              6.544420897115823,
              62.47260342440096
            ],
            [
              6.544996371384485,
              62.47263853620375
            ],
            [
              6.544945798040376,
              62.47281610380137
            ],
            [
              6.545137624251631,
              62.47282780729899
            ],
            [
              6.54511233788066,
              62.472916591131415
            ],
            [
              6.545687819208684,
              62.47295170018215
            ],
            [
              6.545662534338016,
              62.47304048413975
            ],
            [
              6.545854362345443,
              62.47305218667594
            ],
            [
              6.545829077861173,
              62.47314097067064
            ],
            [
              6.546404564577683,
              62.47317607683709
            ],
            [
              6.546379281593765,
              62.47326486095695
            ],
            [
              6.546571111397346,
              62.47327656253173
            ],
            [
              6.546545828799846,
              62.473365346688695
            ],
            [
              6.547504983160795,
              62.47342385084699
            ],
            [
              6.547530262973385,
              62.47333506646984
            ],
            [
              6.5477220938002,
              62.4733467664703
            ],
            [
              6.547696814544591,
              62.473435550891516
            ],
            [
              6.548080477823764,
              62.47345895019336
            ],
            [
              6.5480551995116185,
              62.47354773469565
            ],
            [
              6.548247031963982,
              62.47355943399705
            ],
            [
              6.548221754038316,
              62.4736482185364
            ],
            [
              6.548413587218198,
              62.473659917619436
            ],
            [
              6.5484388645868625,
              62.473571133036046
            ],
            [
              6.549014363478587,
              62.47360622857868
            ],
            [
              6.548989087780929,
              62.47369501329417
            ],
            [
              6.5491809216428525,
              62.47370671132765
            ],
            [
              6.549155646331695,
              62.47379549608022
            ],
            [
              6.549347480921137,
              62.473807193895325
            ],
            [
              6.549322205996493,
              62.473895978684986
            ],
            [
              6.549514041313445,
              62.47390767628172
            ],
            [
              6.549488766775323,
              62.47399646110844
            ],
            [
              6.549680602819802,
              62.47400815848681
            ],
            [
              6.5496553286682015,
              62.47409694335062
            ],
            [
              6.549847165440197,
              62.47410864051063
            ],
            [
              6.549821891675132,
              62.474197425411475
            ],
            [
              6.550013729174658,
              62.47420912235312
            ],
            [
              6.549887360577083,
              62.47465304697328
            ],
            [
              6.550079201032326,
              62.47466474387264
            ],
            [
              6.550028653513922,
              62.47484231376006
            ],
            [
              6.550220495253784,
              62.47485401048507
            ],
            [
              6.550119400399244,
              62.47520915035258
            ],
            [
              6.55203784945769,
              62.47532610493116
            ],
            [
              6.5520125808886815,
              62.475414890320906
            ],
            [
              6.5527799675137235,
              62.47546166498081
            ],
            [
              6.552754701002663,
              62.47555045053965
            ],
            [
              6.553522092583407,
              62.47559722117693
            ],
            [
              6.553547356866026,
              62.47550843544207
            ],
            [
              6.55412290066988,
              62.47554351053262
            ],
            [
              6.554148163110729,
              62.47545472465876
            ],
            [
              6.554340010829097,
              62.475466415786755
            ],
            [
              6.554365272542408,
              62.475377629861946
            ],
            [
              6.554748967376172,
              62.47540101124269
            ],
            [
              6.554774227804838,
              62.475312225222936
            ],
            [
              6.554966074920233,
              62.47532391547567
            ],
            [
              6.554991334621378,
              62.47523512940496
            ],
            [
              6.55537502824917,
              62.475258509035164
            ],
            [
              6.555349769662245,
              62.475347295193885
            ],
            [
              6.555733465085866,
              62.47537067386242
            ],
            [
              6.555708207442781,
              62.47545946010216
            ],
            [
              6.556091904662225,
              62.475482837809025
            ],
            [
              6.55606664796299,
              62.475571624129834
            ],
            [
              6.556258497385426,
              62.47558331263361
            ],
            [
              6.5562332410729285,
              62.47567209899149
            ],
            [
              6.556425091222882,
              62.47568378727684
            ],
            [
              6.556399835297138,
              62.475772573671755
            ],
            [
              6.557167239829337,
              62.4758193243649
            ],
            [
              6.557141985961779,
              62.47590811092884
            ],
            [
              6.557909395448542,
              62.47595485759909
            ],
            [
              6.557884143639225,
              62.476043644332066
            ],
            [
              6.558267850519095,
              62.47606701618058
            ],
            [
              6.55824259965375,
              62.47615580299457
            ],
            [
              6.560161149845485,
              62.476272646930916
            ],
            [
              6.560135904381542,
              62.476361434177804
            ],
            [
              6.5626300523365595,
              62.4765132926321
            ],
            [
              6.562604813945874,
              62.476602080443676
            ],
            [
              6.563180392309381,
              62.47663711853561
            ],
            [
              6.563155155420072,
              62.476725906472126
            ],
            [
              6.565265628658758,
              62.476854359750874
            ],
            [
              6.565240397728708,
              62.47694314816398
            ],
            [
              6.565432260510897,
              62.47695482420403
            ],
            [
              6.565457490883707,
              62.476866035746944
            ],
            [
              6.566033078579886,
              62.476901062160486
            ],
            [
              6.5660078498788055,
              62.476989850749405
            ],
            [
              6.56619971334187,
              62.47700152573964
            ],
            [
              6.566224941485704,
              62.47691273710675
            ],
            [
              6.566800531224412,
              62.47694776037081
            ],
            [
              6.566825757526294,
              62.47685897159918
            ],
            [
              6.567017620555679,
              62.476870645451676
            ],
            [
              6.567042846130125,
              62.47678185662914
            ],
            [
              6.567234708772457,
              62.47679353017524
            ],
            [
              6.567209483755259,
              62.476882319041714
            ],
            [
              6.5674013471250285,
              62.47689399236929
            ],
            [
              6.567376122494895,
              62.47698278127277
            ],
            [
              6.567951715297069,
              62.4770177998126
            ],
            [
              6.567901268869807,
              62.4771953778624
            ],
            [
              6.568093134592087,
              62.477207050271964
            ],
            [
              6.567941794569611,
              62.47773978451867
            ],
            [
              6.568133663805747,
              62.47775145692941
            ],
            [
              6.568057993168912,
              62.478017824091005
            ],
            [
              6.569017350261781,
              62.478076182866765
            ],
            [
              6.569042571191048,
              62.47798739360013
            ],
            [
              6.56942631410478,
              62.47801073518525
            ],
            [
              6.569401094290134,
              62.47809952453974
            ],
            [
              6.569592966559552,
              62.478111194982525
            ],
            [
              6.569618185816885,
              62.4780224055841
            ],
            [
              6.570193801974137,
              62.4780574152058
            ],
            [
              6.570168584388754,
              62.47814620473602
            ],
            [
              6.570744203749278,
              62.47818121212724
            ],
            [
              6.570718987665717,
              62.47827000178233
            ],
            [
              6.570910861683501,
              62.478281670431706
            ],
            [
              6.570885645987134,
              62.478370460123784
            ],
            [
              6.571077520732384,
              62.47838212855462
            ],
            [
              6.5710523054232235,
              62.478470918283676
            ],
            [
              6.571819808334874,
              62.478517589557875
            ],
            [
              6.571794595084959,
              62.47860637945573
            ],
            [
              6.572753980338946,
              62.478664712862205
            ],
            [
              6.572728769705689,
              62.478753502972715
            ],
            [
              6.5731125261127525,
              62.478776834585744
            ],
            [
              6.573087316424124,
              62.478865624777164
            ],
            [
              6.573279195440174,
              62.478877290233854
            ],
            [
              6.57325398613881,
              62.478966080462286
            ],
            [
              6.5734458658823245,
              62.47897774570042
            ],
            [
              6.573294609846372,
              62.47951048718901
            ],
            [
              6.5734864931043075,
              62.47952215242812
            ],
            [
              6.573461283727028,
              62.479610942695906
            ],
            [
              6.573653167712463,
              62.479622607716436
            ],
            [
              6.573627958722492,
              62.4797113980212
            ],
            [
              6.574011728318464,
              62.47973472736261
            ],
            [
              6.5739865202732135,
              62.47982351774828
            ],
            [
              6.574178405883752,
              62.47983518206915
            ],
            [
              6.574127990397806,
              62.48001276290754
            ],
            [
              6.574319877293278,
              62.48002442705374
            ],
            [
              6.574244254460936,
              62.48029079839115
            ],
            [
              6.574052365893178,
              62.48027913411322
            ],
            [
              6.574027157384772,
              62.48036792450129
            ],
            [
              6.573259602585023,
              62.48032126458886
            ],
            [
              6.573108334583754,
              62.48085400571776
            ],
            [
              6.573300226373184,
              62.48086567135313
            ],
            [
              6.573249803460035,
              62.48104325176187
            ],
            [
              6.57305791055569,
              62.48103158603866
            ],
            [
              6.5730326982864655,
              62.48112037618873
            ],
            [
              6.572840804994785,
              62.481108710159084
            ],
            [
              6.572739951986707,
              62.481463870514396
            ],
            [
              6.573315639061796,
              62.48149886834281
            ],
            [
              6.573290427056872,
              62.4815876585461
            ],
            [
              6.573482323646316,
              62.48159932400778
            ],
            [
              6.5733562638572,
              62.48204327513991
            ],
            [
              6.573164364480285,
              62.48203160945862
            ],
            [
              6.573139151454563,
              62.48212039962035
            ],
            [
              6.573331051388984,
              62.48213206534555
            ],
            [
              6.573280625942136,
              62.48230964573606
            ],
            [
              6.573472527161719,
              62.48232131128657
            ],
            [
              6.5734473147406,
              62.482410101515384
            ],
            [
              6.57383111880521,
              62.482433431916675
            ],
            [
              6.573805907329005,
              62.48252222222639
            ],
            [
              6.573997810174037,
              62.48253388707714
            ],
            [
              6.5739725990852325,
              62.48262267742384
            ],
            [
              6.574164502657924,
              62.482634342055974
            ],
            [
              6.574038447449639,
              62.483078293905216
            ],
            [
              6.574422260680841,
              62.48310162282107
            ],
            [
              6.574397050243903,
              62.483190413257965
            ],
            [
              6.574588957672251,
              62.48320207736601
            ],
            [
              6.574462905723432,
              62.48364602966626
            ],
            [
              6.5746548161097635,
              62.483657693731345
            ],
            [
              6.574629605767187,
              62.483746484214535
            ],
            [
              6.574821516881235,
              62.483758148060986
            ],
            [
              6.574771096800866,
              62.48393572909445
            ],
            [
              6.574963009200223,
              62.483947392766154
            ],
            [
              6.574937799462434,
              62.484036183316405
            ],
            [
              6.575129712589515,
              62.4840478467695
            ],
            [
              6.575079293718761,
              62.48422542793709
            ],
            [
              6.574695465404324,
              62.484202100592704
            ],
            [
              6.574670254598542,
              62.48429089107828
            ],
            [
              6.574478340138914,
              62.484279226968354
            ],
            [
              6.574453128605386,
              62.48436801740309
            ],
            [
              6.5742612137583,
              62.48435635298668
            ],
            [
              6.574236001497019,
              62.484445143370564
            ],
            [
              6.574811748221548,
              62.48448013596385
            ],
            [
              6.574786537462968,
              62.48456892647258
            ],
            [
              6.575362287391594,
              62.48460391683463
            ],
            [
              6.575337078135742,
              62.48469270746818
            ],
            [
              6.575912831268409,
              62.48472769559895
            ],
            [
              6.575887623515328,
              62.48481648635731
            ],
            [
              6.576271460902978,
              62.48483981055284
            ],
            [
              6.576195839968883,
              62.48510618304983
            ],
            [
              6.5763877605908165,
              62.48511784488548
            ],
            [
              6.576186101742596,
              62.485828171590846
            ],
            [
              6.5765699524195105,
              62.48585149517698
            ],
            [
              6.576544745413296,
              62.485940286071845
            ],
            [
              6.576928597886066,
              62.48596360869552
            ],
            [
              6.5769033918251125,
              62.486052399671266
            ],
            [
              6.577095318874363,
              62.486064060633154
            ],
            [
              6.5770701132010005,
              62.48615285164586
            ],
            [
              6.577262040978065,
              62.48616451238908
            ],
            [
              6.577085600405206,
              62.48678604959172
            ],
            [
              6.576893668724143,
              62.486774388541164
            ],
            [
              6.576868461689817,
              62.48686317949851
            ],
            [
              6.576676529621145,
              62.48685151814148
            ],
            [
              6.576651321858968,
              62.48694030904799
            ],
            [
              6.576459389402702,
              62.486928647384445
            ],
            [
              6.576434180912653,
              62.48701743824014
            ],
            [
              6.576242248068792,
              62.48700577627012
            ],
            [
              6.576217038850868,
              62.487094567074976
            ],
            [
              6.576600905824198,
              62.48711789084031
            ],
            [
              6.576525280496032,
              62.48738426347683
            ],
            [
              6.576333345251069,
              62.48737260159372
            ],
            [
              6.5763081359103195,
              62.48746139241481
            ],
            [
              6.576116200277746,
              62.48744973022521
            ],
            [
              6.576090990209098,
              62.48753852099546
            ],
            [
              6.575899054188926,
              62.48752685849936
            ],
            [
              6.575873843392369,
              62.48761564921877
            ],
            [
              6.575681906984596,
              62.48760398641617
            ],
            [
              6.575429784082454,
              62.488491892790435
            ],
            [
              6.575621726067957,
              62.48850355603221
            ],
            [
              6.575520874373455,
              62.488858718563755
            ],
            [
              6.5757128187603255,
              62.48887038171861
            ],
            [
              6.575687605969069,
              62.48895917237809
            ],
            [
              6.576071496368964,
              62.48898249798779
            ],
            [
              6.576046284523154,
              62.48907128872822
            ],
            [
              6.576622123072714,
              62.48910627530497
            ],
            [
              6.576571702217538,
              62.4892838570285
            ],
            [
              6.576763649856708,
              62.489295518783344
            ],
            [
              6.576738439731703,
              62.48938430967865
            ],
            [
              6.576930388098867,
              62.489395971214805
            ],
            [
              6.57690517836154,
              62.48948476214711
            ],
            [
              6.577097127456702,
              62.48949642346457
            ],
            [
              6.577021498897307,
              62.48976279635164
            ],
            [
              6.577213449836167,
              62.489774457538225
            ],
            [
              6.577188240533909,
              62.489863248530625
            ],
            [
              6.57776409604501,
              62.48989823064638
            ],
            [
              6.577738888246178,
              62.489987021763625
            ],
            [
              6.578314746962214,
              62.4900220016475
            ],
            [
              6.578289540666842,
              62.49011079288955
            ],
            [
              6.57944126603984,
              62.49018074582997
            ],
            [
              6.57941606292163,
              62.49026953732848
            ],
            [
              6.581143667484961,
              62.490374449406836
            ],
            [
              6.58116886558212,
              62.49028565751325
            ],
            [
              6.5813608219372925,
              62.4902973130538
            ],
            [
              6.581335624398041,
              62.49038610499129
            ],
            [
              6.5817195387344505,
              62.490409415372284
            ],
            [
              6.581694342140924,
              62.49049820739065
            ],
            [
              6.581886300122152,
              62.49050986223111
            ],
            [
              6.581861103916466,
              62.49059865428644
            ],
            [
              6.582053062625693,
              62.49061030890812
            ],
            [
              6.582027866807851,
              62.490699101000416
            ],
            [
              6.582411785852362,
              62.490722409543665
            ],
            [
              6.582386590980295,
              62.49081120171684
            ],
            [
              6.582578551315581,
              62.49082285563839
            ],
            [
              6.5824525771938776,
              62.49126681661995
            ],
            [
              6.582836503954065,
              62.491290124114
            ],
            [
              6.5828113097354155,
              62.49137891637734
            ],
            [
              6.583963097445205,
              62.491448832819316
            ],
            [
              6.583937906404265,
              62.491537625339035
            ],
            [
              6.584129872175716,
              62.49154927720398
            ],
            [
              6.5840794906996365,
              62.49172686231046
            ],
            [
              6.58427145775708,
              62.49173851400051
            ],
            [
              6.584195885941561,
              62.49200489174001
            ],
            [
              6.584387854843011,
              62.492016543299016
            ],
            [
              6.584362664455738,
              62.492105335908896
            ],
            [
              6.584746603884758,
              62.49212863832676
            ],
            [
              6.5846962248320695,
              62.49230622370131
            ],
            [
              6.584888195917646,
              62.49231787460402
            ],
            [
              6.584863006694252,
              62.4924066673248
            ],
            [
              6.585822867462737,
              62.49246491811775
            ],
            [
              6.585797680859388,
              62.492553711051
            ],
            [
              6.586373601034851,
              62.49258865850643
            ],
            [
              6.586298045226932,
              62.49285503765953
            ],
            [
              6.58649002063289,
              62.492866686417635
            ],
            [
              6.586389279407597,
              62.4932218587005
            ],
            [
              6.586581257215766,
              62.493233507371386
            ],
            [
              6.586530886699115,
              62.49341109355912
            ],
            [
              6.586338907774833,
              62.49339944480047
            ],
            [
              6.586313721703403,
              62.49348823784012
            ],
            [
              6.586121742391075,
              62.49347658877494
            ],
            [
              6.58607136862202,
              62.49365417474571
            ],
            [
              6.585879388363589,
              62.49364252533011
            ],
            [
              6.585854200665937,
              62.49373131826126
            ],
            [
              6.584318360255565,
              62.49363811312915
            ],
            [
              6.584192396893643,
              62.494082075926165
            ],
            [
              6.583808432910963,
              62.49405877157758
            ],
            [
              6.583682459716296,
              62.49450273376294
            ],
            [
              6.583490475189658,
              62.49449108097521
            ],
            [
              6.583440083604976,
              62.494668665713164
            ],
            [
              6.583248098132245,
              62.49465701257498
            ],
            [
              6.583222901526651,
              62.49474580488972
            ],
            [
              6.581879004073902,
              62.49466422526005
            ],
            [
              6.581828602539022,
              62.494841809254304
            ],
            [
              6.5816366167529265,
              62.494830153882965
            ],
            [
              6.581586213421318,
              62.495007737761775
            ],
            [
              6.580242309869322,
              62.49492614219284
            ],
            [
              6.580217104041624,
              62.49501493381452
            ],
            [
              6.579833132013429,
              62.49499161834289
            ],
            [
              6.579858338957316,
              62.494902826808996
            ],
            [
              6.5785144461258485,
              62.49482121469121
            ],
            [
              6.5784892352753745,
              62.49491000591773
            ],
            [
              6.57810526631051,
              62.49488668571788
            ],
            [
              6.5781304782771395,
              62.49479789457917
            ],
            [
              6.5775545277806176,
              62.49476291244105
            ],
            [
              6.577705806051284,
              62.49423016625386
            ],
            [
              6.577321846601342,
              62.49420684404206
            ],
            [
              6.577347060166814,
              62.49411805307448
            ],
            [
              6.576579145541656,
              62.49407140567457
            ],
            [
              6.576604361169059,
              62.49398261487572
            ],
            [
              6.573916689243099,
              62.49381931649544
            ],
            [
              6.573941912512521,
              62.493730526304645
            ],
            [
              6.572790066679523,
              62.4936605257886
            ],
            [
              6.5728152931266495,
              62.49357173585451
            ],
            [
              6.5722393741830345,
              62.49353673218247
            ],
            [
              6.572264602133831,
              62.49344794237326
            ],
            [
              6.572072630051212,
              62.49343627400122
            ],
            [
              6.572123086557846,
              62.49325869444993
            ],
            [
              6.5717391451354255,
              62.49323535709366
            ],
            [
              6.571764374249233,
              62.4931465673955
            ],
            [
              6.571572404351447,
              62.49313489836733
            ],
            [
              6.571622863184064,
              62.492957319038126
            ],
            [
              6.571430894572514,
              62.49294564983521
            ],
            [
              6.571456124291311,
              62.49285686020414
            ],
            [
              6.571264156408022,
              62.49284519078254
            ],
            [
              6.571289386514463,
              62.492756401188515
            ],
            [
              6.570905452374725,
              62.49273306164524
            ],
            [
              6.57093068342674,
              62.492644272132154
            ],
            [
              6.570546751084158,
              62.49262093162622
            ],
            [
              6.570571983081724,
              62.49253214219412
            ],
            [
              6.570380017723852,
              62.49252047159113
            ],
            [
              6.570354785168347,
              62.492609260979314
            ],
            [
              6.570162819422873,
              62.49259759006973
            ],
            [
              6.5701375861391025,
              62.49268637940703
            ],
            [
              6.5691777571771,
              62.49262802069989
            ],
            [
              6.569202993250522,
              62.49253923158239
            ],
            [
              6.568819063974007,
              62.49251588634899
            ],
            [
              6.5688443009929225,
              62.49242709731245
            ],
            [
              6.5682684100295905,
              62.492392077624466
            ],
            [
              6.5682936485519,
              62.492303288712854
            ],
            [
              6.567909723210653,
              62.49227994102898
            ],
            [
              6.567934962678407,
              62.49219115219837
            ],
            [
              6.567167116272013,
              62.49214445385487
            ],
            [
              6.567192357800984,
              62.492055665193206
            ],
            [
              6.566616476458896,
              62.49202063880987
            ],
            [
              6.566641719491154,
              62.49193185027315
            ],
            [
              6.566065841356257,
              62.491896821658116
            ],
            [
              6.566091085891763,
              62.49180803324637
            ],
            [
              6.565515210964122,
              62.49177300239963
            ],
            [
              6.565540457002837,
              62.491684214112865
            ],
            [
              6.564964585282508,
              62.491649181034475
            ],
            [
              6.564989832824403,
              62.49156039287269
            ],
            [
              6.564797876482993,
              62.491548714698624
            ],
            [
              6.56482312441233,
              62.49145992657386
            ],
            [
              6.563863348050948,
              62.4914015319842
            ],
            [
              6.563838097332354,
              62.49149031988908
            ],
            [
              6.563646142013536,
              62.49147864013931
            ],
            [
              6.563620890566657,
              62.49156742799325
            ],
            [
              6.563236979324667,
              62.49154406761792
            ],
            [
              6.563262231887243,
              62.49145527985196
            ],
            [
              6.562878322442759,
              62.491431918514145
            ],
            [
              6.56290357595057,
              62.4913431308292
            ],
            [
              6.562711622041853,
              62.49133144981035
            ],
            [
              6.562686367976205,
              62.4914202374513
            ],
            [
              6.562302459554493,
              62.49139687453783
            ],
            [
              6.562277204202701,
              62.49148566208387
            ],
            [
              6.562085249689713,
              62.49147398018921
            ],
            [
              6.562059993609616,
              62.491562767684314
            ],
            [
              6.5618680387092665,
              62.49155108548304
            ],
            [
              6.561842781900846,
              62.49163987292722
            ],
            [
              6.561266916549163,
              62.49160482461581
            ],
            [
              6.561241657896731,
              62.49169361192106
            ],
            [
              6.561049702562651,
              62.49168192858136
            ],
            [
              6.561074961772921,
              62.4915931413201
            ],
            [
              6.560691052731926,
              62.49156977394089
            ],
            [
              6.560716312887367,
              62.491480986760685
            ],
            [
              6.559564593203569,
              62.491410878584375
            ],
            [
              6.559539329701168,
              62.49149966550056
            ],
            [
              6.558579565198296,
              62.49144123457857
            ],
            [
              6.558554298736258,
              62.4915300212678
            ],
            [
              6.5583623457894875,
              62.49151833425158
            ],
            [
              6.558337078599084,
              62.49160712088984
            ],
            [
              6.558145125265044,
              62.491595433566985
            ],
            [
              6.558119857346264,
              62.491684220154305
            ],
            [
              6.557927903624959,
              62.49167253252484
            ],
            [
              6.557902634977797,
              62.491761319061204
            ],
            [
              6.557710680869223,
              62.491749631125124
            ],
            [
              6.557685411493678,
              62.49183841761053
            ],
            [
              6.557301502672588,
              62.4918150408625
            ],
            [
              6.557276232010818,
              62.49190382725293
            ],
            [
              6.557084277298309,
              62.491892138441
            ],
            [
              6.557109548517903,
              62.49180335209459
            ],
            [
              6.556917594533792,
              62.49179166306406
            ],
            [
              6.556942866140624,
              62.49170287675475
            ],
            [
              6.556558959799789,
              62.4916794979939
            ],
            [
              6.556584232351678,
              62.49159071176564
            ],
            [
              6.556392279994953,
              62.49157902203533
            ],
            [
              6.556417552934062,
              62.491490235844154
            ],
            [
              6.556225601305725,
              62.49147854589526
            ],
            [
              6.5562508746320445,
              62.491389759741175
            ],
            [
              6.556058923732108,
              62.49137806957369
            ],
            [
              6.556084197445638,
              62.491289283456645
            ],
            [
              6.555700297273124,
              62.49126590242196
            ],
            [
              6.555725571931648,
              62.49117711638599
            ],
            [
              6.555533622659079,
              62.49116542551877
            ],
            [
              6.555584172579898,
              62.49098785351406
            ],
            [
              6.555392224593491,
              62.490976162472286
            ],
            [
              6.555417499855786,
              62.490887376503515
            ],
            [
              6.555225552597757,
              62.49087568524316
            ],
            [
              6.555250828247219,
              62.49078689931147
            ],
            [
              6.554866935358502,
              62.49076351609106
            ],
            [
              6.554892211952896,
              62.49067473024046
            ],
            [
              6.554700266322208,
              62.49066303828039
            ],
            [
              6.554725543303758,
              62.49057425246686
            ],
            [
              6.554341653669734,
              62.490550867847
            ],
            [
              6.554366931596177,
              62.4904620821146
            ],
            [
              6.552639441708686,
              62.49035683872335
            ],
            [
              6.552614158762551,
              62.49044562405947
            ],
            [
              6.551270561168694,
              62.49036375307549
            ],
            [
              6.5512958480189445,
              62.49027496804768
            ],
            [
              6.551103906745925,
              62.490263271186535
            ],
            [
              6.551129193983227,
              62.49017448619578
            ],
            [
              6.550745313064661,
              62.49015109177385
            ],
            [
              6.550770601246722,
              62.49006230686421
            ],
            [
              6.5503867221263015,
              62.49003891148007
            ],
            [
              6.550412011253094,
              62.48995012665159
            ],
            [
              6.550220072506618,
              62.489938428609705
            ],
            [
              6.550245362020428,
              62.4898496438183
            ],
            [
              6.550053424002343,
              62.48983794555787
            ],
            [
              6.550078713903161,
              62.48974916080357
            ],
            [
              6.549694839494452,
              62.48972576358313
            ],
            [
              6.549720130339961,
              62.489636978909964
            ],
            [
              6.549144321680187,
              62.489601881242145
            ],
            [
              6.549169614028053,
              62.48951309669418
            ],
            [
              6.548785743557083,
              62.489489697024226
            ],
            [
              6.548811036849597,
              62.489400912557386
            ],
            [
              6.548427168176816,
              62.48937751192528
            ],
            [
              6.548452462413951,
              62.48928872753962
            ],
            [
              6.548068595539369,
              62.489265325945354
            ],
            [
              6.548093890721115,
              62.48917654164082
            ],
            [
              6.547134229310637,
              62.48911803328062
            ],
            [
              6.547108931340617,
              62.48920681736483
            ],
            [
              6.54614927141038,
              62.48914830222027
            ],
            [
              6.54617457216864,
              62.489059518356385
            ],
            [
              6.545214919295563,
              62.489000996868185
            ],
            [
              6.5452402226712465,
              62.488912213217674
            ],
            [
              6.544856363832674,
              62.488888802872644
            ],
            [
              6.54488166815283,
              62.488800019303326
            ],
            [
              6.54449781111263,
              62.488776607996236
            ],
            [
              6.544523116377251,
              62.488687824508084
            ],
            [
              6.5439473337707,
              62.48865270571053
            ],
            [
              6.54397264053737,
              62.48856392234765
            ],
            [
              6.543780713901047,
              62.48855221560078
            ],
            [
              6.543806021054533,
              62.48846343227498
            ],
            [
              6.542846393222956,
              62.48840489482278
            ],
            [
              6.542821083281468,
              62.48849367792816
            ],
            [
              6.541669532174927,
              62.488423424056975
            ],
            [
              6.5416189050883595,
              62.488600989717774
            ],
            [
              6.541426979386662,
              62.48858927973215
            ],
            [
              6.5414016650295235,
              62.48867806250801
            ],
            [
              6.541209738941077,
              62.48866635221576
            ],
            [
              6.541184423855491,
              62.48875513494055
            ],
            [
              6.540800571075956,
              62.488731713480234
            ],
            [
              6.54085120330665,
              62.488554148200045
            ],
            [
              6.540659278288355,
              62.48854243716424
            ],
            [
              6.540633961700844,
              62.48863121976373
            ],
            [
              6.540058185998356,
              62.4885960849488
            ],
            [
              6.540032867567218,
              62.48868486740902
            ],
            [
              6.539840942117203,
              62.48867315523487
            ],
            [
              6.539790303627121,
              62.48885072004621
            ],
            [
              6.5401741569283915,
              62.48887414430836
            ],
            [
              6.540123519985186,
              62.48905170926822
            ],
            [
              6.540315448007338,
              62.489063421093675
            ],
            [
              6.540290129837034,
              62.489152203607226
            ],
            [
              6.540482058587666,
              62.489163915214235
            ],
            [
              6.540456740804101,
              62.48925269776492
            ],
            [
              6.540648670283218,
              62.48926440915347
            ],
            [
              6.540623352886398,
              62.489353191741294
            ],
            [
              6.5408152830940045,
              62.48936490291138
            ],
            [
              6.5407140140285325,
              62.4897200333693
            ],
            [
              6.540905946637531,
              62.48973174445322
            ],
            [
              6.540880629501623,
              62.48982052709438
            ],
            [
              6.54107256283913,
              62.489832237959845
            ],
            [
              6.541047246089998,
              62.48992102063811
            ],
            [
              6.540663378470572,
              62.48989759855644
            ],
            [
              6.54068869633499,
              62.48980881596636
            ],
            [
              6.5403048305143505,
              62.489785392922656
            ],
            [
              6.540279511534649,
              62.48987417542454
            ],
            [
              6.54008757832301,
              62.489862463464746
            ],
            [
              6.540062258614785,
              62.48995124591557
            ],
            [
              6.539870325016394,
              62.48993953364912
            ],
            [
              6.5398450045796315,
              62.49002831604887
            ],
            [
              6.539653070594485,
              62.49001660347578
            ],
            [
              6.53962774942919,
              62.49010538582445
            ],
            [
              6.539435815057297,
              62.49009367294468
            ],
            [
              6.539410493163454,
              62.490182455242284
            ],
            [
              6.539218558404818,
              62.49017074205585
            ],
            [
              6.539117266889767,
              62.49052587100009
            ],
            [
              6.538733393423996,
              62.49050244348672
            ],
            [
              6.53870806900262,
              62.490591225617166
            ],
            [
              6.53851613196846,
              62.49057951142251
            ],
            [
              6.538465481497621,
              62.490757075574216
            ],
            [
              6.538657419647118,
              62.49076878985706
            ],
            [
              6.5386320947129715,
              62.490857571966565
            ],
            [
              6.5388240335910615,
              62.49086928603095
            ],
            [
              6.538798709043672,
              62.49095806817757
            ],
            [
              6.538222891249156,
              62.49092292506437
            ],
            [
              6.538197564857802,
              62.4910117070717
            ],
            [
              6.537621746928703,
              62.490976561463036
            ],
            [
              6.537647074993074,
              62.490887779588036
            ],
            [
              6.537263198343752,
              62.49086434795768
            ],
            [
              6.537288527352504,
              62.490775566163954
            ],
            [
              6.536712715333673,
              62.49074041688153
            ],
            [
              6.5366620537992315,
              62.49091798019733
            ],
            [
              6.536470115686227,
              62.49090626315649
            ],
            [
              6.536394120429295,
              62.49117260794554
            ],
            [
              6.536202180814254,
              62.49116089050977
            ],
            [
              6.5361008491806265,
              62.491516016621
            ],
            [
              6.535908907505859,
              62.49150429874618
            ],
            [
              6.535883573612302,
              62.49159308021244
            ],
            [
              6.535307747940897,
              62.491557924880205
            ],
            [
              6.535282412203286,
              62.49164670620709
            ],
            [
              6.53432270338263,
              62.49158810851471
            ],
            [
              6.53434804190864,
              62.49149932740848
            ],
            [
              6.533964160692856,
              62.4914758865818
            ],
            [
              6.534014839462499,
              62.49129832452489
            ],
            [
              6.533822900226483,
              62.49128660380598
            ],
            [
              6.533797560369508,
              62.4913753847938
            ],
            [
              6.533605620746847,
              62.49136366376819
            ],
            [
              6.533580280161177,
              62.49145244470488
            ],
            [
              6.533388340151889,
              62.49144072337257
            ],
            [
              6.533362998837513,
              62.49152950425815
            ],
            [
              6.533171058441593,
              62.49151778261914
            ],
            [
              6.533120374184375,
              62.49169534428108
            ],
            [
              6.532736491674991,
              62.49167190003883
            ],
            [
              6.532685804502871,
              62.4918494614963
            ],
            [
              6.5321099786756625,
              62.49181429289882
            ],
            [
              6.532059287473228,
              62.49199185406353
            ],
            [
              6.531867344757598,
              62.491980130584274
            ],
            [
              6.531841998342097,
              62.492068911111986
            ],
            [
              6.531650055239862,
              62.49205718732603
            ],
            [
              6.5316247080955945,
              62.492145967802614
            ],
            [
              6.5314327646067545,
              62.49213424370998
            ],
            [
              6.531382068689596,
              62.49231180455391
            ],
            [
              6.531190124256467,
              62.492300080110375
            ],
            [
              6.53116477548356,
              62.49238886047774
            ],
            [
              6.530396997231256,
              62.49234195990132
            ],
            [
              6.530371646056486,
              62.492430740085084
            ],
            [
              6.5297958124908275,
              62.49239556176332
            ],
            [
              6.5297704594718775,
              62.49248434180764
            ],
            [
              6.529578514734539,
              62.49247261513109
            ],
            [
              6.529603868311177,
              62.49238383513093
            ],
            [
              6.528836093303856,
              62.49233692597569
            ],
            [
              6.528861448940086,
              62.492248146145165
            ],
            [
              6.528285621154562,
              62.49221296165427
            ],
            [
              6.52831097829267,
              62.49212418194922
            ],
            [
              6.527927095073387,
              62.49210072439746
            ],
            [
              6.527952453155664,
              62.492011944773765
            ],
            [
              6.526992750890996,
              62.49195329652036
            ],
            [
              6.527018111590389,
              62.49186451711049
            ],
            [
              6.526250355090279,
              62.49181759395839
            ],
            [
              6.52627571784907,
              62.49172881471822
            ],
            [
              6.525124091580265,
              62.49165842237841
            ],
            [
              6.525149457513652,
              62.49156964339633
            ],
            [
              6.524765584575554,
              62.491546177270976
            ],
            [
              6.524790951452982,
              62.49145739837023
            ],
            [
              6.524215145002754,
              62.491422197345635
            ],
            [
              6.524240513381812,
              62.49133341857045
            ],
            [
              6.524048578798439,
              62.49132168441467
            ],
            [
              6.5241246845811345,
              62.491055348179664
            ],
            [
              6.523548886876746,
              62.49102014453468
            ],
            [
              6.523574256801315,
              62.490931365908274
            ],
            [
              6.521654947826038,
              62.49081400380166
            ],
            [
              6.521756448114968,
              62.490458890993516
            ],
            [
              6.520221031107131,
              62.490364983819795
            ],
            [
              6.520246410211607,
              62.490276205953855
            ],
            [
              6.519670633332344,
              62.490240986564565
            ],
            [
              6.519696013938146,
              62.49015220882421
            ],
            [
              6.51566563066214,
              62.489905607871314
            ],
            [
              6.515691022804404,
              62.48981683105243
            ],
            [
              6.515307181833996,
              62.48979333929786
            ],
            [
              6.5153325749198725,
              62.489704562560426
            ],
            [
              6.513797222353243,
              62.48961058539543
            ],
            [
              6.513822619727577,
              62.4895218090048
            ],
            [
              6.512671115846047,
              62.489451315371
            ],
            [
              6.512645715126919,
              62.48954009149622
            ],
            [
              6.512261880756138,
              62.48951659142974
            ],
            [
              6.512236478750662,
              62.48960536745947
            ],
            [
              6.510701143665287,
              62.48951135633936
            ],
            [
              6.510675737028716,
              62.48960013200812
            ],
            [
              6.509524239571147,
              62.48952961237732
            ],
            [
              6.5094988294184075,
              62.48961838777358
            ],
            [
              6.509306913218204,
              62.48960663353875
            ],
            [
              6.509332323928384,
              62.489517858186744
            ],
            [
              6.509140408457104,
              62.48950610373369
            ],
            [
              6.509114997189481,
              62.48959487904143
            ],
            [
              6.508923081332249,
              62.489583124281594
            ],
            [
              6.508897669335683,
              62.48967189953809
            ],
            [
              6.508705753092503,
              62.48966014447149
            ],
            [
              6.508629514401473,
              62.48992647006609
            ],
            [
              6.508437596657441,
              62.48991471460424
            ],
            [
              6.508412182859972,
              62.49000348974413
            ],
            [
              6.5078364289845805,
              62.48996822165073
            ],
            [
              6.507811013343234,
              62.49005699665083
            ],
            [
              6.506083755962521,
              62.48995117779699
            ],
            [
              6.5060583351325905,
              62.49003995239169
            ],
            [
              6.505866417946124,
              62.49002819338448
            ],
            [
              6.5058409963871915,
              62.49011696792787
            ],
            [
              6.505649078814842,
              62.49010520861388
            ],
            [
              6.505623656526899,
              62.49019398310598
            ],
            [
              6.505047903166922,
              62.490158703456174
            ],
            [
              6.505022479035066,
              62.49024747780844
            ],
            [
              6.503103306747169,
              62.490129861470315
            ],
            [
              6.50307787686932,
              62.49021863537275
            ],
            [
              6.502694043356144,
              62.49019510886653
            ],
            [
              6.502668612191813,
              62.49028388267333
            ],
            [
              6.5019009449952545,
              62.49023682633378
            ],
            [
              6.501875511429556,
              62.490325599956435
            ],
            [
              6.501491677746245,
              62.490302070123064
            ],
            [
              6.501440807870193,
              62.49047961717007
            ],
            [
              6.5012488901711425,
              62.490467851771065
            ],
            [
              6.501223454418193,
              62.490556625239755
            ],
            [
              6.500839618420201,
              62.490533093565624
            ],
            [
              6.500814181380721,
              62.49062186693868
            ],
            [
              6.500622263081785,
              62.490610100663574
            ],
            [
              6.500596825313204,
              62.49069887398529
            ],
            [
              6.500021069774113,
              62.490663573452046
            ],
            [
              6.499995630161539,
              62.49075234663383
            ],
            [
              6.499803711434434,
              62.490740579220116
            ],
            [
              6.499778271092733,
              62.4908293523506
            ],
            [
              6.4993944330387095,
              62.49080581664704
            ],
            [
              6.4993689914104396,
              62.490894589681865
            ],
            [
              6.4991770720835325,
              62.490882821392034
            ],
            [
              6.499100744496181,
              62.49114914032143
            ],
            [
              6.498908823668643,
              62.49113737163617
            ],
            [
              6.498883380238662,
              62.49122614455428
            ],
            [
              6.497923775889457,
              62.49116729696889
            ],
            [
              6.497898329500513,
              62.491256069658405
            ],
            [
              6.497706408588403,
              62.4912442993095
            ],
            [
              6.497680961470282,
              62.49133307194766
            ],
            [
              6.497297119046378,
              62.491309530373705
            ],
            [
              6.4972716706416085,
              62.49139830291623
            ],
            [
              6.496120144147203,
              62.49132767162842
            ],
            [
              6.496145595896633,
              62.491238899351835
            ],
            [
              6.4951859979953745,
              62.49118003294816
            ],
            [
              6.495160543458772,
              62.49126880500313
            ],
            [
              6.494776704385873,
              62.49124525651553
            ],
            [
              6.494751248562627,
              62.49133402847475
            ],
            [
              6.494175489569442,
              62.49129870364163
            ],
            [
              6.494150031902103,
              62.49138747546086
            ],
            [
              6.493382353420115,
              62.491340371831036
            ],
            [
              6.493356893351245,
              62.491429143465886
            ],
            [
              6.491629621801881,
              62.49132314454371
            ],
            [
              6.491655086887524,
              62.49123437330794
            ],
            [
              6.491463169243122,
              62.491222594381796
            ],
            [
              6.491437703600069,
              62.49131136557321
            ],
            [
              6.4899023641728055,
              62.49121712435957
            ],
            [
              6.489876893898639,
              62.491305895189136
            ],
            [
              6.48968497668629,
              62.491294113811854
            ],
            [
              6.489634034507467,
              62.49147165536119
            ],
            [
              6.489250198368838,
              62.49144809164175
            ],
            [
              6.489224725906765,
              62.491536862317126
            ],
            [
              6.488840889340942,
              62.49151329745902
            ],
            [
              6.488866362917821,
              62.49142452687236
            ],
            [
              6.488674445450179,
              62.491412744093914
            ],
            [
              6.488648971315894,
              62.49150151463623
            ],
            [
              6.488073218272268,
              62.49146616459291
            ],
            [
              6.488047742293861,
              62.49155493499507
            ],
            [
              6.487855824399103,
              62.49154315107795
            ],
            [
              6.487830347691363,
              62.491631921428706
            ],
            [
              6.487638429411131,
              62.49162013720474
            ],
            [
              6.487663906676274,
              62.491531366898336
            ],
            [
              6.487471989125383,
              62.49151958245625
            ],
            [
              6.487497466775988,
              62.49143081218717
            ],
            [
              6.486729800521421,
              62.49138367197138
            ],
            [
              6.486780759765906,
              62.491206131767065
            ],
            [
              6.486588844746904,
              62.49119434614564
            ],
            [
              6.486614324668601,
              62.49110557607728
            ],
            [
              6.485654754939796,
              62.4910466442548
            ],
            [
              6.485629272231237,
              62.49113541410129
            ],
            [
              6.485245444428741,
              62.491111839446184
            ],
            [
              6.485219960433474,
              62.49120060919686
            ],
            [
              6.4848361322041566,
              62.49117703340307
            ],
            [
              6.484810646922163,
              62.491265803057956
            ],
            [
              6.484618732508114,
              62.491254014722955
            ],
            [
              6.4845932464967655,
              62.491342784326406
            ],
            [
              6.484785161468188,
              62.49135457270577
            ],
            [
              6.484708704074309,
              62.49162088160697
            ],
            [
              6.48451678743075,
              62.491609093094446
            ],
            [
              6.484491300731416,
              62.491697862669696
            ],
            [
              6.484299383702473,
              62.49168607385031
            ],
            [
              6.48427389627375,
              62.49177484337413
            ],
            [
              6.484081978859422,
              62.491763054247876
            ],
            [
              6.484031002371175,
              62.49194059318562
            ],
            [
              6.48383908401408,
              62.491928803708085
            ],
            [
              6.483813594954545,
              62.492017573122
            ],
            [
              6.4834297576416136,
              62.49199399329071
            ],
            [
              6.483404267295266,
              62.49208276260879
            ],
            [
              6.482828510943887,
              62.49204739076004
            ],
            [
              6.482803018753325,
              62.49213615993792
            ],
            [
              6.481267671593783,
              62.49204182310338
            ]
          ]
        ]
      }
    }
  ]
}