{
"type": "FeatureCollection",
"name": "river",
"crs": { "type": "name", "properties": { "name": "urn:ogc:def:crs:EPSG::25833" } },
"features": [
{ "type": "Feature", "properties": { "fid": 1, "Width": 0.977, "Depth": 3.591 }, "geometry": { "type": "LineString", "coordinates": [ [ 67010.0, 6957380.0 ], [ 67000.0, 6957380.0 ], [ 66990.0, 6957380.0 ], [ 66980.0, 6957370.0 ], [ 66970.0, 6957360.0 ], [ 66960.0, 6957360.0 ], [ 66950.0, 6957350.0 ], [ 66940.0, 6957350.0 ], [ 66930.0, 6957340.0 ], [ 66920.0, 6957340.0 ], [ 66910.0, 6957330.0 ], [ 66900.0, 6957320.0 ], [ 66890.0, 6957320.0 ], [ 66880.0, 6957320.0 ], [ 66870.0, 6957310.0 ], [ 66860.0, 6957310.0 ], [ 66850.0, 6957310.0 ], [ 66840.0, 6957300.0 ], [ 66830.0, 6957300.0 ], [ 66820.0, 6957290.0 ], [ 66810.0, 6957280.0 ], [ 66800.0, 6957280.0 ], [ 66790.0, 6957270.0 ], [ 66780.0, 6957260.0 ], [ 66770.0, 6957250.0 ], [ 66760.0, 6957250.0 ], [ 66750.0, 6957240.0 ], [ 66740.0, 6957240.0 ], [ 66730.0, 6957240.0 ], [ 66720.0, 6957240.0 ], [ 66710.0, 6957230.0 ], [ 66700.0, 6957230.0 ], [ 66690.0, 6957230.0 ], [ 66680.0, 6957220.0 ], [ 66670.0, 6957210.0 ], [ 66660.0, 6957200.0 ], [ 66650.0, 6957190.0 ], [ 66640.0, 6957190.0 ], [ 66630.0, 6957180.0 ], [ 66620.0, 6957170.0 ], [ 66610.0, 6957170.0 ], [ 66600.0, 6957160.0 ], [ 66590.0, 6957150.0 ], [ 66580.0, 6957150.0 ], [ 66570.0, 6957150.0 ], [ 66560.0, 6957140.0 ], [ 66550.0, 6957140.0 ], [ 66540.0, 6957130.0 ], [ 66530.0, 6957130.0 ], [ 66520.0, 6957120.0 ], [ 66510.0, 6957120.0 ], [ 66500.0, 6957110.0 ], [ 66490.0, 6957110.0 ], [ 66480.0, 6957110.0 ], [ 66470.0, 6957100.0 ], [ 66460.0, 6957100.0 ], [ 66450.0, 6957100.0 ], [ 66440.0, 6957090.0 ], [ 66430.0, 6957090.0 ], [ 66420.0, 6957080.0 ], [ 66410.0, 6957080.0 ], [ 66400.0, 6957070.0 ], [ 66410.0, 6957060.0 ], [ 66400.0, 6957050.0 ], [ 66390.0, 6957040.0 ], [ 66380.0, 6957030.0 ], [ 66370.0, 6957020.0 ], [ 66360.0, 6957010.0 ], [ 66350.0, 6957000.0 ], [ 66340.0, 6956990.0 ], [ 66330.0, 6956980.0 ], [ 66320.0, 6956980.0 ], [ 66310.0, 6956980.0 ], [ 66300.0, 6956970.0 ], [ 66290.0, 6956960.0 ], [ 66280.0, 6956950.0 ], [ 66270.0, 6956950.0 ], [ 66260.0, 6956940.0 ], [ 66250.0, 6956940.0 ], [ 66240.0, 6956930.0 ], [ 66230.0, 6956920.0 ], [ 66220.0, 6956910.0 ], [ 66210.0, 6956900.0 ], [ 66200.0, 6956890.0 ], [ 66190.0, 6956880.0 ], [ 66180.0, 6956880.0 ], [ 66170.0, 6956880.0 ], [ 66160.0, 6956880.0 ], [ 66150.0, 6956870.0 ], [ 66140.0, 6956870.0 ], [ 66130.0, 6956860.0 ], [ 66120.0, 6956850.0 ], [ 66110.0, 6956840.0 ], [ 66100.0, 6956830.0 ], [ 66090.0, 6956820.0 ], [ 66080.0, 6956810.0 ], [ 66070.0, 6956800.0 ], [ 66060.0, 6956800.0 ], [ 66050.0, 6956800.0 ], [ 66040.0, 6956800.0 ], [ 66030.0, 6956800.0 ], [ 66020.0, 6956810.0 ], [ 66010.0, 6956800.0 ], [ 66000.0, 6956800.0 ], [ 65990.0, 6956790.0 ], [ 65990.0, 6956780.0 ], [ 65980.0, 6956770.0 ], [ 65980.0, 6956760.0 ], [ 65980.0, 6956750.0 ], [ 65980.0, 6956740.0 ], [ 65970.0, 6956730.0 ], [ 65980.0, 6956720.0 ], [ 65980.0, 6956710.0 ], [ 65990.0, 6956700.0 ], [ 65980.0, 6956690.0 ], [ 65980.0, 6956680.0 ], [ 65980.0, 6956670.0 ], [ 65970.0, 6956660.0 ], [ 65960.0, 6956650.0 ], [ 65960.0, 6956640.0 ], [ 65960.0, 6956630.0 ], [ 65950.0, 6956620.0 ], [ 65940.0, 6956620.0 ] ] } },
{ "type": "Feature", "properties": { "fid": 2, "Width": 1.109, "Depth": 1.492 }, "geometry": { "type": "LineString", "coordinates": [ [ 66480.0, 6956640.0 ], [ 66470.0, 6956630.0 ], [ 66460.0, 6956630.0 ], [ 66450.0, 6956620.0 ], [ 66440.0, 6956620.0 ], [ 66430.0, 6956610.0 ], [ 66420.0, 6956610.0 ], [ 66410.0, 6956610.0 ], [ 66400.0, 6956600.0 ], [ 66390.0, 6956590.0 ], [ 66380.0, 6956590.0 ], [ 66370.0, 6956580.0 ], [ 66360.0, 6956580.0 ], [ 66350.0, 6956580.0 ], [ 66340.0, 6956570.0 ], [ 66330.0, 6956560.0 ], [ 66320.0, 6956550.0 ], [ 66310.0, 6956560.0 ], [ 66300.0, 6956560.0 ], [ 66290.0, 6956550.0 ], [ 66280.0, 6956540.0 ], [ 66270.0, 6956550.0 ], [ 66260.0, 6956560.0 ], [ 66250.0, 6956560.0 ], [ 66240.0, 6956560.0 ], [ 66230.0, 6956560.0 ], [ 66220.0, 6956560.0 ], [ 66210.0, 6956560.0 ], [ 66200.0, 6956570.0 ], [ 66190.0, 6956580.0 ], [ 66180.0, 6956580.0 ], [ 66170.0, 6956580.0 ], [ 66160.0, 6956590.0 ], [ 66150.0, 6956590.0 ], [ 66140.0, 6956590.0 ], [ 66130.0, 6956590.0 ], [ 66120.0, 6956590.0 ], [ 66110.0, 6956590.0 ], [ 66100.0, 6956590.0 ], [ 66090.0, 6956590.0 ], [ 66080.0, 6956590.0 ], [ 66070.0, 6956590.0 ], [ 66060.0, 6956590.0 ], [ 66050.0, 6956590.0 ], [ 66040.0, 6956590.0 ], [ 66030.0, 6956590.0 ], [ 66020.0, 6956600.0 ], [ 66010.0, 6956600.0 ], [ 66000.0, 6956600.0 ], [ 65990.0, 6956610.0 ], [ 65980.0, 6956610.0 ], [ 65970.0, 6956610.0 ], [ 65960.0, 6956610.0 ], [ 65950.0, 6956610.0 ], [ 65940.0, 6956620.0 ] ] } },
{ "type": "Feature", "properties": { "fid": 3, "Width": 0.494, "Depth": 4.555 }, "geometry": { "type": "LineString", "coordinates": [ [ 58950.0, 6954950.0 ], [ 58940.0, 6954960.0 ], [ 58930.0, 6954970.0 ], [ 58920.0, 6954970.0 ], [ 58910.0, 6954980.0 ], [ 58900.0, 6954990.0 ], [ 58890.0, 6954990.0 ], [ 58880.0, 6955000.0 ], [ 58870.0, 6955010.0 ], [ 58860.0, 6955020.0 ], [ 58850.0, 6955030.0 ], [ 58840.0, 6955040.0 ], [ 58840.0, 6955050.0 ], [ 58830.0, 6955060.0 ], [ 58820.0, 6955070.0 ], [ 58810.0, 6955080.0 ], [ 58810.0, 6955090.0 ], [ 58800.0, 6955100.0 ], [ 58810.0, 6955110.0 ], [ 58810.0, 6955120.0 ], [ 58810.0, 6955130.0 ], [ 58810.0, 6955140.0 ], [ 58810.0, 6955150.0 ], [ 58820.0, 6955160.0 ], [ 58830.0, 6955170.0 ], [ 58840.0, 6955180.0 ], [ 58850.0, 6955190.0 ], [ 58860.0, 6955200.0 ], [ 58870.0, 6955210.0 ], [ 58880.0, 6955220.0 ], [ 58870.0, 6955230.0 ], [ 58880.0, 6955240.0 ], [ 58890.0, 6955250.0 ], [ 58900.0, 6955260.0 ], [ 58910.0, 6955270.0 ], [ 58920.0, 6955280.0 ], [ 58930.0, 6955290.0 ], [ 58940.0, 6955300.0 ], [ 58950.0, 6955310.0 ], [ 58960.0, 6955320.0 ], [ 58970.0, 6955330.0 ], [ 58980.0, 6955340.0 ], [ 58990.0, 6955350.0 ], [ 59000.0, 6955360.0 ], [ 59010.0, 6955370.0 ], [ 59020.0, 6955380.0 ], [ 59030.0, 6955390.0 ], [ 59040.0, 6955400.0 ], [ 59050.0, 6955410.0 ], [ 59060.0, 6955420.0 ], [ 59060.0, 6955430.0 ], [ 59060.0, 6955440.0 ], [ 59070.0, 6955450.0 ], [ 59080.0, 6955460.0 ], [ 59080.0, 6955470.0 ], [ 59090.0, 6955480.0 ], [ 59080.0, 6955490.0 ], [ 59070.0, 6955500.0 ], [ 59080.0, 6955510.0 ], [ 59080.0, 6955520.0 ], [ 59080.0, 6955530.0 ], [ 59080.0, 6955540.0 ], [ 59080.0, 6955550.0 ], [ 59080.0, 6955560.0 ], [ 59090.0, 6955570.0 ], [ 59100.0, 6955580.0 ], [ 59094.738571196590783, 6955585.26142880320549 ] ] } },
{ "type": "Feature", "properties": { "fid": 4, "Width": 1.93, "Depth": 3.012 }, "geometry": { "type": "LineString", "coordinates": [ [ 65850.0, 6957030.0 ], [ 65850.0, 6957020.0 ], [ 65860.0, 6957010.0 ], [ 65850.0, 6957000.0 ], [ 65850.0, 6956990.0 ], [ 65840.0, 6956980.0 ], [ 65830.0, 6956970.0 ], [ 65820.0, 6956960.0 ], [ 65810.0, 6956950.0 ], [ 65800.0, 6956940.0 ], [ 65790.0, 6956930.0 ], [ 65780.0, 6956920.0 ], [ 65780.0, 6956910.0 ], [ 65790.0, 6956900.0 ], [ 65800.0, 6956890.0 ], [ 65810.0, 6956880.0 ], [ 65820.0, 6956870.0 ], [ 65820.0, 6956860.0 ], [ 65810.0, 6956850.0 ], [ 65800.0, 6956850.0 ], [ 65790.0, 6956840.0 ], [ 65800.0, 6956830.0 ], [ 65790.0, 6956820.0 ], [ 65780.0, 6956810.0 ], [ 65770.0, 6956800.0 ], [ 65760.0, 6956790.0 ], [ 65750.0, 6956790.0 ], [ 65740.0, 6956790.0 ], [ 65730.0, 6956790.0 ], [ 65720.0, 6956790.0 ], [ 65710.0, 6956780.0 ], [ 65700.0, 6956790.0 ], [ 65690.0, 6956800.0 ], [ 65680.0, 6956810.0 ], [ 65670.0, 6956800.0 ], [ 65660.0, 6956790.0 ], [ 65650.0, 6956780.0 ], [ 65640.0, 6956780.0 ], [ 65630.0, 6956780.0 ], [ 65620.0, 6956770.0 ], [ 65610.0, 6956760.0 ], [ 65600.0, 6956760.0 ], [ 65590.0, 6956760.0 ], [ 65580.0, 6956760.0 ], [ 65570.0, 6956750.0 ], [ 65560.0, 6956750.0 ], [ 65550.0, 6956750.0 ], [ 65540.0, 6956750.0 ], [ 65530.0, 6956750.0 ], [ 65520.0, 6956740.0 ], [ 65510.0, 6956730.0 ], [ 65500.0, 6956730.0 ], [ 65490.0, 6956720.0 ], [ 65480.0, 6956720.0 ], [ 65470.0, 6956710.0 ], [ 65460.0, 6956710.0 ], [ 65450.0, 6956710.0 ], [ 65440.0, 6956700.0 ], [ 65440.0, 6956690.0 ], [ 65430.0, 6956680.0 ], [ 65420.0, 6956680.0 ], [ 65410.0, 6956680.0 ], [ 65400.0, 6956670.0 ], [ 65390.0, 6956670.0 ], [ 65380.0, 6956680.0 ], [ 65370.0, 6956680.0 ], [ 65360.0, 6956680.0 ], [ 65350.0, 6956680.0 ], [ 65340.0, 6956680.0 ], [ 65330.0, 6956670.0 ], [ 65320.0, 6956670.0 ], [ 65310.0, 6956660.0 ], [ 65300.0, 6956660.0 ] ] } },
{ "type": "Feature", "properties": { "fid": 5, "Width": 1.823, "Depth": 2.797 }, "geometry": { "type": "LineString", "coordinates": [ [ 65940.0, 6956620.0 ], [ 65930.0, 6956620.0 ], [ 65920.0, 6956620.0 ], [ 65910.0, 6956620.0 ], [ 65900.0, 6956610.0 ], [ 65890.0, 6956610.0 ], [ 65880.0, 6956610.0 ], [ 65870.0, 6956610.0 ], [ 65860.0, 6956610.0 ], [ 65850.0, 6956610.0 ], [ 65840.0, 6956610.0 ], [ 65830.0, 6956610.0 ], [ 65820.0, 6956620.0 ], [ 65810.0, 6956620.0 ], [ 65800.0, 6956620.0 ], [ 65790.0, 6956620.0 ], [ 65780.0, 6956620.0 ], [ 65770.0, 6956620.0 ], [ 65760.0, 6956620.0 ], [ 65750.0, 6956620.0 ], [ 65740.0, 6956620.0 ], [ 65730.0, 6956620.0 ], [ 65720.0, 6956620.0 ], [ 65710.0, 6956620.0 ], [ 65700.0, 6956620.0 ], [ 65690.0, 6956620.0 ], [ 65680.0, 6956620.0 ], [ 65670.0, 6956620.0 ], [ 65660.0, 6956620.0 ], [ 65650.0, 6956610.0 ], [ 65640.0, 6956600.0 ], [ 65630.0, 6956600.0 ], [ 65620.0, 6956590.0 ], [ 65610.0, 6956590.0 ], [ 65600.0, 6956590.0 ], [ 65590.0, 6956600.0 ], [ 65580.0, 6956600.0 ], [ 65570.0, 6956600.0 ] ] } },
{ "type": "Feature", "properties": { "fid": 6, "Width": 1.458, "Depth": 3.343 }, "geometry": { "type": "LineString", "coordinates": [ [ 65570.0, 6956600.0 ], [ 65560.0, 6956600.0 ], [ 65550.0, 6956610.0 ], [ 65540.0, 6956600.0 ], [ 65530.0, 6956600.0 ], [ 65520.0, 6956600.0 ], [ 65510.0, 6956590.0 ], [ 65500.0, 6956580.0 ], [ 65490.0, 6956580.0 ], [ 65480.0, 6956580.0 ], [ 65470.0, 6956570.0 ], [ 65460.0, 6956570.0 ], [ 65450.0, 6956580.0 ], [ 65440.0, 6956580.0 ], [ 65430.0, 6956590.0 ], [ 65420.0, 6956590.0 ], [ 65410.0, 6956590.0 ], [ 65400.0, 6956590.0 ], [ 65390.0, 6956590.0 ], [ 65380.0, 6956600.0 ], [ 65370.0, 6956600.0 ], [ 65360.0, 6956600.0 ], [ 65350.0, 6956610.0 ], [ 65340.0, 6956620.0 ], [ 65330.0, 6956630.0 ], [ 65320.0, 6956640.0 ], [ 65310.0, 6956650.0 ], [ 65300.0, 6956660.0 ] ] } },
{ "type": "Feature", "properties": { "fid": 7, "Width": 1.09, "Depth": 3.499 }, "geometry": { "type": "LineString", "coordinates": [ [ 65220.0, 6956910.0 ], [ 65210.0, 6956900.0 ], [ 65200.0, 6956890.0 ], [ 65190.0, 6956880.0 ], [ 65200.0, 6956870.0 ], [ 65190.0, 6956860.0 ], [ 65180.0, 6956860.0 ], [ 65170.0, 6956850.0 ], [ 65160.0, 6956850.0 ], [ 65150.0, 6956840.0 ], [ 65140.0, 6956830.0 ], [ 65130.0, 6956820.0 ], [ 65120.0, 6956810.0 ], [ 65110.0, 6956820.0 ], [ 65100.0, 6956820.0 ], [ 65090.0, 6956810.0 ], [ 65080.0, 6956800.0 ], [ 65070.0, 6956810.0 ], [ 65060.0, 6956810.0 ], [ 65050.0, 6956800.0 ], [ 65040.0, 6956800.0 ], [ 65030.0, 6956790.0 ], [ 65020.0, 6956780.0 ], [ 65010.0, 6956780.0 ], [ 65000.0, 6956770.0 ], [ 64990.0, 6956760.0 ], [ 64980.0, 6956750.0 ], [ 64970.0, 6956750.0 ], [ 64960.0, 6956750.0 ], [ 64950.0, 6956740.0 ], [ 64940.0, 6956730.0 ], [ 64930.0, 6956720.0 ], [ 64920.0, 6956720.0 ], [ 64910.0, 6956720.0 ], [ 64900.0, 6956720.0 ], [ 64890.0, 6956720.0 ], [ 64880.0, 6956710.0 ], [ 64890.0, 6956700.0 ], [ 64900.0, 6956690.0 ], [ 64910.0, 6956680.0 ], [ 64910.0, 6956670.0 ], [ 64900.0, 6956660.0 ], [ 64910.0, 6956650.0 ], [ 64910.0, 6956640.0 ], [ 64900.0, 6956630.0 ], [ 64900.0, 6956620.0 ], [ 64900.0, 6956610.0 ], [ 64890.0, 6956600.0 ], [ 64880.0, 6956590.0 ], [ 64890.0, 6956580.0 ], [ 64880.0, 6956570.0 ] ] } },
{ "type": "Feature", "properties": { "fid": 8, "Width": 1.746, "Depth": 1.287 }, "geometry": { "type": "LineString", "coordinates": [ [ 65300.0, 6956660.0 ], [ 65290.0, 6956660.0 ], [ 65280.0, 6956660.0 ], [ 65270.0, 6956660.0 ], [ 65260.0, 6956660.0 ], [ 65250.0, 6956660.0 ], [ 65240.0, 6956660.0 ], [ 65230.0, 6956650.0 ], [ 65220.0, 6956650.0 ], [ 65210.0, 6956650.0 ], [ 65200.0, 6956650.0 ], [ 65190.0, 6956640.0 ], [ 65180.0, 6956640.0 ], [ 65170.0, 6956640.0 ], [ 65160.0, 6956640.0 ], [ 65150.0, 6956630.0 ], [ 65140.0, 6956630.0 ], [ 65130.0, 6956630.0 ], [ 65120.0, 6956620.0 ], [ 65110.0, 6956620.0 ], [ 65100.0, 6956620.0 ], [ 65090.0, 6956620.0 ], [ 65080.0, 6956610.0 ], [ 65070.0, 6956610.0 ], [ 65060.0, 6956610.0 ], [ 65050.0, 6956600.0 ], [ 65040.0, 6956600.0 ], [ 65030.0, 6956600.0 ], [ 65020.0, 6956600.0 ], [ 65010.0, 6956600.0 ], [ 65000.0, 6956590.0 ], [ 64990.0, 6956590.0 ], [ 64980.0, 6956580.0 ], [ 64970.0, 6956580.0 ], [ 64960.0, 6956570.0 ], [ 64950.0, 6956570.0 ], [ 64940.0, 6956580.0 ], [ 64930.0, 6956580.0 ], [ 64920.0, 6956570.0 ], [ 64910.0, 6956570.0 ], [ 64900.0, 6956570.0 ], [ 64890.0, 6956570.0 ], [ 64880.0, 6956570.0 ] ] } },
{ "type": "Feature", "properties": { "fid": 9, "Width": 0.305, "Depth": 3.73 }, "geometry": { "type": "LineString", "coordinates": [ [ 64560.0, 6957540.0 ], [ 64560.0, 6957530.0 ], [ 64560.0, 6957520.0 ], [ 64570.0, 6957510.0 ], [ 64570.0, 6957500.0 ], [ 64580.0, 6957490.0 ], [ 64570.0, 6957480.0 ], [ 64570.0, 6957470.0 ], [ 64570.0, 6957460.0 ], [ 64570.0, 6957450.0 ], [ 64580.0, 6957440.0 ], [ 64570.0, 6957430.0 ], [ 64560.0, 6957430.0 ], [ 64550.0, 6957420.0 ], [ 64540.0, 6957420.0 ], [ 64530.0, 6957420.0 ], [ 64520.0, 6957410.0 ], [ 64510.0, 6957400.0 ], [ 64510.0, 6957390.0 ], [ 64500.0, 6957380.0 ], [ 64500.0, 6957370.0 ], [ 64500.0, 6957360.0 ], [ 64510.0, 6957350.0 ], [ 64520.0, 6957340.0 ], [ 64510.0, 6957330.0 ], [ 64510.0, 6957320.0 ], [ 64510.0, 6957310.0 ], [ 64510.0, 6957300.0 ], [ 64500.0, 6957290.0 ], [ 64500.0, 6957280.0 ], [ 64490.0, 6957270.0 ], [ 64490.0, 6957260.0 ], [ 64480.0, 6957250.0 ], [ 64490.0, 6957240.0 ], [ 64480.0, 6957230.0 ], [ 64480.0, 6957220.0 ], [ 64480.0, 6957210.0 ], [ 64480.0, 6957200.0 ], [ 64480.0, 6957190.0 ], [ 64490.0, 6957180.0 ], [ 64490.0, 6957170.0 ], [ 64490.0, 6957160.0 ], [ 64490.0, 6957150.0 ], [ 64480.0, 6957140.0 ], [ 64470.0, 6957130.0 ], [ 64470.0, 6957120.0 ], [ 64460.0, 6957110.0 ], [ 64450.0, 6957100.0 ], [ 64450.0, 6957090.0 ], [ 64460.0, 6957080.0 ], [ 64460.0, 6957070.0 ], [ 64450.0, 6957060.0 ], [ 64450.0, 6957050.0 ], [ 64450.0, 6957040.0 ], [ 64440.0, 6957030.0 ], [ 64430.0, 6957020.0 ], [ 64420.0, 6957010.0 ], [ 64410.0, 6957010.0 ], [ 64400.0, 6957010.0 ], [ 64390.0, 6957000.0 ], [ 64380.0, 6957000.0 ], [ 64370.0, 6956990.0 ], [ 64370.0, 6956980.0 ], [ 64360.0, 6956970.0 ], [ 64370.0, 6956960.0 ], [ 64370.0, 6956950.0 ], [ 64370.0, 6956940.0 ], [ 64370.0, 6956930.0 ], [ 64370.0, 6956920.0 ], [ 64370.0, 6956910.0 ], [ 64370.0, 6956900.0 ], [ 64370.0, 6956890.0 ], [ 64360.0, 6956880.0 ], [ 64360.0, 6956870.0 ], [ 64360.0, 6956860.0 ], [ 64360.0, 6956850.0 ], [ 64350.0, 6956840.0 ], [ 64350.0, 6956830.0 ], [ 64360.0, 6956820.0 ], [ 64360.0, 6956810.0 ], [ 64370.0, 6956800.0 ], [ 64370.0, 6956790.0 ], [ 64370.0, 6956780.0 ], [ 64370.0, 6956770.0 ], [ 64370.0, 6956760.0 ], [ 64360.0, 6956750.0 ], [ 64350.0, 6956740.0 ], [ 64340.0, 6956730.0 ], [ 64330.0, 6956720.0 ], [ 64330.0, 6956710.0 ], [ 64340.0, 6956700.0 ], [ 64340.0, 6956690.0 ], [ 64340.0, 6956680.0 ], [ 64330.0, 6956670.0 ], [ 64320.0, 6956660.0 ], [ 64310.0, 6956650.0 ], [ 64300.0, 6956640.0 ] ] } },
{ "type": "Feature", "properties": { "fid": 10, "Width": 1.591, "Depth": 1.968 }, "geometry": { "type": "LineString", "coordinates": [ [ 59270.0, 6955300.0 ], [ 59270.0, 6955310.0 ], [ 59280.0, 6955320.0 ], [ 59280.0, 6955330.0 ], [ 59290.0, 6955340.0 ], [ 59300.0, 6955350.0 ], [ 59310.0, 6955360.0 ], [ 59300.0, 6955370.0 ], [ 59300.0, 6955380.0 ], [ 59290.0, 6955390.0 ], [ 59290.0, 6955400.0 ], [ 59290.0, 6955410.0 ], [ 59280.0, 6955420.0 ], [ 59270.0, 6955430.0 ], [ 59260.0, 6955440.0 ], [ 59260.0, 6955450.0 ], [ 59260.0, 6955460.0 ], [ 59250.0, 6955470.0 ], [ 59240.0, 6955480.0 ], [ 59230.0, 6955490.0 ], [ 59220.0, 6955500.0 ], [ 59210.0, 6955510.0 ], [ 59200.0, 6955520.0 ], [ 59190.0, 6955530.0 ], [ 59180.0, 6955540.0 ], [ 59170.0, 6955550.0 ], [ 59170.0, 6955560.0 ], [ 59160.0, 6955570.0 ], [ 59150.0, 6955580.0 ], [ 59146.184095066215377, 6955583.815904933959246 ] ] } },
{ "type": "Feature", "properties": { "fid": 11, "Width": 0.293, "Depth": 3.856 }, "geometry": { "type": "LineString", "coordinates": [ [ 64880.0, 6956570.0 ], [ 64870.0, 6956560.0 ], [ 64860.0, 6956560.0 ], [ 64850.0, 6956560.0 ], [ 64840.0, 6956560.0 ], [ 64830.0, 6956570.0 ], [ 64820.0, 6956570.0 ], [ 64810.0, 6956560.0 ], [ 64800.0, 6956560.0 ], [ 64790.0, 6956560.0 ], [ 64780.0, 6956560.0 ], [ 64770.0, 6956560.0 ], [ 64760.0, 6956560.0 ], [ 64750.0, 6956550.0 ], [ 64740.0, 6956550.0 ], [ 64730.0, 6956550.0 ], [ 64720.0, 6956550.0 ], [ 64710.0, 6956540.0 ], [ 64700.0, 6956540.0 ], [ 64690.0, 6956530.0 ], [ 64680.0, 6956520.0 ], [ 64670.0, 6956520.0 ], [ 64660.0, 6956510.0 ], [ 64650.0, 6956500.0 ], [ 64640.0, 6956490.0 ], [ 64630.0, 6956490.0 ], [ 64620.0, 6956480.0 ], [ 64610.0, 6956480.0 ], [ 64600.0, 6956470.0 ], [ 64590.0, 6956470.0 ], [ 64580.0, 6956460.0 ], [ 64570.0, 6956460.0 ], [ 64560.0, 6956460.0 ], [ 64550.0, 6956460.0 ], [ 64540.0, 6956450.0 ], [ 64530.0, 6956440.0 ], [ 64520.0, 6956440.0 ], [ 64510.0, 6956440.0 ], [ 64500.0, 6956450.0 ], [ 64490.0, 6956450.0 ], [ 64480.0, 6956460.0 ], [ 64470.0, 6956460.0 ], [ 64460.0, 6956460.0 ], [ 64450.0, 6956460.0 ], [ 64440.0, 6956470.0 ], [ 64430.0, 6956470.0 ], [ 64420.0, 6956480.0 ], [ 64410.0, 6956480.0 ], [ 64400.0, 6956480.0 ], [ 64390.0, 6956490.0 ], [ 64380.0, 6956490.0 ], [ 64370.0, 6956490.0 ], [ 64360.0, 6956490.0 ], [ 64350.0, 6956490.0 ], [ 64340.0, 6956490.0 ], [ 64330.0, 6956490.0 ], [ 64320.0, 6956490.0 ], [ 64310.0, 6956490.0 ], [ 64300.0, 6956490.0 ], [ 64290.0, 6956490.0 ], [ 64280.0, 6956490.0 ], [ 64270.0, 6956500.0 ], [ 64260.0, 6956500.0 ], [ 64250.0, 6956500.0 ], [ 64240.0, 6956500.0 ], [ 64230.0, 6956510.0 ], [ 64220.0, 6956510.0 ], [ 64210.0, 6956520.0 ], [ 64200.0, 6956520.0 ], [ 64190.0, 6956520.0 ], [ 64180.0, 6956520.0 ], [ 64170.0, 6956510.0 ], [ 64160.0, 6956500.0 ], [ 64150.0, 6956490.0 ], [ 64140.0, 6956490.0 ], [ 64130.0, 6956500.0 ], [ 64120.0, 6956490.0 ], [ 64110.0, 6956490.0 ], [ 64100.0, 6956480.0 ], [ 64090.0, 6956480.0 ] ] } },
{ "type": "Feature", "properties": { "fid": 12, "Width": 1.599, "Depth": 4.29 }, "geometry": { "type": "LineString", "coordinates": [ [ 64600.0, 6956690.0 ], [ 64590.0, 6956680.0 ], [ 64580.0, 6956670.0 ], [ 64570.0, 6956670.0 ], [ 64560.0, 6956660.0 ], [ 64550.0, 6956660.0 ], [ 64540.0, 6956660.0 ], [ 64530.0, 6956660.0 ], [ 64520.0, 6956660.0 ], [ 64510.0, 6956650.0 ], [ 64500.0, 6956660.0 ], [ 64490.0, 6956650.0 ], [ 64480.0, 6956650.0 ], [ 64470.0, 6956650.0 ], [ 64460.0, 6956650.0 ], [ 64450.0, 6956640.0 ], [ 64440.0, 6956640.0 ], [ 64430.0, 6956640.0 ], [ 64420.0, 6956630.0 ], [ 64410.0, 6956630.0 ], [ 64400.0, 6956630.0 ], [ 64390.0, 6956630.0 ], [ 64380.0, 6956630.0 ], [ 64370.0, 6956630.0 ], [ 64360.0, 6956630.0 ], [ 64350.0, 6956630.0 ], [ 64340.0, 6956640.0 ], [ 64330.0, 6956630.0 ], [ 64320.0, 6956630.0 ], [ 64310.0, 6956630.0 ], [ 64300.0, 6956640.0 ] ] } },
{ "type": "Feature", "properties": { "fid": 13, "Width": 0.588, "Depth": 4.216 }, "geometry": { "type": "LineString", "coordinates": [ [ 59890.0, 6955370.0 ], [ 59880.0, 6955380.0 ], [ 59870.0, 6955390.0 ], [ 59860.0, 6955400.0 ], [ 59850.0, 6955410.0 ], [ 59840.0, 6955420.0 ], [ 59830.0, 6955430.0 ], [ 59820.0, 6955440.0 ], [ 59810.0, 6955450.0 ], [ 59800.0, 6955460.0 ], [ 59800.0, 6955470.0 ], [ 59790.0, 6955480.0 ], [ 59780.0, 6955490.0 ], [ 59770.0, 6955500.0 ], [ 59760.0, 6955510.0 ], [ 59750.0, 6955520.0 ], [ 59740.0, 6955530.0 ], [ 59730.0, 6955540.0 ], [ 59720.0, 6955550.0 ], [ 59710.0, 6955560.0 ], [ 59700.0, 6955570.0 ], [ 59700.0, 6955580.0 ], [ 59710.0, 6955590.0 ], [ 59700.0, 6955600.0 ], [ 59710.0, 6955610.0 ], [ 59720.0, 6955620.0 ], [ 59720.0, 6955630.0 ], [ 59730.0, 6955640.0 ], [ 59740.0, 6955650.0 ], [ 59750.0, 6955660.0 ], [ 59760.0, 6955670.0 ], [ 59750.0, 6955680.0 ], [ 59750.0, 6955689.779485785402358 ] ] } },
{ "type": "Feature", "properties": { "fid": 14, "Width": 1.76, "Depth": 3.21 }, "geometry": { "type": "LineString", "coordinates": [ [ 64300.0, 6956640.0 ], [ 64290.0, 6956630.0 ], [ 64280.0, 6956630.0 ], [ 64270.0, 6956640.0 ], [ 64260.0, 6956640.0 ], [ 64250.0, 6956630.0 ], [ 64240.0, 6956620.0 ], [ 64240.0, 6956610.0 ], [ 64230.0, 6956600.0 ], [ 64220.0, 6956590.0 ], [ 64210.0, 6956580.0 ], [ 64200.0, 6956580.0 ], [ 64190.0, 6956570.0 ], [ 64180.0, 6956570.0 ], [ 64170.0, 6956570.0 ], [ 64160.0, 6956570.0 ], [ 64150.0, 6956570.0 ], [ 64140.0, 6956560.0 ], [ 64130.0, 6956560.0 ], [ 64120.0, 6956560.0 ], [ 64110.0, 6956560.0 ], [ 64100.0, 6956550.0 ], [ 64090.0, 6956550.0 ], [ 64080.0, 6956540.0 ], [ 64070.0, 6956540.0 ], [ 64060.0, 6956540.0 ], [ 64050.0, 6956540.0 ], [ 64040.0, 6956550.0 ], [ 64030.0, 6956560.0 ], [ 64020.0, 6956570.0 ] ] } },
{ "type": "Feature", "properties": { "fid": 15, "Width": 1.891, "Depth": 3.081 }, "geometry": { "type": "LineString", "coordinates": [ [ 64060.0, 6956700.0 ], [ 64070.0, 6956690.0 ], [ 64080.0, 6956680.0 ], [ 64070.0, 6956670.0 ], [ 64060.0, 6956670.0 ], [ 64050.0, 6956660.0 ], [ 64040.0, 6956660.0 ], [ 64030.0, 6956660.0 ], [ 64020.0, 6956650.0 ], [ 64010.0, 6956650.0 ], [ 64000.0, 6956640.0 ], [ 64000.0, 6956630.0 ], [ 64010.0, 6956620.0 ], [ 64020.0, 6956610.0 ], [ 64010.0, 6956600.0 ], [ 64010.0, 6956590.0 ], [ 64020.0, 6956580.0 ], [ 64020.0, 6956570.0 ] ] } },
{ "type": "Feature", "properties": { "fid": 16, "Width": 0.34, "Depth": 1.572 }, "geometry": { "type": "LineString", "coordinates": [ [ 62520.0, 6957590.0 ], [ 62530.0, 6957590.0 ], [ 62540.0, 6957600.0 ], [ 62550.0, 6957610.0 ], [ 62560.0, 6957610.0 ], [ 62570.0, 6957610.0 ], [ 62580.0, 6957610.0 ], [ 62590.0, 6957610.0 ], [ 62600.0, 6957620.0 ], [ 62610.0, 6957630.0 ], [ 62620.0, 6957640.0 ], [ 62630.0, 6957650.0 ], [ 62640.0, 6957660.0 ], [ 62650.0, 6957670.0 ], [ 62660.0, 6957680.0 ], [ 62670.0, 6957690.0 ], [ 62680.0, 6957680.0 ], [ 62690.0, 6957670.0 ], [ 62700.0, 6957660.0 ], [ 62710.0, 6957660.0 ], [ 62720.0, 6957660.0 ], [ 62730.0, 6957650.0 ], [ 62740.0, 6957650.0 ], [ 62750.0, 6957640.0 ], [ 62760.0, 6957640.0 ], [ 62770.0, 6957640.0 ], [ 62780.0, 6957640.0 ], [ 62790.0, 6957630.0 ], [ 62800.0, 6957630.0 ], [ 62810.0, 6957630.0 ], [ 62820.0, 6957620.0 ], [ 62830.0, 6957620.0 ], [ 62840.0, 6957610.0 ], [ 62850.0, 6957620.0 ], [ 62860.0, 6957620.0 ], [ 62870.0, 6957620.0 ], [ 62880.0, 6957620.0 ], [ 62890.0, 6957610.0 ], [ 62900.0, 6957600.0 ], [ 62910.0, 6957590.0 ], [ 62920.0, 6957580.0 ], [ 62930.0, 6957570.0 ], [ 62940.0, 6957560.0 ], [ 62950.0, 6957550.0 ], [ 62960.0, 6957540.0 ], [ 62970.0, 6957530.0 ], [ 62960.0, 6957520.0 ], [ 62970.0, 6957510.0 ], [ 62970.0, 6957500.0 ], [ 62970.0, 6957490.0 ], [ 62970.0, 6957480.0 ], [ 62970.0, 6957470.0 ], [ 62980.0, 6957460.0 ], [ 62980.0, 6957450.0 ], [ 62980.0, 6957440.0 ], [ 62970.0, 6957430.0 ], [ 62960.0, 6957420.0 ], [ 62960.0, 6957410.0 ], [ 62970.0, 6957400.0 ], [ 62970.0, 6957390.0 ], [ 62970.0, 6957380.0 ], [ 62970.0, 6957370.0 ], [ 62960.0, 6957360.0 ], [ 62970.0, 6957350.0 ], [ 62980.0, 6957350.0 ], [ 62990.0, 6957340.0 ], [ 63000.0, 6957330.0 ], [ 63010.0, 6957320.0 ], [ 63010.0, 6957310.0 ], [ 63020.0, 6957300.0 ], [ 63030.0, 6957290.0 ], [ 63040.0, 6957280.0 ], [ 63050.0, 6957270.0 ], [ 63060.0, 6957260.0 ], [ 63060.0, 6957250.0 ], [ 63070.0, 6957240.0 ], [ 63080.0, 6957240.0 ], [ 63090.0, 6957230.0 ], [ 63080.0, 6957220.0 ], [ 63090.0, 6957210.0 ], [ 63100.0, 6957200.0 ], [ 63110.0, 6957190.0 ], [ 63120.0, 6957180.0 ], [ 63120.0, 6957170.0 ], [ 63130.0, 6957160.0 ], [ 63130.0, 6957150.0 ], [ 63130.0, 6957140.0 ], [ 63120.0, 6957130.0 ] ] } },
{ "type": "Feature", "properties": { "fid": 17, "Width": 0.952, "Depth": 4.101 }, "geometry": { "type": "LineString", "coordinates": [ [ 64090.0, 6956480.0 ], [ 64080.0, 6956480.0 ], [ 64070.0, 6956490.0 ], [ 64060.0, 6956490.0 ], [ 64050.0, 6956490.0 ], [ 64040.0, 6956490.0 ], [ 64030.0, 6956490.0 ], [ 64020.0, 6956500.0 ], [ 64010.0, 6956510.0 ], [ 64000.0, 6956520.0 ], [ 63990.0, 6956530.0 ], [ 63980.0, 6956540.0 ], [ 63970.0, 6956550.0 ] ] } },
{ "type": "Feature", "properties": { "fid": 18, "Width": 1.963, "Depth": 2.086 }, "geometry": { "type": "LineString", "coordinates": [ [ 60910.0, 6955070.0 ], [ 60900.0, 6955070.0 ], [ 60890.0, 6955080.0 ], [ 60880.0, 6955090.0 ], [ 60880.0, 6955100.0 ], [ 60870.0, 6955110.0 ], [ 60860.0, 6955120.0 ], [ 60860.0, 6955130.0 ], [ 60850.0, 6955140.0 ], [ 60840.0, 6955150.0 ], [ 60830.0, 6955150.0 ], [ 60820.0, 6955160.0 ], [ 60810.0, 6955170.0 ], [ 60800.0, 6955180.0 ], [ 60790.0, 6955190.0 ], [ 60780.0, 6955200.0 ], [ 60770.0, 6955210.0 ], [ 60760.0, 6955220.0 ], [ 60750.0, 6955220.0 ], [ 60740.0, 6955230.0 ], [ 60730.0, 6955230.0 ], [ 60720.0, 6955240.0 ], [ 60710.0, 6955250.0 ], [ 60700.0, 6955260.0 ], [ 60690.0, 6955270.0 ], [ 60690.0, 6955280.0 ], [ 60690.0, 6955290.0 ], [ 60680.0, 6955300.0 ], [ 60670.0, 6955310.0 ], [ 60660.0, 6955320.0 ], [ 60650.0, 6955330.0 ], [ 60640.0, 6955340.0 ], [ 60630.0, 6955340.0 ], [ 60620.0, 6955350.0 ], [ 60610.0, 6955360.0 ], [ 60600.0, 6955360.0 ], [ 60590.0, 6955370.0 ], [ 60580.0, 6955380.0 ], [ 60580.0, 6955390.0 ], [ 60570.0, 6955400.0 ], [ 60560.0, 6955410.0 ], [ 60560.0, 6955420.0 ], [ 60550.0, 6955430.0 ], [ 60550.0, 6955440.0 ], [ 60540.0, 6955450.0 ], [ 60530.0, 6955460.0 ], [ 60520.0, 6955470.0 ], [ 60510.0, 6955480.0 ], [ 60500.0, 6955490.0 ], [ 60490.0, 6955500.0 ], [ 60480.0, 6955510.0 ], [ 60470.0, 6955520.0 ], [ 60460.0, 6955520.0 ], [ 60450.0, 6955530.0 ], [ 60440.0, 6955540.0 ], [ 60430.0, 6955550.0 ], [ 60420.0, 6955560.0 ], [ 60410.0, 6955570.0 ], [ 60410.0, 6955580.0 ], [ 60400.0, 6955590.0 ], [ 60410.0, 6955600.0 ], [ 60410.0, 6955610.0 ], [ 60410.0, 6955620.0 ], [ 60410.0, 6955630.0 ], [ 60400.0, 6955640.0 ], [ 60400.0, 6955650.0 ], [ 60400.0, 6955660.0 ], [ 60390.0, 6955670.0 ], [ 60380.0, 6955680.0 ], [ 60370.0, 6955690.0 ], [ 60360.0, 6955700.0 ], [ 60350.0, 6955710.0 ], [ 60340.0, 6955720.0 ], [ 60330.0, 6955730.0 ], [ 60325.173174596267927, 6955734.826825403608382 ] ] } },
{ "type": "Feature", "properties": { "fid": 19, "Width": 0.993, "Depth": 2.987 }, "geometry": { "type": "LineString", "coordinates": [ [ 63940.0, 6956830.0 ], [ 63950.0, 6956820.0 ], [ 63960.0, 6956810.0 ], [ 63950.0, 6956800.0 ], [ 63950.0, 6956790.0 ], [ 63940.0, 6956780.0 ], [ 63930.0, 6956770.0 ], [ 63920.0, 6956760.0 ], [ 63910.0, 6956750.0 ], [ 63910.0, 6956740.0 ], [ 63920.0, 6956730.0 ], [ 63930.0, 6956730.0 ], [ 63940.0, 6956720.0 ], [ 63930.0, 6956710.0 ], [ 63920.0, 6956710.0 ], [ 63910.0, 6956710.0 ], [ 63900.0, 6956710.0 ], [ 63890.0, 6956710.0 ], [ 63880.0, 6956710.0 ], [ 63870.0, 6956710.0 ], [ 63860.0, 6956720.0 ], [ 63850.0, 6956720.0 ], [ 63840.0, 6956720.0 ], [ 63830.0, 6956720.0 ], [ 63820.0, 6956720.0 ], [ 63810.0, 6956720.0 ], [ 63800.0, 6956720.0 ], [ 63790.0, 6956720.0 ], [ 63780.0, 6956720.0 ], [ 63770.0, 6956720.0 ], [ 63760.0, 6956720.0 ], [ 63750.0, 6956720.0 ], [ 63740.0, 6956710.0 ], [ 63730.0, 6956710.0 ], [ 63720.0, 6956710.0 ], [ 63710.0, 6956710.0 ], [ 63700.0, 6956710.0 ], [ 63690.0, 6956710.0 ], [ 63680.0, 6956710.0 ], [ 63670.0, 6956710.0 ], [ 63660.0, 6956700.0 ], [ 63650.0, 6956710.0 ], [ 63640.0, 6956710.0 ], [ 63630.0, 6956710.0 ], [ 63620.0, 6956710.0 ], [ 63610.0, 6956710.0 ], [ 63600.0, 6956710.0 ], [ 63590.0, 6956710.0 ], [ 63580.0, 6956700.0 ], [ 63570.0, 6956690.0 ], [ 63560.0, 6956690.0 ], [ 63550.0, 6956690.0 ], [ 63540.0, 6956700.0 ], [ 63530.0, 6956700.0 ], [ 63520.0, 6956700.0 ], [ 63510.0, 6956710.0 ], [ 63500.0, 6956710.0 ], [ 63490.0, 6956710.0 ], [ 63480.0, 6956700.0 ], [ 63470.0, 6956710.0 ], [ 63460.0, 6956710.0 ], [ 63450.0, 6956710.0 ], [ 63440.0, 6956710.0 ], [ 63430.0, 6956710.0 ], [ 63420.0, 6956710.0 ], [ 63410.0, 6956710.0 ], [ 63400.0, 6956710.0 ], [ 63390.0, 6956710.0 ], [ 63380.0, 6956710.0 ], [ 63370.0, 6956710.0 ], [ 63360.0, 6956710.0 ], [ 63350.0, 6956710.0 ], [ 63340.0, 6956710.0 ], [ 63330.0, 6956700.0 ], [ 63320.0, 6956700.0 ], [ 63310.0, 6956700.0 ], [ 63300.0, 6956700.0 ], [ 63290.0, 6956700.0 ], [ 63280.0, 6956700.0 ], [ 63270.0, 6956700.0 ], [ 63260.0, 6956700.0 ], [ 63250.0, 6956690.0 ], [ 63240.0, 6956690.0 ], [ 63230.0, 6956690.0 ], [ 63220.0, 6956690.0 ], [ 63210.0, 6956690.0 ], [ 63200.0, 6956690.0 ], [ 63190.0, 6956680.0 ], [ 63180.0, 6956680.0 ], [ 63170.0, 6956670.0 ], [ 63160.0, 6956670.0 ], [ 63150.0, 6956680.0 ], [ 63140.0, 6956680.0 ], [ 63130.0, 6956670.0 ] ] } },
{ "type": "Feature", "properties": { "fid": 20, "Width": 1.734, "Depth": 2.137 }, "geometry": { "type": "LineString", "coordinates": [ [ 63970.0, 6956550.0 ], [ 63960.0, 6956540.0 ], [ 63950.0, 6956540.0 ], [ 63940.0, 6956540.0 ], [ 63930.0, 6956540.0 ], [ 63920.0, 6956550.0 ], [ 63910.0, 6956560.0 ], [ 63900.0, 6956560.0 ], [ 63890.0, 6956560.0 ], [ 63880.0, 6956560.0 ], [ 63870.0, 6956560.0 ], [ 63860.0, 6956560.0 ], [ 63850.0, 6956550.0 ], [ 63850.0, 6956540.0 ] ] } },
{ "type": "Feature", "properties": { "fid": 21, "Width": 1.198, "Depth": 1.535 }, "geometry": { "type": "LineString", "coordinates": [ [ 63800.0, 6956530.0 ], [ 63790.0, 6956540.0 ], [ 63780.0, 6956540.0 ], [ 63770.0, 6956540.0 ], [ 63760.0, 6956550.0 ], [ 63750.0, 6956550.0 ], [ 63740.0, 6956550.0 ], [ 63730.0, 6956540.0 ], [ 63720.0, 6956550.0 ], [ 63710.0, 6956540.0 ], [ 63700.0, 6956530.0 ], [ 63690.0, 6956530.0 ], [ 63680.0, 6956520.0 ], [ 63690.0, 6956510.0 ], [ 63690.0, 6956500.0 ], [ 63680.0, 6956490.0 ], [ 63670.0, 6956490.0 ], [ 63660.0, 6956490.0 ], [ 63650.0, 6956500.0 ], [ 63640.0, 6956500.0 ], [ 63630.0, 6956500.0 ], [ 63620.0, 6956510.0 ], [ 63610.0, 6956520.0 ], [ 63600.0, 6956520.0 ], [ 63590.0, 6956520.0 ], [ 63580.0, 6956530.0 ], [ 63570.0, 6956530.0 ] ] } },
{ "type": "Feature", "properties": { "fid": 22, "Width": 0.782, "Depth": 3.518 }, "geometry": { "type": "LineString", "coordinates": [ [ 60400.0, 6955450.0 ], [ 60400.0, 6955460.0 ], [ 60390.0, 6955470.0 ], [ 60380.0, 6955480.0 ], [ 60370.0, 6955490.0 ], [ 60360.0, 6955500.0 ], [ 60350.0, 6955510.0 ], [ 60340.0, 6955520.0 ], [ 60330.0, 6955530.0 ], [ 60330.0, 6955540.0 ], [ 60320.0, 6955550.0 ], [ 60310.0, 6955560.0 ], [ 60300.0, 6955570.0 ], [ 60300.0, 6955580.0 ], [ 60310.0, 6955590.0 ], [ 60300.0, 6955600.0 ], [ 60290.0, 6955610.0 ], [ 60280.0, 6955620.0 ], [ 60270.0, 6955630.0 ], [ 60260.0, 6955640.0 ], [ 60250.0, 6955650.0 ], [ 60240.0, 6955660.0 ], [ 60230.0, 6955670.0 ], [ 60220.0, 6955680.0 ], [ 60230.0, 6955690.0 ], [ 60220.0, 6955700.0 ], [ 60218.595975012583949, 6955701.404024987481534 ] ] } },
{ "type": "Feature", "properties": { "fid": 23, "Width": 0.607, "Depth": 1.217 }, "geometry": { "type": "LineString", "coordinates": [ [ 63530.0, 6956990.0 ], [ 63520.0, 6956990.0 ], [ 63510.0, 6956990.0 ], [ 63500.0, 6956990.0 ], [ 63490.0, 6956990.0 ], [ 63480.0, 6956990.0 ], [ 63470.0, 6956990.0 ], [ 63460.0, 6956990.0 ], [ 63450.0, 6957000.0 ], [ 63440.0, 6957000.0 ], [ 63430.0, 6957010.0 ], [ 63420.0, 6957000.0 ], [ 63410.0, 6956990.0 ], [ 63400.0, 6956980.0 ], [ 63390.0, 6956970.0 ], [ 63380.0, 6956960.0 ], [ 63370.0, 6956970.0 ], [ 63360.0, 6956980.0 ], [ 63350.0, 6956990.0 ], [ 63340.0, 6956990.0 ], [ 63330.0, 6957000.0 ], [ 63320.0, 6957000.0 ], [ 63310.0, 6957000.0 ], [ 63300.0, 6957000.0 ], [ 63290.0, 6957010.0 ], [ 63280.0, 6957020.0 ], [ 63270.0, 6957030.0 ], [ 63260.0, 6957040.0 ], [ 63250.0, 6957050.0 ], [ 63240.0, 6957060.0 ], [ 63230.0, 6957070.0 ], [ 63220.0, 6957080.0 ], [ 63210.0, 6957090.0 ], [ 63200.0, 6957100.0 ], [ 63190.0, 6957110.0 ] ] } },
{ "type": "Feature", "properties": { "fid": 24, "Width": 0.446, "Depth": 3.995 }, "geometry": { "type": "LineString", "coordinates": [ [ 63500.0, 6957120.0 ], [ 63490.0, 6957110.0 ], [ 63480.0, 6957100.0 ], [ 63470.0, 6957100.0 ], [ 63460.0, 6957090.0 ], [ 63450.0, 6957080.0 ], [ 63440.0, 6957080.0 ], [ 63430.0, 6957080.0 ], [ 63420.0, 6957080.0 ], [ 63410.0, 6957080.0 ], [ 63400.0, 6957080.0 ], [ 63390.0, 6957080.0 ], [ 63380.0, 6957080.0 ], [ 63370.0, 6957070.0 ], [ 63360.0, 6957070.0 ], [ 63350.0, 6957070.0 ], [ 63340.0, 6957080.0 ], [ 63330.0, 6957090.0 ], [ 63320.0, 6957080.0 ], [ 63310.0, 6957080.0 ], [ 63300.0, 6957080.0 ], [ 63290.0, 6957070.0 ], [ 63280.0, 6957060.0 ], [ 63270.0, 6957070.0 ], [ 63260.0, 6957080.0 ], [ 63250.0, 6957090.0 ], [ 63240.0, 6957100.0 ], [ 63230.0, 6957100.0 ], [ 63220.0, 6957100.0 ], [ 63210.0, 6957100.0 ], [ 63200.0, 6957110.0 ], [ 63190.0, 6957110.0 ] ] } },
{ "type": "Feature", "properties": { "fid": 25, "Width": 1.536, "Depth": 2.27 }, "geometry": { "type": "LineString", "coordinates": [ [ 63570.0, 6956530.0 ], [ 63560.0, 6956530.0 ], [ 63550.0, 6956530.0 ], [ 63540.0, 6956530.0 ], [ 63530.0, 6956530.0 ], [ 63520.0, 6956540.0 ], [ 63510.0, 6956540.0 ], [ 63500.0, 6956540.0 ], [ 63490.0, 6956540.0 ], [ 63480.0, 6956540.0 ], [ 63470.0, 6956550.0 ], [ 63460.0, 6956550.0 ], [ 63450.0, 6956550.0 ], [ 63440.0, 6956550.0 ], [ 63430.0, 6956550.0 ], [ 63420.0, 6956550.0 ], [ 63410.0, 6956550.0 ], [ 63400.0, 6956550.0 ], [ 63390.0, 6956550.0 ], [ 63380.0, 6956550.0 ], [ 63370.0, 6956550.0 ], [ 63360.0, 6956550.0 ], [ 63350.0, 6956550.0 ], [ 63340.0, 6956560.0 ], [ 63330.0, 6956560.0 ], [ 63320.0, 6956560.0 ], [ 63310.0, 6956560.0 ], [ 63300.0, 6956560.0 ], [ 63290.0, 6956560.0 ], [ 63280.0, 6956560.0 ], [ 63270.0, 6956560.0 ], [ 63260.0, 6956570.0 ], [ 63250.0, 6956570.0 ], [ 63240.0, 6956570.0 ], [ 63230.0, 6956580.0 ], [ 63220.0, 6956580.0 ], [ 63210.0, 6956590.0 ], [ 63200.0, 6956600.0 ], [ 63190.0, 6956610.0 ], [ 63180.0, 6956620.0 ], [ 63170.0, 6956630.0 ], [ 63160.0, 6956640.0 ], [ 63150.0, 6956650.0 ], [ 63140.0, 6956660.0 ], [ 63130.0, 6956670.0 ] ] } },
{ "type": "Feature", "properties": { "fid": 26, "Width": 0.804, "Depth": 1.001 }, "geometry": { "type": "LineString", "coordinates": [ [ 62010.0, 6955670.0 ], [ 62000.0, 6955680.0 ], [ 61990.0, 6955690.0 ], [ 61980.0, 6955700.0 ], [ 61970.0, 6955710.0 ], [ 61960.0, 6955720.0 ], [ 61950.0, 6955730.0 ], [ 61940.0, 6955740.0 ], [ 61930.0, 6955750.0 ], [ 61920.0, 6955760.0 ], [ 61910.0, 6955770.0 ], [ 61900.0, 6955780.0 ], [ 61890.0, 6955790.0 ], [ 61880.0, 6955800.0 ], [ 61870.0, 6955810.0 ], [ 61880.0, 6955820.0 ], [ 61880.0, 6955830.0 ], [ 61880.0, 6955840.0 ], [ 61870.0, 6955850.0 ], [ 61870.0, 6955860.0 ], [ 61860.0, 6955870.0 ], [ 61850.0, 6955880.0 ], [ 61845.820454729895573, 6955884.17954527027905 ] ] } },
{ "type": "Feature", "properties": { "fid": 27, "Width": 1.047, "Depth": 3.045 }, "geometry": { "type": "LineString", "coordinates": [ [ 63120.0, 6957130.0 ], [ 63110.0, 6957130.0 ], [ 63100.0, 6957120.0 ], [ 63090.0, 6957110.0 ], [ 63080.0, 6957100.0 ], [ 63070.0, 6957100.0 ], [ 63060.0, 6957100.0 ], [ 63050.0, 6957110.0 ], [ 63040.0, 6957110.0 ], [ 63030.0, 6957110.0 ], [ 63020.0, 6957120.0 ], [ 63010.0, 6957110.0 ], [ 63000.0, 6957120.0 ], [ 62990.0, 6957120.0 ], [ 62980.0, 6957110.0 ], [ 62970.0, 6957110.0 ], [ 62960.0, 6957110.0 ], [ 62950.0, 6957110.0 ], [ 62940.0, 6957120.0 ], [ 62930.0, 6957120.0 ], [ 62920.0, 6957110.0 ], [ 62910.0, 6957100.0 ], [ 62900.0, 6957090.0 ], [ 62900.0, 6957080.0 ], [ 62910.0, 6957070.0 ], [ 62920.0, 6957060.0 ], [ 62920.0, 6957050.0 ], [ 62930.0, 6957040.0 ], [ 62930.0, 6957030.0 ], [ 62920.0, 6957020.0 ], [ 62920.0, 6957010.0 ], [ 62920.0, 6957000.0 ], [ 62920.0, 6956990.0 ], [ 62920.0, 6956980.0 ], [ 62930.0, 6956970.0 ], [ 62930.0, 6956960.0 ], [ 62930.0, 6956950.0 ], [ 62930.0, 6956940.0 ], [ 62920.0, 6956930.0 ], [ 62920.0, 6956920.0 ], [ 62910.0, 6956910.0 ], [ 62900.0, 6956910.0 ], [ 62890.0, 6956910.0 ], [ 62880.0, 6956920.0 ], [ 62870.0, 6956920.0 ], [ 62860.0, 6956920.0 ], [ 62850.0, 6956920.0 ], [ 62840.0, 6956930.0 ], [ 62830.0, 6956920.0 ] ] } },
{ "type": "Feature", "properties": { "fid": 28, "Width": 1.01, "Depth": 1.187 }, "geometry": { "type": "LineString", "coordinates": [ [ 61650.0, 6955470.0 ], [ 61650.0, 6955480.0 ], [ 61650.0, 6955490.0 ], [ 61660.0, 6955500.0 ], [ 61670.0, 6955510.0 ], [ 61670.0, 6955520.0 ], [ 61660.0, 6955530.0 ], [ 61660.0, 6955540.0 ], [ 61650.0, 6955550.0 ], [ 61650.0, 6955560.0 ], [ 61650.0, 6955570.0 ], [ 61650.0, 6955580.0 ], [ 61650.0, 6955590.0 ], [ 61650.0, 6955600.0 ], [ 61650.0, 6955610.0 ], [ 61640.0, 6955620.0 ], [ 61640.0, 6955630.0 ], [ 61630.0, 6955640.0 ], [ 61620.0, 6955650.0 ], [ 61620.0, 6955660.0 ], [ 61610.0, 6955670.0 ], [ 61610.0, 6955680.0 ], [ 61610.0, 6955690.0 ], [ 61610.0, 6955700.0 ], [ 61610.0, 6955710.0 ], [ 61610.0, 6955720.0 ], [ 61610.0, 6955730.0 ], [ 61610.0, 6955740.0 ], [ 61610.0, 6955750.0 ], [ 61610.0, 6955760.0 ], [ 61620.0, 6955770.0 ], [ 61620.0, 6955780.0 ], [ 61610.85798798695032, 6955789.142012013122439 ] ] } },
{ "type": "Feature", "properties": { "fid": 29, "Width": 1.176, "Depth": 2.105 }, "geometry": { "type": "LineString", "coordinates": [ [ 61370.0, 6955600.0 ], [ 61360.0, 6955610.0 ], [ 61370.0, 6955620.0 ], [ 61370.0, 6955630.0 ], [ 61380.0, 6955640.0 ], [ 61390.0, 6955650.0 ], [ 61390.0, 6955660.0 ], [ 61400.0, 6955670.0 ], [ 61410.0, 6955680.0 ], [ 61420.0, 6955690.0 ], [ 61420.0, 6955700.0 ], [ 61410.0, 6955710.0 ], [ 61420.0, 6955720.0 ], [ 61430.0, 6955730.0 ], [ 61430.0, 6955740.0 ], [ 61430.0, 6955750.0 ], [ 61430.0, 6955760.0 ], [ 61440.0, 6955770.0 ], [ 61450.0, 6955780.0 ], [ 61460.0, 6955790.0 ], [ 61470.0, 6955800.0 ], [ 61480.0, 6955810.0 ], [ 61473.721390995058755, 6955816.278609004803002 ] ] } },
{ "type": "Feature", "properties": { "fid": 30, "Width": 1.738, "Depth": 3.828 }, "geometry": { "type": "LineString", "coordinates": [ [ 63130.0, 6956670.0 ], [ 63120.0, 6956670.0 ], [ 63110.0, 6956670.0 ], [ 63100.0, 6956680.0 ], [ 63090.0, 6956690.0 ], [ 63080.0, 6956700.0 ], [ 63070.0, 6956710.0 ], [ 63060.0, 6956720.0 ], [ 63050.0, 6956730.0 ], [ 63040.0, 6956730.0 ], [ 63030.0, 6956730.0 ], [ 63020.0, 6956740.0 ], [ 63010.0, 6956750.0 ], [ 63000.0, 6956760.0 ], [ 62990.0, 6956770.0 ], [ 62980.0, 6956780.0 ], [ 62970.0, 6956790.0 ], [ 62960.0, 6956800.0 ], [ 62950.0, 6956810.0 ], [ 62940.0, 6956820.0 ], [ 62930.0, 6956830.0 ], [ 62920.0, 6956840.0 ], [ 62910.0, 6956850.0 ], [ 62900.0, 6956860.0 ], [ 62890.0, 6956870.0 ], [ 62880.0, 6956880.0 ], [ 62870.0, 6956890.0 ], [ 62860.0, 6956900.0 ], [ 62850.0, 6956910.0 ], [ 62840.0, 6956920.0 ], [ 62830.0, 6956920.0 ] ] } },
{ "type": "Feature", "properties": { "fid": 31, "Width": 1.962, "Depth": 1.251 }, "geometry": { "type": "LineString", "coordinates": [ [ 62400.0, 6954190.0 ], [ 62410.0, 6954200.0 ], [ 62420.0, 6954200.0 ], [ 62430.0, 6954200.0 ], [ 62440.0, 6954190.0 ], [ 62450.0, 6954200.0 ], [ 62460.0, 6954200.0 ], [ 62470.0, 6954200.0 ], [ 62480.0, 6954210.0 ], [ 62480.0, 6954220.0 ], [ 62470.0, 6954230.0 ] ] } },
{ "type": "Feature", "properties": { "fid": 32, "Width": 0.845, "Depth": 4.357 }, "geometry": { "type": "LineString", "coordinates": [ [ 62830.0, 6956920.0 ], [ 62820.0, 6956920.0 ], [ 62810.0, 6956920.0 ], [ 62800.0, 6956910.0 ], [ 62790.0, 6956910.0 ], [ 62780.0, 6956910.0 ], [ 62770.0, 6956910.0 ], [ 62760.0, 6956900.0 ], [ 62750.0, 6956890.0 ], [ 62740.0, 6956890.0 ], [ 62730.0, 6956880.0 ], [ 62720.0, 6956880.0 ], [ 62710.0, 6956880.0 ], [ 62700.0, 6956880.0 ], [ 62690.0, 6956870.0 ], [ 62680.0, 6956870.0 ], [ 62670.0, 6956860.0 ], [ 62660.0, 6956860.0 ], [ 62650.0, 6956860.0 ], [ 62640.0, 6956860.0 ], [ 62630.0, 6956850.0 ], [ 62620.0, 6956850.0 ], [ 62610.0, 6956860.0 ], [ 62600.0, 6956860.0 ], [ 62590.0, 6956850.0 ], [ 62580.0, 6956850.0 ], [ 62570.0, 6956850.0 ], [ 62560.0, 6956850.0 ], [ 62550.0, 6956850.0 ], [ 62540.0, 6956840.0 ], [ 62530.0, 6956840.0 ], [ 62520.0, 6956840.0 ], [ 62510.0, 6956840.0 ], [ 62500.0, 6956840.0 ], [ 62490.0, 6956840.0 ], [ 62480.0, 6956840.0 ], [ 62470.0, 6956830.0 ], [ 62460.0, 6956830.0 ] ] } },
{ "type": "Feature", "properties": { "fid": 33, "Width": 1.664, "Depth": 1.015 }, "geometry": { "type": "LineString", "coordinates": [ [ 62530.0, 6954370.0 ], [ 62520.0, 6954380.0 ], [ 62510.0, 6954370.0 ], [ 62500.0, 6954360.0 ], [ 62490.0, 6954350.0 ], [ 62480.0, 6954350.0 ], [ 62470.0, 6954350.0 ], [ 62460.0, 6954350.0 ], [ 62450.0, 6954360.0 ], [ 62440.0, 6954360.0 ], [ 62430.0, 6954360.0 ], [ 62420.0, 6954360.0 ], [ 62410.0, 6954350.0 ], [ 62400.0, 6954360.0 ], [ 62390.0, 6954360.0 ], [ 62380.0, 6954360.0 ], [ 62370.0, 6954350.0 ], [ 62360.0, 6954340.0 ], [ 62350.0, 6954330.0 ] ] } },
{ "type": "Feature", "properties": { "fid": 34, "Width": 1.541, "Depth": 1.987 }, "geometry": { "type": "LineString", "coordinates": [ [ 62550.0, 6955710.0 ], [ 62540.0, 6955720.0 ], [ 62540.0, 6955730.0 ], [ 62540.0, 6955740.0 ], [ 62530.0, 6955750.0 ], [ 62530.0, 6955760.0 ], [ 62520.0, 6955770.0 ], [ 62530.0, 6955780.0 ], [ 62530.0, 6955790.0 ], [ 62530.0, 6955800.0 ], [ 62540.0, 6955810.0 ], [ 62540.0, 6955820.0 ], [ 62530.0, 6955830.0 ], [ 62540.0, 6955840.0 ], [ 62550.0, 6955850.0 ], [ 62540.0, 6955860.0 ], [ 62530.0, 6955870.0 ], [ 62530.0, 6955880.0 ], [ 62520.0, 6955890.0 ] ] } },
{ "type": "Feature", "properties": { "fid": 35, "Width": 1.168, "Depth": 3.964 }, "geometry": { "type": "LineString", "coordinates": [ [ 62470.0, 6954230.0 ], [ 62460.0, 6954240.0 ], [ 62450.0, 6954250.0 ], [ 62440.0, 6954260.0 ], [ 62430.0, 6954260.0 ], [ 62420.0, 6954250.0 ], [ 62410.0, 6954260.0 ], [ 62400.0, 6954260.0 ], [ 62390.0, 6954260.0 ], [ 62380.0, 6954270.0 ], [ 62370.0, 6954280.0 ], [ 62370.0, 6954290.0 ], [ 62380.0, 6954300.0 ], [ 62370.0, 6954310.0 ], [ 62370.0, 6954320.0 ], [ 62360.0, 6954330.0 ], [ 62350.0, 6954330.0 ] ] } },
{ "type": "Feature", "properties": { "fid": 36, "Width": 1.914, "Depth": 2.265 }, "geometry": { "type": "LineString", "coordinates": [ [ 62650.0, 6955890.0 ], [ 62640.0, 6955880.0 ], [ 62630.0, 6955880.0 ], [ 62620.0, 6955870.0 ], [ 62610.0, 6955870.0 ], [ 62600.0, 6955870.0 ], [ 62590.0, 6955870.0 ], [ 62580.0, 6955880.0 ], [ 62570.0, 6955880.0 ], [ 62560.0, 6955880.0 ], [ 62550.0, 6955880.0 ], [ 62540.0, 6955880.0 ], [ 62530.0, 6955890.0 ], [ 62520.0, 6955890.0 ] ] } },
{ "type": "Feature", "properties": { "fid": 37, "Width": 0.441, "Depth": 1.408 }, "geometry": { "type": "LineString", "coordinates": [ [ 62350.0, 6954330.0 ], [ 62340.0, 6954330.0 ], [ 62330.0, 6954340.0 ], [ 62320.0, 6954340.0 ], [ 62310.0, 6954350.0 ], [ 62300.0, 6954360.0 ], [ 62290.0, 6954360.0 ], [ 62280.0, 6954370.0 ], [ 62280.0, 6954380.0 ], [ 62270.0, 6954390.0 ], [ 62260.0, 6954390.0 ], [ 62250.0, 6954380.0 ], [ 62240.0, 6954390.0 ], [ 62230.0, 6954390.0 ], [ 62220.0, 6954390.0 ], [ 62210.0, 6954390.0 ], [ 62200.0, 6954390.0 ], [ 62190.0, 6954390.0 ], [ 62180.0, 6954380.0 ], [ 62170.0, 6954380.0 ], [ 62160.0, 6954370.0 ], [ 62150.0, 6954380.0 ], [ 62140.0, 6954390.0 ], [ 62130.0, 6954380.0 ], [ 62120.0, 6954380.0 ] ] } },
{ "type": "Feature", "properties": { "fid": 38, "Width": 0.263, "Depth": 2.441 }, "geometry": { "type": "LineString", "coordinates": [ [ 62840.0, 6955880.0 ], [ 62830.0, 6955890.0 ], [ 62820.0, 6955900.0 ], [ 62820.0, 6955910.0 ], [ 62820.0, 6955920.0 ], [ 62820.0, 6955930.0 ], [ 62820.0, 6955940.0 ], [ 62820.0, 6955950.0 ], [ 62830.0, 6955960.0 ], [ 62840.0, 6955970.0 ], [ 62850.0, 6955980.0 ], [ 62860.0, 6955990.0 ], [ 62870.0, 6956000.0 ], [ 62870.0, 6956010.0 ], [ 62880.0, 6956020.0 ], [ 62890.0, 6956030.0 ], [ 62900.0, 6956040.0 ], [ 62900.0, 6956050.0 ], [ 62910.0, 6956060.0 ], [ 62920.0, 6956070.0 ], [ 62920.0, 6956080.0 ], [ 62920.0, 6956090.0 ], [ 62920.0, 6956100.0 ], [ 62910.0, 6956110.0 ], [ 62900.0, 6956120.0 ], [ 62897.507811307979864, 6956122.492188692092896 ] ] } },
{ "type": "Feature", "properties": { "fid": 39, "Width": 1.715, "Depth": 2.082 }, "geometry": { "type": "LineString", "coordinates": [ [ 62200.0, 6954190.0 ], [ 62190.0, 6954200.0 ], [ 62180.0, 6954210.0 ], [ 62170.0, 6954220.0 ], [ 62170.0, 6954230.0 ], [ 62160.0, 6954240.0 ], [ 62150.0, 6954250.0 ], [ 62140.0, 6954260.0 ], [ 62150.0, 6954270.0 ], [ 62160.0, 6954280.0 ], [ 62170.0, 6954290.0 ], [ 62180.0, 6954300.0 ], [ 62170.0, 6954310.0 ], [ 62160.0, 6954320.0 ], [ 62150.0, 6954330.0 ], [ 62150.0, 6954340.0 ], [ 62150.0, 6954350.0 ], [ 62140.0, 6954360.0 ], [ 62130.0, 6954370.0 ], [ 62120.0, 6954380.0 ] ] } },
{ "type": "Feature", "properties": { "fid": 40, "Width": 0.906, "Depth": 4.371 }, "geometry": { "type": "LineString", "coordinates": [ [ 62430.0, 6956830.0 ], [ 62420.0, 6956820.0 ], [ 62410.0, 6956820.0 ], [ 62400.0, 6956830.0 ], [ 62390.0, 6956840.0 ], [ 62380.0, 6956840.0 ], [ 62370.0, 6956850.0 ], [ 62360.0, 6956860.0 ], [ 62350.0, 6956870.0 ], [ 62340.0, 6956880.0 ], [ 62330.0, 6956890.0 ], [ 62320.0, 6956900.0 ], [ 62310.0, 6956910.0 ], [ 62300.0, 6956900.0 ], [ 62290.0, 6956900.0 ], [ 62280.0, 6956910.0 ], [ 62270.0, 6956910.0 ], [ 62260.0, 6956920.0 ], [ 62250.0, 6956930.0 ], [ 62240.0, 6956940.0 ], [ 62230.0, 6956940.0 ], [ 62220.0, 6956950.0 ], [ 62210.0, 6956950.0 ], [ 62200.0, 6956960.0 ], [ 62190.0, 6956960.0 ], [ 62180.0, 6956970.0 ], [ 62170.0, 6956970.0 ], [ 62160.0, 6956970.0 ], [ 62150.0, 6956980.0 ], [ 62140.0, 6956980.0 ], [ 62130.0, 6956980.0 ], [ 62120.0, 6956980.0 ], [ 62110.0, 6956980.0 ], [ 62100.0, 6956980.0 ], [ 62090.0, 6956980.0 ], [ 62080.0, 6956990.0 ], [ 62070.0, 6956990.0 ], [ 62060.0, 6957000.0 ], [ 62050.0, 6957000.0 ], [ 62040.0, 6957000.0 ], [ 62030.0, 6957010.0 ], [ 62020.0, 6957010.0 ], [ 62010.0, 6957010.0 ] ] } },
{ "type": "Feature", "properties": { "fid": 41, "Width": 1.702, "Depth": 2.253 }, "geometry": { "type": "LineString", "coordinates": [ [ 62120.0, 6954380.0 ], [ 62110.0, 6954390.0 ], [ 62100.0, 6954390.0 ], [ 62090.0, 6954390.0 ], [ 62080.0, 6954390.0 ], [ 62070.0, 6954390.0 ], [ 62060.0, 6954400.0 ], [ 62050.0, 6954410.0 ], [ 62040.0, 6954420.0 ], [ 62050.0, 6954430.0 ], [ 62060.0, 6954440.0 ], [ 62050.0, 6954450.0 ], [ 62040.0, 6954460.0 ], [ 62030.0, 6954470.0 ], [ 62020.0, 6954480.0 ], [ 62010.0, 6954480.0 ], [ 62000.0, 6954490.0 ], [ 61990.0, 6954490.0 ], [ 61980.0, 6954500.0 ], [ 61970.0, 6954500.0 ], [ 61960.0, 6954510.0 ], [ 61950.0, 6954510.0 ], [ 61940.0, 6954520.0 ], [ 61930.0, 6954520.0 ], [ 61920.0, 6954530.0 ], [ 61910.0, 6954540.0 ], [ 61900.0, 6954540.0 ], [ 61890.0, 6954540.0 ], [ 61880.0, 6954550.0 ], [ 61870.0, 6954560.0 ], [ 61860.0, 6954570.0 ], [ 61850.0, 6954580.0 ], [ 61840.0, 6954590.0 ], [ 61830.0, 6954590.0 ], [ 61820.0, 6954600.0 ], [ 61810.0, 6954610.0 ], [ 61800.0, 6954610.0 ], [ 61790.0, 6954620.0 ], [ 61780.0, 6954630.0 ], [ 61770.0, 6954640.0 ], [ 61760.0, 6954640.0 ], [ 61750.0, 6954640.0 ], [ 61740.0, 6954650.0 ], [ 61730.0, 6954650.0 ], [ 61720.0, 6954660.0 ], [ 61710.0, 6954660.0 ], [ 61700.0, 6954670.0 ], [ 61690.0, 6954670.0 ], [ 61680.0, 6954670.0 ], [ 61670.0, 6954660.0 ], [ 61660.0, 6954650.0 ], [ 61650.0, 6954640.0 ], [ 61640.0, 6954640.0 ], [ 61630.0, 6954640.0 ], [ 61620.0, 6954640.0 ], [ 61610.0, 6954640.0 ], [ 61600.0, 6954630.0 ], [ 61590.0, 6954640.0 ], [ 61580.0, 6954650.0 ], [ 61570.0, 6954660.0 ], [ 61560.0, 6954660.0 ], [ 61550.0, 6954650.0 ], [ 61540.0, 6954650.0 ], [ 61530.0, 6954640.0 ], [ 61520.0, 6954640.0 ], [ 61510.0, 6954650.0 ], [ 61500.0, 6954650.0 ], [ 61490.0, 6954640.0 ], [ 61480.0, 6954640.0 ], [ 61470.0, 6954630.0 ], [ 61460.0, 6954640.0 ], [ 61450.0, 6954650.0 ], [ 61440.0, 6954660.0 ], [ 61430.0, 6954670.0 ] ] } },
{ "type": "Feature", "properties": { "fid": 42, "Width": 1.792, "Depth": 4.156 }, "geometry": { "type": "LineString", "coordinates": [ [ 62200.0, 6954860.0 ], [ 62190.0, 6954850.0 ], [ 62180.0, 6954840.0 ], [ 62170.0, 6954830.0 ], [ 62160.0, 6954820.0 ], [ 62150.0, 6954820.0 ], [ 62140.0, 6954820.0 ], [ 62130.0, 6954820.0 ], [ 62120.0, 6954830.0 ], [ 62110.0, 6954830.0 ], [ 62100.0, 6954830.0 ], [ 62090.0, 6954830.0 ], [ 62080.0, 6954840.0 ], [ 62070.0, 6954840.0 ], [ 62060.0, 6954850.0 ], [ 62050.0, 6954860.0 ], [ 62040.0, 6954870.0 ], [ 62030.0, 6954870.0 ], [ 62020.0, 6954860.0 ], [ 62010.0, 6954850.0 ], [ 62000.0, 6954850.0 ], [ 61990.0, 6954850.0 ], [ 61980.0, 6954840.0 ], [ 61970.0, 6954840.0 ], [ 61960.0, 6954840.0 ], [ 61950.0, 6954830.0 ], [ 61940.0, 6954820.0 ], [ 61930.0, 6954810.0 ], [ 61920.0, 6954800.0 ], [ 61910.0, 6954790.0 ], [ 61900.0, 6954780.0 ], [ 61890.0, 6954770.0 ], [ 61880.0, 6954760.0 ], [ 61870.0, 6954750.0 ], [ 61860.0, 6954760.0 ], [ 61850.0, 6954760.0 ], [ 61840.0, 6954770.0 ], [ 61830.0, 6954780.0 ], [ 61820.0, 6954780.0 ], [ 61810.0, 6954780.0 ], [ 61800.0, 6954790.0 ], [ 61790.0, 6954790.0 ], [ 61780.0, 6954780.0 ], [ 61770.0, 6954770.0 ], [ 61760.0, 6954780.0 ], [ 61750.0, 6954790.0 ], [ 61740.0, 6954790.0 ], [ 61730.0, 6954790.0 ], [ 61720.0, 6954780.0 ], [ 61710.0, 6954770.0 ], [ 61700.0, 6954760.0 ], [ 61690.0, 6954750.0 ], [ 61680.0, 6954740.0 ], [ 61670.0, 6954730.0 ], [ 61660.0, 6954720.0 ], [ 61650.0, 6954710.0 ], [ 61640.0, 6954700.0 ], [ 61630.0, 6954690.0 ], [ 61620.0, 6954700.0 ], [ 61610.0, 6954710.0 ], [ 61600.0, 6954720.0 ], [ 61590.0, 6954730.0 ], [ 61590.0, 6954740.0 ], [ 61590.0, 6954750.0 ], [ 61580.0, 6954760.0 ], [ 61570.0, 6954760.0 ], [ 61560.0, 6954770.0 ], [ 61550.0, 6954780.0 ], [ 61540.0, 6954790.0 ], [ 61530.0, 6954780.0 ], [ 61520.0, 6954790.0 ], [ 61510.0, 6954780.0 ], [ 61500.0, 6954790.0 ], [ 61490.0, 6954790.0 ], [ 61480.0, 6954790.0 ], [ 61470.0, 6954790.0 ], [ 61460.0, 6954780.0 ], [ 61450.0, 6954770.0 ], [ 61440.0, 6954760.0 ], [ 61430.0, 6954770.0 ], [ 61420.0, 6954770.0 ], [ 61410.0, 6954780.0 ], [ 61400.0, 6954780.0 ], [ 61390.0, 6954790.0 ] ] } },
{ "type": "Feature", "properties": { "fid": 43, "Width": 0.172, "Depth": 4.567 }, "geometry": { "type": "LineString", "coordinates": [ [ 62220.0, 6957190.0 ], [ 62210.0, 6957190.0 ], [ 62200.0, 6957190.0 ], [ 62190.0, 6957180.0 ], [ 62180.0, 6957180.0 ], [ 62170.0, 6957170.0 ], [ 62160.0, 6957160.0 ], [ 62150.0, 6957150.0 ], [ 62140.0, 6957140.0 ], [ 62130.0, 6957130.0 ], [ 62120.0, 6957140.0 ], [ 62110.0, 6957140.0 ], [ 62100.0, 6957140.0 ], [ 62090.0, 6957140.0 ], [ 62080.0, 6957140.0 ], [ 62070.0, 6957130.0 ], [ 62060.0, 6957120.0 ], [ 62050.0, 6957110.0 ], [ 62040.0, 6957100.0 ], [ 62030.0, 6957090.0 ], [ 62020.0, 6957080.0 ], [ 62010.0, 6957070.0 ], [ 62020.0, 6957060.0 ], [ 62010.0, 6957050.0 ], [ 62000.0, 6957040.0 ], [ 61990.0, 6957030.0 ], [ 61980.0, 6957030.0 ] ] } },
{ "type": "Feature", "properties": { "fid": 44, "Width": 1.773, "Depth": 2.735 }, "geometry": { "type": "LineString", "coordinates": [ [ 61100.0, 6954230.0 ], [ 61110.0, 6954240.0 ], [ 61120.0, 6954250.0 ], [ 61130.0, 6954260.0 ], [ 61140.0, 6954270.0 ], [ 61150.0, 6954280.0 ], [ 61160.0, 6954290.0 ], [ 61170.0, 6954290.0 ], [ 61180.0, 6954290.0 ], [ 61190.0, 6954290.0 ], [ 61200.0, 6954300.0 ], [ 61210.0, 6954300.0 ], [ 61220.0, 6954310.0 ], [ 61230.0, 6954320.0 ], [ 61240.0, 6954330.0 ], [ 61250.0, 6954340.0 ], [ 61260.0, 6954350.0 ], [ 61270.0, 6954360.0 ], [ 61280.0, 6954370.0 ], [ 61280.0, 6954380.0 ], [ 61290.0, 6954390.0 ], [ 61300.0, 6954400.0 ], [ 61310.0, 6954410.0 ], [ 61320.0, 6954420.0 ], [ 61330.0, 6954430.0 ], [ 61330.0, 6954440.0 ], [ 61330.0, 6954450.0 ], [ 61340.0, 6954460.0 ], [ 61350.0, 6954470.0 ], [ 61360.0, 6954480.0 ], [ 61370.0, 6954490.0 ], [ 61380.0, 6954500.0 ], [ 61390.0, 6954510.0 ], [ 61400.0, 6954520.0 ], [ 61410.0, 6954530.0 ], [ 61420.0, 6954540.0 ], [ 61430.0, 6954540.0 ], [ 61440.0, 6954530.0 ], [ 61450.0, 6954530.0 ], [ 61460.0, 6954540.0 ], [ 61470.0, 6954540.0 ] ] } },
{ "type": "Feature", "properties": { "fid": 45, "Width": 0.924, "Depth": 4.64 }, "geometry": { "type": "LineString", "coordinates": [ [ 62050.0, 6957170.0 ], [ 62040.0, 6957160.0 ], [ 62030.0, 6957150.0 ], [ 62020.0, 6957140.0 ], [ 62010.0, 6957130.0 ], [ 62020.0, 6957120.0 ], [ 62010.0, 6957110.0 ], [ 62010.0, 6957100.0 ], [ 62000.0, 6957090.0 ], [ 61990.0, 6957080.0 ], [ 61980.0, 6957070.0 ], [ 61970.0, 6957060.0 ], [ 61960.0, 6957050.0 ] ] } },
{ "type": "Feature", "properties": { "fid": 46, "Width": 1.045, "Depth": 2.509 }, "geometry": { "type": "LineString", "coordinates": [ [ 62520.0, 6955890.0 ], [ 62510.0, 6955890.0 ], [ 62500.0, 6955890.0 ], [ 62490.0, 6955900.0 ], [ 62480.0, 6955900.0 ], [ 62470.0, 6955910.0 ], [ 62460.0, 6955920.0 ], [ 62450.0, 6955930.0 ], [ 62440.0, 6955940.0 ], [ 62430.0, 6955950.0 ], [ 62420.0, 6955960.0 ], [ 62410.0, 6955970.0 ], [ 62400.0, 6955980.0 ], [ 62390.0, 6955990.0 ], [ 62380.0, 6956000.0 ], [ 62370.0, 6956000.0 ], [ 62360.0, 6955990.0 ], [ 62350.0, 6955980.0 ], [ 62340.0, 6955990.0 ], [ 62330.0, 6956000.0 ], [ 62320.0, 6956010.0 ], [ 62320.0, 6956020.0 ], [ 62320.0, 6956030.0 ], [ 62320.0, 6956040.0 ], [ 62320.0, 6956050.0 ], [ 62310.0, 6956060.0 ], [ 62300.0, 6956070.0 ], [ 62300.0, 6956080.0 ], [ 62310.0, 6956090.0 ], [ 62310.0, 6956100.0 ], [ 62300.0, 6956110.0 ], [ 62299.346583282553183, 6956110.653416717424989 ] ] } },
{ "type": "Feature", "properties": { "fid": 47, "Width": 1.272, "Depth": 4.856 }, "geometry": { "type": "LineString", "coordinates": [ [ 61960.0, 6957050.0 ], [ 61950.0, 6957060.0 ], [ 61940.0, 6957060.0 ], [ 61930.0, 6957060.0 ], [ 61920.0, 6957060.0 ], [ 61910.0, 6957060.0 ], [ 61900.0, 6957060.0 ], [ 61890.0, 6957060.0 ], [ 61880.0, 6957060.0 ], [ 61870.0, 6957060.0 ], [ 61860.0, 6957060.0 ], [ 61850.0, 6957050.0 ], [ 61840.0, 6957050.0 ], [ 61830.0, 6957050.0 ], [ 61820.0, 6957050.0 ], [ 61810.0, 6957050.0 ], [ 61800.0, 6957050.0 ], [ 61790.0, 6957050.0 ], [ 61780.0, 6957050.0 ], [ 61770.0, 6957050.0 ], [ 61760.0, 6957050.0 ], [ 61750.0, 6957040.0 ], [ 61740.0, 6957030.0 ], [ 61730.0, 6957020.0 ], [ 61730.0, 6957010.0 ], [ 61720.0, 6957000.0 ], [ 61710.0, 6957000.0 ], [ 61700.0, 6957000.0 ], [ 61690.0, 6956990.0 ], [ 61680.0, 6956990.0 ], [ 61670.0, 6956990.0 ], [ 61660.0, 6956990.0 ], [ 61650.0, 6956990.0 ], [ 61640.0, 6956990.0 ], [ 61630.0, 6956990.0 ], [ 61620.0, 6956980.0 ], [ 61610.0, 6956980.0 ], [ 61600.0, 6956980.0 ], [ 61590.0, 6956980.0 ], [ 61580.0, 6956980.0 ], [ 61570.0, 6956980.0 ], [ 61560.0, 6956970.0 ], [ 61550.0, 6956970.0 ], [ 61540.0, 6956970.0 ], [ 61530.0, 6956970.0 ], [ 61520.0, 6956960.0 ], [ 61510.0, 6956960.0 ], [ 61500.0, 6956960.0 ], [ 61490.0, 6956970.0 ], [ 61480.0, 6956970.0 ], [ 61470.0, 6956960.0 ], [ 61460.0, 6956960.0 ], [ 61450.0, 6956950.0 ] ] } },
{ "type": "Feature", "properties": { "fid": 48, "Width": 1.856, "Depth": 1.357 }, "geometry": { "type": "LineString", "coordinates": [ [ 61340.0, 6955350.0 ], [ 61340.0, 6955360.0 ], [ 61340.0, 6955370.0 ], [ 61350.0, 6955380.0 ], [ 61350.0, 6955390.0 ], [ 61350.0, 6955400.0 ], [ 61350.0, 6955410.0 ], [ 61360.0, 6955420.0 ], [ 61370.0, 6955430.0 ], [ 61380.0, 6955440.0 ], [ 61380.0, 6955450.0 ], [ 61380.0, 6955460.0 ], [ 61370.0, 6955470.0 ], [ 61360.0, 6955480.0 ], [ 61350.0, 6955490.0 ], [ 61350.0, 6955500.0 ], [ 61360.0, 6955510.0 ], [ 61350.0, 6955520.0 ], [ 61350.0, 6955530.0 ], [ 61350.0, 6955540.0 ], [ 61360.0, 6955550.0 ], [ 61360.0, 6955560.0 ], [ 61370.0, 6955570.0 ], [ 61380.0, 6955580.0 ], [ 61370.0, 6955590.0 ], [ 61370.0, 6955600.0 ] ] } },
{ "type": "Feature", "properties": { "fid": 49, "Width": 0.087, "Depth": 3.748 }, "geometry": { "type": "LineString", "coordinates": [ [ 64870.0, 6955660.0 ], [ 64860.0, 6955670.0 ], [ 64860.0, 6955680.0 ], [ 64850.0, 6955690.0 ], [ 64850.0, 6955700.0 ], [ 64850.0, 6955710.0 ], [ 64840.0, 6955720.0 ], [ 64850.0, 6955730.0 ], [ 64860.0, 6955740.0 ], [ 64860.0, 6955750.0 ], [ 64870.0, 6955760.0 ], [ 64860.0, 6955770.0 ], [ 64850.0, 6955780.0 ], [ 64840.0, 6955790.0 ], [ 64830.0, 6955800.0 ], [ 64820.0, 6955810.0 ], [ 64810.0, 6955820.0 ], [ 64800.0, 6955830.0 ], [ 64790.0, 6955840.0 ], [ 64780.0, 6955850.0 ], [ 64770.0, 6955860.0 ], [ 64760.0, 6955870.0 ], [ 64750.0, 6955880.0 ], [ 64740.0, 6955890.0 ], [ 64730.0, 6955900.0 ], [ 64720.0, 6955900.0 ], [ 64710.0, 6955910.0 ], [ 64700.0, 6955910.0 ], [ 64690.0, 6955910.0 ], [ 64680.0, 6955910.0 ], [ 64670.0, 6955910.0 ], [ 64660.0, 6955910.0 ], [ 64650.0, 6955920.0 ], [ 64640.0, 6955920.0 ], [ 64630.0, 6955930.0 ], [ 64620.0, 6955940.0 ], [ 64610.0, 6955950.0 ], [ 64600.0, 6955960.0 ], [ 64590.0, 6955970.0 ], [ 64581.535151527175913, 6955978.464848472736776 ] ] } },
{ "type": "Feature", "properties": { "fid": 50, "Width": 0.98, "Depth": 2.975 }, "geometry": { "type": "LineString", "coordinates": [ [ 61500.0, 6954440.0 ], [ 61490.0, 6954450.0 ], [ 61480.0, 6954460.0 ], [ 61470.0, 6954470.0 ], [ 61460.0, 6954480.0 ], [ 61450.0, 6954490.0 ], [ 61450.0, 6954500.0 ], [ 61440.0, 6954510.0 ], [ 61450.0, 6954520.0 ], [ 61460.0, 6954530.0 ], [ 61470.0, 6954540.0 ] ] } },
{ "type": "Feature", "properties": { "fid": 51, "Width": 1.391, "Depth": 2.551 }, "geometry": { "type": "LineString", "coordinates": [ [ 61460.0, 6955470.0 ], [ 61450.0, 6955480.0 ], [ 61440.0, 6955490.0 ], [ 61430.0, 6955500.0 ], [ 61420.0, 6955510.0 ], [ 61410.0, 6955520.0 ], [ 61400.0, 6955530.0 ], [ 61390.0, 6955540.0 ], [ 61380.0, 6955550.0 ], [ 61380.0, 6955560.0 ], [ 61390.0, 6955570.0 ], [ 61390.0, 6955580.0 ], [ 61380.0, 6955590.0 ], [ 61370.0, 6955600.0 ] ] } },
{ "type": "Feature", "properties": { "fid": 52, "Width": 1.459, "Depth": 3.531 }, "geometry": { "type": "LineString", "coordinates": [ [ 61470.0, 6954540.0 ], [ 61480.0, 6954550.0 ], [ 61470.0, 6954560.0 ], [ 61470.0, 6954570.0 ], [ 61460.0, 6954580.0 ], [ 61450.0, 6954590.0 ], [ 61440.0, 6954600.0 ], [ 61430.0, 6954610.0 ], [ 61420.0, 6954620.0 ], [ 61410.0, 6954630.0 ], [ 61410.0, 6954640.0 ], [ 61410.0, 6954650.0 ], [ 61420.0, 6954660.0 ], [ 61430.0, 6954670.0 ] ] } },
{ "type": "Feature", "properties": { "fid": 53, "Width": 1.4, "Depth": 3.815 }, "geometry": { "type": "LineString", "coordinates": [ [ 61170.0, 6954610.0 ], [ 61180.0, 6954600.0 ], [ 61190.0, 6954610.0 ], [ 61200.0, 6954610.0 ], [ 61210.0, 6954620.0 ], [ 61220.0, 6954630.0 ], [ 61230.0, 6954640.0 ], [ 61240.0, 6954650.0 ], [ 61250.0, 6954650.0 ], [ 61260.0, 6954660.0 ], [ 61270.0, 6954670.0 ], [ 61280.0, 6954680.0 ], [ 61290.0, 6954690.0 ], [ 61300.0, 6954700.0 ], [ 61310.0, 6954710.0 ], [ 61310.0, 6954720.0 ], [ 61310.0, 6954730.0 ], [ 61310.0, 6954740.0 ], [ 61310.0, 6954750.0 ], [ 61310.0, 6954760.0 ], [ 61310.0, 6954770.0 ], [ 61300.0, 6954780.0 ], [ 61300.0, 6954790.0 ], [ 61300.0, 6954800.0 ], [ 61300.0, 6954810.0 ], [ 61290.0, 6954820.0 ], [ 61300.0, 6954830.0 ], [ 61290.0, 6954840.0 ], [ 61280.0, 6954850.0 ], [ 61270.0, 6954850.0 ] ] } },
{ "type": "Feature", "properties": { "fid": 54, "Width": 0.312, "Depth": 1.017 }, "geometry": { "type": "LineString", "coordinates": [ [ 61430.0, 6954670.0 ], [ 61430.0, 6954680.0 ], [ 61420.0, 6954690.0 ], [ 61420.0, 6954700.0 ], [ 61420.0, 6954710.0 ], [ 61420.0, 6954720.0 ], [ 61420.0, 6954730.0 ], [ 61410.0, 6954740.0 ], [ 61410.0, 6954750.0 ], [ 61400.0, 6954760.0 ], [ 61390.0, 6954770.0 ], [ 61390.0, 6954780.0 ], [ 61390.0, 6954790.0 ] ] } },
{ "type": "Feature", "properties": { "fid": 55, "Width": 0.634, "Depth": 1.668 }, "geometry": { "type": "LineString", "coordinates": [ [ 61390.0, 6954790.0 ], [ 61380.0, 6954800.0 ], [ 61370.0, 6954810.0 ], [ 61360.0, 6954820.0 ], [ 61350.0, 6954830.0 ], [ 61340.0, 6954830.0 ], [ 61330.0, 6954840.0 ], [ 61320.0, 6954840.0 ], [ 61310.0, 6954840.0 ], [ 61300.0, 6954840.0 ], [ 61290.0, 6954850.0 ], [ 61280.0, 6954860.0 ], [ 61270.0, 6954850.0 ] ] } },
{ "type": "Feature", "properties": { "fid": 56, "Width": 0.749, "Depth": 3.852 }, "geometry": { "type": "LineString", "coordinates": [ [ 60840.0, 6954680.0 ], [ 60850.0, 6954680.0 ], [ 60860.0, 6954680.0 ], [ 60870.0, 6954680.0 ], [ 60880.0, 6954690.0 ], [ 60890.0, 6954690.0 ], [ 60900.0, 6954700.0 ], [ 60910.0, 6954700.0 ], [ 60920.0, 6954710.0 ], [ 60920.0, 6954720.0 ], [ 60920.0, 6954730.0 ], [ 60920.0, 6954740.0 ], [ 60930.0, 6954750.0 ], [ 60940.0, 6954760.0 ], [ 60940.0, 6954770.0 ], [ 60950.0, 6954780.0 ], [ 60960.0, 6954790.0 ], [ 60970.0, 6954800.0 ], [ 60980.0, 6954810.0 ], [ 60990.0, 6954820.0 ], [ 60980.0, 6954830.0 ], [ 60990.0, 6954840.0 ], [ 61000.0, 6954850.0 ], [ 61000.0, 6954860.0 ], [ 61000.0, 6954870.0 ], [ 61000.0, 6954880.0 ], [ 61000.0, 6954890.0 ], [ 61010.0, 6954900.0 ], [ 61020.0, 6954910.0 ], [ 61030.0, 6954920.0 ], [ 61020.0, 6954930.0 ], [ 61010.0, 6954940.0 ], [ 61000.0, 6954950.0 ], [ 61000.0, 6954960.0 ], [ 60990.0, 6954970.0 ], [ 60980.0, 6954980.0 ], [ 60980.0, 6954990.0 ], [ 60980.0, 6955000.0 ], [ 60970.0, 6955010.0 ], [ 60960.0, 6955020.0 ], [ 60950.0, 6955030.0 ], [ 60940.0, 6955040.0 ], [ 60930.0, 6955050.0 ], [ 60920.0, 6955060.0 ], [ 60910.0, 6955070.0 ] ] } },
{ "type": "Feature", "properties": { "fid": 57, "Width": 1.619, "Depth": 3.666 }, "geometry": { "type": "LineString", "coordinates": [ [ 61450.0, 6956950.0 ], [ 61440.0, 6956940.0 ], [ 61430.0, 6956940.0 ], [ 61420.0, 6956940.0 ], [ 61410.0, 6956940.0 ], [ 61400.0, 6956940.0 ], [ 61390.0, 6956940.0 ], [ 61380.0, 6956940.0 ], [ 61370.0, 6956940.0 ], [ 61360.0, 6956940.0 ], [ 61350.0, 6956930.0 ], [ 61340.0, 6956930.0 ], [ 61330.0, 6956930.0 ], [ 61320.0, 6956920.0 ], [ 61310.0, 6956920.0 ], [ 61300.0, 6956910.0 ], [ 61300.0, 6956900.0 ], [ 61300.0, 6956890.0 ], [ 61290.0, 6956880.0 ], [ 61280.0, 6956880.0 ], [ 61270.0, 6956880.0 ], [ 61260.0, 6956890.0 ], [ 61250.0, 6956900.0 ], [ 61240.0, 6956910.0 ], [ 61230.0, 6956910.0 ], [ 61220.0, 6956920.0 ], [ 61210.0, 6956920.0 ], [ 61200.0, 6956920.0 ], [ 61190.0, 6956920.0 ], [ 61180.0, 6956920.0 ], [ 61170.0, 6956920.0 ], [ 61160.0, 6956920.0 ], [ 61150.0, 6956920.0 ], [ 61140.0, 6956920.0 ], [ 61130.0, 6956920.0 ], [ 61120.0, 6956920.0 ], [ 61110.0, 6956920.0 ], [ 61100.0, 6956920.0 ], [ 61090.0, 6956920.0 ], [ 61080.0, 6956920.0 ], [ 61070.0, 6956910.0 ], [ 61060.0, 6956910.0 ], [ 61050.0, 6956910.0 ], [ 61040.0, 6956910.0 ] ] } },
{ "type": "Feature", "properties": { "fid": 58, "Width": 0.594, "Depth": 4.864 }, "geometry": { "type": "LineString", "coordinates": [ [ 61270.0, 6954850.0 ], [ 61260.0, 6954860.0 ], [ 61250.0, 6954870.0 ], [ 61240.0, 6954880.0 ], [ 61230.0, 6954890.0 ], [ 61220.0, 6954900.0 ], [ 61210.0, 6954910.0 ], [ 61200.0, 6954910.0 ], [ 61190.0, 6954910.0 ], [ 61180.0, 6954920.0 ], [ 61170.0, 6954930.0 ], [ 61160.0, 6954940.0 ], [ 61150.0, 6954950.0 ], [ 61140.0, 6954960.0 ], [ 61140.0, 6954970.0 ], [ 61130.0, 6954980.0 ], [ 61120.0, 6954980.0 ], [ 61110.0, 6954990.0 ], [ 61100.0, 6954990.0 ], [ 61090.0, 6955000.0 ], [ 61090.0, 6955010.0 ], [ 61080.0, 6955020.0 ], [ 61070.0, 6955030.0 ], [ 61060.0, 6955030.0 ], [ 61050.0, 6955040.0 ], [ 61040.0, 6955040.0 ], [ 61030.0, 6955050.0 ], [ 61020.0, 6955060.0 ], [ 61010.0, 6955060.0 ], [ 61000.0, 6955070.0 ], [ 60990.0, 6955070.0 ], [ 60980.0, 6955080.0 ], [ 60970.0, 6955080.0 ], [ 60960.0, 6955080.0 ], [ 60950.0, 6955080.0 ], [ 60940.0, 6955080.0 ], [ 60930.0, 6955080.0 ], [ 60920.0, 6955080.0 ], [ 60910.0, 6955070.0 ] ] } },
{ "type": "Feature", "properties": { "fid": 59, "Width": 0.461, "Depth": 4.044 }, "geometry": { "type": "LineString", "coordinates": [ [ 60980.0, 6956920.0 ], [ 60970.0, 6956920.0 ], [ 60960.0, 6956920.0 ], [ 60950.0, 6956920.0 ], [ 60940.0, 6956920.0 ], [ 60930.0, 6956920.0 ], [ 60920.0, 6956910.0 ], [ 60910.0, 6956910.0 ], [ 60900.0, 6956910.0 ], [ 60890.0, 6956910.0 ], [ 60880.0, 6956910.0 ], [ 60870.0, 6956900.0 ], [ 60860.0, 6956900.0 ], [ 60850.0, 6956900.0 ], [ 60840.0, 6956900.0 ], [ 60830.0, 6956890.0 ] ] } },
{ "type": "Feature", "properties": { "fid": 60, "Width": 1.917, "Depth": 4.803 }, "geometry": { "type": "LineString", "coordinates": [ [ 60830.0, 6956890.0 ], [ 60820.0, 6956890.0 ], [ 60810.0, 6956900.0 ], [ 60800.0, 6956900.0 ], [ 60790.0, 6956900.0 ], [ 60780.0, 6956890.0 ], [ 60770.0, 6956890.0 ], [ 60760.0, 6956880.0 ], [ 60750.0, 6956870.0 ], [ 60740.0, 6956870.0 ], [ 60730.0, 6956870.0 ], [ 60720.0, 6956860.0 ], [ 60710.0, 6956850.0 ], [ 60700.0, 6956840.0 ], [ 60690.0, 6956830.0 ], [ 60680.0, 6956820.0 ], [ 60670.0, 6956810.0 ], [ 60660.0, 6956810.0 ], [ 60650.0, 6956810.0 ], [ 60640.0, 6956810.0 ] ] } },
{ "type": "Feature", "properties": { "fid": 61, "Width": 0.067, "Depth": 3.81 }, "geometry": { "type": "LineString", "coordinates": [ [ 60520.0, 6956770.0 ], [ 60510.0, 6956770.0 ], [ 60500.0, 6956770.0 ], [ 60490.0, 6956760.0 ], [ 60480.0, 6956760.0 ], [ 60470.0, 6956760.0 ], [ 60460.0, 6956750.0 ], [ 60450.0, 6956740.0 ], [ 60440.0, 6956740.0 ], [ 60430.0, 6956740.0 ], [ 60420.0, 6956740.0 ], [ 60410.0, 6956730.0 ], [ 60400.0, 6956730.0 ], [ 60390.0, 6956730.0 ], [ 60380.0, 6956720.0 ], [ 60370.0, 6956710.0 ], [ 60370.0, 6956700.0 ], [ 60360.0, 6956690.0 ], [ 60360.0, 6956680.0 ], [ 60360.0, 6956670.0 ], [ 60350.0, 6956660.0 ], [ 60340.0, 6956650.0 ], [ 60330.0, 6956650.0 ], [ 60320.0, 6956650.0 ], [ 60310.0, 6956660.0 ], [ 60300.0, 6956650.0 ], [ 60290.0, 6956650.0 ], [ 60280.0, 6956650.0 ], [ 60270.0, 6956650.0 ], [ 60260.0, 6956640.0 ], [ 60250.0, 6956640.0 ], [ 60240.0, 6956640.0 ], [ 60230.0, 6956640.0 ], [ 60220.0, 6956640.0 ], [ 60210.0, 6956640.0 ], [ 60200.0, 6956640.0 ], [ 60190.0, 6956640.0 ], [ 60180.0, 6956630.0 ], [ 60170.0, 6956630.0 ], [ 60160.0, 6956630.0 ], [ 60150.0, 6956620.0 ], [ 60140.0, 6956620.0 ], [ 60130.0, 6956610.0 ], [ 60120.0, 6956610.0 ], [ 60110.0, 6956600.0 ], [ 60100.0, 6956600.0 ], [ 60090.0, 6956600.0 ], [ 60080.0, 6956600.0 ], [ 60070.0, 6956600.0 ], [ 60060.0, 6956600.0 ], [ 60050.0, 6956590.0 ], [ 60040.0, 6956590.0 ], [ 60030.0, 6956580.0 ], [ 60020.0, 6956580.0 ], [ 60010.0, 6956570.0 ], [ 60000.0, 6956560.0 ], [ 59990.0, 6956560.0 ], [ 59980.0, 6956560.0 ], [ 59970.0, 6956550.0 ], [ 59960.0, 6956560.0 ], [ 59950.0, 6956560.0 ], [ 59940.0, 6956560.0 ], [ 59930.0, 6956560.0 ], [ 59920.0, 6956560.0 ], [ 59910.0, 6956560.0 ], [ 59900.0, 6956560.0 ], [ 59890.0, 6956560.0 ], [ 59880.0, 6956560.0 ], [ 59870.0, 6956560.0 ], [ 59860.0, 6956560.0 ], [ 59850.0, 6956570.0 ], [ 59840.0, 6956570.0 ], [ 59830.0, 6956570.0 ], [ 59820.0, 6956570.0 ], [ 59810.0, 6956560.0 ], [ 59800.0, 6956560.0 ], [ 59790.0, 6956560.0 ], [ 59780.0, 6956560.0 ], [ 59770.0, 6956560.0 ], [ 59760.0, 6956560.0 ], [ 59750.0, 6956560.0 ], [ 59740.0, 6956560.0 ], [ 59730.0, 6956560.0 ], [ 59720.0, 6956560.0 ], [ 59710.0, 6956560.0 ], [ 59700.0, 6956560.0 ], [ 59690.0, 6956560.0 ], [ 59680.0, 6956560.0 ], [ 59670.0, 6956560.0 ], [ 59660.0, 6956570.0 ], [ 59650.0, 6956570.0 ], [ 59640.0, 6956570.0 ], [ 59630.0, 6956570.0 ], [ 59620.0, 6956570.0 ], [ 59610.0, 6956570.0 ], [ 59600.0, 6956580.0 ], [ 59590.0, 6956580.0 ], [ 59580.0, 6956580.0 ], [ 59570.0, 6956580.0 ], [ 59560.0, 6956590.0 ], [ 59550.0, 6956590.0 ], [ 59540.0, 6956600.0 ], [ 59530.0, 6956600.0 ], [ 59520.0, 6956600.0 ], [ 59510.0, 6956600.0 ], [ 59500.0, 6956610.0 ], [ 59490.0, 6956620.0 ], [ 59480.0, 6956630.0 ], [ 59470.0, 6956630.0 ], [ 59460.0, 6956640.0 ], [ 59450.0, 6956640.0 ], [ 59440.0, 6956640.0 ], [ 59430.0, 6956650.0 ], [ 59420.0, 6956650.0 ], [ 59410.0, 6956660.0 ], [ 59400.0, 6956660.0 ] ] } },
{ "type": "Feature", "properties": { "fid": 62, "Width": 1.996, "Depth": 2.192 }, "geometry": { "type": "LineString", "coordinates": [ [ 59870.0, 6956900.0 ], [ 59860.0, 6956910.0 ], [ 59850.0, 6956910.0 ], [ 59840.0, 6956920.0 ], [ 59830.0, 6956920.0 ], [ 59820.0, 6956920.0 ], [ 59810.0, 6956920.0 ], [ 59800.0, 6956920.0 ], [ 59790.0, 6956920.0 ], [ 59780.0, 6956920.0 ], [ 59770.0, 6956920.0 ], [ 59760.0, 6956920.0 ], [ 59750.0, 6956920.0 ], [ 59740.0, 6956920.0 ], [ 59730.0, 6956910.0 ], [ 59720.0, 6956910.0 ], [ 59710.0, 6956910.0 ], [ 59700.0, 6956910.0 ], [ 59690.0, 6956920.0 ] ] } },
{ "type": "Feature", "properties": { "fid": 63, "Width": 1.37, "Depth": 1.421 }, "geometry": { "type": "LineString", "coordinates": [ [ 59750.0, 6957030.0 ], [ 59740.0, 6957020.0 ], [ 59730.0, 6957010.0 ], [ 59720.0, 6957000.0 ], [ 59710.0, 6956990.0 ], [ 59710.0, 6956980.0 ], [ 59710.0, 6956970.0 ], [ 59710.0, 6956960.0 ], [ 59710.0, 6956950.0 ], [ 59700.0, 6956940.0 ], [ 59700.0, 6956930.0 ], [ 59690.0, 6956920.0 ] ] } },
{ "type": "Feature", "properties": { "fid": 64, "Width": 1.666, "Depth": 4.127 }, "geometry": { "type": "LineString", "coordinates": [ [ 59690.0, 6956920.0 ], [ 59680.0, 6956920.0 ], [ 59670.0, 6956920.0 ], [ 59660.0, 6956930.0 ], [ 59650.0, 6956920.0 ], [ 59640.0, 6956920.0 ], [ 59630.0, 6956910.0 ], [ 59620.0, 6956900.0 ], [ 59610.0, 6956890.0 ], [ 59600.0, 6956880.0 ], [ 59590.0, 6956870.0 ], [ 59580.0, 6956870.0 ], [ 59570.0, 6956870.0 ], [ 59560.0, 6956860.0 ], [ 59550.0, 6956860.0 ], [ 59540.0, 6956860.0 ], [ 59530.0, 6956860.0 ], [ 59520.0, 6956850.0 ], [ 59510.0, 6956840.0 ], [ 59500.0, 6956830.0 ], [ 59490.0, 6956820.0 ], [ 59480.0, 6956810.0 ], [ 59480.0, 6956800.0 ], [ 59490.0, 6956790.0 ], [ 59480.0, 6956780.0 ], [ 59470.0, 6956770.0 ], [ 59460.0, 6956770.0 ], [ 59450.0, 6956760.0 ], [ 59440.0, 6956750.0 ], [ 59430.0, 6956740.0 ], [ 59420.0, 6956730.0 ], [ 59410.0, 6956720.0 ], [ 59400.0, 6956710.0 ], [ 59410.0, 6956700.0 ], [ 59400.0, 6956690.0 ], [ 59390.0, 6956680.0 ], [ 59390.0, 6956670.0 ], [ 59380.0, 6956660.0 ] ] } },
{ "type": "Feature", "properties": { "fid": 65, "Width": 0.625, "Depth": 3.577 }, "geometry": { "type": "LineString", "coordinates": [ [ 59250.0, 6957010.0 ], [ 59250.0, 6957000.0 ], [ 59240.0, 6956990.0 ], [ 59230.0, 6956980.0 ], [ 59230.0, 6956970.0 ], [ 59230.0, 6956960.0 ], [ 59220.0, 6956950.0 ], [ 59220.0, 6956940.0 ], [ 59220.0, 6956930.0 ], [ 59210.0, 6956920.0 ], [ 59220.0, 6956910.0 ], [ 59230.0, 6956900.0 ], [ 59220.0, 6956890.0 ], [ 59220.0, 6956880.0 ], [ 59210.0, 6956870.0 ], [ 59200.0, 6956860.0 ], [ 59200.0, 6956850.0 ], [ 59190.0, 6956840.0 ], [ 59180.0, 6956830.0 ], [ 59170.0, 6956820.0 ], [ 59160.0, 6956830.0 ], [ 59150.0, 6956820.0 ], [ 59140.0, 6956820.0 ], [ 59130.0, 6956830.0 ], [ 59120.0, 6956830.0 ], [ 59110.0, 6956820.0 ], [ 59100.0, 6956810.0 ], [ 59090.0, 6956800.0 ], [ 59100.0, 6956790.0 ], [ 59110.0, 6956780.0 ], [ 59100.0, 6956770.0 ], [ 59110.0, 6956760.0 ], [ 59100.0, 6956750.0 ], [ 59110.0, 6956740.0 ], [ 59100.0, 6956730.0 ], [ 59100.0, 6956720.0 ], [ 59110.0, 6956710.0 ], [ 59110.0, 6956700.0 ], [ 59110.0, 6956690.0 ] ] } },
{ "type": "Feature", "properties": { "fid": 66, "Width": 0.078, "Depth": 1.193 }, "geometry": { "type": "LineString", "coordinates": [ [ 59380.0, 6956660.0 ], [ 59370.0, 6956660.0 ], [ 59360.0, 6956650.0 ], [ 59350.0, 6956650.0 ], [ 59340.0, 6956650.0 ], [ 59330.0, 6956650.0 ], [ 59320.0, 6956650.0 ], [ 59310.0, 6956650.0 ], [ 59300.0, 6956650.0 ], [ 59290.0, 6956650.0 ], [ 59280.0, 6956660.0 ], [ 59270.0, 6956660.0 ], [ 59260.0, 6956670.0 ], [ 59250.0, 6956680.0 ], [ 59240.0, 6956680.0 ] ] } },
{ "type": "Feature", "properties": { "fid": 67, "Width": 1.489, "Depth": 2.44 }, "geometry": { "type": "LineString", "coordinates": [ [ 59240.0, 6956680.0 ], [ 59230.0, 6956690.0 ], [ 59220.0, 6956690.0 ], [ 59210.0, 6956700.0 ], [ 59200.0, 6956690.0 ], [ 59190.0, 6956690.0 ], [ 59180.0, 6956690.0 ], [ 59170.0, 6956700.0 ], [ 59160.0, 6956700.0 ], [ 59150.0, 6956700.0 ] ] } },
{ "type": "Feature", "properties": { "fid": 68, "Width": 1.677, "Depth": 4.827 }, "geometry": { "type": "LineString", "coordinates": [ [ 58690.0, 6954360.0 ], [ 58700.0, 6954360.0 ], [ 58710.0, 6954360.0 ], [ 58720.0, 6954370.0 ], [ 58730.0, 6954380.0 ], [ 58740.0, 6954390.0 ], [ 58740.0, 6954400.0 ], [ 58730.0, 6954410.0 ], [ 58720.0, 6954400.0 ], [ 58710.0, 6954410.0 ], [ 58700.0, 6954420.0 ], [ 58690.0, 6954430.0 ], [ 58680.0, 6954440.0 ], [ 58680.0, 6954450.0 ], [ 58680.0, 6954460.0 ], [ 58670.0, 6954470.0 ], [ 58660.0, 6954480.0 ], [ 58660.0, 6954490.0 ], [ 58650.0, 6954500.0 ], [ 58660.0, 6954510.0 ], [ 58660.0, 6954520.0 ], [ 58650.0, 6954530.0 ], [ 58640.0, 6954530.0 ], [ 58630.0, 6954540.0 ], [ 58620.0, 6954550.0 ], [ 58610.0, 6954550.0 ], [ 58600.0, 6954560.0 ], [ 58590.0, 6954570.0 ], [ 58590.0, 6954580.0 ], [ 58580.0, 6954590.0 ], [ 58580.0, 6954600.0 ], [ 58580.0, 6954610.0 ], [ 58570.0, 6954620.0 ], [ 58570.0, 6954630.0 ], [ 58560.0, 6954640.0 ], [ 58550.0, 6954640.0 ], [ 58540.0, 6954640.0 ], [ 58530.0, 6954650.0 ], [ 58520.0, 6954660.0 ], [ 58510.0, 6954660.0 ], [ 58500.0, 6954660.0 ], [ 58490.0, 6954670.0 ], [ 58480.0, 6954670.0 ], [ 58470.0, 6954670.0 ] ] } },
{ "type": "Feature", "properties": { "fid": 69, "Width": 1.494, "Depth": 3.002 }, "geometry": { "type": "LineString", "coordinates": [ [ 59110.0, 6956690.0 ], [ 59100.0, 6956680.0 ], [ 59090.0, 6956680.0 ], [ 59080.0, 6956670.0 ], [ 59070.0, 6956670.0 ], [ 59060.0, 6956680.0 ], [ 59050.0, 6956680.0 ], [ 59040.0, 6956680.0 ], [ 59030.0, 6956680.0 ], [ 59020.0, 6956680.0 ], [ 59010.0, 6956680.0 ], [ 59000.0, 6956690.0 ], [ 58990.0, 6956680.0 ], [ 58980.0, 6956690.0 ], [ 58970.0, 6956690.0 ], [ 58960.0, 6956700.0 ], [ 58950.0, 6956710.0 ], [ 58940.0, 6956710.0 ], [ 58930.0, 6956710.0 ], [ 58920.0, 6956720.0 ], [ 58910.0, 6956720.0 ], [ 58900.0, 6956720.0 ], [ 58890.0, 6956720.0 ], [ 58880.0, 6956720.0 ], [ 58870.0, 6956730.0 ], [ 58860.0, 6956730.0 ], [ 58850.0, 6956730.0 ], [ 58840.0, 6956730.0 ], [ 58830.0, 6956740.0 ], [ 58820.0, 6956740.0 ], [ 58810.0, 6956740.0 ], [ 58800.0, 6956740.0 ], [ 58790.0, 6956740.0 ], [ 58780.0, 6956740.0 ], [ 58770.0, 6956750.0 ], [ 58760.0, 6956750.0 ], [ 58750.0, 6956740.0 ], [ 58740.0, 6956750.0 ], [ 58730.0, 6956740.0 ], [ 58720.0, 6956750.0 ], [ 58710.0, 6956740.0 ], [ 58700.0, 6956740.0 ] ] } },
{ "type": "Feature", "properties": { "fid": 70, "Width": 0.329, "Depth": 2.731 }, "geometry": { "type": "LineString", "coordinates": [ [ 58610.0, 6957110.0 ], [ 58600.0, 6957110.0 ], [ 58590.0, 6957110.0 ], [ 58580.0, 6957100.0 ], [ 58570.0, 6957090.0 ], [ 58560.0, 6957080.0 ], [ 58550.0, 6957070.0 ], [ 58540.0, 6957060.0 ], [ 58540.0, 6957050.0 ], [ 58540.0, 6957040.0 ], [ 58530.0, 6957030.0 ], [ 58530.0, 6957020.0 ], [ 58530.0, 6957010.0 ], [ 58540.0, 6957000.0 ], [ 58530.0, 6956990.0 ], [ 58520.0, 6956980.0 ], [ 58520.0, 6956970.0 ], [ 58520.0, 6956960.0 ], [ 58520.0, 6956950.0 ], [ 58510.0, 6956940.0 ], [ 58520.0, 6956930.0 ], [ 58520.0, 6956920.0 ], [ 58520.0, 6956910.0 ], [ 58520.0, 6956900.0 ], [ 58520.0, 6956890.0 ], [ 58520.0, 6956880.0 ], [ 58520.0, 6956870.0 ], [ 58520.0, 6956860.0 ], [ 58530.0, 6956850.0 ], [ 58540.0, 6956840.0 ], [ 58530.0, 6956830.0 ], [ 58530.0, 6956820.0 ], [ 58530.0, 6956810.0 ], [ 58540.0, 6956800.0 ], [ 58550.0, 6956790.0 ], [ 58560.0, 6956780.0 ], [ 58570.0, 6956770.0 ], [ 58580.0, 6956760.0 ], [ 58590.0, 6956750.0 ], [ 58580.0, 6956740.0 ] ] } },
{ "type": "Feature", "properties": { "fid": 71, "Width": 1.519, "Depth": 2.831 }, "geometry": { "type": "LineString", "coordinates": [ [ 58610.0, 6954660.0 ], [ 58600.0, 6954670.0 ], [ 58590.0, 6954680.0 ], [ 58580.0, 6954670.0 ], [ 58570.0, 6954680.0 ], [ 58560.0, 6954690.0 ], [ 58550.0, 6954700.0 ], [ 58540.0, 6954710.0 ], [ 58530.0, 6954700.0 ], [ 58520.0, 6954700.0 ], [ 58510.0, 6954710.0 ], [ 58500.0, 6954700.0 ], [ 58490.0, 6954690.0 ], [ 58480.0, 6954680.0 ], [ 58470.0, 6954670.0 ] ] } },
{ "type": "Feature", "properties": { "fid": 72, "Width": 1.549, "Depth": 1.836 }, "geometry": { "type": "LineString", "coordinates": [ [ 58470.0, 6954670.0 ], [ 58460.0, 6954670.0 ], [ 58450.0, 6954680.0 ], [ 58440.0, 6954690.0 ], [ 58430.0, 6954700.0 ], [ 58420.0, 6954700.0 ], [ 58410.0, 6954700.0 ], [ 58400.0, 6954700.0 ], [ 58390.0, 6954690.0 ], [ 58380.0, 6954700.0 ], [ 58370.0, 6954690.0 ], [ 58360.0, 6954680.0 ], [ 58350.0, 6954670.0 ], [ 58340.0, 6954660.0 ], [ 58330.0, 6954670.0 ], [ 58330.0, 6954680.0 ], [ 58320.0, 6954690.0 ], [ 58310.0, 6954690.0 ], [ 58300.0, 6954680.0 ], [ 58290.0, 6954680.0 ], [ 58280.0, 6954680.0 ], [ 58270.0, 6954690.0 ], [ 58260.0, 6954690.0 ], [ 58250.0, 6954700.0 ], [ 58240.0, 6954710.0 ], [ 58230.0, 6954720.0 ], [ 58220.0, 6954720.0 ], [ 58210.0, 6954730.0 ], [ 58200.0, 6954740.0 ], [ 58190.0, 6954740.0 ], [ 58180.0, 6954740.0 ], [ 58170.0, 6954750.0 ], [ 58160.0, 6954750.0 ], [ 58150.0, 6954760.0 ], [ 58140.0, 6954760.0 ], [ 58130.0, 6954750.0 ], [ 58120.0, 6954760.0 ], [ 58110.0, 6954750.0 ], [ 58100.0, 6954740.0 ], [ 58090.0, 6954730.0 ], [ 58080.0, 6954730.0 ], [ 58070.0, 6954730.0 ], [ 58060.0, 6954730.0 ], [ 58050.0, 6954730.0 ], [ 58040.0, 6954730.0 ], [ 58030.0, 6954730.0 ], [ 58020.0, 6954730.0 ], [ 58010.0, 6954730.0 ], [ 58000.0, 6954730.0 ], [ 57990.0, 6954730.0 ], [ 57980.0, 6954730.0 ], [ 57970.0, 6954730.0 ], [ 57960.0, 6954730.0 ], [ 57950.0, 6954730.0 ], [ 57940.0, 6954730.0 ], [ 57930.0, 6954730.0 ], [ 57920.0, 6954720.0 ], [ 57910.0, 6954720.0 ], [ 57900.0, 6954710.0 ], [ 57890.0, 6954700.0 ], [ 57880.0, 6954700.0 ], [ 57870.0, 6954700.0 ], [ 57860.0, 6954690.0 ], [ 57850.0, 6954690.0 ], [ 57840.0, 6954680.0 ], [ 57830.0, 6954680.0 ], [ 57820.0, 6954680.0 ], [ 57810.0, 6954680.0 ], [ 57800.0, 6954680.0 ], [ 57790.0, 6954680.0 ], [ 57780.0, 6954680.0 ], [ 57770.0, 6954670.0 ], [ 57760.0, 6954670.0 ], [ 57750.0, 6954660.0 ], [ 57740.0, 6954660.0 ], [ 57730.0, 6954650.0 ], [ 57720.0, 6954650.0 ], [ 57710.0, 6954660.0 ] ] } },
{ "type": "Feature", "properties": { "fid": 73, "Width": 1.334, "Depth": 2.475 }, "geometry": { "type": "LineString", "coordinates": [ [ 58700.0, 6956740.0 ], [ 58690.0, 6956740.0 ], [ 58680.0, 6956740.0 ], [ 58670.0, 6956750.0 ], [ 58660.0, 6956750.0 ], [ 58650.0, 6956750.0 ], [ 58640.0, 6956750.0 ], [ 58630.0, 6956740.0 ], [ 58620.0, 6956740.0 ], [ 58610.0, 6956740.0 ], [ 58600.0, 6956740.0 ], [ 58590.0, 6956730.0 ], [ 58580.0, 6956740.0 ] ] } },
{ "type": "Feature", "properties": { "fid": 74, "Width": 1.544, "Depth": 2.479 }, "geometry": { "type": "LineString", "coordinates": [ [ 58090.0, 6956980.0 ], [ 58080.0, 6956970.0 ], [ 58070.0, 6956960.0 ], [ 58060.0, 6956950.0 ], [ 58060.0, 6956940.0 ], [ 58060.0, 6956930.0 ], [ 58060.0, 6956920.0 ], [ 58060.0, 6956910.0 ], [ 58070.0, 6956900.0 ], [ 58060.0, 6956890.0 ], [ 58050.0, 6956880.0 ], [ 58050.0, 6956870.0 ], [ 58050.0, 6956860.0 ], [ 58050.0, 6956850.0 ], [ 58060.0, 6956840.0 ], [ 58070.0, 6956830.0 ], [ 58080.0, 6956820.0 ], [ 58090.0, 6956810.0 ], [ 58100.0, 6956800.0 ], [ 58110.0, 6956790.0 ], [ 58120.0, 6956780.0 ], [ 58130.0, 6956770.0 ], [ 58140.0, 6956760.0 ], [ 58150.0, 6956750.0 ], [ 58160.0, 6956750.0 ], [ 58170.0, 6956750.0 ], [ 58180.0, 6956740.0 ], [ 58190.0, 6956730.0 ], [ 58200.0, 6956720.0 ], [ 58210.0, 6956710.0 ], [ 58220.0, 6956700.0 ], [ 58230.0, 6956690.0 ], [ 58240.0, 6956680.0 ], [ 58250.0, 6956670.0 ], [ 58260.0, 6956660.0 ], [ 58270.0, 6956650.0 ], [ 58280.0, 6956640.0 ] ] } },
{ "type": "Feature", "properties": { "fid": 75, "Width": 1.7, "Depth": 1.209 }, "geometry": { "type": "LineString", "coordinates": [ [ 58580.0, 6956740.0 ], [ 58570.0, 6956730.0 ], [ 58560.0, 6956730.0 ], [ 58550.0, 6956730.0 ], [ 58540.0, 6956730.0 ], [ 58530.0, 6956730.0 ], [ 58520.0, 6956740.0 ], [ 58510.0, 6956730.0 ], [ 58500.0, 6956740.0 ], [ 58490.0, 6956730.0 ], [ 58480.0, 6956730.0 ], [ 58470.0, 6956730.0 ], [ 58460.0, 6956720.0 ], [ 58450.0, 6956720.0 ], [ 58440.0, 6956720.0 ], [ 58430.0, 6956710.0 ], [ 58420.0, 6956710.0 ], [ 58410.0, 6956700.0 ], [ 58400.0, 6956700.0 ], [ 58390.0, 6956690.0 ], [ 58380.0, 6956690.0 ], [ 58370.0, 6956690.0 ], [ 58360.0, 6956680.0 ], [ 58350.0, 6956680.0 ], [ 58340.0, 6956670.0 ], [ 58330.0, 6956670.0 ], [ 58320.0, 6956660.0 ], [ 58310.0, 6956660.0 ], [ 58300.0, 6956650.0 ], [ 58290.0, 6956640.0 ], [ 58280.0, 6956640.0 ] ] } },
{ "type": "Feature", "properties": { "fid": 76, "Width": 1.247, "Depth": 4.07 }, "geometry": { "type": "LineString", "coordinates": [ [ 57920.0, 6954080.0 ], [ 57910.0, 6954090.0 ], [ 57900.0, 6954100.0 ], [ 57890.0, 6954110.0 ], [ 57890.0, 6954120.0 ], [ 57900.0, 6954130.0 ], [ 57890.0, 6954140.0 ], [ 57890.0, 6954150.0 ], [ 57880.0, 6954160.0 ], [ 57880.0, 6954170.0 ], [ 57870.0, 6954180.0 ], [ 57870.0, 6954190.0 ], [ 57870.0, 6954200.0 ], [ 57860.0, 6954210.0 ], [ 57850.0, 6954220.0 ], [ 57840.0, 6954230.0 ], [ 57840.0, 6954240.0 ], [ 57830.0, 6954250.0 ], [ 57820.0, 6954260.0 ], [ 57820.0, 6954270.0 ], [ 57810.0, 6954280.0 ], [ 57810.0, 6954290.0 ], [ 57800.0, 6954300.0 ], [ 57790.0, 6954310.0 ], [ 57780.0, 6954320.0 ], [ 57770.0, 6954330.0 ], [ 57760.0, 6954340.0 ], [ 57750.0, 6954350.0 ], [ 57740.0, 6954360.0 ], [ 57730.0, 6954370.0 ], [ 57720.0, 6954380.0 ], [ 57710.0, 6954390.0 ], [ 57700.0, 6954400.0 ], [ 57690.0, 6954410.0 ], [ 57680.0, 6954420.0 ], [ 57670.0, 6954430.0 ], [ 57660.0, 6954440.0 ], [ 57650.0, 6954450.0 ], [ 57640.0, 6954450.0 ], [ 57630.0, 6954450.0 ], [ 57620.0, 6954460.0 ] ] } },
{ "type": "Feature", "properties": { "fid": 77, "Width": 0.223, "Depth": 2.666 }, "geometry": { "type": "LineString", "coordinates": [ [ 57730.0, 6954090.0 ], [ 57730.0, 6954100.0 ], [ 57720.0, 6954110.0 ], [ 57720.0, 6954120.0 ], [ 57720.0, 6954130.0 ], [ 57710.0, 6954140.0 ], [ 57700.0, 6954150.0 ], [ 57690.0, 6954160.0 ], [ 57680.0, 6954170.0 ], [ 57670.0, 6954180.0 ], [ 57660.0, 6954190.0 ], [ 57650.0, 6954200.0 ], [ 57640.0, 6954210.0 ], [ 57630.0, 6954220.0 ], [ 57620.0, 6954230.0 ], [ 57610.0, 6954240.0 ], [ 57600.0, 6954250.0 ], [ 57590.0, 6954260.0 ], [ 57590.0, 6954270.0 ], [ 57590.0, 6954280.0 ], [ 57580.0, 6954290.0 ], [ 57570.0, 6954300.0 ], [ 57560.0, 6954310.0 ], [ 57560.0, 6954320.0 ], [ 57550.0, 6954330.0 ], [ 57550.0, 6954340.0 ], [ 57550.0, 6954350.0 ], [ 57560.0, 6954360.0 ], [ 57570.0, 6954370.0 ], [ 57580.0, 6954380.0 ], [ 57590.0, 6954390.0 ], [ 57600.0, 6954400.0 ], [ 57600.0, 6954410.0 ], [ 57610.0, 6954420.0 ], [ 57620.0, 6954430.0 ], [ 57620.0, 6954440.0 ], [ 57620.0, 6954450.0 ], [ 57620.0, 6954460.0 ] ] } },
{ "type": "Feature", "properties": { "fid": 78, "Width": 1.001, "Depth": 4.289 }, "geometry": { "type": "LineString", "coordinates": [ [ 58100.0, 6956730.0 ], [ 58110.0, 6956730.0 ], [ 58120.0, 6956730.0 ], [ 58130.0, 6956720.0 ], [ 58140.0, 6956710.0 ], [ 58150.0, 6956700.0 ], [ 58160.0, 6956690.0 ], [ 58170.0, 6956680.0 ], [ 58180.0, 6956670.0 ], [ 58190.0, 6956660.0 ], [ 58200.0, 6956650.0 ], [ 58210.0, 6956640.0 ], [ 58220.0, 6956630.0 ], [ 58230.0, 6956620.0 ], [ 58240.0, 6956610.0 ] ] } },
{ "type": "Feature", "properties": { "fid": 79, "Width": 0.201, "Depth": 4.401 }, "geometry": { "type": "LineString", "coordinates": [ [ 57820.0, 6954440.0 ], [ 57810.0, 6954440.0 ], [ 57800.0, 6954450.0 ], [ 57790.0, 6954450.0 ], [ 57780.0, 6954460.0 ], [ 57770.0, 6954470.0 ], [ 57760.0, 6954480.0 ], [ 57750.0, 6954480.0 ], [ 57740.0, 6954490.0 ], [ 57730.0, 6954490.0 ], [ 57720.0, 6954490.0 ], [ 57710.0, 6954500.0 ], [ 57700.0, 6954500.0 ], [ 57690.0, 6954510.0 ], [ 57680.0, 6954520.0 ], [ 57680.0, 6954530.0 ], [ 57670.0, 6954540.0 ], [ 57670.0, 6954550.0 ], [ 57660.0, 6954560.0 ], [ 57650.0, 6954570.0 ], [ 57640.0, 6954580.0 ] ] } },
{ "type": "Feature", "properties": { "fid": 80, "Width": 0.845, "Depth": 1.848 }, "geometry": { "type": "LineString", "coordinates": [ [ 58240.0, 6956610.0 ], [ 58230.0, 6956600.0 ], [ 58220.0, 6956590.0 ], [ 58210.0, 6956580.0 ], [ 58200.0, 6956580.0 ], [ 58190.0, 6956580.0 ], [ 58180.0, 6956570.0 ], [ 58170.0, 6956570.0 ], [ 58160.0, 6956560.0 ] ] } },
{ "type": "Feature", "properties": { "fid": 81, "Width": 0.844, "Depth": 3.629 }, "geometry": { "type": "LineString", "coordinates": [ [ 57600.0, 6954490.0 ], [ 57610.0, 6954500.0 ], [ 57610.0, 6954510.0 ], [ 57610.0, 6954520.0 ], [ 57610.0, 6954530.0 ], [ 57610.0, 6954540.0 ], [ 57620.0, 6954550.0 ], [ 57620.0, 6954560.0 ], [ 57630.0, 6954570.0 ], [ 57640.0, 6954580.0 ] ] } },
{ "type": "Feature", "properties": { "fid": 82, "Width": 0.179, "Depth": 2.889 }, "geometry": { "type": "LineString", "coordinates": [ [ 58140.0, 6956530.0 ], [ 58130.0, 6956520.0 ], [ 58130.0, 6956510.0 ], [ 58120.0, 6956500.0 ], [ 58120.0, 6956490.0 ], [ 58110.0, 6956480.0 ], [ 58100.0, 6956480.0 ], [ 58090.0, 6956470.0 ], [ 58080.0, 6956460.0 ], [ 58070.0, 6956460.0 ], [ 58060.0, 6956460.0 ], [ 58050.0, 6956450.0 ], [ 58040.0, 6956450.0 ], [ 58030.0, 6956450.0 ], [ 58020.0, 6956450.0 ], [ 58010.0, 6956450.0 ], [ 58000.0, 6956450.0 ], [ 57990.0, 6956440.0 ], [ 57980.0, 6956440.0 ], [ 57970.0, 6956440.0 ], [ 57960.0, 6956440.0 ], [ 57950.0, 6956440.0 ], [ 57940.0, 6956440.0 ], [ 57930.0, 6956440.0 ], [ 57920.0, 6956440.0 ], [ 57910.0, 6956430.0 ], [ 57900.0, 6956430.0 ], [ 57890.0, 6956430.0 ], [ 57880.0, 6956420.0 ], [ 57870.0, 6956420.0 ], [ 57860.0, 6956420.0 ], [ 57850.0, 6956410.0 ], [ 57840.0, 6956410.0 ], [ 57830.0, 6956400.0 ], [ 57820.0, 6956400.0 ], [ 57810.0, 6956390.0 ], [ 57800.0, 6956380.0 ], [ 57790.0, 6956380.0 ], [ 57780.0, 6956370.0 ], [ 57770.0, 6956370.0 ], [ 57760.0, 6956360.0 ], [ 57750.0, 6956360.0 ], [ 57740.0, 6956350.0 ], [ 57730.0, 6956340.0 ], [ 57720.0, 6956330.0 ], [ 57710.0, 6956320.0 ], [ 57700.0, 6956320.0 ], [ 57690.0, 6956320.0 ], [ 57680.0, 6956310.0 ], [ 57680.0, 6956300.0 ], [ 57670.0, 6956290.0 ], [ 57660.0, 6956290.0 ], [ 57650.0, 6956280.0 ], [ 57640.0, 6956270.0 ], [ 57630.0, 6956260.0 ], [ 57630.0, 6956250.0 ], [ 57620.0, 6956240.0 ], [ 57610.0, 6956230.0 ], [ 57600.0, 6956230.0 ], [ 57590.0, 6956220.0 ] ] } },
{ "type": "Feature", "properties": { "fid": 83, "Width": 0.73, "Depth": 4.521 }, "geometry": { "type": "LineString", "coordinates": [ [ 57640.0, 6954580.0 ], [ 57640.0, 6954590.0 ], [ 57650.0, 6954600.0 ], [ 57660.0, 6954610.0 ], [ 57670.0, 6954620.0 ], [ 57680.0, 6954630.0 ], [ 57690.0, 6954640.0 ], [ 57700.0, 6954640.0 ], [ 57710.0, 6954650.0 ], [ 57710.0, 6954660.0 ] ] } },
{ "type": "Feature", "properties": { "fid": 84, "Width": 0.266, "Depth": 1.863 }, "geometry": { "type": "LineString", "coordinates": [ [ 57710.0, 6954660.0 ], [ 57700.0, 6954670.0 ], [ 57700.0, 6954680.0 ], [ 57700.0, 6954690.0 ], [ 57700.0, 6954700.0 ], [ 57700.0, 6954710.0 ], [ 57700.0, 6954720.0 ], [ 57690.0, 6954730.0 ], [ 57680.0, 6954740.0 ], [ 57680.0, 6954750.0 ], [ 57680.0, 6954760.0 ], [ 57670.0, 6954770.0 ], [ 57670.0, 6954780.0 ], [ 57660.0, 6954790.0 ], [ 57650.0, 6954800.0 ], [ 57650.0, 6954810.0 ], [ 57650.0, 6954820.0 ], [ 57650.0, 6954830.0 ], [ 57640.0, 6954840.0 ], [ 57640.0, 6954850.0 ], [ 57630.0, 6954860.0 ], [ 57620.0, 6954870.0 ], [ 57620.0, 6954880.0 ], [ 57610.0, 6954890.0 ], [ 57610.0, 6954900.0 ], [ 57600.0, 6954910.0 ], [ 57590.0, 6954920.0 ], [ 57580.0, 6954930.0 ], [ 57580.0, 6954940.0 ], [ 57570.0, 6954950.0 ], [ 57560.0, 6954960.0 ], [ 57550.0, 6954970.0 ], [ 57540.0, 6954980.0 ], [ 57530.0, 6954990.0 ], [ 57520.0, 6955000.0 ], [ 57510.0, 6955010.0 ], [ 57500.0, 6955020.0 ], [ 57490.0, 6955030.0 ], [ 57480.0, 6955040.0 ], [ 57470.0, 6955050.0 ], [ 57460.0, 6955060.0 ], [ 57450.0, 6955070.0 ], [ 57440.0, 6955080.0 ], [ 57430.0, 6955090.0 ], [ 57420.0, 6955100.0 ], [ 57410.0, 6955110.0 ], [ 57410.0, 6955120.0 ], [ 57410.0, 6955130.0 ], [ 57400.0, 6955140.0 ], [ 57390.0, 6955150.0 ], [ 57380.0, 6955160.0 ], [ 57370.0, 6955170.0 ], [ 57360.0, 6955180.0 ], [ 57350.0, 6955190.0 ], [ 57340.0, 6955200.0 ], [ 57330.0, 6955210.0 ], [ 57320.0, 6955220.0 ], [ 57310.0, 6955230.0 ], [ 57300.0, 6955240.0 ], [ 57290.0, 6955250.0 ], [ 57280.0, 6955260.0 ], [ 57270.0, 6955270.0 ], [ 57260.0, 6955280.0 ], [ 57250.0, 6955290.0 ], [ 57240.0, 6955300.0 ], [ 57230.0, 6955310.0 ], [ 57220.0, 6955310.0 ], [ 57210.0, 6955310.0 ], [ 57200.0, 6955320.0 ], [ 57190.0, 6955330.0 ], [ 57180.0, 6955340.0 ], [ 57170.0, 6955350.0 ], [ 57170.0, 6955360.0 ], [ 57160.0, 6955370.0 ], [ 57150.0, 6955380.0 ], [ 57150.0, 6955390.0 ], [ 57140.0, 6955400.0 ], [ 57130.0, 6955410.0 ], [ 57120.0, 6955420.0 ], [ 57120.0, 6955430.0 ] ] } },
{ "type": "Feature", "properties": { "fid": 85, "Width": 1.626, "Depth": 3.711 }, "geometry": { "type": "LineString", "coordinates": [ [ 57050.0, 6954850.0 ], [ 57060.0, 6954860.0 ], [ 57070.0, 6954870.0 ], [ 57060.0, 6954880.0 ], [ 57050.0, 6954890.0 ], [ 57050.0, 6954900.0 ], [ 57040.0, 6954910.0 ], [ 57040.0, 6954920.0 ], [ 57040.0, 6954930.0 ], [ 57050.0, 6954940.0 ], [ 57060.0, 6954950.0 ], [ 57070.0, 6954960.0 ], [ 57070.0, 6954970.0 ], [ 57080.0, 6954980.0 ], [ 57080.0, 6954990.0 ], [ 57080.0, 6955000.0 ], [ 57090.0, 6955010.0 ], [ 57100.0, 6955020.0 ], [ 57110.0, 6955030.0 ], [ 57100.0, 6955040.0 ], [ 57110.0, 6955050.0 ], [ 57120.0, 6955060.0 ], [ 57130.0, 6955070.0 ], [ 57140.0, 6955080.0 ], [ 57150.0, 6955090.0 ], [ 57160.0, 6955100.0 ], [ 57160.0, 6955110.0 ], [ 57170.0, 6955120.0 ], [ 57160.0, 6955130.0 ], [ 57160.0, 6955140.0 ], [ 57170.0, 6955150.0 ], [ 57160.0, 6955160.0 ], [ 57150.0, 6955170.0 ], [ 57140.0, 6955180.0 ], [ 57130.0, 6955190.0 ], [ 57140.0, 6955200.0 ], [ 57140.0, 6955210.0 ], [ 57140.0, 6955220.0 ] ] } },
{ "type": "Feature", "properties": { "fid": 86, "Width": 1.898, "Depth": 3.431 }, "geometry": { "type": "LineString", "coordinates": [ [ 57310.0, 6955090.0 ], [ 57300.0, 6955100.0 ], [ 57290.0, 6955100.0 ], [ 57280.0, 6955110.0 ], [ 57270.0, 6955120.0 ], [ 57260.0, 6955120.0 ], [ 57250.0, 6955130.0 ], [ 57240.0, 6955140.0 ], [ 57230.0, 6955150.0 ], [ 57220.0, 6955140.0 ], [ 57210.0, 6955150.0 ], [ 57200.0, 6955160.0 ], [ 57190.0, 6955170.0 ], [ 57180.0, 6955180.0 ], [ 57170.0, 6955190.0 ], [ 57160.0, 6955200.0 ], [ 57150.0, 6955210.0 ], [ 57140.0, 6955220.0 ] ] } },
{ "type": "Feature", "properties": { "fid": 87, "Width": 0.191, "Depth": 2.181 }, "geometry": { "type": "LineString", "coordinates": [ [ 57340.0, 6956230.0 ], [ 57350.0, 6956220.0 ], [ 57360.0, 6956210.0 ], [ 57370.0, 6956200.0 ], [ 57380.0, 6956200.0 ], [ 57390.0, 6956200.0 ], [ 57400.0, 6956190.0 ], [ 57410.0, 6956200.0 ], [ 57420.0, 6956200.0 ], [ 57430.0, 6956200.0 ], [ 57440.0, 6956200.0 ], [ 57450.0, 6956190.0 ], [ 57460.0, 6956190.0 ], [ 57470.0, 6956180.0 ] ] } },
{ "type": "Feature", "properties": { "fid": 88, "Width": 1.912, "Depth": 1.546 }, "geometry": { "type": "LineString", "coordinates": [ [ 57590.0, 6956220.0 ], [ 57580.0, 6956220.0 ], [ 57570.0, 6956220.0 ], [ 57560.0, 6956220.0 ], [ 57550.0, 6956220.0 ], [ 57540.0, 6956220.0 ], [ 57530.0, 6956210.0 ], [ 57520.0, 6956210.0 ], [ 57510.0, 6956210.0 ], [ 57500.0, 6956200.0 ], [ 57490.0, 6956200.0 ], [ 57480.0, 6956190.0 ], [ 57470.0, 6956180.0 ] ] } },
{ "type": "Feature", "properties": { "fid": 89, "Width": 1.069, "Depth": 3.607 }, "geometry": { "type": "LineString", "coordinates": [ [ 57140.0, 6955220.0 ], [ 57150.0, 6955230.0 ], [ 57140.0, 6955240.0 ], [ 57130.0, 6955250.0 ], [ 57120.0, 6955260.0 ], [ 57120.0, 6955270.0 ], [ 57110.0, 6955280.0 ], [ 57120.0, 6955290.0 ], [ 57110.0, 6955300.0 ], [ 57100.0, 6955310.0 ], [ 57110.0, 6955320.0 ], [ 57120.0, 6955330.0 ], [ 57110.0, 6955340.0 ], [ 57100.0, 6955340.0 ], [ 57090.0, 6955350.0 ], [ 57080.0, 6955360.0 ], [ 57080.0, 6955370.0 ], [ 57080.0, 6955380.0 ], [ 57070.0, 6955390.0 ], [ 57070.0, 6955400.0 ], [ 57080.0, 6955410.0 ], [ 57090.0, 6955400.0 ], [ 57100.0, 6955400.0 ], [ 57110.0, 6955410.0 ], [ 57110.0, 6955420.0 ], [ 57120.0, 6955430.0 ] ] } },
{ "type": "Feature", "properties": { "fid": 90, "Width": 0.634, "Depth": 3.954 }, "geometry": { "type": "LineString", "coordinates": [ [ 57470.0, 6956180.0 ], [ 57470.0, 6956170.0 ], [ 57470.0, 6956160.0 ], [ 57460.0, 6956150.0 ], [ 57460.0, 6956140.0 ], [ 57450.0, 6956130.0 ], [ 57440.0, 6956120.0 ], [ 57430.0, 6956120.0 ], [ 57420.0, 6956110.0 ], [ 57410.0, 6956110.0 ], [ 57400.0, 6956110.0 ], [ 57390.0, 6956110.0 ], [ 57380.0, 6956110.0 ], [ 57370.0, 6956110.0 ], [ 57360.0, 6956110.0 ], [ 57350.0, 6956110.0 ], [ 57340.0, 6956110.0 ], [ 57330.0, 6956110.0 ], [ 57320.0, 6956100.0 ] ] } },
{ "type": "Feature", "properties": { "fid": 91, "Width": 0.2, "Depth": 2.263 }, "geometry": { "type": "LineString", "coordinates": [ [ 56890.0, 6955400.0 ], [ 56900.0, 6955400.0 ], [ 56910.0, 6955410.0 ], [ 56920.0, 6955420.0 ], [ 56930.0, 6955420.0 ], [ 56940.0, 6955420.0 ], [ 56950.0, 6955410.0 ], [ 56960.0, 6955410.0 ], [ 56970.0, 6955410.0 ], [ 56980.0, 6955420.0 ], [ 56990.0, 6955430.0 ], [ 57000.0, 6955440.0 ], [ 57010.0, 6955440.0 ], [ 57020.0, 6955430.0 ], [ 57030.0, 6955420.0 ], [ 57040.0, 6955410.0 ], [ 57050.0, 6955420.0 ], [ 57060.0, 6955430.0 ], [ 57070.0, 6955420.0 ], [ 57080.0, 6955420.0 ], [ 57090.0, 6955420.0 ], [ 57100.0, 6955430.0 ], [ 57110.0, 6955440.0 ], [ 57120.0, 6955450.0 ] ] } },
{ "type": "Feature", "properties": { "fid": 92, "Width": 1.026, "Depth": 3.579 }, "geometry": { "type": "LineString", "coordinates": [ [ 57320.0, 6956100.0 ], [ 57310.0, 6956100.0 ], [ 57300.0, 6956090.0 ], [ 57290.0, 6956080.0 ], [ 57280.0, 6956080.0 ], [ 57270.0, 6956070.0 ], [ 57260.0, 6956070.0 ], [ 57250.0, 6956060.0 ], [ 57240.0, 6956060.0 ], [ 57230.0, 6956050.0 ], [ 57220.0, 6956050.0 ], [ 57210.0, 6956050.0 ], [ 57200.0, 6956050.0 ], [ 57190.0, 6956050.0 ], [ 57180.0, 6956050.0 ], [ 57170.0, 6956050.0 ], [ 57160.0, 6956050.0 ], [ 57150.0, 6956050.0 ], [ 57140.0, 6956050.0 ], [ 57130.0, 6956050.0 ], [ 57120.0, 6956050.0 ], [ 57110.0, 6956040.0 ], [ 57100.0, 6956040.0 ], [ 57090.0, 6956040.0 ], [ 57080.0, 6956040.0 ], [ 57070.0, 6956030.0 ], [ 57060.0, 6956030.0 ], [ 57050.0, 6956030.0 ], [ 57040.0, 6956030.0 ], [ 57030.0, 6956030.0 ], [ 57020.0, 6956030.0 ], [ 57010.0, 6956030.0 ], [ 57000.0, 6956030.0 ] ] } },
{ "type": "Feature", "properties": { "fid": 93, "Width": 1.599, "Depth": 2.581 }, "geometry": { "type": "LineString", "coordinates": [ [ 56570.0, 6954670.0 ], [ 56570.0, 6954680.0 ], [ 56570.0, 6954690.0 ], [ 56560.0, 6954700.0 ], [ 56560.0, 6954710.0 ], [ 56560.0, 6954720.0 ], [ 56570.0, 6954730.0 ], [ 56570.0, 6954740.0 ], [ 56580.0, 6954750.0 ], [ 56590.0, 6954760.0 ], [ 56590.0, 6954770.0 ], [ 56590.0, 6954780.0 ], [ 56590.0, 6954790.0 ], [ 56600.0, 6954800.0 ], [ 56600.0, 6954810.0 ], [ 56590.0, 6954820.0 ], [ 56600.0, 6954830.0 ], [ 56590.0, 6954840.0 ], [ 56600.0, 6954850.0 ], [ 56610.0, 6954860.0 ], [ 56620.0, 6954870.0 ], [ 56630.0, 6954880.0 ], [ 56640.0, 6954890.0 ], [ 56640.0, 6954900.0 ], [ 56640.0, 6954910.0 ], [ 56640.0, 6954920.0 ], [ 56650.0, 6954930.0 ], [ 56640.0, 6954940.0 ], [ 56630.0, 6954950.0 ], [ 56630.0, 6954960.0 ], [ 56640.0, 6954970.0 ], [ 56630.0, 6954980.0 ], [ 56640.0, 6954990.0 ], [ 56640.0, 6955000.0 ], [ 56650.0, 6955010.0 ], [ 56640.0, 6955020.0 ], [ 56630.0, 6955030.0 ], [ 56630.0, 6955040.0 ], [ 56640.0, 6955050.0 ], [ 56630.0, 6955060.0 ], [ 56630.0, 6955070.0 ], [ 56630.0, 6955080.0 ], [ 56630.0, 6955090.0 ], [ 56620.0, 6955100.0 ], [ 56610.0, 6955110.0 ], [ 56600.0, 6955120.0 ], [ 56590.0, 6955130.0 ], [ 56580.0, 6955140.0 ], [ 56590.0, 6955150.0 ], [ 56590.0, 6955160.0 ] ] } },
{ "type": "Feature", "properties": { "fid": 94, "Width": 1.429, "Depth": 3.853 }, "geometry": { "type": "LineString", "coordinates": [ [ 56530.0, 6956190.0 ], [ 56530.0, 6956180.0 ], [ 56520.0, 6956170.0 ], [ 56520.0, 6956160.0 ], [ 56520.0, 6956150.0 ], [ 56520.0, 6956140.0 ], [ 56520.0, 6956130.0 ], [ 56520.0, 6956120.0 ], [ 56520.0, 6956110.0 ], [ 56510.0, 6956100.0 ], [ 56520.0, 6956090.0 ], [ 56530.0, 6956080.0 ], [ 56520.0, 6956070.0 ], [ 56530.0, 6956060.0 ], [ 56540.0, 6956050.0 ], [ 56550.0, 6956040.0 ], [ 56550.0, 6956030.0 ], [ 56540.0, 6956020.0 ], [ 56550.0, 6956010.0 ], [ 56550.0, 6956000.0 ], [ 56560.0, 6955990.0 ], [ 56570.0, 6955980.0 ], [ 56570.0, 6955970.0 ], [ 56570.0, 6955960.0 ], [ 56570.0, 6955950.0 ], [ 56570.0, 6955940.0 ], [ 56580.0, 6955930.0 ], [ 56590.0, 6955920.0 ], [ 56590.0, 6955910.0 ], [ 56600.0, 6955900.0 ], [ 56610.0, 6955890.0 ], [ 56610.0, 6955880.0 ], [ 56610.0, 6955870.0 ], [ 56600.0, 6955860.0 ], [ 56600.0, 6955850.0 ], [ 56600.0, 6955840.0 ], [ 56590.0, 6955830.0 ], [ 56580.0, 6955820.0 ], [ 56590.0, 6955810.0 ], [ 56590.0, 6955800.0 ], [ 56590.0, 6955790.0 ], [ 56590.0, 6955780.0 ], [ 56580.0, 6955770.0 ], [ 56580.0, 6955760.0 ], [ 56580.0, 6955750.0 ], [ 56590.0, 6955740.0 ], [ 56600.0, 6955730.0 ], [ 56610.0, 6955730.0 ], [ 56620.0, 6955720.0 ], [ 56630.0, 6955710.0 ], [ 56640.0, 6955720.0 ], [ 56650.0, 6955720.0 ], [ 56660.0, 6955720.0 ], [ 56670.0, 6955730.0 ], [ 56680.0, 6955730.0 ], [ 56690.0, 6955720.0 ], [ 56700.0, 6955710.0 ], [ 56690.0, 6955700.0 ], [ 56700.0, 6955690.0 ], [ 56710.0, 6955680.0 ], [ 56720.0, 6955670.0 ], [ 56710.0, 6955660.0 ] ] } },
{ "type": "Feature", "properties": { "fid": 95, "Width": 0.148, "Depth": 1.797 }, "geometry": { "type": "LineString", "coordinates": [ [ 56690.0, 6956140.0 ], [ 56700.0, 6956140.0 ], [ 56710.0, 6956140.0 ], [ 56720.0, 6956130.0 ], [ 56730.0, 6956140.0 ], [ 56740.0, 6956130.0 ], [ 56740.0, 6956120.0 ], [ 56750.0, 6956110.0 ], [ 56760.0, 6956100.0 ], [ 56770.0, 6956100.0 ], [ 56780.0, 6956090.0 ], [ 56790.0, 6956080.0 ], [ 56800.0, 6956070.0 ], [ 56810.0, 6956060.0 ], [ 56820.0, 6956050.0 ], [ 56830.0, 6956040.0 ], [ 56840.0, 6956030.0 ], [ 56850.0, 6956020.0 ], [ 56860.0, 6956010.0 ], [ 56870.0, 6956000.0 ], [ 56880.0, 6955990.0 ], [ 56870.0, 6955980.0 ] ] } },
{ "type": "Feature", "properties": { "fid": 96, "Width": 0.192, "Depth": 4.561 }, "geometry": { "type": "LineString", "coordinates": [ [ 57000.0, 6956030.0 ], [ 56990.0, 6956030.0 ], [ 56980.0, 6956030.0 ], [ 56970.0, 6956030.0 ], [ 56960.0, 6956020.0 ], [ 56950.0, 6956020.0 ], [ 56940.0, 6956020.0 ], [ 56930.0, 6956010.0 ], [ 56920.0, 6956000.0 ], [ 56910.0, 6956000.0 ], [ 56900.0, 6955990.0 ], [ 56890.0, 6955990.0 ], [ 56880.0, 6955980.0 ], [ 56870.0, 6955980.0 ] ] } },
{ "type": "Feature", "properties": { "fid": 97, "Width": 0.836, "Depth": 2.15 }, "geometry": { "type": "LineString", "coordinates": [ [ 56870.0, 6955980.0 ], [ 56860.0, 6955970.0 ], [ 56850.0, 6955960.0 ], [ 56840.0, 6955950.0 ], [ 56830.0, 6955940.0 ], [ 56820.0, 6955930.0 ], [ 56810.0, 6955920.0 ], [ 56800.0, 6955910.0 ], [ 56790.0, 6955900.0 ], [ 56790.0, 6955890.0 ] ] } },
{ "type": "Feature", "properties": { "fid": 98, "Width": 0.626, "Depth": 2.471 }, "geometry": { "type": "LineString", "coordinates": [ [ 56680.0, 6955060.0 ], [ 56690.0, 6955070.0 ], [ 56690.0, 6955080.0 ], [ 56690.0, 6955090.0 ], [ 56680.0, 6955100.0 ], [ 56670.0, 6955110.0 ], [ 56660.0, 6955120.0 ], [ 56650.0, 6955130.0 ], [ 56640.0, 6955140.0 ], [ 56630.0, 6955150.0 ], [ 56620.0, 6955160.0 ], [ 56610.0, 6955160.0 ], [ 56600.0, 6955150.0 ], [ 56590.0, 6955160.0 ] ] } },
{ "type": "Feature", "properties": { "fid": 99, "Width": 0.503, "Depth": 1.232 }, "geometry": { "type": "LineString", "coordinates": [ [ 56340.0, 6954680.0 ], [ 56330.0, 6954690.0 ], [ 56330.0, 6954700.0 ], [ 56340.0, 6954710.0 ], [ 56350.0, 6954720.0 ], [ 56360.0, 6954730.0 ], [ 56370.0, 6954740.0 ], [ 56370.0, 6954750.0 ], [ 56370.0, 6954760.0 ], [ 56370.0, 6954770.0 ], [ 56370.0, 6954780.0 ], [ 56370.0, 6954790.0 ], [ 56380.0, 6954800.0 ], [ 56370.0, 6954810.0 ], [ 56370.0, 6954820.0 ], [ 56370.0, 6954830.0 ], [ 56360.0, 6954840.0 ], [ 56350.0, 6954850.0 ], [ 56340.0, 6954860.0 ], [ 56330.0, 6954870.0 ], [ 56320.0, 6954880.0 ], [ 56310.0, 6954890.0 ], [ 56300.0, 6954900.0 ], [ 56300.0, 6954910.0 ], [ 56290.0, 6954920.0 ], [ 56290.0, 6954930.0 ], [ 56280.0, 6954940.0 ], [ 56270.0, 6954950.0 ], [ 56260.0, 6954960.0 ], [ 56250.0, 6954970.0 ], [ 56240.0, 6954980.0 ], [ 56230.0, 6954990.0 ], [ 56220.0, 6955000.0 ], [ 56210.0, 6955010.0 ], [ 56200.0, 6955020.0 ], [ 56190.0, 6955030.0 ], [ 56180.0, 6955040.0 ], [ 56170.0, 6955050.0 ], [ 56180.0, 6955060.0 ], [ 56190.0, 6955070.0 ], [ 56190.0, 6955080.0 ], [ 56200.0, 6955090.0 ], [ 56200.0, 6955100.0 ], [ 56210.0, 6955110.0 ], [ 56200.0, 6955120.0 ], [ 56190.0, 6955130.0 ], [ 56180.0, 6955140.0 ], [ 56170.0, 6955150.0 ], [ 56160.0, 6955150.0 ], [ 56150.0, 6955160.0 ], [ 56140.0, 6955170.0 ], [ 56130.0, 6955180.0 ], [ 56120.0, 6955190.0 ], [ 56110.0, 6955200.0 ], [ 56100.0, 6955210.0 ], [ 56100.0, 6955220.0 ], [ 56100.0, 6955230.0 ], [ 56100.0, 6955240.0 ], [ 56110.0, 6955250.0 ], [ 56110.0, 6955260.0 ], [ 56100.0, 6955270.0 ], [ 56090.0, 6955280.0 ], [ 56080.0, 6955270.0 ], [ 56070.0, 6955270.0 ], [ 56060.0, 6955270.0 ], [ 56050.0, 6955270.0 ], [ 56040.0, 6955280.0 ], [ 56030.0, 6955280.0 ], [ 56020.0, 6955280.0 ], [ 56010.0, 6955290.0 ], [ 56000.0, 6955290.0 ], [ 55990.0, 6955290.0 ], [ 55980.0, 6955300.0 ], [ 55970.0, 6955310.0 ], [ 55960.0, 6955310.0 ], [ 55950.0, 6955300.0 ], [ 55940.0, 6955300.0 ], [ 55930.0, 6955310.0 ], [ 55920.0, 6955300.0 ], [ 55910.0, 6955290.0 ], [ 55900.0, 6955290.0 ], [ 55890.0, 6955280.0 ], [ 55880.0, 6955270.0 ], [ 55870.0, 6955280.0 ], [ 55860.0, 6955290.0 ], [ 55850.0, 6955280.0 ], [ 55840.0, 6955280.0 ], [ 55830.0, 6955290.0 ], [ 55820.0, 6955300.0 ], [ 55820.0, 6955310.0 ], [ 55830.0, 6955320.0 ], [ 55830.0, 6955330.0 ], [ 55830.0, 6955340.0 ], [ 55820.0, 6955350.0 ], [ 55810.0, 6955360.0 ], [ 55800.0, 6955370.0 ], [ 55800.0, 6955380.0 ] ] } },
{ "type": "Feature", "properties": { "fid": 100, "Width": 0.598, "Depth": 1.446 }, "geometry": { "type": "LineString", "coordinates": [ [ 56790.0, 6955890.0 ], [ 56780.0, 6955880.0 ], [ 56770.0, 6955870.0 ], [ 56770.0, 6955860.0 ], [ 56760.0, 6955850.0 ], [ 56750.0, 6955840.0 ], [ 56750.0, 6955830.0 ], [ 56750.0, 6955820.0 ], [ 56760.0, 6955810.0 ], [ 56760.0, 6955800.0 ], [ 56760.0, 6955790.0 ], [ 56770.0, 6955780.0 ], [ 56780.0, 6955770.0 ], [ 56790.0, 6955760.0 ], [ 56800.0, 6955750.0 ], [ 56810.0, 6955740.0 ], [ 56810.0, 6955730.0 ], [ 56820.0, 6955720.0 ], [ 56810.0, 6955710.0 ], [ 56800.0, 6955710.0 ], [ 56790.0, 6955700.0 ], [ 56780.0, 6955690.0 ], [ 56770.0, 6955680.0 ], [ 56760.0, 6955680.0 ], [ 56750.0, 6955670.0 ], [ 56750.0, 6955660.0 ], [ 56740.0, 6955650.0 ], [ 56730.0, 6955660.0 ], [ 56720.0, 6955660.0 ], [ 56710.0, 6955660.0 ] ] } },
{ "type": "Feature", "properties": { "fid": 101, "Width": 1.617, "Depth": 3.063 }, "geometry": { "type": "LineString", "coordinates": [ [ 56590.0, 6955160.0 ], [ 56580.0, 6955170.0 ], [ 56580.0, 6955180.0 ], [ 56570.0, 6955190.0 ], [ 56580.0, 6955200.0 ], [ 56570.0, 6955210.0 ], [ 56560.0, 6955220.0 ], [ 56570.0, 6955230.0 ], [ 56570.0, 6955240.0 ], [ 56570.0, 6955250.0 ], [ 56570.0, 6955260.0 ], [ 56570.0, 6955270.0 ], [ 56570.0, 6955280.0 ], [ 56570.0, 6955290.0 ], [ 56560.0, 6955300.0 ], [ 56560.0, 6955310.0 ], [ 56560.0, 6955320.0 ], [ 56560.0, 6955330.0 ], [ 56560.0, 6955340.0 ], [ 56560.0, 6955350.0 ], [ 56560.0, 6955360.0 ], [ 56550.0, 6955370.0 ], [ 56540.0, 6955380.0 ], [ 56530.0, 6955390.0 ], [ 56530.0, 6955400.0 ], [ 56530.0, 6955410.0 ], [ 56530.0, 6955420.0 ], [ 56520.0, 6955430.0 ], [ 56520.0, 6955440.0 ], [ 56520.0, 6955450.0 ], [ 56520.0, 6955460.0 ], [ 56520.0, 6955470.0 ], [ 56520.0, 6955480.0 ], [ 56520.0, 6955490.0 ], [ 56530.0, 6955500.0 ], [ 56530.0, 6955510.0 ], [ 56520.0, 6955520.0 ], [ 56510.0, 6955530.0 ], [ 56500.0, 6955540.0 ], [ 56490.0, 6955550.0 ], [ 56480.0, 6955560.0 ], [ 56480.0, 6955570.0 ], [ 56470.0, 6955580.0 ], [ 56470.0, 6955590.0 ], [ 56480.0, 6955600.0 ], [ 56480.0, 6955610.0 ], [ 56480.0, 6955620.0 ], [ 56470.0, 6955630.0 ], [ 56460.0, 6955630.0 ] ] } },
{ "type": "Feature", "properties": { "fid": 102, "Width": 1.862, "Depth": 2.07 }, "geometry": { "type": "LineString", "coordinates": [ [ 56710.0, 6955660.0 ], [ 56700.0, 6955660.0 ], [ 56690.0, 6955650.0 ], [ 56680.0, 6955640.0 ], [ 56670.0, 6955640.0 ], [ 56660.0, 6955650.0 ], [ 56650.0, 6955650.0 ], [ 56640.0, 6955640.0 ], [ 56630.0, 6955640.0 ], [ 56620.0, 6955640.0 ], [ 56610.0, 6955640.0 ], [ 56600.0, 6955630.0 ], [ 56600.0, 6955620.0 ], [ 56590.0, 6955610.0 ], [ 56580.0, 6955620.0 ], [ 56570.0, 6955620.0 ], [ 56560.0, 6955620.0 ], [ 56550.0, 6955620.0 ], [ 56540.0, 6955620.0 ], [ 56530.0, 6955620.0 ], [ 56520.0, 6955620.0 ], [ 56510.0, 6955630.0 ], [ 56500.0, 6955630.0 ], [ 56490.0, 6955640.0 ], [ 56480.0, 6955640.0 ], [ 56470.0, 6955640.0 ], [ 56460.0, 6955630.0 ] ] } },
{ "type": "Feature", "properties": { "fid": 103, "Width": 0.84, "Depth": 4.342 }, "geometry": { "type": "LineString", "coordinates": [ [ 56460.0, 6955630.0 ], [ 56450.0, 6955630.0 ], [ 56440.0, 6955640.0 ], [ 56430.0, 6955650.0 ], [ 56420.0, 6955650.0 ], [ 56410.0, 6955650.0 ], [ 56400.0, 6955660.0 ], [ 56390.0, 6955650.0 ], [ 56380.0, 6955660.0 ], [ 56370.0, 6955650.0 ], [ 56360.0, 6955660.0 ], [ 56350.0, 6955660.0 ], [ 56340.0, 6955660.0 ], [ 56330.0, 6955670.0 ], [ 56320.0, 6955670.0 ], [ 56310.0, 6955660.0 ], [ 56300.0, 6955660.0 ], [ 56290.0, 6955660.0 ], [ 56280.0, 6955670.0 ], [ 56270.0, 6955670.0 ], [ 56260.0, 6955670.0 ], [ 56250.0, 6955660.0 ], [ 56240.0, 6955670.0 ], [ 56230.0, 6955670.0 ], [ 56220.0, 6955680.0 ], [ 56210.0, 6955680.0 ], [ 56200.0, 6955680.0 ], [ 56190.0, 6955680.0 ], [ 56180.0, 6955680.0 ], [ 56170.0, 6955680.0 ], [ 56160.0, 6955690.0 ], [ 56150.0, 6955690.0 ], [ 56140.0, 6955690.0 ], [ 56130.0, 6955690.0 ], [ 56120.0, 6955700.0 ], [ 56110.0, 6955700.0 ], [ 56100.0, 6955710.0 ], [ 56090.0, 6955710.0 ], [ 56080.0, 6955720.0 ], [ 56070.0, 6955720.0 ], [ 56060.0, 6955730.0 ], [ 56050.0, 6955730.0 ], [ 56040.0, 6955730.0 ] ] } },
{ "type": "Feature", "properties": { "fid": 104, "Width": 1.817, "Depth": 1.059 }, "geometry": { "type": "LineString", "coordinates": [ [ 55740.0, 6955300.0 ], [ 55750.0, 6955310.0 ], [ 55740.0, 6955320.0 ], [ 55740.0, 6955330.0 ], [ 55750.0, 6955340.0 ], [ 55760.0, 6955340.0 ], [ 55770.0, 6955350.0 ], [ 55770.0, 6955360.0 ], [ 55780.0, 6955370.0 ], [ 55790.0, 6955370.0 ], [ 55800.0, 6955380.0 ] ] } },
{ "type": "Feature", "properties": { "fid": 105, "Width": 0.677, "Depth": 2.516 }, "geometry": { "type": "LineString", "coordinates": [ [ 55800.0, 6955380.0 ], [ 55810.0, 6955390.0 ], [ 55820.0, 6955400.0 ], [ 55810.0, 6955410.0 ], [ 55810.0, 6955420.0 ], [ 55820.0, 6955430.0 ], [ 55830.0, 6955440.0 ], [ 55840.0, 6955450.0 ], [ 55830.0, 6955460.0 ], [ 55820.0, 6955470.0 ], [ 55820.0, 6955480.0 ], [ 55820.0, 6955490.0 ], [ 55820.0, 6955500.0 ], [ 55830.0, 6955510.0 ], [ 55840.0, 6955520.0 ], [ 55850.0, 6955530.0 ], [ 55860.0, 6955540.0 ], [ 55870.0, 6955550.0 ], [ 55870.0, 6955560.0 ], [ 55880.0, 6955570.0 ], [ 55880.0, 6955580.0 ], [ 55870.0, 6955590.0 ], [ 55860.0, 6955600.0 ], [ 55850.0, 6955610.0 ], [ 55840.0, 6955620.0 ], [ 55830.0, 6955630.0 ], [ 55820.0, 6955640.0 ], [ 55810.0, 6955650.0 ], [ 55800.0, 6955660.0 ], [ 55790.0, 6955670.0 ], [ 55780.0, 6955680.0 ], [ 55780.0, 6955690.0 ], [ 55780.0, 6955700.0 ], [ 55770.0, 6955710.0 ], [ 55760.0, 6955720.0 ], [ 55750.0, 6955730.0 ], [ 55740.0, 6955740.0 ], [ 55730.0, 6955750.0 ], [ 55720.0, 6955750.0 ] ] } },
{ "type": "Feature", "properties": { "fid": 106, "Width": 0.979, "Depth": 2.349 }, "geometry": { "type": "LineString", "coordinates": [ [ 56040.0, 6955730.0 ], [ 56030.0, 6955730.0 ], [ 56020.0, 6955740.0 ], [ 56010.0, 6955740.0 ], [ 56000.0, 6955750.0 ], [ 55990.0, 6955750.0 ], [ 55980.0, 6955750.0 ], [ 55970.0, 6955750.0 ], [ 55960.0, 6955750.0 ], [ 55950.0, 6955750.0 ], [ 55940.0, 6955750.0 ], [ 55930.0, 6955750.0 ], [ 55920.0, 6955740.0 ], [ 55910.0, 6955740.0 ], [ 55900.0, 6955740.0 ], [ 55890.0, 6955740.0 ], [ 55880.0, 6955750.0 ], [ 55870.0, 6955750.0 ], [ 55860.0, 6955750.0 ], [ 55850.0, 6955750.0 ], [ 55840.0, 6955760.0 ], [ 55830.0, 6955750.0 ], [ 55820.0, 6955750.0 ], [ 55810.0, 6955750.0 ], [ 55800.0, 6955760.0 ], [ 55790.0, 6955760.0 ], [ 55780.0, 6955760.0 ], [ 55770.0, 6955760.0 ], [ 55760.0, 6955760.0 ], [ 55750.0, 6955760.0 ], [ 55740.0, 6955760.0 ], [ 55730.0, 6955760.0 ], [ 55720.0, 6955750.0 ] ] } },
{ "type": "Feature", "properties": { "fid": 107, "Width": 0.491, "Depth": 1.077 }, "geometry": { "type": "LineString", "coordinates": [ [ 55340.0, 6956050.0 ], [ 55340.0, 6956040.0 ], [ 55340.0, 6956030.0 ], [ 55350.0, 6956020.0 ], [ 55350.0, 6956010.0 ], [ 55350.0, 6956000.0 ], [ 55350.0, 6955990.0 ], [ 55350.0, 6955980.0 ], [ 55360.0, 6955970.0 ], [ 55370.0, 6955970.0 ], [ 55380.0, 6955960.0 ], [ 55380.0, 6955950.0 ], [ 55390.0, 6955940.0 ], [ 55400.0, 6955930.0 ], [ 55410.0, 6955920.0 ], [ 55420.0, 6955910.0 ], [ 55430.0, 6955900.0 ], [ 55440.0, 6955890.0 ], [ 55450.0, 6955880.0 ], [ 55450.0, 6955870.0 ], [ 55450.0, 6955860.0 ], [ 55460.0, 6955850.0 ], [ 55460.0, 6955840.0 ], [ 55470.0, 6955830.0 ], [ 55480.0, 6955820.0 ], [ 55490.0, 6955810.0 ], [ 55500.0, 6955800.0 ], [ 55510.0, 6955790.0 ], [ 55520.0, 6955790.0 ], [ 55530.0, 6955780.0 ], [ 55540.0, 6955770.0 ], [ 55550.0, 6955770.0 ], [ 55560.0, 6955780.0 ], [ 55570.0, 6955770.0 ], [ 55570.0, 6955760.0 ], [ 55560.0, 6955750.0 ], [ 55560.0, 6955740.0 ], [ 55570.0, 6955730.0 ], [ 55580.0, 6955720.0 ], [ 55590.0, 6955710.0 ], [ 55600.0, 6955700.0 ], [ 55600.0, 6955690.0 ] ] } },
{ "type": "Feature", "properties": { "fid": 108, "Width": 1.299, "Depth": 1.497 }, "geometry": { "type": "LineString", "coordinates": [ [ 55720.0, 6955750.0 ], [ 55710.0, 6955750.0 ], [ 55700.0, 6955750.0 ], [ 55690.0, 6955740.0 ], [ 55680.0, 6955740.0 ], [ 55670.0, 6955730.0 ], [ 55660.0, 6955730.0 ], [ 55650.0, 6955720.0 ], [ 55640.0, 6955710.0 ], [ 55640.0, 6955700.0 ], [ 55640.0, 6955690.0 ], [ 55630.0, 6955680.0 ], [ 55620.0, 6955680.0 ], [ 55610.0, 6955690.0 ], [ 55600.0, 6955690.0 ] ] } },
{ "type": "Feature", "properties": { "fid": 109, "Width": 1.959, "Depth": 2.655 }, "geometry": { "type": "LineString", "coordinates": [ [ 54850.0, 6955870.0 ], [ 54860.0, 6955870.0 ], [ 54870.0, 6955870.0 ], [ 54880.0, 6955870.0 ], [ 54890.0, 6955870.0 ], [ 54900.0, 6955870.0 ], [ 54910.0, 6955870.0 ], [ 54920.0, 6955870.0 ], [ 54930.0, 6955860.0 ], [ 54940.0, 6955860.0 ], [ 54950.0, 6955860.0 ], [ 54960.0, 6955860.0 ], [ 54970.0, 6955860.0 ], [ 54980.0, 6955860.0 ], [ 54990.0, 6955860.0 ], [ 55000.0, 6955860.0 ], [ 55010.0, 6955860.0 ], [ 55020.0, 6955860.0 ], [ 55030.0, 6955850.0 ], [ 55040.0, 6955840.0 ], [ 55050.0, 6955830.0 ], [ 55060.0, 6955840.0 ], [ 55070.0, 6955830.0 ], [ 55070.0, 6955820.0 ], [ 55080.0, 6955810.0 ], [ 55090.0, 6955800.0 ], [ 55090.0, 6955790.0 ], [ 55100.0, 6955780.0 ], [ 55090.0, 6955770.0 ], [ 55090.0, 6955760.0 ], [ 55080.0, 6955750.0 ], [ 55080.0, 6955740.0 ], [ 55090.0, 6955730.0 ], [ 55090.0, 6955720.0 ], [ 55090.0, 6955710.0 ], [ 55090.0, 6955700.0 ], [ 55090.0, 6955690.0 ], [ 55090.0, 6955680.0 ], [ 55090.0, 6955670.0 ], [ 55100.0, 6955660.0 ], [ 55100.0, 6955650.0 ], [ 55100.0, 6955640.0 ], [ 55100.0, 6955630.0 ], [ 55100.0, 6955620.0 ], [ 55110.0, 6955610.0 ], [ 55110.0, 6955600.0 ], [ 55110.0, 6955590.0 ], [ 55110.0, 6955580.0 ], [ 55110.0, 6955570.0 ], [ 55110.0, 6955560.0 ], [ 55110.0, 6955550.0 ], [ 55110.0, 6955540.0 ], [ 55110.0, 6955530.0 ], [ 55110.0, 6955520.0 ], [ 55100.0, 6955510.0 ], [ 55110.0, 6955500.0 ], [ 55110.0, 6955490.0 ], [ 55120.0, 6955480.0 ], [ 55120.0, 6955470.0 ], [ 55120.0, 6955460.0 ], [ 55120.0, 6955450.0 ], [ 55120.0, 6955440.0 ], [ 55120.0, 6955430.0 ], [ 55120.0, 6955420.0 ], [ 55110.0, 6955410.0 ], [ 55120.0, 6955400.0 ], [ 55120.0, 6955390.0 ], [ 55130.0, 6955380.0 ], [ 55140.0, 6955370.0 ], [ 55140.0, 6955360.0 ], [ 55150.0, 6955350.0 ], [ 55160.0, 6955340.0 ], [ 55160.0, 6955330.0 ], [ 55150.0, 6955320.0 ], [ 55150.0, 6955310.0 ], [ 55160.0, 6955300.0 ], [ 55150.0, 6955290.0 ] ] } },
{ "type": "Feature", "properties": { "fid": 110, "Width": 1.227, "Depth": 2.971 }, "geometry": { "type": "LineString", "coordinates": [ [ 55600.0, 6955690.0 ], [ 55590.0, 6955680.0 ], [ 55590.0, 6955670.0 ], [ 55580.0, 6955660.0 ], [ 55580.0, 6955650.0 ], [ 55580.0, 6955640.0 ], [ 55590.0, 6955630.0 ], [ 55580.0, 6955620.0 ], [ 55570.0, 6955610.0 ], [ 55560.0, 6955600.0 ], [ 55550.0, 6955590.0 ], [ 55540.0, 6955580.0 ], [ 55530.0, 6955570.0 ], [ 55530.0, 6955560.0 ], [ 55520.0, 6955550.0 ], [ 55510.0, 6955550.0 ], [ 55500.0, 6955540.0 ], [ 55490.0, 6955530.0 ], [ 55480.0, 6955530.0 ], [ 55470.0, 6955520.0 ], [ 55460.0, 6955520.0 ], [ 55450.0, 6955510.0 ], [ 55440.0, 6955500.0 ], [ 55440.0, 6955490.0 ], [ 55430.0, 6955480.0 ], [ 55420.0, 6955470.0 ], [ 55420.0, 6955460.0 ], [ 55410.0, 6955450.0 ], [ 55400.0, 6955440.0 ], [ 55390.0, 6955440.0 ], [ 55380.0, 6955440.0 ], [ 55370.0, 6955440.0 ], [ 55360.0, 6955440.0 ], [ 55350.0, 6955440.0 ], [ 55340.0, 6955430.0 ], [ 55340.0, 6955420.0 ], [ 55330.0, 6955410.0 ], [ 55320.0, 6955400.0 ], [ 55310.0, 6955390.0 ], [ 55300.0, 6955390.0 ], [ 55290.0, 6955390.0 ], [ 55280.0, 6955400.0 ], [ 55270.0, 6955400.0 ], [ 55260.0, 6955400.0 ], [ 55250.0, 6955390.0 ], [ 55240.0, 6955380.0 ], [ 55230.0, 6955370.0 ], [ 55240.0, 6955360.0 ], [ 55250.0, 6955350.0 ], [ 55250.0, 6955340.0 ], [ 55260.0, 6955330.0 ], [ 55260.0, 6955320.0 ], [ 55260.0, 6955310.0 ], [ 55260.0, 6955300.0 ], [ 55250.0, 6955290.0 ], [ 55240.0, 6955280.0 ], [ 55230.0, 6955270.0 ], [ 55220.0, 6955280.0 ], [ 55210.0, 6955280.0 ], [ 55200.0, 6955280.0 ], [ 55190.0, 6955290.0 ], [ 55180.0, 6955290.0 ], [ 55170.0, 6955290.0 ], [ 55160.0, 6955290.0 ], [ 55150.0, 6955290.0 ] ] } },
{ "type": "Feature", "properties": { "fid": 111, "Width": 0.748, "Depth": 2.617 }, "geometry": { "type": "LineString", "coordinates": [ [ 55150.0, 6955290.0 ], [ 55140.0, 6955290.0 ], [ 55130.0, 6955280.0 ], [ 55120.0, 6955280.0 ], [ 55110.0, 6955270.0 ], [ 55100.0, 6955260.0 ], [ 55090.0, 6955250.0 ], [ 55090.0, 6955240.0 ], [ 55080.0, 6955230.0 ], [ 55080.0, 6955220.0 ], [ 55080.0, 6955210.0 ], [ 55070.0, 6955200.0 ], [ 55060.0, 6955190.0 ], [ 55060.0, 6955180.0 ], [ 55050.0, 6955170.0 ], [ 55050.0, 6955160.0 ], [ 55040.0, 6955150.0 ], [ 55030.0, 6955150.0 ], [ 55020.0, 6955140.0 ], [ 55010.0, 6955130.0 ], [ 55000.0, 6955120.0 ], [ 54990.0, 6955110.0 ], [ 54980.0, 6955100.0 ], [ 54970.0, 6955090.0 ], [ 54960.0, 6955090.0 ] ] } }
]
}
