datetime,precip_mm,temp_C,shortwave_Wm2,longwave_Wm2,wind_mps,pressure
2025-01-01 00:00:00,2.447,5.172,0.0,320.125,7.62,1009.946
2025-01-01 01:00:00,2.383,5.172,129.41,384.656,7.993,987.605
2025-01-01 02:00:00,3.192,5.172,250.0,384.239,8.049,997.114
2025-01-01 03:00:00,0.759,5.172,353.553,364.49,7.289,988.409
2025-01-01 04:00:00,1.788,5.172,433.013,322.71,8.959,1013.289
2025-01-01 05:00:00,0.81,5.172,482.963,328.45,9.697,991.719
2025-01-01 06:00:00,2.571,5.172,500.0,356.262,5.684,993.396
2025-01-01 07:00:00,0.969,5.172,482.963,418.758,6.168,987.958
2025-01-01 08:00:00,3.021,5.172,433.013,400.766,4.328,998.262
2025-01-01 09:00:00,2.15,5.172,353.553,339.882,5.767,980.136
2025-01-01 10:00:00,0.06,5.172,250.0,408.004,7.224,1011.904
2025-01-01 11:00:00,0.543,5.172,129.41,403.684,7.491,1007.232
2025-01-01 12:00:00,0.969,5.172,0.0,327.377,5.457,1006.781
2025-01-01 13:00:00,5.085,5.172,0.0,301.737,6.391,980.217
2025-01-01 14:00:00,1.388,5.172,0.0,343.424,5.116,980.311
2025-01-01 15:00:00,0.245,5.172,0.0,333.069,6.18,1005.218
2025-01-01 16:00:00,0.27,5.172,0.0,405.622,8.235,1002.012
2025-01-01 17:00:00,1.624,5.172,0.0,302.698,6.153,1010.638
2025-01-01 18:00:00,0.74,5.172,0.0,397.299,5.165,1005.487
2025-01-01 19:00:00,0.783,5.172,0.0,383.571,8.627,1001.576
2025-01-01 20:00:00,1.615,5.172,0.0,363.903,9.254,1001.22
2025-01-01 21:00:00,0.178,5.172,0.0,316.027,7.448,987.95
2025-01-01 22:00:00,1.87,5.172,0.0,370.182,9.89,998.308
2025-01-01 23:00:00,2.195,5.172,0.0,384.904,6.597,987.071
2025-01-02 00:00:00,2.345,5.344,0.0,388.274,4.842,990.328
2025-01-02 01:00:00,1.943,5.344,129.41,327.909,9.352,994.355
2025-01-02 02:00:00,0.586,5.344,250.0,367.925,5.253,988.637
2025-01-02 03:00:00,0.973,5.344,353.553,322.388,4.694,990.949
2025-01-02 04:00:00,0.06,5.344,433.013,320.589,7.44,996.838
2025-01-02 05:00:00,2.676,5.344,482.963,414.245,4.298,1016.426
2025-01-02 06:00:00,0.675,5.344,500.0,393.946,6.067,995.051
2025-01-02 07:00:00,3.75,5.344,482.963,367.737,8.048,983.388
2025-01-02 08:00:00,1.471,5.344,433.013,336.892,9.311,998.919
2025-01-02 09:00:00,0.128,5.344,353.553,370.415,7.246,991.909
2025-01-02 10:00:00,1.09,5.344,250.0,304.666,9.37,1006.076
2025-01-02 11:00:00,0.385,5.344,129.41,416.109,5.915,1013.229
2025-01-02 12:00:00,1.995,5.344,0.0,369.544,9.17,981.381
2025-01-02 13:00:00,0.736,5.344,0.0,397.206,4.977,989.982
2025-01-02 14:00:00,4.211,5.344,0.0,395.078,8.901,1004.16
2025-01-02 15:00:00,0.128,5.344,0.0,304.676,8.759,1000.716
2025-01-02 16:00:00,1.306,5.344,0.0,409.434,8.585,998.486
2025-01-02 17:00:00,0.493,5.344,0.0,409.43,4.138,991.392
2025-01-02 18:00:00,1.182,5.344,0.0,348.658,8.015,998.343
2025-01-02 19:00:00,0.548,5.344,0.0,409.977,9.366,982.204
2025-01-02 20:00:00,3.541,5.344,0.0,376.508,8.806,986.201
2025-01-02 21:00:00,1.163,5.344,0.0,305.678,8.143,981.671
2025-01-02 22:00:00,1.451,5.344,0.0,410.293,4.888,1010.705
2025-01-02 23:00:00,0.105,5.344,0.0,415.503,7.149,982.403
2025-01-03 00:00:00,0.812,5.516,0.0,400.075,9.409,999.465
2025-01-03 01:00:00,2.622,5.516,129.41,349.259,5.709,1010.231
2025-01-03 02:00:00,1.172,5.516,250.0,310.644,6.926,1001.574
2025-01-03 03:00:00,1.338,5.516,353.553,371.123,9.853,998.753
2025-01-03 04:00:00,0.382,5.516,433.013,332.272,8.314,1017.2
2025-01-03 05:00:00,0.951,5.516,482.963,335.498,7.101,1002.41
2025-01-03 06:00:00,1.562,5.516,500.0,360.271,6.334,987.697
2025-01-03 07:00:00,0.673,5.516,482.963,366.275,8.639,980.034
2025-01-03 08:00:00,1.034,5.516,433.013,333.427,7.431,981.665
2025-01-03 09:00:00,2.11,5.516,353.553,379.918,8.078,998.24
2025-01-03 10:00:00,0.587,5.516,250.0,352.275,4.489,985.875
2025-01-03 11:00:00,2.193,5.516,129.41,376.219,7.699,990.087
2025-01-03 12:00:00,0.554,5.516,0.0,394.849,9.535,1006.895
2025-01-03 13:00:00,2.902,5.516,0.0,305.849,5.829,980.198
2025-01-03 14:00:00,0.836,5.516,0.0,369.616,9.218,999.254
2025-01-03 15:00:00,0.444,5.516,0.0,344.106,6.881,1014.832
2025-01-03 16:00:00,0.584,5.516,0.0,356.398,9.23,1013.607
2025-01-03 17:00:00,2.245,5.516,0.0,376.805,8.197,1017.464
2025-01-03 18:00:00,0.639,5.516,0.0,404.429,8.855,993.905
2025-01-03 19:00:00,0.44,5.516,0.0,354.507,7.799,980.169
2025-01-03 20:00:00,3.135,5.516,0.0,392.755,5.429,1001.563
2025-01-03 21:00:00,1.771,5.516,0.0,321.205,5.843,990.401
2025-01-03 22:00:00,3.373,5.516,0.0,403.989,4.48,984.518
2025-01-03 23:00:00,0.759,5.516,0.0,304.82,8.197,1007.068
2025-01-04 00:00:00,1.429,5.688,0.0,359.007,4.018,1019.308
2025-01-04 01:00:00,0.821,5.688,129.41,344.497,6.001,1006.558
2025-01-04 02:00:00,0.708,5.688,250.0,390.139,4.628,994.303
2025-01-04 03:00:00,0.824,5.688,353.553,344.275,4.103,1013.17
2025-01-04 04:00:00,1.397,5.688,433.013,397.048,9.304,1000.831
2025-01-04 05:00:00,1.293,5.688,482.963,403.654,9.12,1019.479
2025-01-04 06:00:00,0.166,5.688,500.0,374.249,5.92,1009.217
2025-01-04 07:00:00,0.669,5.688,482.963,400.065,6.497,1001.008
2025-01-04 08:00:00,1.526,5.688,433.013,413.42,8.937,1016.406
2025-01-04 09:00:00,4.114,5.688,353.553,315.681,7.517,988.313
2025-01-04 10:00:00,2.033,5.688,250.0,398.293,6.65,988.95
2025-01-04 11:00:00,1.353,5.688,129.41,356.648,4.691,988.839
2025-01-04 12:00:00,1.794,5.688,0.0,383.867,7.023,993.983
2025-01-04 13:00:00,0.521,5.688,0.0,410.182,8.723,991.058
2025-01-04 14:00:00,0.923,5.688,0.0,314.739,5.149,1018.558
2025-01-04 15:00:00,1.693,5.688,0.0,392.183,4.506,1009.631
2025-01-04 16:00:00,2.474,5.688,0.0,352.544,8.357,1001.478
2025-01-04 17:00:00,3.197,5.688,0.0,368.609,6.684,993.136
2025-01-04 18:00:00,1.178,5.688,0.0,407.424,8.05,985.192
2025-01-04 19:00:00,1.508,5.688,0.0,323.792,5.755,1018.27
2025-01-04 20:00:00,1.38,5.688,0.0,340.313,9.188,1017.812
2025-01-04 21:00:00,1.186,5.688,0.0,354.462,4.609,980.183
2025-01-04 22:00:00,1.259,5.688,0.0,394.997,9.063,1000.537
2025-01-04 23:00:00,0.872,5.688,0.0,396.525,4.401,1003.809
2025-01-05 00:00:00,1.632,5.86,0.0,372.36,7.213,1010.6
2025-01-05 01:00:00,0.599,5.86,129.41,329.634,4.052,1019.901
2025-01-05 02:00:00,0.395,5.86,250.0,353.166,7.211,991.74
2025-01-05 03:00:00,1.556,5.86,353.553,352.812,8.588,992.292
2025-01-05 04:00:00,0.889,5.86,433.013,302.329,6.068,987.992
2025-01-05 05:00:00,1.661,5.86,482.963,337.911,8.764,998.826
2025-01-05 06:00:00,0.534,5.86,500.0,324.41,8.068,996.574
2025-01-05 07:00:00,0.43,5.86,482.963,326.499,6.898,1007.171
2025-01-05 08:00:00,0.936,5.86,433.013,323.75,6.159,1001.323
2025-01-05 09:00:00,0.292,5.86,353.553,347.155,5.913,1010.84
2025-01-05 10:00:00,0.202,5.86,250.0,350.295,9.36,1006.897
2025-01-05 11:00:00,1.072,5.86,129.41,335.327,4.637,980.634
2025-01-05 12:00:00,1.659,5.86,0.0,399.325,6.807,996.35
2025-01-05 13:00:00,1.105,5.86,0.0,300.141,7.897,994.12
2025-01-05 14:00:00,0.898,5.86,0.0,302.728,8.218,987.994
2025-01-05 15:00:00,0.987,5.86,0.0,333.142,6.954,1018.63
2025-01-05 16:00:00,1.288,5.86,0.0,402.501,6.028,997.356
2025-01-05 17:00:00,1.28,5.86,0.0,377.82,6.113,1007.052
2025-01-05 18:00:00,1.209,5.86,0.0,376.527,7.795,987.723
2025-01-05 19:00:00,2.724,5.86,0.0,390.757,8.21,1013.277
2025-01-05 20:00:00,0.406,5.86,0.0,348.046,4.278,1010.924
2025-01-05 21:00:00,0.162,5.86,0.0,327.558,8.198,985.698
2025-01-05 22:00:00,3.515,5.86,0.0,418.225,7.432,984.043
2025-01-05 23:00:00,0.494,5.86,0.0,325.532,5.201,1018.12
2025-01-06 00:00:00,2.455,6.031,0.0,411.546,8.867,988.628
2025-01-06 01:00:00,0.69,6.031,129.41,413.643,4.669,1008.492
2025-01-06 02:00:00,0.452,6.031,250.0,360.614,8.934,1007.438
2025-01-06 03:00:00,0.722,6.031,353.553,400.533,5.914,995.533
2025-01-06 04:00:00,1.848,6.031,433.013,359.262,9.283,1000.034
2025-01-06 05:00:00,1.967,6.031,482.963,382.696,5.797,985.386
2025-01-06 06:00:00,3.54,6.031,500.0,348.442,6.797,991.248
2025-01-06 07:00:00,0.107,6.031,482.963,322.114,5.185,1016.832
2025-01-06 08:00:00,2.246,6.031,433.013,322.973,5.042,1015.997
2025-01-06 09:00:00,1.134,6.031,353.553,303.643,9.436,1009.926
2025-01-06 10:00:00,1.004,6.031,250.0,316.938,9.204,1005.497
2025-01-06 11:00:00,2.114,6.031,129.41,368.724,7.934,1011.064
2025-01-06 12:00:00,0.461,6.031,0.0,391.308,7.546,981.813
2025-01-06 13:00:00,4.897,6.031,0.0,376.181,7.952,1010.113
2025-01-06 14:00:00,1.22,6.031,0.0,320.985,7.308,1019.877
2025-01-06 15:00:00,0.924,6.031,0.0,403.206,5.352,1010.149
2025-01-06 16:00:00,1.818,6.031,0.0,404.305,7.121,1015.672
2025-01-06 17:00:00,1.866,6.031,0.0,357.42,4.587,981.217
2025-01-06 18:00:00,1.59,6.031,0.0,324.841,7.901,982.664
2025-01-06 19:00:00,3.711,6.031,0.0,375.248,9.271,996.898
2025-01-06 20:00:00,0.523,6.031,0.0,417.104,7.571,1003.097
2025-01-06 21:00:00,0.174,6.031,0.0,337.705,6.717,987.037
2025-01-06 22:00:00,1.93,6.031,0.0,337.549,5.804,1017.208
2025-01-06 23:00:00,0.33,6.031,0.0,328.522,6.803,984.45
2025-01-07 00:00:00,6.287,6.202,0.0,419.713,6.464,1000.324
2025-01-07 01:00:00,4.564,6.202,129.41,337.119,7.304,992.283
2025-01-07 02:00:00,0.707,6.202,250.0,348.028,7.315,1017.655
2025-01-07 03:00:00,1.22,6.202,353.553,302.905,6.668,1015.997
2025-01-07 04:00:00,0.758,6.202,433.013,304.897,7.195,980.452
2025-01-07 05:00:00,0.379,6.202,482.963,342.317,9.898,989.666
2025-01-07 06:00:00,6.405,6.202,500.0,406.409,5.948,1011.749
2025-01-07 07:00:00,0.992,6.202,482.963,318.475,9.108,1005.886
2025-01-07 08:00:00,2.028,6.202,433.013,356.374,7.397,983.086
2025-01-07 09:00:00,0.239,6.202,353.553,301.728,9.257,987.615
2025-01-07 10:00:00,1.314,6.202,250.0,361.281,9.935,999.26
2025-01-07 11:00:00,0.407,6.202,129.41,383.174,7.07,1009.0
2025-01-07 12:00:00,0.711,6.202,0.0,389.152,9.4,1005.053
2025-01-07 13:00:00,1.088,6.202,0.0,323.21,5.629,983.678
2025-01-07 14:00:00,0.804,6.202,0.0,361.182,8.834,1015.435
2025-01-07 15:00:00,2.51,6.202,0.0,319.196,6.739,1019.253
2025-01-07 16:00:00,1.184,6.202,0.0,338.099,4.668,1004.011
2025-01-07 17:00:00,1.825,6.202,0.0,367.069,8.519,985.429
2025-01-07 18:00:00,1.638,6.202,0.0,322.673,4.38,998.67
2025-01-07 19:00:00,1.152,6.202,0.0,349.677,7.746,985.242
2025-01-07 20:00:00,2.831,6.202,0.0,402.624,4.723,1009.618
2025-01-07 21:00:00,2.512,6.202,0.0,300.508,5.524,992.655
2025-01-07 22:00:00,3.682,6.202,0.0,398.879,8.483,981.383
2025-01-07 23:00:00,3.9,6.202,0.0,349.832,8.181,1001.22
2025-01-08 00:00:00,0.658,6.373,0.0,309.34,9.181,996.124
2025-01-08 01:00:00,0.414,6.373,129.41,311.482,4.064,1010.726
2025-01-08 02:00:00,0.569,6.373,250.0,387.349,6.779,1000.215
2025-01-08 03:00:00,2.607,6.373,353.553,338.301,8.461,1017.881
2025-01-08 04:00:00,1.396,6.373,433.013,379.692,6.387,1004.147
2025-01-08 05:00:00,1.338,6.373,482.963,383.345,6.482,994.074
2025-01-08 06:00:00,0.443,6.373,500.0,359.441,5.228,1007.275
2025-01-08 07:00:00,1.668,6.373,482.963,307.927,4.937,1006.516
2025-01-08 08:00:00,1.042,6.373,433.013,303.385,7.092,996.537
2025-01-08 09:00:00,3.378,6.373,353.553,337.876,9.892,1016.237
2025-01-08 10:00:00,0.213,6.373,250.0,389.406,5.733,1002.659
2025-01-08 11:00:00,0.523,6.373,129.41,360.914,7.131,983.859
2025-01-08 12:00:00,1.486,6.373,0.0,388.089,8.91,1001.998
2025-01-08 13:00:00,2.314,6.373,0.0,354.574,9.094,995.867
2025-01-08 14:00:00,0.562,6.373,0.0,320.682,9.448,988.77
2025-01-08 15:00:00,1.447,6.373,0.0,342.865,6.129,1007.812
2025-01-08 16:00:00,2.19,6.373,0.0,383.495,7.179,999.917
2025-01-08 17:00:00,1.868,6.373,0.0,348.537,7.644,998.602
2025-01-08 18:00:00,1.578,6.373,0.0,339.118,8.173,1008.837
2025-01-08 19:00:00,0.151,6.373,0.0,354.91,7.346,993.413
2025-01-08 20:00:00,0.504,6.373,0.0,391.96,6.802,1019.177
2025-01-08 21:00:00,1.717,6.373,0.0,309.706,9.357,1010.264
2025-01-08 22:00:00,2.185,6.373,0.0,370.577,4.573,989.337
2025-01-08 23:00:00,1.194,6.373,0.0,356.433,9.299,1013.292
2025-01-09 00:00:00,1.611,6.543,0.0,319.209,9.96,993.213
2025-01-09 01:00:00,0.625,6.543,129.41,329.653,7.983,1015.958
2025-01-09 02:00:00,0.605,6.543,250.0,414.668,9.038,1019.225
2025-01-09 03:00:00,0.437,6.543,353.553,332.726,8.654,1012.513
2025-01-09 04:00:00,3.975,6.543,433.013,322.104,9.675,1000.701
2025-01-09 05:00:00,0.52,6.543,482.963,315.822,5.662,986.506
2025-01-09 06:00:00,2.529,6.543,500.0,368.101,9.726,994.049
2025-01-09 07:00:00,2.166,6.543,482.963,358.074,6.343,997.243
2025-01-09 08:00:00,0.144,6.543,433.013,319.486,6.251,986.95
2025-01-09 09:00:00,0.857,6.543,353.553,342.203,4.94,1015.281
2025-01-09 10:00:00,7.593,6.543,250.0,375.799,5.716,1016.657
2025-01-09 11:00:00,0.81,6.543,129.41,325.582,4.759,990.274
2025-01-09 12:00:00,0.983,6.543,0.0,302.775,9.518,986.91
2025-01-09 13:00:00,3.228,6.543,0.0,394.654,7.99,988.906
2025-01-09 14:00:00,0.486,6.543,0.0,416.28,9.193,993.748
2025-01-09 15:00:00,1.439,6.543,0.0,376.282,5.265,997.224
2025-01-09 16:00:00,1.553,6.543,0.0,312.024,7.532,1013.54
2025-01-09 17:00:00,1.763,6.543,0.0,330.567,6.631,982.21
2025-01-09 18:00:00,1.865,6.543,0.0,341.747,9.284,1004.51
2025-01-09 19:00:00,0.674,6.543,0.0,324.737,6.456,1012.547
2025-01-09 20:00:00,3.32,6.543,0.0,415.198,6.838,995.994
2025-01-09 21:00:00,2.464,6.543,0.0,399.025,5.828,1007.536
2025-01-09 22:00:00,0.587,6.543,0.0,372.547,8.012,1012.469
2025-01-09 23:00:00,0.363,6.543,0.0,360.879,4.525,985.288
2025-01-10 00:00:00,1.716,6.713,0.0,323.936,9.662,999.641
2025-01-10 01:00:00,0.718,6.713,129.41,358.002,5.241,999.733
2025-01-10 02:00:00,3.861,6.713,250.0,329.83,7.15,1018.946
2025-01-10 03:00:00,1.24,6.713,353.553,329.202,6.013,1005.792
2025-01-10 04:00:00,0.946,6.713,433.013,305.759,8.712,1010.49
2025-01-10 05:00:00,1.345,6.713,482.963,387.288,7.786,1004.085
2025-01-10 06:00:00,3.382,6.713,500.0,376.092,7.885,990.687
2025-01-10 07:00:00,0.727,6.713,482.963,312.481,8.948,984.148
2025-01-10 08:00:00,0.592,6.713,433.013,319.337,5.71,1016.437
2025-01-10 09:00:00,0.624,6.713,353.553,407.548,4.914,998.249
2025-01-10 10:00:00,0.09,6.713,250.0,389.513,5.519,985.871
2025-01-10 11:00:00,0.795,6.713,129.41,402.597,7.103,1009.005
2025-01-10 12:00:00,0.477,6.713,0.0,370.565,9.896,992.437
2025-01-10 13:00:00,0.963,6.713,0.0,322.09,5.501,986.662
2025-01-10 14:00:00,0.455,6.713,0.0,307.068,9.48,983.185
2025-01-10 15:00:00,0.761,6.713,0.0,414.619,5.584,995.953
2025-01-10 16:00:00,1.942,6.713,0.0,352.904,4.085,990.973
2025-01-10 17:00:00,1.133,6.713,0.0,342.291,6.447,1009.253
2025-01-10 18:00:00,1.263,6.713,0.0,407.366,8.422,980.666
2025-01-10 19:00:00,1.83,6.713,0.0,313.349,7.998,1019.646
2025-01-10 20:00:00,3.146,6.713,0.0,307.655,8.721,999.727
2025-01-10 21:00:00,0.039,6.713,0.0,354.268,5.373,1014.226
2025-01-10 22:00:00,0.647,6.713,0.0,414.005,9.34,1018.844
2025-01-10 23:00:00,1.793,6.713,0.0,398.382,7.912,1015.34
2025-01-11 00:00:00,2.162,6.882,0.0,378.811,9.508,1002.598
2025-01-11 01:00:00,2.243,6.882,129.41,318.23,7.746,982.974
2025-01-11 02:00:00,0.813,6.882,250.0,354.581,6.323,1016.969
2025-01-11 03:00:00,0.416,6.882,353.553,317.253,9.125,999.989
2025-01-11 04:00:00,1.73,6.882,433.013,336.585,6.357,984.659
2025-01-11 05:00:00,0.207,6.882,482.963,378.634,7.315,1012.325
2025-01-11 06:00:00,1.674,6.882,500.0,374.377,5.091,1003.128
2025-01-11 07:00:00,0.33,6.882,482.963,340.321,7.627,995.504
2025-01-11 08:00:00,0.182,6.882,433.013,340.916,6.45,983.799
2025-01-11 09:00:00,0.19,6.882,353.553,348.844,8.86,996.493
2025-01-11 10:00:00,0.531,6.882,250.0,358.18,9.492,981.902
2025-01-11 11:00:00,0.481,6.882,129.41,303.353,6.643,1005.741
2025-01-11 12:00:00,0.981,6.882,0.0,349.739,4.222,1012.053
2025-01-11 13:00:00,0.421,6.882,0.0,342.81,6.731,996.619
2025-01-11 14:00:00,0.233,6.882,0.0,350.253,8.751,1014.773
2025-01-11 15:00:00,3.262,6.882,0.0,405.974,9.289,1016.777
2025-01-11 16:00:00,0.736,6.882,0.0,390.475,9.241,986.094
2025-01-11 17:00:00,0.978,6.882,0.0,330.879,5.161,1006.455
2025-01-11 18:00:00,1.414,6.882,0.0,322.928,9.259,999.393
2025-01-11 19:00:00,2.122,6.882,0.0,402.094,4.995,983.843
2025-01-11 20:00:00,1.694,6.882,0.0,330.044,9.86,1010.229
2025-01-11 21:00:00,1.328,6.882,0.0,414.393,5.201,980.15
2025-01-11 22:00:00,2.637,6.882,0.0,351.509,4.205,991.944
2025-01-11 23:00:00,3.414,6.882,0.0,375.829,7.2,1002.142
2025-01-12 00:00:00,0.739,7.051,0.0,411.1,8.933,999.346
2025-01-12 01:00:00,1.501,7.051,129.41,347.09,4.834,998.363
2025-01-12 02:00:00,1.147,7.051,250.0,366.224,7.492,988.03
2025-01-12 03:00:00,0.757,7.051,353.553,355.82,5.538,1003.982
2025-01-12 04:00:00,3.347,7.051,433.013,334.841,9.483,999.035
2025-01-12 05:00:00,0.192,7.051,482.963,312.122,9.108,982.202
2025-01-12 06:00:00,2.784,7.051,500.0,355.847,6.181,1004.641
2025-01-12 07:00:00,0.639,7.051,482.963,369.0,6.144,993.677
2025-01-12 08:00:00,1.857,7.051,433.013,373.427,4.427,1014.511
2025-01-12 09:00:00,1.599,7.051,353.553,375.398,9.99,1019.401
2025-01-12 10:00:00,2.286,7.051,250.0,406.765,8.912,1003.019
2025-01-12 11:00:00,0.3,7.051,129.41,342.394,7.465,1001.909
2025-01-12 12:00:00,1.119,7.051,0.0,305.857,9.112,1010.882
2025-01-12 13:00:00,0.844,7.051,0.0,335.767,5.445,1007.068
2025-01-12 14:00:00,0.792,7.051,0.0,401.647,8.37,996.374
2025-01-12 15:00:00,1.168,7.051,0.0,365.83,5.483,985.642
2025-01-12 16:00:00,1.733,7.051,0.0,419.296,6.307,1004.683
2025-01-12 17:00:00,1.795,7.051,0.0,340.923,9.885,990.812
2025-01-12 18:00:00,1.302,7.051,0.0,308.109,6.1,997.346
2025-01-12 19:00:00,0.667,7.051,0.0,381.965,7.401,980.142
2025-01-12 20:00:00,0.425,7.051,0.0,328.254,7.165,1013.05
2025-01-12 21:00:00,0.335,7.051,0.0,368.128,7.79,1009.315
2025-01-12 22:00:00,5.452,7.051,0.0,379.38,8.781,1006.81
2025-01-12 23:00:00,1.72,7.051,0.0,306.501,9.772,987.092
2025-01-13 00:00:00,2.93,7.219,0.0,342.057,6.105,1003.553
2025-01-13 01:00:00,0.597,7.219,129.41,321.766,9.075,997.554
2025-01-13 02:00:00,0.807,7.219,250.0,308.215,9.044,1001.292
2025-01-13 03:00:00,0.663,7.219,353.553,419.249,5.995,1011.366
2025-01-13 04:00:00,0.383,7.219,433.013,315.62,9.229,1007.036
2025-01-13 05:00:00,3.126,7.219,482.963,310.336,6.272,986.258
2025-01-13 06:00:00,0.084,7.219,500.0,359.863,5.452,1008.415
2025-01-13 07:00:00,1.581,7.219,482.963,412.736,8.135,1015.176
2025-01-13 08:00:00,2.209,7.219,433.013,316.775,7.166,997.625
2025-01-13 09:00:00,1.681,7.219,353.553,380.962,4.334,1009.535
2025-01-13 10:00:00,1.973,7.219,250.0,374.958,4.154,993.583
2025-01-13 11:00:00,2.924,7.219,129.41,337.64,6.085,989.544
2025-01-13 12:00:00,0.448,7.219,0.0,388.364,6.949,995.925
2025-01-13 13:00:00,1.958,7.219,0.0,382.711,8.392,999.254
2025-01-13 14:00:00,2.633,7.219,0.0,409.36,5.921,1014.697
2025-01-13 15:00:00,2.258,7.219,0.0,300.138,4.17,1005.853
2025-01-13 16:00:00,0.438,7.219,0.0,396.302,4.269,1001.271
2025-01-13 17:00:00,0.386,7.219,0.0,340.234,7.024,981.468
2025-01-13 18:00:00,0.224,7.219,0.0,419.607,9.413,986.918
2025-01-13 19:00:00,0.372,7.219,0.0,321.866,7.184,982.793
2025-01-13 20:00:00,1.024,7.219,0.0,353.931,9.809,996.847
2025-01-13 21:00:00,1.715,7.219,0.0,385.905,5.172,1010.194
2025-01-13 22:00:00,1.975,7.219,0.0,391.733,7.036,1014.99
2025-01-13 23:00:00,0.287,7.219,0.0,336.307,5.845,989.257
2025-01-14 00:00:00,0.288,7.387,0.0,392.997,5.621,994.539
2025-01-14 01:00:00,0.86,7.387,129.41,407.724,8.531,1007.786
2025-01-14 02:00:00,1.72,7.387,250.0,410.983,6.211,1017.363
2025-01-14 03:00:00,0.912,7.387,353.553,300.386,5.214,991.633
2025-01-14 04:00:00,1.369,7.387,433.013,406.84,4.004,993.527
2025-01-14 05:00:00,1.766,7.387,482.963,309.777,8.849,986.709
2025-01-14 06:00:00,0.454,7.387,500.0,332.416,6.755,984.367
2025-01-14 07:00:00,2.163,7.387,482.963,308.155,7.052,988.042
2025-01-14 08:00:00,1.62,7.387,433.013,390.015,8.538,996.537
2025-01-14 09:00:00,1.031,7.387,353.553,356.441,5.171,1011.118
2025-01-14 10:00:00,1.93,7.387,250.0,338.656,4.968,1014.645
2025-01-14 11:00:00,2.768,7.387,129.41,404.702,5.494,994.444
2025-01-14 12:00:00,3.294,7.387,0.0,310.469,5.15,981.93
2025-01-14 13:00:00,1.676,7.387,0.0,364.484,5.033,1014.746
2025-01-14 14:00:00,1.96,7.387,0.0,377.628,9.746,1014.076
2025-01-14 15:00:00,3.135,7.387,0.0,328.748,9.76,1008.87
2025-01-14 16:00:00,0.931,7.387,0.0,408.642,7.867,1007.532
2025-01-14 17:00:00,2.516,7.387,0.0,372.047,6.5,1009.718
2025-01-14 18:00:00,2.835,7.387,0.0,394.214,6.378,1019.472
2025-01-14 19:00:00,0.752,7.387,0.0,404.852,8.706,999.651
2025-01-14 20:00:00,1.469,7.387,0.0,372.101,5.663,1014.631
2025-01-14 21:00:00,0.541,7.387,0.0,346.228,5.642,1005.17
2025-01-14 22:00:00,0.365,7.387,0.0,332.261,5.257,990.489
2025-01-14 23:00:00,0.681,7.387,0.0,356.678,8.372,984.537
2025-01-15 00:00:00,1.884,7.554,0.0,370.653,5.482,988.725
2025-01-15 01:00:00,1.427,7.554,129.41,312.374,8.517,991.901
2025-01-15 02:00:00,1.728,7.554,250.0,331.174,4.049,1004.091
2025-01-15 03:00:00,0.463,7.554,353.553,303.789,8.666,994.146
2025-01-15 04:00:00,0.918,7.554,433.013,392.927,6.658,982.016
2025-01-15 05:00:00,1.222,7.554,482.963,309.6,6.198,1005.403
2025-01-15 06:00:00,2.805,7.554,500.0,355.52,5.275,981.898
2025-01-15 07:00:00,0.14,7.554,482.963,372.664,8.43,990.567
2025-01-15 08:00:00,0.845,7.554,433.013,409.311,7.093,989.349
2025-01-15 09:00:00,1.677,7.554,353.553,336.676,9.499,995.162
2025-01-15 10:00:00,2.955,7.554,250.0,331.187,4.534,1003.353
2025-01-15 11:00:00,1.63,7.554,129.41,406.708,4.052,1015.573
2025-01-15 12:00:00,1.723,7.554,0.0,320.413,7.311,996.394
2025-01-15 13:00:00,3.092,7.554,0.0,402.755,8.744,999.564
2025-01-15 14:00:00,1.182,7.554,0.0,319.022,5.512,986.848
2025-01-15 15:00:00,0.507,7.554,0.0,349.561,9.568,1014.708
2025-01-15 16:00:00,1.352,7.554,0.0,394.578,9.095,986.711
2025-01-15 17:00:00,1.446,7.554,0.0,307.177,9.078,980.547
2025-01-15 18:00:00,0.899,7.554,0.0,319.326,9.924,1016.042
2025-01-15 19:00:00,0.727,7.554,0.0,379.19,7.025,999.601
2025-01-15 20:00:00,0.607,7.554,0.0,393.993,6.641,981.124
2025-01-15 21:00:00,0.78,7.554,0.0,381.74,5.787,1013.963
2025-01-15 22:00:00,0.038,7.554,0.0,356.23,9.138,1012.813
2025-01-15 23:00:00,0.132,7.554,0.0,380.332,5.655,987.023
2025-01-16 00:00:00,1.108,7.72,0.0,359.382,5.696,994.982
2025-01-16 01:00:00,1.162,7.72,129.41,366.289,6.23,1005.639
2025-01-16 02:00:00,0.892,7.72,250.0,328.464,8.212,986.371
2025-01-16 03:00:00,0.384,7.72,353.553,300.162,6.462,999.606
2025-01-16 04:00:00,1.0,7.72,433.013,309.53,8.955,992.39
2025-01-16 05:00:00,0.656,7.72,482.963,397.581,9.201,1001.785
2025-01-16 06:00:00,0.863,7.72,500.0,360.769,6.496,988.074
2025-01-16 07:00:00,1.197,7.72,482.963,353.851,9.391,989.856
2025-01-16 08:00:00,0.467,7.72,433.013,311.806,5.66,990.412
2025-01-16 09:00:00,2.095,7.72,353.553,357.966,6.137,1007.466
2025-01-16 10:00:00,4.526,7.72,250.0,330.892,5.424,992.559
2025-01-16 11:00:00,5.433,7.72,129.41,318.924,5.562,1011.139
2025-01-16 12:00:00,0.748,7.72,0.0,398.129,7.89,989.696
2025-01-16 13:00:00,2.121,7.72,0.0,340.38,4.311,998.466
2025-01-16 14:00:00,0.44,7.72,0.0,359.986,7.355,1014.165
2025-01-16 15:00:00,0.814,7.72,0.0,412.484,5.122,997.31
2025-01-16 16:00:00,2.477,7.72,0.0,353.458,4.327,1008.21
2025-01-16 17:00:00,1.136,7.72,0.0,386.791,7.25,984.163
2025-01-16 18:00:00,4.414,7.72,0.0,360.149,9.215,988.617
2025-01-16 19:00:00,0.846,7.72,0.0,310.991,4.742,1010.532
2025-01-16 20:00:00,0.996,7.72,0.0,353.86,9.469,993.12
2025-01-16 21:00:00,2.22,7.72,0.0,301.212,9.178,1000.837
2025-01-16 22:00:00,0.407,7.72,0.0,307.348,6.004,995.629
2025-01-16 23:00:00,2.272,7.72,0.0,354.286,8.634,1016.909
2025-01-17 00:00:00,0.517,7.885,0.0,390.795,6.884,989.83
2025-01-17 01:00:00,1.474,7.885,129.41,310.981,6.967,1007.202
2025-01-17 02:00:00,1.37,7.885,250.0,346.96,9.887,989.686
2025-01-17 03:00:00,0.059,7.885,353.553,373.603,4.326,1011.307
2025-01-17 04:00:00,0.521,7.885,433.013,325.944,5.595,989.803
2025-01-17 05:00:00,2.828,7.885,482.963,353.178,8.964,1008.153
2025-01-17 06:00:00,0.254,7.885,500.0,416.367,9.887,1017.223
2025-01-17 07:00:00,1.151,7.885,482.963,402.527,7.439,1001.353
2025-01-17 08:00:00,1.956,7.885,433.013,328.026,6.778,988.542
2025-01-17 09:00:00,0.168,7.885,353.553,338.783,6.556,999.998
2025-01-17 10:00:00,3.153,7.885,250.0,416.544,8.339,982.34
2025-01-17 11:00:00,2.984,7.885,129.41,327.228,8.883,996.934
2025-01-17 12:00:00,0.606,7.885,0.0,303.307,4.01,997.344
2025-01-17 13:00:00,0.625,7.885,0.0,407.623,8.133,1008.075
2025-01-17 14:00:00,0.436,7.885,0.0,358.392,7.475,985.073
2025-01-17 15:00:00,1.313,7.885,0.0,350.549,5.976,998.674
2025-01-17 16:00:00,2.516,7.885,0.0,372.439,9.157,986.758
2025-01-17 17:00:00,2.058,7.885,0.0,360.427,7.818,982.888
2025-01-17 18:00:00,0.564,7.885,0.0,358.912,6.076,1009.354
2025-01-17 19:00:00,0.924,7.885,0.0,380.839,7.834,986.17
2025-01-17 20:00:00,0.396,7.885,0.0,374.732,6.894,983.662
2025-01-17 21:00:00,3.891,7.885,0.0,410.672,5.356,1015.962
2025-01-17 22:00:00,1.704,7.885,0.0,408.91,7.168,1012.935
2025-01-17 23:00:00,0.341,7.885,0.0,386.927,7.459,1012.943
2025-01-18 00:00:00,0.734,8.049,0.0,372.637,9.413,1010.859
2025-01-18 01:00:00,1.023,8.049,129.41,321.731,7.017,1006.3
2025-01-18 02:00:00,1.28,8.049,250.0,384.807,5.226,1011.47
2025-01-18 03:00:00,1.118,8.049,353.553,338.521,4.836,990.403
2025-01-18 04:00:00,3.642,8.049,433.013,363.86,4.553,1016.193
2025-01-18 05:00:00,0.44,8.049,482.963,348.704,8.926,992.78
2025-01-18 06:00:00,0.337,8.049,500.0,312.458,8.637,987.35
2025-01-18 07:00:00,0.668,8.049,482.963,338.239,6.403,985.956
2025-01-18 08:00:00,0.355,8.049,433.013,383.431,7.946,1002.601
2025-01-18 09:00:00,0.722,8.049,353.553,383.421,7.825,1000.678
2025-01-18 10:00:00,2.372,8.049,250.0,401.941,6.68,1011.572
2025-01-18 11:00:00,1.885,8.049,129.41,409.034,6.599,998.965
2025-01-18 12:00:00,6.123,8.049,0.0,338.343,8.699,991.907
2025-01-18 13:00:00,3.964,8.049,0.0,343.701,9.78,989.399
2025-01-18 14:00:00,3.279,8.049,0.0,317.688,8.984,1004.294
2025-01-18 15:00:00,0.5,8.049,0.0,391.196,9.705,1010.99
2025-01-18 16:00:00,0.151,8.049,0.0,334.937,4.272,1015.19
2025-01-18 17:00:00,1.873,8.049,0.0,315.0,7.276,988.071
2025-01-18 18:00:00,0.809,8.049,0.0,407.254,9.46,990.747
2025-01-18 19:00:00,4.191,8.049,0.0,405.47,5.858,1003.898
2025-01-18 20:00:00,0.356,8.049,0.0,306.898,9.874,1002.02
2025-01-18 21:00:00,4.488,8.049,0.0,352.935,8.928,981.712
2025-01-18 22:00:00,1.033,8.049,0.0,381.933,5.013,984.962
2025-01-18 23:00:00,1.603,8.049,0.0,345.174,5.936,980.683
2025-01-19 00:00:00,1.155,8.213,0.0,347.975,6.278,989.952
2025-01-19 01:00:00,0.584,8.213,129.41,416.582,8.665,990.692
2025-01-19 02:00:00,0.724,8.213,250.0,347.514,5.778,1012.507
2025-01-19 03:00:00,0.945,8.213,353.553,357.916,8.777,1008.646
2025-01-19 04:00:00,0.49,8.213,433.013,310.903,8.743,1002.912
2025-01-19 05:00:00,3.607,8.213,482.963,309.906,8.773,1004.986
2025-01-19 06:00:00,2.947,8.213,500.0,388.531,6.358,984.821
2025-01-19 07:00:00,0.669,8.213,482.963,417.023,9.903,1017.833
2025-01-19 08:00:00,3.665,8.213,433.013,373.379,7.753,995.453
2025-01-19 09:00:00,0.252,8.213,353.553,320.686,5.15,993.327
2025-01-19 10:00:00,1.659,8.213,250.0,355.222,7.837,996.832
2025-01-19 11:00:00,0.86,8.213,129.41,417.116,5.201,984.364
2025-01-19 12:00:00,2.763,8.213,0.0,400.037,5.129,988.369
2025-01-19 13:00:00,0.544,8.213,0.0,360.073,6.992,1012.093
2025-01-19 14:00:00,0.186,8.213,0.0,397.066,8.817,1004.17
2025-01-19 15:00:00,2.549,8.213,0.0,416.881,4.989,1001.292
2025-01-19 16:00:00,0.905,8.213,0.0,384.45,8.724,991.316
2025-01-19 17:00:00,0.193,8.213,0.0,348.682,5.299,1008.004
2025-01-19 18:00:00,0.955,8.213,0.0,348.446,7.244,985.347
2025-01-19 19:00:00,6.673,8.213,0.0,392.807,6.098,1008.65
2025-01-19 20:00:00,3.574,8.213,0.0,396.821,4.752,1012.461
2025-01-19 21:00:00,3.043,8.213,0.0,310.742,9.58,1010.929
2025-01-19 22:00:00,0.234,8.213,0.0,300.604,5.935,999.146
2025-01-19 23:00:00,0.876,8.213,0.0,401.359,4.217,1013.69
2025-01-20 00:00:00,4.262,8.375,0.0,323.42,5.004,989.953
2025-01-20 01:00:00,2.506,8.375,129.41,340.28,6.115,1006.57
2025-01-20 02:00:00,1.553,8.375,250.0,311.391,5.867,1002.703
2025-01-20 03:00:00,1.08,8.375,353.553,369.939,5.254,1019.939
2025-01-20 04:00:00,0.513,8.375,433.013,331.977,5.851,1015.967
2025-01-20 05:00:00,0.605,8.375,482.963,412.891,6.927,1014.781
2025-01-20 06:00:00,4.581,8.375,500.0,359.501,5.548,987.333
2025-01-20 07:00:00,2.346,8.375,482.963,308.408,9.466,995.55
2025-01-20 08:00:00,0.883,8.375,433.013,412.015,7.693,1003.105
2025-01-20 09:00:00,1.267,8.375,353.553,339.814,6.186,980.34
2025-01-20 10:00:00,1.714,8.375,250.0,411.444,9.966,981.432
2025-01-20 11:00:00,1.117,8.375,129.41,311.787,4.111,1019.86
2025-01-20 12:00:00,1.776,8.375,0.0,328.775,6.062,1003.061
2025-01-20 13:00:00,0.949,8.375,0.0,379.205,4.546,982.344
2025-01-20 14:00:00,1.805,8.375,0.0,396.444,5.251,996.729
2025-01-20 15:00:00,1.211,8.375,0.0,356.088,9.337,1017.239
2025-01-20 16:00:00,2.968,8.375,0.0,343.614,4.733,988.109
2025-01-20 17:00:00,1.543,8.375,0.0,319.402,6.007,1007.185
2025-01-20 18:00:00,2.767,8.375,0.0,314.181,8.632,1018.699
2025-01-20 19:00:00,1.317,8.375,0.0,325.389,6.412,994.97
2025-01-20 20:00:00,0.119,8.375,0.0,328.435,9.305,1018.317
2025-01-20 21:00:00,1.689,8.375,0.0,303.198,5.729,1014.301
2025-01-20 22:00:00,1.735,8.375,0.0,316.433,4.559,996.5
2025-01-20 23:00:00,0.208,8.375,0.0,359.798,6.435,995.166
2025-01-21 00:00:00,0.409,8.537,0.0,320.299,6.076,1018.836
2025-01-21 01:00:00,0.215,8.537,129.41,311.234,5.113,1002.028
2025-01-21 02:00:00,3.585,8.537,250.0,324.091,4.598,1006.801
2025-01-21 03:00:00,0.734,8.537,353.553,355.7,9.701,987.654
2025-01-21 04:00:00,0.591,8.537,433.013,363.989,9.688,1001.427
2025-01-21 05:00:00,3.017,8.537,482.963,371.226,6.758,1004.615
2025-01-21 06:00:00,3.104,8.537,500.0,374.278,5.569,987.682
2025-01-21 07:00:00,1.15,8.537,482.963,390.627,9.898,1001.808
2025-01-21 08:00:00,0.972,8.537,433.013,401.074,5.69,1008.94
2025-01-21 09:00:00,0.961,8.537,353.553,380.95,6.568,1006.815
2025-01-21 10:00:00,0.896,8.537,250.0,315.411,5.76,990.283
2025-01-21 11:00:00,0.564,8.537,129.41,351.154,6.439,991.24
2025-01-21 12:00:00,0.36,8.537,0.0,412.377,8.677,1018.77
2025-01-21 13:00:00,0.954,8.537,0.0,329.887,9.984,1004.142
2025-01-21 14:00:00,0.192,8.537,0.0,317.838,6.162,988.931
2025-01-21 15:00:00,0.968,8.537,0.0,336.324,4.749,1016.398
2025-01-21 16:00:00,1.454,8.537,0.0,339.179,7.39,1008.341
2025-01-21 17:00:00,0.633,8.537,0.0,302.897,4.495,1009.168
2025-01-21 18:00:00,5.481,8.537,0.0,329.571,9.417,983.673
2025-01-21 19:00:00,4.646,8.537,0.0,312.745,7.961,991.334
2025-01-21 20:00:00,1.765,8.537,0.0,369.06,7.146,1018.358
2025-01-21 21:00:00,1.341,8.537,0.0,340.439,6.566,997.88
2025-01-21 22:00:00,1.628,8.537,0.0,340.16,6.911,994.479
2025-01-21 23:00:00,1.321,8.537,0.0,301.996,4.165,995.046
2025-01-22 00:00:00,1.402,8.697,0.0,356.031,6.74,980.66
2025-01-22 01:00:00,0.741,8.697,129.41,366.16,9.802,983.586
2025-01-22 02:00:00,0.661,8.697,250.0,399.466,6.993,1005.061
2025-01-22 03:00:00,1.134,8.697,353.553,408.436,8.688,984.899
2025-01-22 04:00:00,2.265,8.697,433.013,349.268,5.138,991.15
2025-01-22 05:00:00,1.304,8.697,482.963,304.745,6.436,1019.619
2025-01-22 06:00:00,0.102,8.697,500.0,417.728,4.131,980.004
2025-01-22 07:00:00,1.113,8.697,482.963,391.9,7.504,1007.715
2025-01-22 08:00:00,2.218,8.697,433.013,415.534,4.454,1009.92
2025-01-22 09:00:00,5.526,8.697,353.553,343.356,7.993,1017.822
2025-01-22 10:00:00,2.498,8.697,250.0,323.501,8.945,986.707
2025-01-22 11:00:00,0.272,8.697,129.41,306.549,5.145,1018.523
2025-01-22 12:00:00,1.139,8.697,0.0,380.106,9.987,981.887
2025-01-22 13:00:00,0.387,8.697,0.0,360.784,8.046,1012.86
2025-01-22 14:00:00,0.962,8.697,0.0,377.801,6.04,1011.195
2025-01-22 15:00:00,1.265,8.697,0.0,379.399,7.664,991.436
2025-01-22 16:00:00,1.684,8.697,0.0,357.399,6.72,1014.794
2025-01-22 17:00:00,1.103,8.697,0.0,370.109,6.021,983.893
2025-01-22 18:00:00,2.369,8.697,0.0,319.383,5.899,985.113
2025-01-22 19:00:00,2.148,8.697,0.0,308.967,5.191,1007.724
2025-01-22 20:00:00,0.849,8.697,0.0,405.745,8.033,991.428
2025-01-22 21:00:00,0.681,8.697,0.0,323.169,4.058,1011.208
2025-01-22 22:00:00,0.033,8.697,0.0,322.181,9.178,1009.918
2025-01-22 23:00:00,1.85,8.697,0.0,333.419,7.18,1010.209
2025-01-23 00:00:00,1.466,8.857,0.0,343.952,5.515,1007.889
2025-01-23 01:00:00,1.845,8.857,129.41,303.269,8.543,999.305
2025-01-23 02:00:00,0.831,8.857,250.0,354.56,4.186,998.248
2025-01-23 03:00:00,0.496,8.857,353.553,351.457,5.737,981.167
2025-01-23 04:00:00,1.185,8.857,433.013,416.807,6.678,1005.153
2025-01-23 05:00:00,1.383,8.857,482.963,319.085,8.71,1006.599
2025-01-23 06:00:00,1.135,8.857,500.0,358.22,7.281,1018.252
2025-01-23 07:00:00,2.719,8.857,482.963,392.806,6.624,994.25
2025-01-23 08:00:00,3.401,8.857,433.013,358.156,7.902,1011.083
2025-01-23 09:00:00,1.025,8.857,353.553,415.238,7.75,996.482
2025-01-23 10:00:00,2.604,8.857,250.0,352.713,6.841,1016.613
2025-01-23 11:00:00,0.714,8.857,129.41,415.104,6.382,1000.905
2025-01-23 12:00:00,1.325,8.857,0.0,406.463,4.686,1008.839
2025-01-23 13:00:00,1.44,8.857,0.0,313.994,5.57,992.105
2025-01-23 14:00:00,0.259,8.857,0.0,373.168,4.77,1010.204
2025-01-23 15:00:00,0.514,8.857,0.0,411.366,8.7,998.544
2025-01-23 16:00:00,1.025,8.857,0.0,391.583,8.526,1011.157
2025-01-23 17:00:00,1.084,8.857,0.0,407.028,9.794,1006.08
2025-01-23 18:00:00,1.018,8.857,0.0,313.149,6.022,1017.472
2025-01-23 19:00:00,0.508,8.857,0.0,327.291,5.03,1005.513
2025-01-23 20:00:00,1.422,8.857,0.0,321.32,9.46,991.294
2025-01-23 21:00:00,1.42,8.857,0.0,406.373,7.491,993.449
2025-01-23 22:00:00,3.134,8.857,0.0,334.517,8.824,1000.671
2025-01-23 23:00:00,0.174,8.857,0.0,395.283,9.209,1014.051
2025-01-24 00:00:00,0.472,9.015,0.0,384.006,6.794,994.436
2025-01-24 01:00:00,4.0,9.015,129.41,398.77,9.516,999.102
2025-01-24 02:00:00,2.023,9.015,250.0,311.493,6.43,1004.77
2025-01-24 03:00:00,1.23,9.015,353.553,359.405,5.147,1016.196
2025-01-24 04:00:00,1.713,9.015,433.013,331.212,8.512,1008.171
2025-01-24 05:00:00,0.894,9.015,482.963,306.277,6.477,992.732
2025-01-24 06:00:00,0.81,9.015,500.0,326.105,4.378,1007.036
2025-01-24 07:00:00,0.994,9.015,482.963,403.032,8.649,1019.785
2025-01-24 08:00:00,1.731,9.015,433.013,389.202,4.888,1003.583
2025-01-24 09:00:00,1.534,9.015,353.553,362.985,8.622,1000.357
2025-01-24 10:00:00,1.246,9.015,250.0,400.032,5.012,1003.0
2025-01-24 11:00:00,2.048,9.015,129.41,360.235,4.714,985.268
2025-01-24 12:00:00,1.489,9.015,0.0,384.746,5.402,1014.687
2025-01-24 13:00:00,0.508,9.015,0.0,358.264,8.052,1015.407
2025-01-24 14:00:00,0.904,9.015,0.0,411.484,9.51,987.912
2025-01-24 15:00:00,0.413,9.015,0.0,365.842,6.059,1019.072
2025-01-24 16:00:00,1.963,9.015,0.0,389.01,5.143,990.389
2025-01-24 17:00:00,0.864,9.015,0.0,367.245,9.634,1000.618
2025-01-24 18:00:00,0.289,9.015,0.0,410.202,6.043,1005.97
2025-01-24 19:00:00,2.709,9.015,0.0,302.197,7.151,1016.372
2025-01-24 20:00:00,3.635,9.015,0.0,365.715,8.284,1009.446
2025-01-24 21:00:00,1.465,9.015,0.0,315.739,8.518,1016.002
2025-01-24 22:00:00,0.641,9.015,0.0,365.618,9.754,1014.14
2025-01-24 23:00:00,3.239,9.015,0.0,335.139,9.59,1007.212
2025-01-25 00:00:00,1.203,9.172,0.0,314.126,4.496,991.474
2025-01-25 01:00:00,0.519,9.172,129.41,378.982,8.703,992.478
2025-01-25 02:00:00,1.583,9.172,250.0,313.899,7.127,986.688
2025-01-25 03:00:00,1.805,9.172,353.553,375.611,6.787,987.823
2025-01-25 04:00:00,0.15,9.172,433.013,337.685,9.296,981.145
2025-01-25 05:00:00,1.676,9.172,482.963,349.328,9.782,991.694
2025-01-25 06:00:00,1.644,9.172,500.0,314.866,6.004,988.748
2025-01-25 07:00:00,2.784,9.172,482.963,394.544,8.205,994.383
2025-01-25 08:00:00,2.688,9.172,433.013,383.721,6.354,1013.322
2025-01-25 09:00:00,0.993,9.172,353.553,334.905,7.225,990.037
2025-01-25 10:00:00,1.715,9.172,250.0,334.239,5.764,1007.772
2025-01-25 11:00:00,2.427,9.172,129.41,321.528,5.121,980.343
2025-01-25 12:00:00,1.419,9.172,0.0,345.548,6.517,980.59
2025-01-25 13:00:00,0.409,9.172,0.0,379.057,4.672,985.73
2025-01-25 14:00:00,1.269,9.172,0.0,414.941,4.263,1014.894
2025-01-25 15:00:00,2.445,9.172,0.0,394.962,8.541,1005.968
2025-01-25 16:00:00,0.423,9.172,0.0,307.558,5.771,989.563
2025-01-25 17:00:00,3.734,9.172,0.0,410.788,7.381,989.407
2025-01-25 18:00:00,1.984,9.172,0.0,408.112,5.107,994.65
2025-01-25 19:00:00,0.87,9.172,0.0,403.031,7.689,1014.425
2025-01-25 20:00:00,0.041,9.172,0.0,419.214,4.62,997.654
2025-01-25 21:00:00,1.981,9.172,0.0,342.132,9.663,1003.208
2025-01-25 22:00:00,3.762,9.172,0.0,333.628,7.755,997.127
2025-01-25 23:00:00,0.472,9.172,0.0,317.044,5.678,992.781
2025-01-26 00:00:00,0.223,9.328,0.0,399.343,8.534,996.907
2025-01-26 01:00:00,1.274,9.328,129.41,387.6,9.503,987.181
2025-01-26 02:00:00,0.301,9.328,250.0,310.519,9.53,1013.867
2025-01-26 03:00:00,0.231,9.328,353.553,416.32,9.6,1016.644
2025-01-26 04:00:00,5.407,9.328,433.013,362.508,8.341,982.773
2025-01-26 05:00:00,2.224,9.328,482.963,403.828,5.092,999.221
2025-01-26 06:00:00,0.672,9.328,500.0,309.674,5.364,1007.361
2025-01-26 07:00:00,1.01,9.328,482.963,337.701,5.024,987.915
2025-01-26 08:00:00,3.114,9.328,433.013,329.889,5.876,983.261
2025-01-26 09:00:00,1.647,9.328,353.553,323.796,8.271,993.8
2025-01-26 10:00:00,0.379,9.328,250.0,310.596,4.407,983.778
2025-01-26 11:00:00,0.838,9.328,129.41,349.593,6.163,1006.147
2025-01-26 12:00:00,1.761,9.328,0.0,395.198,4.421,1007.753
2025-01-26 13:00:00,1.266,9.328,0.0,382.06,9.304,1008.615
2025-01-26 14:00:00,0.346,9.328,0.0,316.54,4.961,994.968
2025-01-26 15:00:00,0.976,9.328,0.0,327.386,8.53,980.797
2025-01-26 16:00:00,0.29,9.328,0.0,327.339,8.95,998.503
2025-01-26 17:00:00,1.497,9.328,0.0,388.467,5.342,999.043
2025-01-26 18:00:00,0.332,9.328,0.0,410.754,7.336,993.534
2025-01-26 19:00:00,0.522,9.328,0.0,368.056,5.233,1011.727
2025-01-26 20:00:00,0.321,9.328,0.0,306.297,6.814,989.706
2025-01-26 21:00:00,1.317,9.328,0.0,418.301,9.978,1018.696
2025-01-26 22:00:00,0.289,9.328,0.0,313.197,7.102,1003.749
2025-01-26 23:00:00,1.53,9.328,0.0,393.548,6.356,990.254
2025-01-27 00:00:00,2.271,9.482,0.0,366.735,5.674,991.876
2025-01-27 01:00:00,0.345,9.482,129.41,394.235,6.94,1005.393
2025-01-27 02:00:00,1.091,9.482,250.0,397.622,7.929,1011.093
2025-01-27 03:00:00,1.544,9.482,353.553,344.94,4.421,1004.174
2025-01-27 04:00:00,1.079,9.482,433.013,374.262,4.785,1011.884
2025-01-27 05:00:00,2.141,9.482,482.963,366.075,9.283,990.57
2025-01-27 06:00:00,1.75,9.482,500.0,417.2,9.771,992.525
2025-01-27 07:00:00,0.75,9.482,482.963,415.758,7.431,993.06
2025-01-27 08:00:00,1.343,9.482,433.013,363.167,7.371,1011.378
2025-01-27 09:00:00,0.646,9.482,353.553,305.59,5.556,1005.944
2025-01-27 10:00:00,1.534,9.482,250.0,402.996,8.289,1014.57
2025-01-27 11:00:00,2.464,9.482,129.41,342.664,4.23,1008.074
2025-01-27 12:00:00,1.267,9.482,0.0,320.657,7.26,1017.336
2025-01-27 13:00:00,1.205,9.482,0.0,354.797,7.468,992.449
2025-01-27 14:00:00,2.804,9.482,0.0,359.587,8.863,1008.734
2025-01-27 15:00:00,1.472,9.482,0.0,334.423,8.987,1012.146
2025-01-27 16:00:00,0.914,9.482,0.0,370.67,9.268,982.659
2025-01-27 17:00:00,0.934,9.482,0.0,395.778,8.093,991.345
2025-01-27 18:00:00,1.994,9.482,0.0,396.616,9.681,980.168
2025-01-27 19:00:00,0.308,9.482,0.0,362.863,5.081,1015.098
2025-01-27 20:00:00,1.51,9.482,0.0,363.966,8.968,1010.901
2025-01-27 21:00:00,1.416,9.482,0.0,363.841,7.906,1004.173
2025-01-27 22:00:00,1.517,9.482,0.0,332.258,7.734,1012.712
2025-01-27 23:00:00,0.377,9.482,0.0,419.181,6.663,982.856
2025-01-28 00:00:00,0.193,9.636,0.0,364.941,4.825,1007.49
2025-01-28 01:00:00,1.082,9.636,129.41,329.091,7.191,990.754
2025-01-28 02:00:00,0.053,9.636,250.0,383.257,6.824,1018.671
2025-01-28 03:00:00,3.237,9.636,353.553,357.516,7.03,983.639
2025-01-28 04:00:00,0.561,9.636,433.013,366.333,8.643,992.826
2025-01-28 05:00:00,1.782,9.636,482.963,325.096,8.335,997.215
2025-01-28 06:00:00,1.542,9.636,500.0,355.562,7.548,1007.419
2025-01-28 07:00:00,0.217,9.636,482.963,305.27,5.983,1019.859
2025-01-28 08:00:00,3.018,9.636,433.013,335.716,6.962,1010.769
2025-01-28 09:00:00,0.664,9.636,353.553,338.009,7.898,984.997
2025-01-28 10:00:00,1.058,9.636,250.0,351.833,5.895,998.532
2025-01-28 11:00:00,1.135,9.636,129.41,348.664,8.587,989.077
2025-01-28 12:00:00,0.029,9.636,0.0,336.152,8.75,1017.27
2025-01-28 13:00:00,3.649,9.636,0.0,345.738,7.103,1005.925
2025-01-28 14:00:00,0.06,9.636,0.0,358.794,4.31,1008.001
2025-01-28 15:00:00,2.535,9.636,0.0,410.066,6.608,994.144
2025-01-28 16:00:00,0.81,9.636,0.0,334.164,4.526,983.913
2025-01-28 17:00:00,1.46,9.636,0.0,336.231,4.824,997.429
2025-01-28 18:00:00,1.059,9.636,0.0,321.891,5.105,1003.602
2025-01-28 19:00:00,1.616,9.636,0.0,411.545,6.798,992.53
2025-01-28 20:00:00,0.473,9.636,0.0,310.756,8.29,1013.344
2025-01-28 21:00:00,1.917,9.636,0.0,339.064,5.179,1012.303
2025-01-28 22:00:00,1.282,9.636,0.0,382.998,6.725,1002.214
2025-01-28 23:00:00,2.029,9.636,0.0,372.866,5.236,989.815
2025-01-29 00:00:00,3.922,9.787,0.0,333.206,6.496,982.153
2025-01-29 01:00:00,0.622,9.787,129.41,333.418,9.08,1019.671
2025-01-29 02:00:00,2.61,9.787,250.0,382.313,8.374,993.58
2025-01-29 03:00:00,0.086,9.787,353.553,378.31,8.295,990.176
2025-01-29 04:00:00,0.34,9.787,433.013,300.803,5.467,984.163
2025-01-29 05:00:00,0.265,9.787,482.963,311.978,8.286,995.065
2025-01-29 06:00:00,2.639,9.787,500.0,300.039,7.073,980.37
2025-01-29 07:00:00,0.83,9.787,482.963,405.63,4.14,993.653
2025-01-29 08:00:00,0.782,9.787,433.013,356.432,5.638,999.627
2025-01-29 09:00:00,0.294,9.787,353.553,330.524,6.595,982.509
2025-01-29 10:00:00,0.208,9.787,250.0,300.525,9.421,1019.455
2025-01-29 11:00:00,3.294,9.787,129.41,360.575,4.163,981.545
2025-01-29 12:00:00,0.264,9.787,0.0,413.321,7.722,1007.444
2025-01-29 13:00:00,3.521,9.787,0.0,372.373,6.668,1018.194
2025-01-29 14:00:00,0.765,9.787,0.0,383.718,9.241,1019.972
2025-01-29 15:00:00,1.263,9.787,0.0,344.981,7.045,1003.893
2025-01-29 16:00:00,1.588,9.787,0.0,391.608,8.796,999.984
2025-01-29 17:00:00,1.395,9.787,0.0,410.511,8.856,1014.085
2025-01-29 18:00:00,0.163,9.787,0.0,353.185,5.697,1001.307
2025-01-29 19:00:00,0.942,9.787,0.0,300.888,8.702,988.664
2025-01-29 20:00:00,2.682,9.787,0.0,328.377,9.361,1018.028
2025-01-29 21:00:00,1.461,9.787,0.0,416.81,9.056,999.34
2025-01-29 22:00:00,1.512,9.787,0.0,382.852,8.13,1009.591
2025-01-29 23:00:00,3.946,9.787,0.0,328.398,6.656,984.74
2025-01-30 00:00:00,0.931,9.938,0.0,349.965,7.8,987.785
2025-01-30 01:00:00,3.003,9.938,129.41,319.623,9.344,1012.434
2025-01-30 02:00:00,1.667,9.938,250.0,334.39,6.422,1013.6
2025-01-30 03:00:00,0.259,9.938,353.553,310.115,6.112,1018.385
2025-01-30 04:00:00,0.372,9.938,433.013,337.606,5.057,1013.946
2025-01-30 05:00:00,6.394,9.938,482.963,370.837,9.306,982.688
2025-01-30 06:00:00,0.753,9.938,500.0,352.239,4.713,993.607
2025-01-30 07:00:00,0.607,9.938,482.963,390.365,4.512,999.664
2025-01-30 08:00:00,1.515,9.938,433.013,418.22,4.18,993.784
2025-01-30 09:00:00,0.173,9.938,353.553,332.307,7.403,999.891
2025-01-30 10:00:00,3.039,9.938,250.0,332.981,8.616,1004.006
2025-01-30 11:00:00,0.22,9.938,129.41,302.723,8.149,997.152
2025-01-30 12:00:00,0.681,9.938,0.0,409.136,5.316,1012.419
2025-01-30 13:00:00,1.772,9.938,0.0,376.481,7.649,1007.914
2025-01-30 14:00:00,1.588,9.938,0.0,383.2,6.233,980.274
2025-01-30 15:00:00,1.114,9.938,0.0,416.351,8.016,1018.332
2025-01-30 16:00:00,1.822,9.938,0.0,408.82,4.643,1013.546
2025-01-30 17:00:00,2.035,9.938,0.0,412.457,8.457,1011.686
2025-01-30 18:00:00,0.204,9.938,0.0,390.589,6.777,982.51
2025-01-30 19:00:00,2.524,9.938,0.0,304.759,9.159,985.446
2025-01-30 20:00:00,2.74,9.938,0.0,366.991,7.798,998.925
2025-01-30 21:00:00,2.499,9.938,0.0,412.699,4.354,984.491
2025-01-30 22:00:00,0.524,9.938,0.0,340.879,9.191,989.897
2025-01-30 23:00:00,1.006,9.938,0.0,381.898,8.1,1007.539
2025-01-31 00:00:00,0.411,10.087,0.0,402.928,5.77,992.879
2025-01-31 01:00:00,1.709,10.087,129.41,393.604,8.702,993.776
2025-01-31 02:00:00,1.199,10.087,250.0,339.236,4.682,997.199
2025-01-31 03:00:00,2.7,10.087,353.553,316.965,6.427,1007.442
2025-01-31 04:00:00,1.522,10.087,433.013,404.05,4.249,984.296
2025-01-31 05:00:00,1.822,10.087,482.963,386.177,8.514,1016.684
2025-01-31 06:00:00,3.646,10.087,500.0,398.309,5.696,1014.176
2025-01-31 07:00:00,1.263,10.087,482.963,417.527,6.506,987.81
2025-01-31 08:00:00,0.294,10.087,433.013,349.631,8.556,988.716
2025-01-31 09:00:00,0.173,10.087,353.553,377.44,5.177,982.855
2025-01-31 10:00:00,0.321,10.087,250.0,364.541,9.348,1012.027
2025-01-31 11:00:00,1.932,10.087,129.41,405.613,6.104,983.521
2025-01-31 12:00:00,4.212,10.087,0.0,321.814,5.146,1017.649
2025-01-31 13:00:00,0.508,10.087,0.0,314.432,9.177,1015.564
2025-01-31 14:00:00,0.832,10.087,0.0,359.317,6.796,992.787
2025-01-31 15:00:00,1.005,10.087,0.0,382.016,9.501,980.41
2025-01-31 16:00:00,0.75,10.087,0.0,303.096,5.715,1018.966
2025-01-31 17:00:00,1.665,10.087,0.0,303.902,4.646,982.249
2025-01-31 18:00:00,2.989,10.087,0.0,384.613,6.257,1018.302
2025-01-31 19:00:00,0.865,10.087,0.0,396.077,6.614,1016.815
2025-01-31 20:00:00,1.439,10.087,0.0,387.014,5.049,989.943
2025-01-31 21:00:00,0.741,10.087,0.0,383.596,9.707,981.426
2025-01-31 22:00:00,0.703,10.087,0.0,415.124,7.171,993.143
2025-01-31 23:00:00,0.279,10.087,0.0,387.632,9.831,987.235
2025-02-01 00:00:00,1.748,10.234,0.0,388.953,9.978,994.15
2025-02-01 01:00:00,0.619,10.234,129.41,419.719,9.935,987.845
2025-02-01 02:00:00,1.375,10.234,250.0,413.293,6.832,1019.792
2025-02-01 03:00:00,2.04,10.234,353.553,368.473,7.214,996.455
2025-02-01 04:00:00,0.146,10.234,433.013,361.548,5.139,1019.471
2025-02-01 05:00:00,0.696,10.234,482.963,321.925,7.604,1014.989
2025-02-01 06:00:00,2.027,10.234,500.0,318.265,8.384,1009.747
2025-02-01 07:00:00,2.86,10.234,482.963,367.412,4.416,1018.739
2025-02-01 08:00:00,1.792,10.234,433.013,343.359,5.509,1018.192
2025-02-01 09:00:00,0.642,10.234,353.553,390.989,7.731,1007.923
2025-02-01 10:00:00,1.014,10.234,250.0,321.654,9.084,997.517
2025-02-01 11:00:00,1.682,10.234,129.41,386.0,4.277,994.732
2025-02-01 12:00:00,0.112,10.234,0.0,328.52,4.405,999.676
2025-02-01 13:00:00,2.586,10.234,0.0,408.57,6.618,1000.851
2025-02-01 14:00:00,0.24,10.234,0.0,411.225,5.597,1018.184
2025-02-01 15:00:00,1.984,10.234,0.0,303.45,5.094,988.903
2025-02-01 16:00:00,4.154,10.234,0.0,386.015,4.757,1012.089
2025-02-01 17:00:00,1.012,10.234,0.0,419.475,8.135,1006.868
2025-02-01 18:00:00,1.032,10.234,0.0,310.916,5.712,986.486
2025-02-01 19:00:00,2.926,10.234,0.0,416.236,5.811,994.762
2025-02-01 20:00:00,0.691,10.234,0.0,351.585,8.625,1009.539
2025-02-01 21:00:00,1.062,10.234,0.0,378.269,8.513,987.805
2025-02-01 22:00:00,0.784,10.234,0.0,419.123,8.236,1014.291
2025-02-01 23:00:00,0.595,10.234,0.0,370.803,4.684,999.585
2025-02-02 00:00:00,1.987,10.38,0.0,393.634,8.179,1017.226
2025-02-02 01:00:00,2.664,10.38,129.41,414.128,8.16,991.453
2025-02-02 02:00:00,1.948,10.38,250.0,330.668,7.644,1019.734
2025-02-02 03:00:00,2.367,10.38,353.553,337.025,6.092,983.017
2025-02-02 04:00:00,0.502,10.38,433.013,415.116,7.429,984.338
2025-02-02 05:00:00,0.438,10.38,482.963,321.614,6.15,982.161
2025-02-02 06:00:00,0.534,10.38,500.0,339.657,4.616,1016.607
2025-02-02 07:00:00,1.667,10.38,482.963,338.786,8.839,993.378
2025-02-02 08:00:00,0.274,10.38,433.013,337.99,6.22,1012.813
2025-02-02 09:00:00,0.657,10.38,353.553,395.58,9.922,989.123
2025-02-02 10:00:00,1.068,10.38,250.0,340.265,6.275,1007.93
2025-02-02 11:00:00,1.545,10.38,129.41,376.727,9.043,997.281
2025-02-02 12:00:00,0.889,10.38,0.0,380.772,5.012,982.59
2025-02-02 13:00:00,4.932,10.38,0.0,310.89,4.785,982.049
2025-02-02 14:00:00,1.135,10.38,0.0,331.982,8.427,1019.848
2025-02-02 15:00:00,0.617,10.38,0.0,313.783,8.396,996.931
2025-02-02 16:00:00,2.415,10.38,0.0,357.622,9.099,1013.982
2025-02-02 17:00:00,1.35,10.38,0.0,403.805,4.127,990.082
2025-02-02 18:00:00,2.12,10.38,0.0,395.613,7.616,1017.239
2025-02-02 19:00:00,0.447,10.38,0.0,376.923,7.013,1019.715
2025-02-02 20:00:00,0.718,10.38,0.0,409.514,7.226,988.66
2025-02-02 21:00:00,0.282,10.38,0.0,394.563,7.142,1000.342
2025-02-02 22:00:00,2.097,10.38,0.0,419.947,5.247,1015.46
2025-02-02 23:00:00,1.41,10.38,0.0,352.622,8.078,991.705
2025-02-03 00:00:00,1.535,10.524,0.0,384.114,5.419,1004.069
2025-02-03 01:00:00,1.317,10.524,129.41,383.833,6.131,983.4
2025-02-03 02:00:00,2.373,10.524,250.0,337.684,6.197,1015.067
2025-02-03 03:00:00,3.568,10.524,353.553,340.782,5.607,999.441
2025-02-03 04:00:00,3.749,10.524,433.013,393.952,8.971,995.601
2025-02-03 05:00:00,1.566,10.524,482.963,414.593,8.59,1008.575
2025-02-03 06:00:00,1.272,10.524,500.0,415.378,8.677,1002.618
2025-02-03 07:00:00,2.219,10.524,482.963,364.377,8.011,1008.202
2025-02-03 08:00:00,0.137,10.524,433.013,387.205,8.483,1014.708
2025-02-03 09:00:00,0.115,10.524,353.553,317.146,7.333,983.922
2025-02-03 10:00:00,0.69,10.524,250.0,385.573,8.204,985.642
2025-02-03 11:00:00,2.746,10.524,129.41,322.081,6.338,985.733
2025-02-03 12:00:00,2.401,10.524,0.0,389.593,9.828,1018.631
2025-02-03 13:00:00,0.866,10.524,0.0,354.098,6.216,1010.496
2025-02-03 14:00:00,0.203,10.524,0.0,413.092,8.121,1001.713
2025-02-03 15:00:00,0.461,10.524,0.0,373.614,8.186,989.804
2025-02-03 16:00:00,0.869,10.524,0.0,399.111,5.745,1018.526
2025-02-03 17:00:00,3.614,10.524,0.0,383.216,7.645,1015.901
2025-02-03 18:00:00,1.332,10.524,0.0,358.184,5.626,983.798
2025-02-03 19:00:00,1.272,10.524,0.0,416.491,5.549,984.911
2025-02-03 20:00:00,0.646,10.524,0.0,311.702,6.455,1019.513
2025-02-03 21:00:00,2.057,10.524,0.0,317.322,9.334,1012.68
2025-02-03 22:00:00,0.935,10.524,0.0,394.202,9.931,996.65
2025-02-03 23:00:00,0.9,10.524,0.0,365.36,8.663,999.757
2025-02-04 00:00:00,1.61,10.667,0.0,303.073,8.783,1004.421
2025-02-04 01:00:00,1.422,10.667,129.41,375.136,7.348,998.876
2025-02-04 02:00:00,1.189,10.667,250.0,330.26,5.473,998.965
2025-02-04 03:00:00,0.508,10.667,353.553,335.019,7.931,997.937
2025-02-04 04:00:00,1.185,10.667,433.013,335.749,7.61,998.097
2025-02-04 05:00:00,0.414,10.667,482.963,375.08,8.638,985.039
2025-02-04 06:00:00,0.82,10.667,500.0,362.664,9.049,1016.818
2025-02-04 07:00:00,1.793,10.667,482.963,400.538,5.904,1019.292
2025-02-04 08:00:00,1.49,10.667,433.013,408.442,5.903,1012.443
2025-02-04 09:00:00,0.903,10.667,353.553,312.478,9.762,984.518
2025-02-04 10:00:00,1.638,10.667,250.0,399.327,9.463,1005.927
2025-02-04 11:00:00,0.179,10.667,129.41,397.812,9.333,1005.461
2025-02-04 12:00:00,1.365,10.667,0.0,390.742,6.866,985.499
2025-02-04 13:00:00,0.278,10.667,0.0,347.522,4.49,1019.783
2025-02-04 14:00:00,0.791,10.667,0.0,325.986,7.33,1003.091
2025-02-04 15:00:00,0.191,10.667,0.0,313.725,4.856,1015.718
2025-02-04 16:00:00,1.937,10.667,0.0,417.747,6.523,1008.276
2025-02-04 17:00:00,0.584,10.667,0.0,409.509,9.881,1016.378
2025-02-04 18:00:00,1.42,10.667,0.0,363.503,6.591,997.933
2025-02-04 19:00:00,0.332,10.667,0.0,313.745,5.619,1008.483
2025-02-04 20:00:00,1.959,10.667,0.0,382.131,6.698,1007.271
2025-02-04 21:00:00,0.429,10.667,0.0,380.978,9.246,1003.178
2025-02-04 22:00:00,0.668,10.667,0.0,354.652,7.119,1017.279
2025-02-04 23:00:00,0.45,10.667,0.0,358.903,7.1,994.542
2025-02-05 00:00:00,1.264,10.808,0.0,329.681,7.714,1009.262
2025-02-05 01:00:00,0.014,10.808,129.41,402.566,5.126,998.461
2025-02-05 02:00:00,0.369,10.808,250.0,401.307,5.116,1003.458
2025-02-05 03:00:00,1.764,10.808,353.553,316.479,6.708,989.06
2025-02-05 04:00:00,1.851,10.808,433.013,397.554,9.526,1000.564
2025-02-05 05:00:00,2.309,10.808,482.963,348.59,7.913,1008.138
2025-02-05 06:00:00,0.271,10.808,500.0,348.59,4.836,1011.468
2025-02-05 07:00:00,0.15,10.808,482.963,327.298,7.975,1002.962
2025-02-05 08:00:00,2.212,10.808,433.013,395.429,5.553,991.884
2025-02-05 09:00:00,0.986,10.808,353.553,314.934,7.576,1016.517
2025-02-05 10:00:00,0.604,10.808,250.0,381.053,5.539,1014.024
2025-02-05 11:00:00,0.528,10.808,129.41,415.907,4.287,1006.376
2025-02-05 12:00:00,0.374,10.808,0.0,390.601,6.005,987.27
2025-02-05 13:00:00,0.573,10.808,0.0,308.87,6.936,1009.085
2025-02-05 14:00:00,0.991,10.808,0.0,378.436,8.037,1004.52
2025-02-05 15:00:00,1.072,10.808,0.0,348.181,8.416,996.371
2025-02-05 16:00:00,0.71,10.808,0.0,308.349,6.445,1016.798
2025-02-05 17:00:00,0.789,10.808,0.0,335.311,4.998,983.886
2025-02-05 18:00:00,0.338,10.808,0.0,373.834,9.332,1019.036
2025-02-05 19:00:00,1.021,10.808,0.0,348.076,4.334,1007.691
2025-02-05 20:00:00,0.503,10.808,0.0,366.127,4.745,997.814
2025-02-05 21:00:00,0.271,10.808,0.0,408.549,4.687,981.375
2025-02-05 22:00:00,5.416,10.808,0.0,376.752,4.437,980.64
2025-02-05 23:00:00,0.561,10.808,0.0,412.554,6.369,1006.404
2025-02-06 00:00:00,0.241,10.947,0.0,301.109,4.826,1002.909
2025-02-06 01:00:00,2.672,10.947,129.41,358.267,6.386,1006.702
2025-02-06 02:00:00,1.143,10.947,250.0,397.188,4.441,985.755
2025-02-06 03:00:00,1.085,10.947,353.553,380.093,4.884,1006.237
2025-02-06 04:00:00,3.329,10.947,433.013,344.377,5.207,985.606
2025-02-06 05:00:00,2.015,10.947,482.963,401.514,7.752,987.927
2025-02-06 06:00:00,0.619,10.947,500.0,318.944,8.16,1010.483
2025-02-06 07:00:00,1.06,10.947,482.963,375.666,8.411,1005.573
2025-02-06 08:00:00,2.853,10.947,433.013,300.761,5.143,1001.258
2025-02-06 09:00:00,0.581,10.947,353.553,384.744,5.21,987.965
2025-02-06 10:00:00,0.721,10.947,250.0,400.013,6.111,999.479
2025-02-06 11:00:00,2.445,10.947,129.41,314.048,7.95,1007.765
2025-02-06 12:00:00,1.535,10.947,0.0,399.466,5.783,990.275
2025-02-06 13:00:00,2.354,10.947,0.0,411.328,8.644,986.707
2025-02-06 14:00:00,1.164,10.947,0.0,334.938,8.936,981.998
2025-02-06 15:00:00,1.13,10.947,0.0,306.765,8.724,981.641
2025-02-06 16:00:00,1.928,10.947,0.0,376.611,8.215,984.796
2025-02-06 17:00:00,0.281,10.947,0.0,355.286,4.006,985.113
2025-02-06 18:00:00,1.623,10.947,0.0,352.751,8.429,1011.636
2025-02-06 19:00:00,1.378,10.947,0.0,331.776,5.475,989.972
2025-02-06 20:00:00,0.018,10.947,0.0,339.222,8.275,1012.338
2025-02-06 21:00:00,1.519,10.947,0.0,378.139,9.704,987.765
2025-02-06 22:00:00,3.258,10.947,0.0,370.282,7.5,988.069
2025-02-06 23:00:00,2.249,10.947,0.0,341.734,7.341,989.019
2025-02-07 00:00:00,0.054,11.085,0.0,320.835,5.106,990.154
2025-02-07 01:00:00,1.002,11.085,129.41,339.83,6.775,996.578
2025-02-07 02:00:00,2.741,11.085,250.0,376.358,9.252,982.228
2025-02-07 03:00:00,0.701,11.085,353.553,377.567,9.987,1015.218
2025-02-07 04:00:00,1.901,11.085,433.013,335.651,4.036,990.657
2025-02-07 05:00:00,2.479,11.085,482.963,403.793,4.5,993.184
2025-02-07 06:00:00,1.265,11.085,500.0,383.734,8.981,1009.903
2025-02-07 07:00:00,0.623,11.085,482.963,370.167,5.685,992.585
2025-02-07 08:00:00,0.416,11.085,433.013,417.35,7.621,1009.571
2025-02-07 09:00:00,4.856,11.085,353.553,337.143,6.472,987.155
2025-02-07 10:00:00,0.648,11.085,250.0,388.339,5.047,987.508
2025-02-07 11:00:00,0.119,11.085,129.41,363.568,9.837,999.278
2025-02-07 12:00:00,0.824,11.085,0.0,364.86,9.942,995.04
2025-02-07 13:00:00,3.325,11.085,0.0,314.579,6.804,1011.332
2025-02-07 14:00:00,4.57,11.085,0.0,398.222,8.514,988.849
2025-02-07 15:00:00,4.143,11.085,0.0,330.205,9.93,982.75
2025-02-07 16:00:00,1.095,11.085,0.0,316.387,8.162,1000.945
2025-02-07 17:00:00,0.805,11.085,0.0,317.687,7.837,996.735
2025-02-07 18:00:00,0.912,11.085,0.0,366.711,8.395,990.667
2025-02-07 19:00:00,0.467,11.085,0.0,407.307,7.888,1013.937
2025-02-07 20:00:00,0.4,11.085,0.0,346.815,6.718,996.935
2025-02-07 21:00:00,0.151,11.085,0.0,316.293,4.85,991.343
2025-02-07 22:00:00,2.499,11.085,0.0,372.919,7.732,988.499
2025-02-07 23:00:00,1.805,11.085,0.0,367.974,7.841,1018.852
2025-02-08 00:00:00,1.719,11.22,0.0,327.633,6.776,1019.236
2025-02-08 01:00:00,0.927,11.22,129.41,343.836,4.058,993.323
2025-02-08 02:00:00,0.585,11.22,250.0,372.248,8.79,1000.174
2025-02-08 03:00:00,0.864,11.22,353.553,343.544,7.032,990.645
2025-02-08 04:00:00,1.788,11.22,433.013,342.777,4.656,980.886
2025-02-08 05:00:00,1.519,11.22,482.963,369.329,5.656,1008.554
2025-02-08 06:00:00,1.844,11.22,500.0,300.971,6.808,983.089
2025-02-08 07:00:00,0.902,11.22,482.963,361.879,6.628,999.983
2025-02-08 08:00:00,1.595,11.22,433.013,405.109,8.522,996.984
2025-02-08 09:00:00,1.406,11.22,353.553,319.943,7.678,1001.429
2025-02-08 10:00:00,0.45,11.22,250.0,317.934,7.643,1018.665
2025-02-08 11:00:00,2.715,11.22,129.41,411.681,6.329,1000.457
2025-02-08 12:00:00,1.118,11.22,0.0,339.723,7.97,999.265
2025-02-08 13:00:00,1.143,11.22,0.0,409.765,9.366,990.515
2025-02-08 14:00:00,0.537,11.22,0.0,414.491,7.935,997.959
2025-02-08 15:00:00,0.892,11.22,0.0,309.35,6.918,1006.223
2025-02-08 16:00:00,1.347,11.22,0.0,415.23,6.309,988.196
2025-02-08 17:00:00,1.116,11.22,0.0,340.235,5.384,981.005
2025-02-08 18:00:00,1.839,11.22,0.0,336.456,9.797,1014.895
2025-02-08 19:00:00,1.641,11.22,0.0,314.946,7.016,991.567
2025-02-08 20:00:00,2.269,11.22,0.0,313.654,4.81,999.697
2025-02-08 21:00:00,1.429,11.22,0.0,411.004,8.183,1015.815
2025-02-08 22:00:00,1.474,11.22,0.0,309.026,5.683,989.097
2025-02-08 23:00:00,1.363,11.22,0.0,414.747,7.442,981.462
2025-02-09 00:00:00,4.154,11.354,0.0,418.196,7.667,1004.513
2025-02-09 01:00:00,0.72,11.354,129.41,333.363,7.622,981.43
2025-02-09 02:00:00,1.062,11.354,250.0,337.69,9.064,987.286
2025-02-09 03:00:00,1.7,11.354,353.553,392.242,8.584,1012.575
2025-02-09 04:00:00,1.456,11.354,433.013,334.412,5.72,982.8
2025-02-09 05:00:00,2.582,11.354,482.963,367.476,7.363,1001.273
2025-02-09 06:00:00,0.248,11.354,500.0,335.182,6.489,1011.238
2025-02-09 07:00:00,0.921,11.354,482.963,310.401,8.911,998.357
2025-02-09 08:00:00,1.867,11.354,433.013,333.195,9.278,1004.661
2025-02-09 09:00:00,0.365,11.354,353.553,333.685,5.868,990.087
2025-02-09 10:00:00,3.195,11.354,250.0,310.331,7.388,990.21
2025-02-09 11:00:00,1.141,11.354,129.41,400.08,6.118,999.626
2025-02-09 12:00:00,2.006,11.354,0.0,416.729,5.09,1001.781
2025-02-09 13:00:00,2.198,11.354,0.0,341.16,5.224,1012.1
2025-02-09 14:00:00,0.907,11.354,0.0,361.001,5.901,985.67
2025-02-09 15:00:00,1.909,11.354,0.0,389.147,4.723,1011.488
2025-02-09 16:00:00,0.646,11.354,0.0,304.805,6.292,991.175
2025-02-09 17:00:00,1.375,11.354,0.0,371.5,5.809,1013.849
2025-02-09 18:00:00,1.788,11.354,0.0,320.077,8.096,1019.033
2025-02-09 19:00:00,1.929,11.354,0.0,306.218,9.829,1018.384
2025-02-09 20:00:00,2.28,11.354,0.0,324.727,6.788,990.208
2025-02-09 21:00:00,2.886,11.354,0.0,396.846,9.878,984.855
2025-02-09 22:00:00,1.008,11.354,0.0,326.616,8.857,980.595
2025-02-09 23:00:00,1.613,11.354,0.0,392.739,8.656,991.401
2025-02-10 00:00:00,3.161,11.486,0.0,356.389,8.855,984.317
2025-02-10 01:00:00,0.872,11.486,129.41,344.896,4.924,1006.209
2025-02-10 02:00:00,2.211,11.486,250.0,336.898,5.533,1015.042
2025-02-10 03:00:00,2.36,11.486,353.553,384.774,5.887,997.707
2025-02-10 04:00:00,2.286,11.486,433.013,410.141,5.556,1012.546
2025-02-10 05:00:00,2.004,11.486,482.963,386.862,9.838,994.483
2025-02-10 06:00:00,4.081,11.486,500.0,334.379,7.513,998.271
2025-02-10 07:00:00,0.651,11.486,482.963,331.138,6.107,1014.231
2025-02-10 08:00:00,1.853,11.486,433.013,407.92,4.431,1001.347
2025-02-10 09:00:00,0.614,11.486,353.553,314.371,8.246,1002.628
2025-02-10 10:00:00,1.099,11.486,250.0,376.455,9.433,1006.161
2025-02-10 11:00:00,1.396,11.486,129.41,408.36,4.224,985.685
2025-02-10 12:00:00,0.079,11.486,0.0,401.685,8.126,989.194
2025-02-10 13:00:00,0.546,11.486,0.0,300.177,9.257,999.355
2025-02-10 14:00:00,1.132,11.486,0.0,353.462,5.001,1019.554
2025-02-10 15:00:00,3.597,11.486,0.0,305.38,9.779,1003.624
2025-02-10 16:00:00,0.855,11.486,0.0,352.165,9.231,1006.72
2025-02-10 17:00:00,0.785,11.486,0.0,323.21,5.424,993.677
2025-02-10 18:00:00,3.275,11.486,0.0,384.897,8.271,981.649
2025-02-10 19:00:00,0.845,11.486,0.0,346.478,9.479,1011.303
2025-02-10 20:00:00,1.314,11.486,0.0,356.527,5.056,999.4
2025-02-10 21:00:00,1.002,11.486,0.0,355.351,4.102,990.544
2025-02-10 22:00:00,0.201,11.486,0.0,324.098,5.465,984.504
2025-02-10 23:00:00,1.202,11.486,0.0,346.151,9.466,1016.249
2025-02-11 00:00:00,2.208,11.616,0.0,400.181,9.498,997.479
2025-02-11 01:00:00,0.496,11.616,129.41,306.969,5.021,1017.218
2025-02-11 02:00:00,1.454,11.616,250.0,306.102,5.667,986.01
2025-02-11 03:00:00,0.594,11.616,353.553,410.118,6.135,1015.372
2025-02-11 04:00:00,1.504,11.616,433.013,401.048,5.524,999.312
2025-02-11 05:00:00,1.079,11.616,482.963,310.264,8.523,1015.314
2025-02-11 06:00:00,2.208,11.616,500.0,397.178,8.686,991.806
2025-02-11 07:00:00,1.118,11.616,482.963,367.722,9.352,992.886
2025-02-11 08:00:00,6.229,11.616,433.013,381.678,9.073,1010.201
2025-02-11 09:00:00,1.15,11.616,353.553,339.998,7.511,1018.879
2025-02-11 10:00:00,0.316,11.616,250.0,358.032,6.609,980.452
2025-02-11 11:00:00,0.556,11.616,129.41,397.243,8.758,1007.749
2025-02-11 12:00:00,0.085,11.616,0.0,335.288,8.685,983.383
2025-02-11 13:00:00,0.528,11.616,0.0,400.831,7.865,1019.284
2025-02-11 14:00:00,2.693,11.616,0.0,404.767,4.894,1015.851
2025-02-11 15:00:00,0.628,11.616,0.0,398.513,6.731,1005.258
2025-02-11 16:00:00,0.31,11.616,0.0,398.59,8.069,986.323
2025-02-11 17:00:00,0.295,11.616,0.0,326.604,9.532,1005.475
2025-02-11 18:00:00,1.046,11.616,0.0,416.664,6.499,1017.235
2025-02-11 19:00:00,8.553,11.616,0.0,369.133,6.845,1009.765
2025-02-11 20:00:00,1.472,11.616,0.0,380.921,9.831,991.465
2025-02-11 21:00:00,1.063,11.616,0.0,362.062,7.379,1019.085
2025-02-11 22:00:00,1.271,11.616,0.0,351.682,8.405,997.706
2025-02-11 23:00:00,1.534,11.616,0.0,323.753,9.825,993.72
2025-02-12 00:00:00,2.054,11.744,0.0,372.546,5.918,999.106
2025-02-12 01:00:00,1.708,11.744,129.41,414.801,6.658,1000.102
2025-02-12 02:00:00,1.779,11.744,250.0,415.303,8.176,992.644
2025-02-12 03:00:00,0.098,11.744,353.553,359.098,7.943,1016.688
2025-02-12 04:00:00,2.496,11.744,433.013,362.634,7.525,980.504
2025-02-12 05:00:00,0.886,11.744,482.963,350.63,9.22,998.702
2025-02-12 06:00:00,1.781,11.744,500.0,364.874,8.666,1011.605
2025-02-12 07:00:00,3.672,11.744,482.963,382.916,5.556,1010.324
2025-02-12 08:00:00,1.235,11.744,433.013,402.825,8.873,995.587
2025-02-12 09:00:00,1.062,11.744,353.553,417.298,5.896,982.764
2025-02-12 10:00:00,1.822,11.744,250.0,355.129,6.392,985.704
2025-02-12 11:00:00,1.399,11.744,129.41,352.899,8.389,1019.154
2025-02-12 12:00:00,1.682,11.744,0.0,331.954,6.42,987.647
2025-02-12 13:00:00,1.315,11.744,0.0,344.838,6.312,1019.243
2025-02-12 14:00:00,0.451,11.744,0.0,355.168,8.66,999.093
2025-02-12 15:00:00,0.539,11.744,0.0,373.322,6.238,1004.405
2025-02-12 16:00:00,0.877,11.744,0.0,328.954,7.448,996.674
2025-02-12 17:00:00,1.339,11.744,0.0,401.07,6.138,984.632
2025-02-12 18:00:00,0.592,11.744,0.0,380.242,8.616,981.697
2025-02-12 19:00:00,0.326,11.744,0.0,363.766,4.751,994.864
2025-02-12 20:00:00,0.04,11.744,0.0,394.091,8.904,985.913
2025-02-12 21:00:00,3.261,11.744,0.0,391.683,6.97,999.475
2025-02-12 22:00:00,0.142,11.744,0.0,385.703,8.523,990.443
2025-02-12 23:00:00,0.914,11.744,0.0,353.999,9.61,1005.033
2025-02-13 00:00:00,3.306,11.871,0.0,371.853,6.718,981.107
2025-02-13 01:00:00,0.098,11.871,129.41,404.019,7.637,983.642
2025-02-13 02:00:00,1.057,11.871,250.0,333.09,5.81,1017.756
2025-02-13 03:00:00,0.77,11.871,353.553,391.671,5.138,1012.912
2025-02-13 04:00:00,0.396,11.871,433.013,359.772,7.088,996.846
2025-02-13 05:00:00,0.132,11.871,482.963,368.997,5.242,1010.613
2025-02-13 06:00:00,0.089,11.871,500.0,317.321,7.806,1016.062
2025-02-13 07:00:00,0.326,11.871,482.963,306.158,9.06,1013.742
2025-02-13 08:00:00,1.687,11.871,433.013,354.038,9.257,996.928
2025-02-13 09:00:00,0.09,11.871,353.553,411.077,5.742,1007.051
2025-02-13 10:00:00,3.335,11.871,250.0,401.656,4.816,991.275
2025-02-13 11:00:00,1.306,11.871,129.41,312.513,7.961,982.673
2025-02-13 12:00:00,0.814,11.871,0.0,383.168,8.002,984.936
2025-02-13 13:00:00,0.811,11.871,0.0,328.716,4.313,1018.24
2025-02-13 14:00:00,1.552,11.871,0.0,317.995,6.217,994.313
2025-02-13 15:00:00,2.553,11.871,0.0,399.702,9.396,981.281
2025-02-13 16:00:00,0.374,11.871,0.0,389.293,4.227,999.368
2025-02-13 17:00:00,0.318,11.871,0.0,361.814,5.259,993.947
2025-02-13 18:00:00,0.715,11.871,0.0,339.156,5.625,991.059
2025-02-13 19:00:00,1.257,11.871,0.0,392.975,5.154,1011.45
2025-02-13 20:00:00,0.388,11.871,0.0,394.943,8.517,997.85
2025-02-13 21:00:00,1.239,11.871,0.0,417.618,6.665,1016.535
2025-02-13 22:00:00,3.992,11.871,0.0,319.889,4.579,1003.47
2025-02-13 23:00:00,0.251,11.871,0.0,348.968,5.539,999.132
2025-02-14 00:00:00,2.178,11.995,0.0,308.529,5.833,992.497
2025-02-14 01:00:00,0.232,11.995,129.41,360.916,8.888,1013.936
2025-02-14 02:00:00,0.855,11.995,250.0,352.376,4.429,989.94
2025-02-14 03:00:00,1.017,11.995,353.553,402.536,4.781,1007.888
2025-02-14 04:00:00,1.096,11.995,433.013,393.807,4.643,1016.264
2025-02-14 05:00:00,0.431,11.995,482.963,403.633,7.585,1002.587
2025-02-14 06:00:00,1.758,11.995,500.0,379.221,7.749,1013.779
2025-02-14 07:00:00,0.718,11.995,482.963,310.085,6.448,993.541
2025-02-14 08:00:00,0.899,11.995,433.013,410.313,7.139,985.735
2025-02-14 09:00:00,0.713,11.995,353.553,389.813,7.443,990.149
2025-02-14 10:00:00,2.961,11.995,250.0,355.137,9.11,985.419
2025-02-14 11:00:00,1.951,11.995,129.41,419.765,8.395,999.697
2025-02-14 12:00:00,1.53,11.995,0.0,402.309,6.692,1019.288
2025-02-14 13:00:00,4.926,11.995,0.0,340.626,4.942,1006.268
2025-02-14 14:00:00,0.608,11.995,0.0,376.51,6.842,982.618
2025-02-14 15:00:00,0.964,11.995,0.0,336.314,6.854,1012.058
2025-02-14 16:00:00,0.753,11.995,0.0,326.179,7.454,996.599
2025-02-14 17:00:00,0.675,11.995,0.0,310.135,5.53,1019.023
2025-02-14 18:00:00,0.675,11.995,0.0,388.171,9.085,1019.023
2025-02-14 19:00:00,1.821,11.995,0.0,314.763,9.98,990.601
2025-02-14 20:00:00,2.806,11.995,0.0,393.806,5.35,1003.01
2025-02-14 21:00:00,0.66,11.995,0.0,364.635,5.733,995.101
2025-02-14 22:00:00,0.285,11.995,0.0,374.917,8.793,986.504
2025-02-14 23:00:00,1.251,11.995,0.0,363.666,6.302,981.08
2025-02-15 00:00:00,2.966,12.117,0.0,406.583,5.936,995.732
2025-02-15 01:00:00,3.187,12.117,129.41,363.74,4.471,1019.278
2025-02-15 02:00:00,0.84,12.117,250.0,317.874,7.15,998.903
2025-02-15 03:00:00,0.487,12.117,353.553,389.815,7.991,996.792
2025-02-15 04:00:00,0.731,12.117,433.013,306.057,7.79,1012.263
2025-02-15 05:00:00,3.06,12.117,482.963,403.571,4.84,1015.544
2025-02-15 06:00:00,3.229,12.117,500.0,415.28,4.259,989.256
2025-02-15 07:00:00,0.654,12.117,482.963,396.589,7.716,980.749
2025-02-15 08:00:00,0.447,12.117,433.013,399.065,5.095,1016.551
2025-02-15 09:00:00,0.475,12.117,353.553,341.158,9.144,982.746
2025-02-15 10:00:00,1.436,12.117,250.0,311.185,7.055,993.532
2025-02-15 11:00:00,0.516,12.117,129.41,332.601,7.45,1003.954
2025-02-15 12:00:00,1.168,12.117,0.0,350.321,7.413,980.016
2025-02-15 13:00:00,2.673,12.117,0.0,384.283,4.559,987.626
2025-02-15 14:00:00,1.744,12.117,0.0,337.059,6.442,981.446
2025-02-15 15:00:00,1.216,12.117,0.0,329.208,7.966,996.904
2025-02-15 16:00:00,0.804,12.117,0.0,335.989,5.709,1012.763
2025-02-15 17:00:00,1.587,12.117,0.0,414.414,9.482,993.459
2025-02-15 18:00:00,0.283,12.117,0.0,412.957,5.681,998.943
2025-02-15 19:00:00,1.252,12.117,0.0,397.008,6.341,1006.419
2025-02-15 20:00:00,0.319,12.117,0.0,344.586,9.992,1015.288
2025-02-15 21:00:00,2.435,12.117,0.0,380.435,4.483,1008.788
2025-02-15 22:00:00,1.165,12.117,0.0,342.967,6.347,1009.603
2025-02-15 23:00:00,0.605,12.117,0.0,359.505,6.673,1004.946
2025-02-16 00:00:00,1.468,12.236,0.0,416.467,4.294,987.94
2025-02-16 01:00:00,1.59,12.236,129.41,361.072,9.075,994.472
2025-02-16 02:00:00,1.693,12.236,250.0,357.643,7.705,1016.132
2025-02-16 03:00:00,0.304,12.236,353.553,404.46,5.774,1014.66
2025-02-16 04:00:00,3.782,12.236,433.013,319.241,8.49,1018.566
2025-02-16 05:00:00,1.108,12.236,482.963,313.183,4.574,1001.819
2025-02-16 06:00:00,0.835,12.236,500.0,327.868,8.721,1008.033
2025-02-16 07:00:00,3.126,12.236,482.963,383.58,5.447,1015.247
2025-02-16 08:00:00,0.293,12.236,433.013,390.419,7.195,999.937
2025-02-16 09:00:00,0.519,12.236,353.553,354.603,8.846,996.795
2025-02-16 10:00:00,0.39,12.236,250.0,347.349,4.921,980.178
2025-02-16 11:00:00,2.809,12.236,129.41,327.141,8.693,988.461
2025-02-16 12:00:00,1.111,12.236,0.0,407.356,7.172,1007.122
2025-02-16 13:00:00,2.54,12.236,0.0,327.506,5.672,1000.472
2025-02-16 14:00:00,3.36,12.236,0.0,378.265,6.824,997.157
2025-02-16 15:00:00,0.185,12.236,0.0,348.509,7.504,999.561
2025-02-16 16:00:00,2.321,12.236,0.0,346.168,7.223,1007.132
2025-02-16 17:00:00,2.858,12.236,0.0,380.185,9.358,1018.136
2025-02-16 18:00:00,0.761,12.236,0.0,350.357,7.418,1014.288
2025-02-16 19:00:00,2.111,12.236,0.0,382.184,4.286,1000.256
2025-02-16 20:00:00,3.701,12.236,0.0,399.985,6.047,1003.799
2025-02-16 21:00:00,0.767,12.236,0.0,369.101,7.272,992.817
2025-02-16 22:00:00,1.258,12.236,0.0,372.779,4.773,1006.217
2025-02-16 23:00:00,1.507,12.236,0.0,330.809,7.554,988.714
2025-02-17 00:00:00,1.217,12.354,0.0,339.612,4.942,1013.008
2025-02-17 01:00:00,1.574,12.354,129.41,371.093,5.233,983.46
2025-02-17 02:00:00,1.74,12.354,250.0,412.668,6.724,1014.241
2025-02-17 03:00:00,1.473,12.354,353.553,306.484,4.756,998.399
2025-02-17 04:00:00,0.375,12.354,433.013,393.386,8.837,1010.662
2025-02-17 05:00:00,0.444,12.354,482.963,330.325,7.902,999.6
2025-02-17 06:00:00,0.137,12.354,500.0,330.713,7.142,1011.669
2025-02-17 07:00:00,0.392,12.354,482.963,328.102,4.755,1002.062
2025-02-17 08:00:00,1.098,12.354,433.013,393.842,8.505,1012.824
2025-02-17 09:00:00,2.37,12.354,353.553,412.015,8.071,1003.664
2025-02-17 10:00:00,0.909,12.354,250.0,339.282,6.154,1001.698
2025-02-17 11:00:00,5.78,12.354,129.41,319.652,5.326,1017.381
2025-02-17 12:00:00,0.544,12.354,0.0,301.672,9.961,1014.094
2025-02-17 13:00:00,0.41,12.354,0.0,330.249,9.121,1005.369
2025-02-17 14:00:00,1.696,12.354,0.0,300.728,5.063,1013.997
2025-02-17 15:00:00,2.592,12.354,0.0,361.72,6.947,997.042
2025-02-17 16:00:00,0.124,12.354,0.0,384.741,8.126,1005.171
2025-02-17 17:00:00,1.703,12.354,0.0,346.239,4.114,1014.573
2025-02-17 18:00:00,0.287,12.354,0.0,419.799,4.771,1012.494
2025-02-17 19:00:00,4.381,12.354,0.0,396.791,4.661,1000.908
2025-02-17 20:00:00,3.091,12.354,0.0,370.395,7.163,1009.082
2025-02-17 21:00:00,0.333,12.354,0.0,378.371,6.78,989.229
2025-02-17 22:00:00,2.624,12.354,0.0,331.398,8.038,990.417
2025-02-17 23:00:00,0.893,12.354,0.0,309.704,5.715,1018.069
2025-02-18 00:00:00,0.387,12.47,0.0,414.412,5.194,990.115
2025-02-18 01:00:00,0.429,12.47,129.41,346.717,7.72,1017.415
2025-02-18 02:00:00,0.209,12.47,250.0,351.965,5.981,992.556
2025-02-18 03:00:00,1.483,12.47,353.553,310.557,9.358,987.775
2025-02-18 04:00:00,1.136,12.47,433.013,318.352,4.52,1012.115
2025-02-18 05:00:00,1.499,12.47,482.963,387.218,6.983,1009.342
2025-02-18 06:00:00,0.288,12.47,500.0,336.469,6.925,1009.477
2025-02-18 07:00:00,4.593,12.47,482.963,379.55,6.377,1017.753
2025-02-18 08:00:00,0.805,12.47,433.013,376.476,9.54,1007.435
2025-02-18 09:00:00,1.59,12.47,353.553,304.819,9.747,1017.333
2025-02-18 10:00:00,2.065,12.47,250.0,400.289,6.862,1011.93
2025-02-18 11:00:00,3.081,12.47,129.41,417.397,7.728,1011.848
2025-02-18 12:00:00,2.22,12.47,0.0,341.593,6.798,988.005
2025-02-18 13:00:00,1.214,12.47,0.0,383.793,4.857,992.41
2025-02-18 14:00:00,1.155,12.47,0.0,325.518,7.652,1006.024
2025-02-18 15:00:00,0.116,12.47,0.0,408.822,6.248,1004.483
2025-02-18 16:00:00,0.635,12.47,0.0,388.609,4.701,1001.173
2025-02-18 17:00:00,1.174,12.47,0.0,366.24,6.796,1016.897
2025-02-18 18:00:00,4.995,12.47,0.0,385.151,8.106,1001.693
2025-02-18 19:00:00,0.822,12.47,0.0,393.074,4.237,983.33
2025-02-18 20:00:00,1.205,12.47,0.0,343.045,7.306,992.854
2025-02-18 21:00:00,0.304,12.47,0.0,300.022,8.267,1006.647
2025-02-18 22:00:00,0.705,12.47,0.0,409.844,6.442,1002.42
2025-02-18 23:00:00,0.372,12.47,0.0,306.314,5.468,994.512
2025-02-19 00:00:00,0.66,12.583,0.0,346.243,4.038,1013.848
2025-02-19 01:00:00,2.03,12.583,129.41,318.597,4.792,1005.491
2025-02-19 02:00:00,1.79,12.583,250.0,318.578,8.498,993.886
2025-02-19 03:00:00,0.417,12.583,353.553,315.215,8.617,1017.649
2025-02-19 04:00:00,1.917,12.583,433.013,339.364,4.668,996.046
2025-02-19 05:00:00,4.023,12.583,482.963,332.575,4.096,1008.928
2025-02-19 06:00:00,0.408,12.583,500.0,313.21,7.359,997.51
2025-02-19 07:00:00,1.534,12.583,482.963,354.825,8.645,982.119
2025-02-19 08:00:00,0.965,12.583,433.013,383.99,9.021,999.099
2025-02-19 09:00:00,2.33,12.583,353.553,360.979,4.938,1000.1
2025-02-19 10:00:00,1.687,12.583,250.0,398.475,8.051,1011.824
2025-02-19 11:00:00,0.448,12.583,129.41,302.126,9.498,991.668
2025-02-19 12:00:00,1.936,12.583,0.0,303.224,6.413,1000.806
2025-02-19 13:00:00,2.024,12.583,0.0,352.346,6.532,984.414
2025-02-19 14:00:00,1.532,12.583,0.0,404.651,4.743,997.108
2025-02-19 15:00:00,1.836,12.583,0.0,365.685,9.677,987.894
2025-02-19 16:00:00,0.358,12.583,0.0,360.268,7.415,998.864
2025-02-19 17:00:00,0.508,12.583,0.0,335.183,7.121,1008.747
2025-02-19 18:00:00,1.876,12.583,0.0,360.883,4.642,995.835
2025-02-19 19:00:00,0.186,12.583,0.0,418.437,9.411,985.52
2025-02-19 20:00:00,0.227,12.583,0.0,346.7,6.915,1017.814
2025-02-19 21:00:00,2.532,12.583,0.0,344.779,6.171,1004.542
2025-02-19 22:00:00,2.399,12.583,0.0,337.201,5.234,984.573
2025-02-19 23:00:00,0.404,12.583,0.0,359.845,7.508,1017.324
2025-02-20 00:00:00,0.257,12.694,0.0,388.963,5.187,1011.057
2025-02-20 01:00:00,1.56,12.694,129.41,365.543,5.896,986.866
2025-02-20 02:00:00,1.463,12.694,250.0,408.547,7.611,993.438
2025-02-20 03:00:00,2.803,12.694,353.553,377.726,9.838,986.449
2025-02-20 04:00:00,0.831,12.694,433.013,343.537,8.053,995.767
2025-02-20 05:00:00,1.595,12.694,482.963,312.955,7.89,1013.125
2025-02-20 06:00:00,1.649,12.694,500.0,407.949,7.85,992.163
2025-02-20 07:00:00,1.733,12.694,482.963,317.102,4.196,982.749
2025-02-20 08:00:00,0.704,12.694,433.013,315.442,7.317,1002.808
2025-02-20 09:00:00,0.106,12.694,353.553,407.645,7.336,1015.832
2025-02-20 10:00:00,2.982,12.694,250.0,383.206,9.363,993.194
2025-02-20 11:00:00,1.419,12.694,129.41,411.475,4.3,995.302
2025-02-20 12:00:00,3.189,12.694,0.0,321.859,4.191,982.47
2025-02-20 13:00:00,1.078,12.694,0.0,361.466,8.91,981.334
2025-02-20 14:00:00,1.768,12.694,0.0,334.982,8.473,990.778
2025-02-20 15:00:00,3.552,12.694,0.0,306.351,8.874,1006.706
2025-02-20 16:00:00,0.258,12.694,0.0,304.478,4.36,991.837
2025-02-20 17:00:00,0.007,12.694,0.0,367.291,8.283,985.661
2025-02-20 18:00:00,2.745,12.694,0.0,392.222,9.623,1011.543
2025-02-20 19:00:00,1.623,12.694,0.0,353.026,7.697,982.253
2025-02-20 20:00:00,0.819,12.694,0.0,319.75,6.904,1004.453
2025-02-20 21:00:00,0.538,12.694,0.0,375.677,6.199,998.2
2025-02-20 22:00:00,4.029,12.694,0.0,314.613,8.645,1000.094
2025-02-20 23:00:00,2.259,12.694,0.0,412.663,5.265,990.679
2025-02-21 00:00:00,2.252,12.803,0.0,389.04,4.049,1012.698
2025-02-21 01:00:00,0.11,12.803,129.41,411.934,8.764,1000.194
2025-02-21 02:00:00,0.39,12.803,250.0,326.116,5.109,1009.671
2025-02-21 03:00:00,0.204,12.803,353.553,356.31,7.787,1005.124
2025-02-21 04:00:00,0.242,12.803,433.013,402.685,4.124,1007.534
2025-02-21 05:00:00,2.192,12.803,482.963,339.773,8.392,990.079
2025-02-21 06:00:00,1.835,12.803,500.0,341.113,9.398,1019.785
2025-02-21 07:00:00,0.933,12.803,482.963,386.655,8.864,987.486
2025-02-21 08:00:00,0.726,12.803,433.013,328.206,7.71,1006.241
2025-02-21 09:00:00,0.483,12.803,353.553,307.288,9.67,992.647
2025-02-21 10:00:00,1.411,12.803,250.0,313.192,6.971,1010.445
2025-02-21 11:00:00,1.03,12.803,129.41,349.761,8.698,980.437
2025-02-21 12:00:00,1.262,12.803,0.0,302.982,5.74,984.148
2025-02-21 13:00:00,2.608,12.803,0.0,391.081,6.489,1016.261
2025-02-21 14:00:00,0.212,12.803,0.0,358.95,6.654,998.608
2025-02-21 15:00:00,1.677,12.803,0.0,385.094,4.233,1019.312
2025-02-21 16:00:00,0.448,12.803,0.0,372.346,9.546,983.442
2025-02-21 17:00:00,2.416,12.803,0.0,393.635,9.381,994.263
2025-02-21 18:00:00,2.795,12.803,0.0,317.475,5.142,989.227
2025-02-21 19:00:00,0.619,12.803,0.0,311.775,7.112,1011.621
2025-02-21 20:00:00,3.456,12.803,0.0,412.046,5.799,1004.315
2025-02-21 21:00:00,1.351,12.803,0.0,317.679,4.48,1015.606
2025-02-21 22:00:00,2.194,12.803,0.0,362.261,9.412,980.397
2025-02-21 23:00:00,1.252,12.803,0.0,382.419,8.775,988.974
2025-02-22 00:00:00,0.503,12.909,0.0,316.618,4.666,1005.491
2025-02-22 01:00:00,1.506,12.909,129.41,350.469,9.681,1016.08
2025-02-22 02:00:00,0.294,12.909,250.0,408.331,5.741,990.222
2025-02-22 03:00:00,1.88,12.909,353.553,347.206,9.895,1019.724
2025-02-22 04:00:00,0.076,12.909,433.013,320.339,7.914,1011.183
2025-02-22 05:00:00,0.264,12.909,482.963,320.388,4.192,1014.25
2025-02-22 06:00:00,3.183,12.909,500.0,322.632,7.269,995.37
2025-02-22 07:00:00,1.11,12.909,482.963,319.211,9.617,995.194
2025-02-22 08:00:00,0.951,12.909,433.013,410.637,8.364,1007.563
2025-02-22 09:00:00,1.049,12.909,353.553,391.267,6.505,1016.999
2025-02-22 10:00:00,0.523,12.909,250.0,398.468,4.912,992.936
2025-02-22 11:00:00,1.945,12.909,129.41,359.034,4.89,1008.544
2025-02-22 12:00:00,0.691,12.909,0.0,375.708,8.739,999.551
2025-02-22 13:00:00,1.797,12.909,0.0,386.833,5.246,981.96
2025-02-22 14:00:00,1.605,12.909,0.0,337.966,8.647,994.293
2025-02-22 15:00:00,0.614,12.909,0.0,415.412,5.264,1017.264
2025-02-22 16:00:00,1.258,12.909,0.0,383.843,4.542,1013.399
2025-02-22 17:00:00,1.774,12.909,0.0,345.268,6.157,994.743
2025-02-22 18:00:00,0.617,12.909,0.0,395.345,5.924,1003.031
2025-02-22 19:00:00,4.046,12.909,0.0,337.571,8.973,997.303
2025-02-22 20:00:00,0.836,12.909,0.0,355.668,9.826,1016.67
2025-02-22 21:00:00,1.762,12.909,0.0,416.029,8.272,1002.715
2025-02-22 22:00:00,0.375,12.909,0.0,335.299,4.533,1016.684
2025-02-22 23:00:00,4.308,12.909,0.0,326.878,5.179,993.41
2025-02-23 00:00:00,0.643,13.014,0.0,355.26,8.721,998.61
2025-02-23 01:00:00,0.542,13.014,129.41,359.725,5.316,1009.962
2025-02-23 02:00:00,2.849,13.014,250.0,356.406,7.38,996.36
2025-02-23 03:00:00,0.477,13.014,353.553,314.63,6.181,1010.903
2025-02-23 04:00:00,0.899,13.014,433.013,340.975,8.63,981.738
2025-02-23 05:00:00,0.304,13.014,482.963,317.848,5.62,983.835
2025-02-23 06:00:00,1.88,13.014,500.0,392.633,5.245,981.347
2025-02-23 07:00:00,3.215,13.014,482.963,360.094,9.758,1012.442
2025-02-23 08:00:00,0.751,13.014,433.013,364.226,8.819,1011.522
2025-02-23 09:00:00,1.196,13.014,353.553,385.373,5.993,988.574
2025-02-23 10:00:00,1.109,13.014,250.0,376.226,4.091,1009.944
2025-02-23 11:00:00,1.509,13.014,129.41,387.152,7.717,1004.207
2025-02-23 12:00:00,3.248,13.014,0.0,366.481,6.117,994.183
2025-02-23 13:00:00,4.162,13.014,0.0,378.023,8.476,980.069
2025-02-23 14:00:00,0.476,13.014,0.0,414.952,6.067,1017.627
2025-02-23 15:00:00,3.155,13.014,0.0,327.865,8.072,1019.815
2025-02-23 16:00:00,0.885,13.014,0.0,307.862,6.771,982.466
2025-02-23 17:00:00,1.962,13.014,0.0,313.241,4.958,1004.812
2025-02-23 18:00:00,0.419,13.014,0.0,365.688,4.826,1019.561
2025-02-23 19:00:00,0.031,13.014,0.0,383.277,5.1,988.831
2025-02-23 20:00:00,1.439,13.014,0.0,301.356,4.544,1005.993
2025-02-23 21:00:00,0.945,13.014,0.0,381.937,4.019,983.541
2025-02-23 22:00:00,2.299,13.014,0.0,410.916,8.402,1012.693
2025-02-23 23:00:00,0.446,13.014,0.0,348.929,5.836,981.536
2025-02-24 00:00:00,0.506,13.115,0.0,341.872,7.376,994.811
2025-02-24 01:00:00,1.483,13.115,129.41,390.07,6.342,998.616
2025-02-24 02:00:00,1.798,13.115,250.0,409.343,7.316,999.321
2025-02-24 03:00:00,3.456,13.115,353.553,303.954,4.852,997.336
2025-02-24 04:00:00,1.273,13.115,433.013,322.615,8.658,999.852
2025-02-24 05:00:00,0.333,13.115,482.963,321.779,5.257,1019.941
2025-02-24 06:00:00,0.096,13.115,500.0,309.957,6.198,982.96
2025-02-24 07:00:00,0.008,13.115,482.963,362.21,9.784,1010.583
2025-02-24 08:00:00,3.713,13.115,433.013,355.37,9.918,987.891
2025-02-24 09:00:00,0.298,13.115,353.553,396.211,9.228,993.127
2025-02-24 10:00:00,0.565,13.115,250.0,409.463,9.003,1017.357
2025-02-24 11:00:00,0.293,13.115,129.41,313.652,8.853,994.93
2025-02-24 12:00:00,2.366,13.115,0.0,410.994,8.362,1000.379
2025-02-24 13:00:00,2.056,13.115,0.0,364.875,6.61,1010.739
2025-02-24 14:00:00,0.356,13.115,0.0,392.878,7.526,1009.838
2025-02-24 15:00:00,1.078,13.115,0.0,368.651,8.43,989.283
2025-02-24 16:00:00,0.55,13.115,0.0,340.351,9.453,993.669
2025-02-24 17:00:00,0.965,13.115,0.0,326.26,6.89,985.587
2025-02-24 18:00:00,0.665,13.115,0.0,332.275,7.561,1018.159
2025-02-24 19:00:00,1.62,13.115,0.0,419.042,9.461,1001.424
2025-02-24 20:00:00,2.34,13.115,0.0,334.538,7.086,998.229
2025-02-24 21:00:00,2.519,13.115,0.0,419.924,7.791,1014.058
2025-02-24 22:00:00,1.51,13.115,0.0,409.537,7.592,993.002
2025-02-24 23:00:00,0.748,13.115,0.0,369.059,4.29,987.7
2025-02-25 00:00:00,1.175,13.215,0.0,339.714,8.943,1009.821
2025-02-25 01:00:00,0.379,13.215,129.41,412.848,7.885,1019.206
2025-02-25 02:00:00,0.177,13.215,250.0,394.127,5.857,1002.501
2025-02-25 03:00:00,3.025,13.215,353.553,397.792,5.237,994.392
2025-02-25 04:00:00,1.947,13.215,433.013,319.167,9.33,999.94
2025-02-25 05:00:00,1.476,13.215,482.963,363.863,8.142,1003.618
2025-02-25 06:00:00,1.637,13.215,500.0,384.337,4.324,1001.528
2025-02-25 07:00:00,1.996,13.215,482.963,355.878,5.898,989.903
2025-02-25 08:00:00,0.754,13.215,433.013,333.595,8.895,1016.897
2025-02-25 09:00:00,0.976,13.215,353.553,384.778,7.21,1015.92
2025-02-25 10:00:00,2.631,13.215,250.0,305.957,9.582,989.58
2025-02-25 11:00:00,3.705,13.215,129.41,402.037,7.357,1013.545
2025-02-25 12:00:00,2.545,13.215,0.0,306.28,5.025,994.091
2025-02-25 13:00:00,0.206,13.215,0.0,325.406,7.635,1017.649
2025-02-25 14:00:00,2.777,13.215,0.0,357.607,7.09,991.249
2025-02-25 15:00:00,0.902,13.215,0.0,384.565,6.625,1018.26
2025-02-25 16:00:00,0.325,13.215,0.0,323.729,6.53,989.52
2025-02-25 17:00:00,1.415,13.215,0.0,307.493,8.139,997.179
2025-02-25 18:00:00,0.404,13.215,0.0,304.859,4.711,989.879
2025-02-25 19:00:00,1.621,13.215,0.0,408.584,5.226,1019.493
2025-02-25 20:00:00,0.432,13.215,0.0,355.267,4.312,997.645
2025-02-25 21:00:00,3.248,13.215,0.0,333.42,7.876,1007.33
2025-02-25 22:00:00,4.354,13.215,0.0,369.22,4.359,1019.204
2025-02-25 23:00:00,0.97,13.215,0.0,382.01,8.396,992.897
2025-02-26 00:00:00,0.642,13.312,0.0,364.923,5.741,1008.386
2025-02-26 01:00:00,1.74,13.312,129.41,398.07,6.249,989.468
2025-02-26 02:00:00,3.751,13.312,250.0,400.782,8.316,998.026
2025-02-26 03:00:00,0.482,13.312,353.553,405.625,7.669,1007.018
2025-02-26 04:00:00,1.273,13.312,433.013,369.16,6.813,1001.848
2025-02-26 05:00:00,0.743,13.312,482.963,354.014,5.986,990.087
2025-02-26 06:00:00,3.387,13.312,500.0,303.322,7.228,998.585
2025-02-26 07:00:00,1.072,13.312,482.963,339.49,9.488,1005.31
2025-02-26 08:00:00,1.53,13.312,433.013,334.885,4.731,1001.4
2025-02-26 09:00:00,3.003,13.312,353.553,411.112,4.824,980.433
2025-02-26 10:00:00,0.982,13.312,250.0,379.911,7.015,1015.791
2025-02-26 11:00:00,1.217,13.312,129.41,303.397,8.932,1001.4
2025-02-26 12:00:00,0.892,13.312,0.0,337.32,6.864,1005.206
2025-02-26 13:00:00,0.515,13.312,0.0,337.193,8.19,1009.599
2025-02-26 14:00:00,1.15,13.312,0.0,388.329,8.213,1003.594
2025-02-26 15:00:00,0.714,13.312,0.0,360.794,7.054,980.262
2025-02-26 16:00:00,2.349,13.312,0.0,414.709,8.582,1017.641
2025-02-26 17:00:00,0.595,13.312,0.0,355.422,6.054,1019.192
2025-02-26 18:00:00,1.17,13.312,0.0,314.93,9.862,1004.889
2025-02-26 19:00:00,0.395,13.312,0.0,334.405,6.705,982.509
2025-02-26 20:00:00,1.055,13.312,0.0,415.943,7.447,1015.988
2025-02-26 21:00:00,0.407,13.312,0.0,372.024,5.122,1017.993
2025-02-26 22:00:00,0.516,13.312,0.0,378.586,4.111,999.617
2025-02-26 23:00:00,1.527,13.312,0.0,337.803,6.108,1008.788
2025-02-27 00:00:00,0.053,13.406,0.0,357.918,5.901,1004.953
2025-02-27 01:00:00,1.506,13.406,129.41,319.279,9.473,987.038
2025-02-27 02:00:00,1.079,13.406,250.0,370.79,4.723,989.11
2025-02-27 03:00:00,0.733,13.406,353.553,366.206,9.239,1010.041
2025-02-27 04:00:00,1.192,13.406,433.013,353.72,5.89,1006.469
2025-02-27 05:00:00,1.76,13.406,482.963,342.489,6.218,987.826
2025-02-27 06:00:00,0.81,13.406,500.0,336.258,6.902,997.236
2025-02-27 07:00:00,0.204,13.406,482.963,314.462,7.681,1002.109
2025-02-27 08:00:00,2.009,13.406,433.013,399.897,4.649,1017.099
2025-02-27 09:00:00,0.429,13.406,353.553,406.484,5.838,1018.853
2025-02-27 10:00:00,3.788,13.406,250.0,306.896,4.962,982.373
2025-02-27 11:00:00,0.359,13.406,129.41,394.98,7.674,985.667
2025-02-27 12:00:00,1.141,13.406,0.0,413.594,6.936,991.945
2025-02-27 13:00:00,0.302,13.406,0.0,365.103,7.346,1001.905
2025-02-27 14:00:00,6.473,13.406,0.0,364.564,6.079,981.877
2025-02-27 15:00:00,2.966,13.406,0.0,381.053,6.14,992.427
2025-02-27 16:00:00,3.324,13.406,0.0,414.243,5.335,1019.784
2025-02-27 17:00:00,0.615,13.406,0.0,335.647,9.319,998.596
2025-02-27 18:00:00,1.204,13.406,0.0,337.896,8.255,995.975
2025-02-27 19:00:00,0.279,13.406,0.0,391.992,6.007,992.656
2025-02-27 20:00:00,0.949,13.406,0.0,371.476,5.694,1004.293
2025-02-27 21:00:00,1.718,13.406,0.0,364.678,4.82,982.026
2025-02-27 22:00:00,0.983,13.406,0.0,388.691,6.632,1001.27
2025-02-27 23:00:00,0.906,13.406,0.0,374.295,4.579,1006.287
2025-02-28 00:00:00,1.854,13.498,0.0,342.541,7.341,995.053
2025-02-28 01:00:00,2.674,13.498,129.41,385.178,7.34,1019.87
2025-02-28 02:00:00,9.356,13.498,250.0,389.56,5.139,1013.146
2025-02-28 03:00:00,0.074,13.498,353.553,328.881,8.957,981.519
2025-02-28 04:00:00,0.643,13.498,433.013,373.637,6.841,982.371
2025-02-28 05:00:00,1.567,13.498,482.963,378.712,4.761,997.0
2025-02-28 06:00:00,0.375,13.498,500.0,359.81,6.506,997.717
2025-02-28 07:00:00,0.53,13.498,482.963,345.188,9.206,999.21
2025-02-28 08:00:00,1.823,13.498,433.013,333.957,6.518,1006.577
2025-02-28 09:00:00,1.703,13.498,353.553,344.458,4.666,981.171
2025-02-28 10:00:00,1.835,13.498,250.0,346.346,7.461,987.658
2025-02-28 11:00:00,3.509,13.498,129.41,412.467,8.165,1009.713
2025-02-28 12:00:00,0.969,13.498,0.0,399.263,8.944,1007.285
2025-02-28 13:00:00,1.772,13.498,0.0,411.262,4.331,1015.484
2025-02-28 14:00:00,0.99,13.498,0.0,322.055,4.87,995.473
2025-02-28 15:00:00,1.082,13.498,0.0,341.591,5.37,1009.694
2025-02-28 16:00:00,1.185,13.498,0.0,410.336,7.689,1015.305
2025-02-28 17:00:00,1.41,13.498,0.0,349.714,9.324,981.267
2025-02-28 18:00:00,0.449,13.498,0.0,351.719,4.847,1009.821
2025-02-28 19:00:00,0.345,13.498,0.0,315.519,6.665,996.895
2025-02-28 20:00:00,0.623,13.498,0.0,333.944,5.082,1015.789
2025-02-28 21:00:00,1.329,13.498,0.0,402.342,6.822,996.867
2025-02-28 22:00:00,0.769,13.498,0.0,386.052,7.476,986.467
2025-02-28 23:00:00,0.122,13.498,0.0,330.271,8.896,1019.505
2025-03-01 00:00:00,1.931,13.588,0.0,331.318,8.991,996.719
2025-03-01 01:00:00,0.429,13.588,129.41,382.342,5.364,1001.009
2025-03-01 02:00:00,2.206,13.588,250.0,413.303,5.677,997.578
2025-03-01 03:00:00,1.271,13.588,353.553,416.191,8.156,1013.625
2025-03-01 04:00:00,0.36,13.588,433.013,335.496,5.539,1012.343
2025-03-01 05:00:00,0.923,13.588,482.963,414.237,7.953,1002.749
2025-03-01 06:00:00,2.479,13.588,500.0,416.314,4.3,1007.167
2025-03-01 07:00:00,0.022,13.588,482.963,306.176,9.187,1015.713
2025-03-01 08:00:00,1.288,13.588,433.013,387.982,4.127,1001.365
2025-03-01 09:00:00,1.288,13.588,353.553,310.168,5.462,989.098
2025-03-01 10:00:00,2.795,13.588,250.0,308.266,6.059,981.244
2025-03-01 11:00:00,0.198,13.588,129.41,345.899,8.997,983.454
2025-03-01 12:00:00,3.06,13.588,0.0,352.654,7.336,995.183
2025-03-01 13:00:00,0.57,13.588,0.0,306.735,5.968,1011.816
2025-03-01 14:00:00,1.641,13.588,0.0,396.58,7.77,999.843
2025-03-01 15:00:00,0.583,13.588,0.0,305.22,5.059,1011.564
2025-03-01 16:00:00,0.026,13.588,0.0,399.864,4.397,999.517
2025-03-01 17:00:00,1.6,13.588,0.0,309.112,5.242,1019.698
2025-03-01 18:00:00,1.719,13.588,0.0,320.613,6.552,1004.376
2025-03-01 19:00:00,0.381,13.588,0.0,398.666,7.012,1005.157
2025-03-01 20:00:00,1.941,13.588,0.0,316.392,9.115,990.992
2025-03-01 21:00:00,0.132,13.588,0.0,341.657,6.891,1006.113
2025-03-01 22:00:00,2.368,13.588,0.0,387.882,6.602,1011.368
2025-03-01 23:00:00,2.014,13.588,0.0,311.045,6.588,1014.967
2025-03-02 00:00:00,2.138,13.675,0.0,389.666,5.233,993.52
2025-03-02 01:00:00,3.141,13.675,129.41,305.111,4.326,993.482
2025-03-02 02:00:00,2.976,13.675,250.0,387.499,8.638,984.445
2025-03-02 03:00:00,3.751,13.675,353.553,376.8,6.025,1011.264
2025-03-02 04:00:00,0.983,13.675,433.013,375.834,5.826,989.373
2025-03-02 05:00:00,2.581,13.675,482.963,328.076,8.311,989.252
2025-03-02 06:00:00,1.644,13.675,500.0,327.977,4.101,989.297
2025-03-02 07:00:00,0.948,13.675,482.963,385.032,8.963,1002.16
2025-03-02 08:00:00,1.214,13.675,433.013,414.416,5.862,990.112
2025-03-02 09:00:00,0.536,13.675,353.553,343.773,9.908,985.087
2025-03-02 10:00:00,1.193,13.675,250.0,342.435,6.306,1013.559
2025-03-02 11:00:00,2.511,13.675,129.41,356.983,5.586,991.11
2025-03-02 12:00:00,1.48,13.675,0.0,372.865,4.221,1004.823
2025-03-02 13:00:00,0.628,13.675,0.0,382.521,4.58,986.7
2025-03-02 14:00:00,0.999,13.675,0.0,351.642,8.383,988.223
2025-03-02 15:00:00,0.158,13.675,0.0,341.523,7.217,987.474
2025-03-02 16:00:00,0.81,13.675,0.0,375.3,8.307,1007.287
2025-03-02 17:00:00,0.717,13.675,0.0,353.651,9.641,993.561
2025-03-02 18:00:00,1.203,13.675,0.0,368.044,7.686,1005.666
2025-03-02 19:00:00,1.341,13.675,0.0,333.847,9.525,1012.755
2025-03-02 20:00:00,2.162,13.675,0.0,341.709,4.179,1004.044
2025-03-02 21:00:00,1.629,13.675,0.0,336.195,9.73,995.708
2025-03-02 22:00:00,0.406,13.675,0.0,375.769,9.766,1004.608
2025-03-02 23:00:00,0.893,13.675,0.0,415.446,5.593,1011.22
2025-03-03 00:00:00,2.48,13.759,0.0,320.624,9.867,1012.211
2025-03-03 01:00:00,1.971,13.759,129.41,398.898,8.047,1002.595
2025-03-03 02:00:00,2.045,13.759,250.0,314.545,7.158,1000.833
2025-03-03 03:00:00,3.197,13.759,353.553,373.513,4.847,984.472
2025-03-03 04:00:00,3.029,13.759,433.013,338.132,5.621,993.128
2025-03-03 05:00:00,3.188,13.759,482.963,370.767,8.777,982.871
2025-03-03 06:00:00,0.803,13.759,500.0,367.962,6.904,1009.496
2025-03-03 07:00:00,1.45,13.759,482.963,334.397,8.522,1019.16
2025-03-03 08:00:00,5.155,13.759,433.013,356.163,9.396,982.29
2025-03-03 09:00:00,0.166,13.759,353.553,344.178,7.088,1016.696
2025-03-03 10:00:00,6.727,13.759,250.0,319.398,5.739,984.953
2025-03-03 11:00:00,0.904,13.759,129.41,400.591,4.208,998.756
2025-03-03 12:00:00,1.065,13.759,0.0,360.557,9.015,1001.394
2025-03-03 13:00:00,1.835,13.759,0.0,400.965,6.545,985.688
2025-03-03 14:00:00,0.412,13.759,0.0,357.635,9.173,996.493
2025-03-03 15:00:00,1.216,13.759,0.0,362.454,8.377,996.752
2025-03-03 16:00:00,1.471,13.759,0.0,365.209,7.535,1013.439
2025-03-03 17:00:00,0.301,13.759,0.0,334.492,9.122,984.721
2025-03-03 18:00:00,0.376,13.759,0.0,347.216,4.239,1007.991
2025-03-03 19:00:00,0.688,13.759,0.0,334.173,9.306,994.534
2025-03-03 20:00:00,0.353,13.759,0.0,326.197,7.41,982.576
2025-03-03 21:00:00,0.279,13.759,0.0,379.377,7.555,1007.586
2025-03-03 22:00:00,0.93,13.759,0.0,303.274,7.018,995.618
2025-03-03 23:00:00,0.434,13.759,0.0,393.703,7.21,1002.455
2025-03-04 00:00:00,0.173,13.841,0.0,355.345,9.854,1014.135
2025-03-04 01:00:00,2.533,13.841,129.41,415.881,7.65,981.255
2025-03-04 02:00:00,0.164,13.841,250.0,351.785,7.739,985.21
2025-03-04 03:00:00,1.298,13.841,353.553,333.671,7.779,986.033
2025-03-04 04:00:00,2.247,13.841,433.013,309.532,5.758,1017.346
2025-03-04 05:00:00,2.061,13.841,482.963,368.219,5.899,1001.677
2025-03-04 06:00:00,0.65,13.841,500.0,302.324,5.309,992.589
2025-03-04 07:00:00,1.386,13.841,482.963,362.526,5.199,1009.324
2025-03-04 08:00:00,0.143,13.841,433.013,396.18,8.916,986.56
2025-03-04 09:00:00,0.749,13.841,353.553,317.387,6.262,989.581
2025-03-04 10:00:00,1.104,13.841,250.0,300.356,8.785,1001.697
2025-03-04 11:00:00,1.672,13.841,129.41,418.509,4.277,988.338
2025-03-04 12:00:00,0.375,13.841,0.0,414.93,5.277,1017.066
2025-03-04 13:00:00,0.266,13.841,0.0,316.304,6.471,983.917
2025-03-04 14:00:00,1.077,13.841,0.0,313.179,4.238,989.412
2025-03-04 15:00:00,0.946,13.841,0.0,319.866,7.387,998.805
2025-03-04 16:00:00,0.412,13.841,0.0,342.697,5.115,1013.652
2025-03-04 17:00:00,2.527,13.841,0.0,366.265,7.733,982.52
2025-03-04 18:00:00,1.607,13.841,0.0,395.635,6.37,985.332
2025-03-04 19:00:00,0.987,13.841,0.0,363.397,9.785,994.64
2025-03-04 20:00:00,0.549,13.841,0.0,419.146,5.805,1010.976
2025-03-04 21:00:00,1.774,13.841,0.0,308.547,5.176,1017.237
2025-03-04 22:00:00,1.82,13.841,0.0,366.398,8.29,1019.882
2025-03-04 23:00:00,2.157,13.841,0.0,407.215,9.128,1017.017
2025-03-05 00:00:00,1.423,13.92,0.0,369.118,9.142,992.919
2025-03-05 01:00:00,2.016,13.92,129.41,410.26,9.559,1017.307
2025-03-05 02:00:00,0.718,13.92,250.0,405.992,9.507,994.34
2025-03-05 03:00:00,0.795,13.92,353.553,379.208,8.838,1010.289
2025-03-05 04:00:00,0.296,13.92,433.013,303.367,5.868,993.607
2025-03-05 05:00:00,0.656,13.92,482.963,405.475,6.814,989.376
2025-03-05 06:00:00,2.293,13.92,500.0,322.976,7.606,1009.577
2025-03-05 07:00:00,2.35,13.92,482.963,339.664,9.974,1016.261
2025-03-05 08:00:00,1.665,13.92,433.013,396.976,6.957,983.414
2025-03-05 09:00:00,2.665,13.92,353.553,301.111,8.198,984.974
2025-03-05 10:00:00,0.418,13.92,250.0,417.849,8.267,1004.453
2025-03-05 11:00:00,0.733,13.92,129.41,347.052,4.404,1018.661
2025-03-05 12:00:00,0.391,13.92,0.0,416.602,5.708,989.215
2025-03-05 13:00:00,2.777,13.92,0.0,303.324,6.76,989.332
2025-03-05 14:00:00,1.187,13.92,0.0,365.523,5.202,985.902
2025-03-05 15:00:00,0.685,13.92,0.0,309.278,5.825,981.015
2025-03-05 16:00:00,0.754,13.92,0.0,370.41,5.649,982.271
2025-03-05 17:00:00,0.982,13.92,0.0,384.823,9.649,1017.651
2025-03-05 18:00:00,1.373,13.92,0.0,349.894,8.239,981.108
2025-03-05 19:00:00,0.917,13.92,0.0,335.139,9.38,1015.564
2025-03-05 20:00:00,1.563,13.92,0.0,301.69,5.738,981.098
2025-03-05 21:00:00,0.324,13.92,0.0,407.961,7.489,1016.21
2025-03-05 22:00:00,0.695,13.92,0.0,402.919,5.963,1005.941
2025-03-05 23:00:00,0.648,13.92,0.0,367.508,5.696,1005.232
2025-03-06 00:00:00,0.655,13.996,0.0,351.357,8.381,1014.695
2025-03-06 01:00:00,1.341,13.996,129.41,390.719,8.643,990.869
2025-03-06 02:00:00,0.227,13.996,250.0,361.145,4.361,1001.942
2025-03-06 03:00:00,1.278,13.996,353.553,383.136,9.806,1004.281
2025-03-06 04:00:00,0.857,13.996,433.013,343.723,7.087,997.648
2025-03-06 05:00:00,1.881,13.996,482.963,360.273,5.74,1018.912
2025-03-06 06:00:00,0.467,13.996,500.0,339.565,5.822,1017.15
2025-03-06 07:00:00,0.585,13.996,482.963,323.336,5.63,1004.265
2025-03-06 08:00:00,2.204,13.996,433.013,333.514,7.888,980.867
2025-03-06 09:00:00,0.369,13.996,353.553,379.022,5.338,1013.5
2025-03-06 10:00:00,0.023,13.996,250.0,378.425,5.534,987.873
2025-03-06 11:00:00,0.716,13.996,129.41,414.522,5.92,999.674
2025-03-06 12:00:00,2.284,13.996,0.0,406.708,6.466,1001.631
2025-03-06 13:00:00,0.057,13.996,0.0,416.35,6.36,985.873
2025-03-06 14:00:00,2.409,13.996,0.0,304.64,8.873,1005.44
2025-03-06 15:00:00,0.965,13.996,0.0,327.98,4.974,1009.012
2025-03-06 16:00:00,1.256,13.996,0.0,305.562,8.527,1000.025
2025-03-06 17:00:00,2.535,13.996,0.0,328.566,9.199,1005.486
2025-03-06 18:00:00,0.436,13.996,0.0,348.153,5.401,1000.149
2025-03-06 19:00:00,1.166,13.996,0.0,338.043,9.38,983.284
2025-03-06 20:00:00,3.784,13.996,0.0,405.377,5.718,997.634
2025-03-06 21:00:00,0.153,13.996,0.0,302.297,6.834,985.954
2025-03-06 22:00:00,0.145,13.996,0.0,397.364,6.354,990.99
2025-03-06 23:00:00,0.576,13.996,0.0,348.589,9.933,995.248
2025-03-07 00:00:00,1.311,14.07,0.0,382.786,8.574,982.115
2025-03-07 01:00:00,2.046,14.07,129.41,370.996,4.184,992.218
2025-03-07 02:00:00,0.448,14.07,250.0,302.053,5.736,989.492
2025-03-07 03:00:00,1.854,14.07,353.553,402.743,5.691,1015.931
2025-03-07 04:00:00,1.028,14.07,433.013,325.325,9.102,1008.012
2025-03-07 05:00:00,2.163,14.07,482.963,312.52,4.949,1004.879
2025-03-07 06:00:00,0.572,14.07,500.0,347.292,7.48,1017.01
2025-03-07 07:00:00,0.511,14.07,482.963,315.646,7.592,1010.745
2025-03-07 08:00:00,1.793,14.07,433.013,358.41,9.58,984.46
2025-03-07 09:00:00,0.038,14.07,353.553,402.889,7.447,1017.713
2025-03-07 10:00:00,2.336,14.07,250.0,350.31,6.805,983.508
2025-03-07 11:00:00,5.164,14.07,129.41,376.01,4.098,1019.644
2025-03-07 12:00:00,0.199,14.07,0.0,412.279,5.351,995.627
2025-03-07 13:00:00,0.505,14.07,0.0,300.185,4.907,1011.855
2025-03-07 14:00:00,3.6,14.07,0.0,357.114,4.494,1009.006
2025-03-07 15:00:00,2.736,14.07,0.0,364.034,7.123,1004.602
2025-03-07 16:00:00,0.103,14.07,0.0,367.059,7.642,1017.663
2025-03-07 17:00:00,0.754,14.07,0.0,351.552,4.4,1012.684
2025-03-07 18:00:00,1.668,14.07,0.0,321.461,9.621,981.847
2025-03-07 19:00:00,0.391,14.07,0.0,387.815,4.6,996.042
2025-03-07 20:00:00,4.563,14.07,0.0,333.744,6.328,996.264
2025-03-07 21:00:00,1.175,14.07,0.0,315.265,5.124,1014.96
2025-03-07 22:00:00,0.077,14.07,0.0,351.45,8.68,981.361
2025-03-07 23:00:00,0.248,14.07,0.0,319.944,8.258,987.765
2025-03-08 00:00:00,1.164,14.141,0.0,394.201,6.517,987.683
2025-03-08 01:00:00,0.163,14.141,129.41,403.552,9.631,997.112
2025-03-08 02:00:00,0.604,14.141,250.0,412.695,7.845,983.318
2025-03-08 03:00:00,0.438,14.141,353.553,390.656,6.954,1010.024
2025-03-08 04:00:00,0.418,14.141,433.013,386.587,4.67,1000.69
2025-03-08 05:00:00,3.15,14.141,482.963,311.144,8.804,1003.425
2025-03-08 06:00:00,2.27,14.141,500.0,324.482,5.905,985.86
2025-03-08 07:00:00,0.62,14.141,482.963,326.816,7.33,996.455
2025-03-08 08:00:00,0.676,14.141,433.013,310.427,4.325,1016.386
2025-03-08 09:00:00,0.675,14.141,353.553,397.731,5.859,987.702
2025-03-08 10:00:00,0.595,14.141,250.0,371.668,8.044,996.544
2025-03-08 11:00:00,3.008,14.141,129.41,307.656,7.841,991.065
2025-03-08 12:00:00,1.105,14.141,0.0,391.278,6.057,1000.75
2025-03-08 13:00:00,0.197,14.141,0.0,386.378,4.707,1009.543
2025-03-08 14:00:00,0.671,14.141,0.0,345.9,8.515,996.179
2025-03-08 15:00:00,0.881,14.141,0.0,376.083,6.528,1002.794
2025-03-08 16:00:00,0.735,14.141,0.0,318.416,6.085,997.288
2025-03-08 17:00:00,3.254,14.141,0.0,392.437,4.338,997.964
2025-03-08 18:00:00,2.165,14.141,0.0,338.378,4.434,1000.629
2025-03-08 19:00:00,0.827,14.141,0.0,347.063,5.324,1015.608
2025-03-08 20:00:00,0.254,14.141,0.0,373.731,6.96,1017.033
2025-03-08 21:00:00,1.243,14.141,0.0,406.094,8.945,982.661
2025-03-08 22:00:00,1.257,14.141,0.0,354.185,6.601,987.85
2025-03-08 23:00:00,1.855,14.141,0.0,345.114,5.822,1016.427
2025-03-09 00:00:00,1.455,14.21,0.0,329.889,4.807,998.372
2025-03-09 01:00:00,2.307,14.21,129.41,334.082,7.009,984.815
2025-03-09 02:00:00,2.077,14.21,250.0,349.142,5.395,984.641
2025-03-09 03:00:00,0.201,14.21,353.553,384.664,6.624,996.628
2025-03-09 04:00:00,2.801,14.21,433.013,310.703,6.532,993.685
2025-03-09 05:00:00,0.923,14.21,482.963,344.298,6.14,992.431
2025-03-09 06:00:00,0.066,14.21,500.0,397.098,4.581,983.775
2025-03-09 07:00:00,2.898,14.21,482.963,334.23,6.863,990.261
2025-03-09 08:00:00,2.093,14.21,433.013,315.473,7.244,980.036
2025-03-09 09:00:00,0.77,14.21,353.553,318.391,7.178,1011.272
2025-03-09 10:00:00,2.707,14.21,250.0,377.522,4.75,989.888
2025-03-09 11:00:00,0.157,14.21,129.41,324.491,5.666,980.167
2025-03-09 12:00:00,1.225,14.21,0.0,409.109,8.578,1005.943
2025-03-09 13:00:00,2.232,14.21,0.0,412.788,8.591,982.666
2025-03-09 14:00:00,0.087,14.21,0.0,345.42,4.833,999.124
2025-03-09 15:00:00,3.008,14.21,0.0,304.199,5.64,1016.734
2025-03-09 16:00:00,4.078,14.21,0.0,394.059,8.743,986.888
2025-03-09 17:00:00,3.061,14.21,0.0,405.457,5.52,996.451
2025-03-09 18:00:00,0.008,14.21,0.0,349.97,6.415,995.284
2025-03-09 19:00:00,1.089,14.21,0.0,366.005,4.786,1007.776
2025-03-09 20:00:00,0.658,14.21,0.0,328.759,7.058,1002.777
2025-03-09 21:00:00,0.796,14.21,0.0,366.244,7.608,1019.187
2025-03-09 22:00:00,0.338,14.21,0.0,340.81,5.037,986.31
2025-03-09 23:00:00,1.606,14.21,0.0,317.248,5.037,1014.771
2025-03-10 00:00:00,0.734,14.275,0.0,322.6,9.239,983.473
2025-03-10 01:00:00,4.492,14.275,129.41,379.6,8.935,1002.263
2025-03-10 02:00:00,0.851,14.275,250.0,417.432,6.659,995.926
2025-03-10 03:00:00,0.144,14.275,353.553,368.31,6.422,1009.206
2025-03-10 04:00:00,1.595,14.275,433.013,324.61,7.396,983.201
2025-03-10 05:00:00,1.549,14.275,482.963,365.614,4.628,1013.322
2025-03-10 06:00:00,0.198,14.275,500.0,329.585,7.067,1012.073
2025-03-10 07:00:00,2.732,14.275,482.963,385.009,4.006,1010.112
2025-03-10 08:00:00,0.579,14.275,433.013,419.536,4.822,980.606
2025-03-10 09:00:00,1.054,14.275,353.553,382.912,9.55,983.594
2025-03-10 10:00:00,0.764,14.275,250.0,326.707,8.873,990.445
2025-03-10 11:00:00,0.11,14.275,129.41,346.249,4.88,997.126
2025-03-10 12:00:00,0.404,14.275,0.0,373.385,7.598,983.976
2025-03-10 13:00:00,2.467,14.275,0.0,378.07,8.099,989.994
2025-03-10 14:00:00,0.51,14.275,0.0,323.828,9.827,988.755
2025-03-10 15:00:00,0.586,14.275,0.0,354.411,5.946,1010.189
2025-03-10 16:00:00,0.933,14.275,0.0,390.809,8.289,984.964
2025-03-10 17:00:00,1.606,14.275,0.0,379.028,6.475,1011.401
2025-03-10 18:00:00,1.94,14.275,0.0,410.756,4.345,994.96
2025-03-10 19:00:00,0.145,14.275,0.0,415.749,8.16,999.887
2025-03-10 20:00:00,0.681,14.275,0.0,385.116,7.877,991.368
2025-03-10 21:00:00,1.556,14.275,0.0,373.855,7.844,991.191
2025-03-10 22:00:00,2.032,14.275,0.0,360.088,6.864,981.001
2025-03-10 23:00:00,1.633,14.275,0.0,402.962,4.032,1007.319
2025-03-11 00:00:00,0.421,14.338,0.0,355.927,6.517,1018.942
2025-03-11 01:00:00,0.416,14.338,129.41,374.14,5.267,1002.668
2025-03-11 02:00:00,2.105,14.338,250.0,310.772,4.292,1006.843
2025-03-11 03:00:00,0.518,14.338,353.553,393.45,9.881,1011.558
2025-03-11 04:00:00,0.718,14.338,433.013,415.934,5.105,984.757
2025-03-11 05:00:00,0.791,14.338,482.963,366.043,4.492,1016.401
2025-03-11 06:00:00,1.859,14.338,500.0,385.635,9.708,1013.074
2025-03-11 07:00:00,1.271,14.338,482.963,412.584,4.193,1011.218
2025-03-11 08:00:00,1.136,14.338,433.013,364.291,6.298,1015.579
2025-03-11 09:00:00,2.035,14.338,353.553,327.35,4.844,1018.452
2025-03-11 10:00:00,0.241,14.338,250.0,416.113,6.363,1007.745
2025-03-11 11:00:00,1.876,14.338,129.41,338.525,9.606,1015.511
2025-03-11 12:00:00,2.224,14.338,0.0,381.666,8.094,1019.864
2025-03-11 13:00:00,1.244,14.338,0.0,397.239,7.082,985.749
2025-03-11 14:00:00,0.461,14.338,0.0,415.721,5.103,986.383
2025-03-11 15:00:00,2.013,14.338,0.0,395.46,7.105,981.817
2025-03-11 16:00:00,2.114,14.338,0.0,373.016,4.712,986.141
2025-03-11 17:00:00,0.203,14.338,0.0,334.465,6.445,1004.778
2025-03-11 18:00:00,1.705,14.338,0.0,350.198,9.156,1008.114
2025-03-11 19:00:00,2.336,14.338,0.0,416.439,5.339,1008.442
2025-03-11 20:00:00,1.334,14.338,0.0,363.701,7.994,1002.831
2025-03-11 21:00:00,1.009,14.338,0.0,414.869,7.006,1008.266
2025-03-11 22:00:00,0.292,14.338,0.0,410.062,5.225,1010.315
2025-03-11 23:00:00,0.146,14.338,0.0,304.21,9.366,999.368
2025-03-12 00:00:00,1.172,14.399,0.0,307.805,8.011,1018.398
2025-03-12 01:00:00,2.016,14.399,129.41,396.314,9.12,1014.921
2025-03-12 02:00:00,2.225,14.399,250.0,330.187,7.138,1003.004
2025-03-12 03:00:00,0.414,14.399,353.553,408.116,9.461,986.554
2025-03-12 04:00:00,0.293,14.399,433.013,375.041,7.573,1017.797
2025-03-12 05:00:00,1.509,14.399,482.963,316.108,9.889,983.866
2025-03-12 06:00:00,1.767,14.399,500.0,398.919,8.799,990.728
2025-03-12 07:00:00,0.426,14.399,482.963,391.572,5.197,989.41
2025-03-12 08:00:00,2.308,14.399,433.013,391.269,4.724,992.496
2025-03-12 09:00:00,2.047,14.399,353.553,341.848,5.749,1003.948
2025-03-12 10:00:00,2.344,14.399,250.0,369.123,7.517,1013.776
2025-03-12 11:00:00,0.614,14.399,129.41,315.2,8.988,1016.557
2025-03-12 12:00:00,0.216,14.399,0.0,389.013,4.213,997.236
2025-03-12 13:00:00,1.577,14.399,0.0,302.485,4.786,986.258
2025-03-12 14:00:00,0.345,14.399,0.0,407.017,6.981,995.039
2025-03-12 15:00:00,1.097,14.399,0.0,386.08,4.874,1006.43
2025-03-12 16:00:00,0.533,14.399,0.0,360.395,9.452,1018.713
2025-03-12 17:00:00,1.269,14.399,0.0,351.738,7.796,980.276
2025-03-12 18:00:00,0.628,14.399,0.0,333.769,7.948,992.046
2025-03-12 19:00:00,1.254,14.399,0.0,309.183,5.859,1003.613
2025-03-12 20:00:00,0.101,14.399,0.0,300.295,8.641,990.918
2025-03-12 21:00:00,4.809,14.399,0.0,347.166,9.597,992.613
2025-03-12 22:00:00,1.716,14.399,0.0,310.873,6.589,1011.606
2025-03-12 23:00:00,0.58,14.399,0.0,307.926,4.267,993.781
2025-03-13 00:00:00,1.475,14.456,0.0,365.363,5.81,987.193
2025-03-13 01:00:00,0.185,14.456,129.41,334.473,5.576,1012.704
2025-03-13 02:00:00,2.198,14.456,250.0,400.615,7.62,996.388
2025-03-13 03:00:00,3.069,14.456,353.553,326.479,7.888,985.119
2025-03-13 04:00:00,2.696,14.456,433.013,302.72,7.96,984.657
2025-03-13 05:00:00,0.229,14.456,482.963,417.643,5.067,997.273
2025-03-13 06:00:00,1.63,14.456,500.0,324.716,8.893,1012.831
2025-03-13 07:00:00,0.462,14.456,482.963,412.821,7.656,1010.158
2025-03-13 08:00:00,1.373,14.456,433.013,402.877,8.305,1004.551
2025-03-13 09:00:00,1.672,14.456,353.553,396.815,5.766,987.669
2025-03-13 10:00:00,1.289,14.456,250.0,413.869,7.948,1015.127
2025-03-13 11:00:00,2.931,14.456,129.41,416.417,6.186,1008.477
2025-03-13 12:00:00,0.61,14.456,0.0,390.234,5.426,992.677
2025-03-13 13:00:00,0.563,14.456,0.0,310.562,5.376,1016.333
2025-03-13 14:00:00,0.712,14.456,0.0,358.275,5.371,1018.863
2025-03-13 15:00:00,0.467,14.456,0.0,375.803,6.149,986.243
2025-03-13 16:00:00,0.636,14.456,0.0,314.183,8.111,1017.184
2025-03-13 17:00:00,3.811,14.456,0.0,381.964,6.201,1011.601
2025-03-13 18:00:00,0.449,14.456,0.0,412.03,6.366,983.485
2025-03-13 19:00:00,1.007,14.456,0.0,379.298,7.656,1008.139
2025-03-13 20:00:00,0.431,14.456,0.0,405.606,6.623,1013.161
2025-03-13 21:00:00,1.763,14.456,0.0,342.159,5.228,1013.816
2025-03-13 22:00:00,1.481,14.456,0.0,345.456,9.643,1002.55
2025-03-13 23:00:00,0.307,14.456,0.0,340.988,6.745,990.737
2025-03-14 00:00:00,2.069,14.511,0.0,305.155,8.355,996.239
2025-03-14 01:00:00,2.666,14.511,129.41,409.239,7.53,1000.933
2025-03-14 02:00:00,1.514,14.511,250.0,386.684,8.652,1010.94
2025-03-14 03:00:00,1.128,14.511,353.553,367.057,6.877,1009.441
2025-03-14 04:00:00,2.481,14.511,433.013,374.349,6.036,1001.142
2025-03-14 05:00:00,2.069,14.511,482.963,370.021,7.143,1016.331
2025-03-14 06:00:00,1.298,14.511,500.0,390.182,7.222,980.387
2025-03-14 07:00:00,0.112,14.511,482.963,360.326,8.159,1013.287
2025-03-14 08:00:00,0.676,14.511,433.013,360.846,4.661,1005.876
2025-03-14 09:00:00,2.091,14.511,353.553,324.931,9.036,995.965
2025-03-14 10:00:00,3.352,14.511,250.0,411.718,5.683,1016.288
2025-03-14 11:00:00,0.305,14.511,129.41,418.866,8.523,1000.893
2025-03-14 12:00:00,0.262,14.511,0.0,311.901,6.617,999.415
2025-03-14 13:00:00,1.692,14.511,0.0,317.527,5.44,981.347
2025-03-14 14:00:00,5.051,14.511,0.0,377.449,6.482,1011.95
2025-03-14 15:00:00,0.672,14.511,0.0,412.273,5.085,1002.604
2025-03-14 16:00:00,2.026,14.511,0.0,378.743,7.419,1018.806
2025-03-14 17:00:00,3.268,14.511,0.0,353.427,9.903,980.991
2025-03-14 18:00:00,1.447,14.511,0.0,419.582,4.367,991.756
2025-03-14 19:00:00,1.591,14.511,0.0,314.379,9.854,1018.275
2025-03-14 20:00:00,5.436,14.511,0.0,418.071,8.454,990.665
2025-03-14 21:00:00,1.205,14.511,0.0,356.243,5.202,985.807
2025-03-14 22:00:00,0.194,14.511,0.0,331.537,6.763,982.091
2025-03-14 23:00:00,0.476,14.511,0.0,359.521,7.211,1015.469
2025-03-15 00:00:00,2.597,14.562,0.0,340.93,6.349,1017.257
2025-03-15 01:00:00,0.976,14.562,129.41,418.977,9.52,1009.448
2025-03-15 02:00:00,0.985,14.562,250.0,406.994,6.514,994.425
2025-03-15 03:00:00,0.557,14.562,353.553,320.232,9.066,999.012
2025-03-15 04:00:00,0.812,14.562,433.013,356.778,8.352,1014.17
2025-03-15 05:00:00,1.229,14.562,482.963,419.331,6.878,1000.483
2025-03-15 06:00:00,2.294,14.562,500.0,391.795,6.523,1001.371
2025-03-15 07:00:00,1.405,14.562,482.963,370.05,7.89,1007.335
2025-03-15 08:00:00,1.272,14.562,433.013,303.841,5.208,981.009
2025-03-15 09:00:00,0.804,14.562,353.553,370.299,8.659,992.395
2025-03-15 10:00:00,0.713,14.562,250.0,309.361,6.251,1013.595
2025-03-15 11:00:00,2.331,14.562,129.41,370.466,4.2,990.147
2025-03-15 12:00:00,1.751,14.562,0.0,401.869,7.111,1004.416
2025-03-15 13:00:00,2.401,14.562,0.0,411.923,6.303,980.479
2025-03-15 14:00:00,0.414,14.562,0.0,396.511,9.64,991.154
2025-03-15 15:00:00,0.583,14.562,0.0,368.854,9.889,1002.502
2025-03-15 16:00:00,4.731,14.562,0.0,418.161,8.771,1000.975
2025-03-15 17:00:00,3.437,14.562,0.0,356.855,9.694,986.27
2025-03-15 18:00:00,0.22,14.562,0.0,383.284,9.386,1013.257
2025-03-15 19:00:00,1.357,14.562,0.0,372.715,8.06,984.365
2025-03-15 20:00:00,0.675,14.562,0.0,357.975,9.614,995.546
2025-03-15 21:00:00,0.605,14.562,0.0,362.82,4.577,995.943
2025-03-15 22:00:00,0.687,14.562,0.0,413.013,6.41,998.447
2025-03-15 23:00:00,0.932,14.562,0.0,358.081,7.987,1008.195
2025-03-16 00:00:00,0.249,14.611,0.0,392.436,6.825,993.613
2025-03-16 01:00:00,2.377,14.611,129.41,387.16,4.959,987.803
2025-03-16 02:00:00,1.228,14.611,250.0,383.642,9.345,998.922
2025-03-16 03:00:00,0.424,14.611,353.553,350.568,6.424,990.61
2025-03-16 04:00:00,2.729,14.611,433.013,398.888,9.768,995.745
2025-03-16 05:00:00,0.32,14.611,482.963,406.623,9.554,1015.279
2025-03-16 06:00:00,0.366,14.611,500.0,336.626,7.274,993.397
2025-03-16 07:00:00,0.607,14.611,482.963,322.039,8.834,990.296
2025-03-16 08:00:00,2.415,14.611,433.013,341.595,5.231,1001.2
2025-03-16 09:00:00,1.477,14.611,353.553,419.579,9.089,1007.571
2025-03-16 10:00:00,0.263,14.611,250.0,353.995,8.688,983.135
2025-03-16 11:00:00,0.762,14.611,129.41,327.368,8.508,1010.296
2025-03-16 12:00:00,1.832,14.611,0.0,323.932,5.467,1000.731
2025-03-16 13:00:00,0.603,14.611,0.0,318.682,6.298,1010.979
2025-03-16 14:00:00,1.407,14.611,0.0,343.858,9.779,1013.199
2025-03-16 15:00:00,0.308,14.611,0.0,385.486,5.637,1000.729
2025-03-16 16:00:00,0.396,14.611,0.0,404.742,7.041,992.04
2025-03-16 17:00:00,0.346,14.611,0.0,345.049,9.191,999.957
2025-03-16 18:00:00,1.051,14.611,0.0,317.058,4.554,1011.613
2025-03-16 19:00:00,0.65,14.611,0.0,371.771,4.362,995.87
2025-03-16 20:00:00,1.716,14.611,0.0,357.594,6.556,995.808
2025-03-16 21:00:00,0.635,14.611,0.0,304.532,8.512,986.78
2025-03-16 22:00:00,1.062,14.611,0.0,356.516,4.22,1003.206
2025-03-16 23:00:00,0.91,14.611,0.0,328.276,8.235,1019.406
2025-03-17 00:00:00,3.306,14.657,0.0,312.195,9.292,1016.524
2025-03-17 01:00:00,1.687,14.657,129.41,352.463,4.126,980.856
2025-03-17 02:00:00,7.584,14.657,250.0,405.644,9.44,1008.993
2025-03-17 03:00:00,1.374,14.657,353.553,321.856,8.864,994.267
2025-03-17 04:00:00,1.023,14.657,433.013,306.904,8.219,980.096
2025-03-17 05:00:00,0.484,14.657,482.963,382.83,4.7,984.735
2025-03-17 06:00:00,2.391,14.657,500.0,382.153,8.447,1007.527
2025-03-17 07:00:00,1.552,14.657,482.963,372.467,6.834,993.624
2025-03-17 08:00:00,1.382,14.657,433.013,341.631,6.627,984.212
2025-03-17 09:00:00,1.537,14.657,353.553,356.227,9.342,991.886
2025-03-17 10:00:00,2.024,14.657,250.0,307.597,5.856,986.428
2025-03-17 11:00:00,8.426,14.657,129.41,378.345,8.016,1016.265
2025-03-17 12:00:00,0.471,14.657,0.0,377.895,4.54,1019.56
2025-03-17 13:00:00,0.816,14.657,0.0,361.469,9.533,989.701
2025-03-17 14:00:00,0.281,14.657,0.0,390.784,6.382,993.395
2025-03-17 15:00:00,1.715,14.657,0.0,302.079,5.069,1012.113
2025-03-17 16:00:00,0.155,14.657,0.0,351.378,5.11,991.92
2025-03-17 17:00:00,1.59,14.657,0.0,333.56,4.224,1015.269
2025-03-17 18:00:00,1.469,14.657,0.0,326.169,4.605,1014.608
2025-03-17 19:00:00,2.896,14.657,0.0,339.736,8.454,1007.188
2025-03-17 20:00:00,1.923,14.657,0.0,349.123,4.258,991.232
2025-03-17 21:00:00,0.216,14.657,0.0,304.52,8.487,1019.066
2025-03-17 22:00:00,0.182,14.657,0.0,343.812,7.652,998.251
2025-03-17 23:00:00,0.876,14.657,0.0,416.758,4.884,1019.326
2025-03-18 00:00:00,0.428,14.701,0.0,392.389,9.282,1000.033
2025-03-18 01:00:00,2.161,14.701,129.41,320.754,8.894,1005.274
2025-03-18 02:00:00,1.02,14.701,250.0,312.137,6.149,989.438
2025-03-18 03:00:00,1.016,14.701,353.553,326.691,8.381,1005.866
2025-03-18 04:00:00,0.322,14.701,433.013,319.043,9.04,992.272
2025-03-18 05:00:00,1.781,14.701,482.963,300.49,5.468,1004.626
2025-03-18 06:00:00,2.066,14.701,500.0,316.692,4.504,1009.33
2025-03-18 07:00:00,0.467,14.701,482.963,327.578,9.39,981.21
2025-03-18 08:00:00,1.945,14.701,433.013,400.27,7.632,1016.802
2025-03-18 09:00:00,3.12,14.701,353.553,369.814,5.343,996.608
2025-03-18 10:00:00,0.339,14.701,250.0,327.89,4.365,985.807
2025-03-18 11:00:00,0.246,14.701,129.41,308.696,5.645,1011.272
2025-03-18 12:00:00,1.147,14.701,0.0,362.529,6.842,980.809
2025-03-18 13:00:00,0.253,14.701,0.0,307.084,8.21,1016.751
2025-03-18 14:00:00,0.468,14.701,0.0,319.58,5.324,983.995
2025-03-18 15:00:00,0.825,14.701,0.0,369.883,6.605,993.992
2025-03-18 16:00:00,0.76,14.701,0.0,390.62,9.266,998.885
2025-03-18 17:00:00,1.017,14.701,0.0,394.342,5.629,1004.963
2025-03-18 18:00:00,1.985,14.701,0.0,357.637,9.633,1014.093
2025-03-18 19:00:00,0.075,14.701,0.0,335.299,4.804,1001.318
2025-03-18 20:00:00,1.759,14.701,0.0,332.48,5.694,996.0
2025-03-18 21:00:00,3.988,14.701,0.0,354.052,5.565,1005.837
2025-03-18 22:00:00,0.493,14.701,0.0,317.174,9.229,983.757
2025-03-18 23:00:00,1.962,14.701,0.0,337.525,9.461,1012.222
2025-03-19 00:00:00,0.8,14.741,0.0,369.736,6.351,1012.002
2025-03-19 01:00:00,3.434,14.741,129.41,364.009,4.255,1001.359
2025-03-19 02:00:00,3.034,14.741,250.0,394.762,4.789,980.56
2025-03-19 03:00:00,0.894,14.741,353.553,337.709,6.457,997.549
2025-03-19 04:00:00,1.085,14.741,433.013,359.36,6.385,1016.603
2025-03-19 05:00:00,0.753,14.741,482.963,362.827,6.346,999.173
2025-03-19 06:00:00,0.228,14.741,500.0,397.067,4.952,1018.105
2025-03-19 07:00:00,1.832,14.741,482.963,341.325,4.365,982.034
2025-03-19 08:00:00,0.799,14.741,433.013,370.453,6.574,1005.539
2025-03-19 09:00:00,2.6,14.741,353.553,351.257,8.959,994.045
2025-03-19 10:00:00,2.096,14.741,250.0,346.74,7.939,991.167
2025-03-19 11:00:00,0.29,14.741,129.41,380.583,8.312,1018.337
2025-03-19 12:00:00,1.517,14.741,0.0,356.889,6.003,994.853
2025-03-19 13:00:00,0.407,14.741,0.0,338.968,8.724,996.897
2025-03-19 14:00:00,0.687,14.741,0.0,364.732,4.229,994.447
2025-03-19 15:00:00,2.469,14.741,0.0,343.515,6.113,1008.986
2025-03-19 16:00:00,2.386,14.741,0.0,377.778,7.553,992.684
2025-03-19 17:00:00,0.571,14.741,0.0,357.017,8.455,1006.024
2025-03-19 18:00:00,2.004,14.741,0.0,399.023,5.352,990.135
2025-03-19 19:00:00,0.28,14.741,0.0,322.805,9.16,998.38
2025-03-19 20:00:00,1.275,14.741,0.0,366.465,7.466,992.076
2025-03-19 21:00:00,0.986,14.741,0.0,302.138,4.016,1002.906
2025-03-19 22:00:00,0.862,14.741,0.0,327.74,6.879,1010.076
2025-03-19 23:00:00,2.303,14.741,0.0,349.786,8.822,1018.667
2025-03-20 00:00:00,0.327,14.778,0.0,385.292,5.272,980.27
2025-03-20 01:00:00,0.766,14.778,129.41,301.531,5.085,1010.214
2025-03-20 02:00:00,0.532,14.778,250.0,323.053,6.331,1013.442
2025-03-20 03:00:00,0.344,14.778,353.553,302.664,9.014,983.774
2025-03-20 04:00:00,0.51,14.778,433.013,377.748,9.005,1000.845
2025-03-20 05:00:00,0.77,14.778,482.963,413.814,4.176,1011.816
2025-03-20 06:00:00,1.178,14.778,500.0,383.182,7.689,1002.028
2025-03-20 07:00:00,0.616,14.778,482.963,301.896,7.541,1007.22
2025-03-20 08:00:00,1.994,14.778,433.013,305.357,5.101,994.119
2025-03-20 09:00:00,0.435,14.778,353.553,401.251,8.0,1015.824
2025-03-20 10:00:00,0.915,14.778,250.0,416.877,4.228,983.512
2025-03-20 11:00:00,3.818,14.778,129.41,318.323,7.215,980.344
2025-03-20 12:00:00,1.749,14.778,0.0,343.813,8.647,1003.219
2025-03-20 13:00:00,0.474,14.778,0.0,316.64,7.634,993.632
2025-03-20 14:00:00,3.245,14.778,0.0,388.039,5.63,980.11
2025-03-20 15:00:00,3.819,14.778,0.0,411.372,6.134,986.381
2025-03-20 16:00:00,1.038,14.778,0.0,383.798,4.386,986.635
2025-03-20 17:00:00,2.392,14.778,0.0,391.805,9.288,991.539
2025-03-20 18:00:00,0.53,14.778,0.0,322.523,9.897,1010.759
2025-03-20 19:00:00,1.212,14.778,0.0,307.478,4.937,1004.316
2025-03-20 20:00:00,0.301,14.778,0.0,329.42,8.357,1005.077
2025-03-20 21:00:00,2.747,14.778,0.0,363.023,9.052,1004.875
2025-03-20 22:00:00,0.111,14.778,0.0,321.53,9.786,1011.177
2025-03-20 23:00:00,1.169,14.778,0.0,312.015,4.532,1005.419
2025-03-21 00:00:00,1.04,14.813,0.0,406.029,4.789,1018.198
2025-03-21 01:00:00,0.32,14.813,129.41,361.069,5.428,1017.193
2025-03-21 02:00:00,0.811,14.813,250.0,301.86,9.803,993.334
2025-03-21 03:00:00,3.385,14.813,353.553,324.354,6.755,1017.479
2025-03-21 04:00:00,4.984,14.813,433.013,357.654,6.357,1001.966
2025-03-21 05:00:00,3.4,14.813,482.963,405.546,8.368,995.236
2025-03-21 06:00:00,2.561,14.813,500.0,340.343,5.619,1001.44
2025-03-21 07:00:00,0.351,14.813,482.963,312.239,5.253,1019.187
2025-03-21 08:00:00,1.377,14.813,433.013,310.129,6.714,997.538
2025-03-21 09:00:00,0.972,14.813,353.553,401.75,5.821,992.809
2025-03-21 10:00:00,0.485,14.813,250.0,361.871,6.899,993.126
2025-03-21 11:00:00,2.172,14.813,129.41,380.913,7.631,1009.362
2025-03-21 12:00:00,0.615,14.813,0.0,342.739,6.883,997.025
2025-03-21 13:00:00,0.303,14.813,0.0,413.788,4.385,983.093
2025-03-21 14:00:00,0.306,14.813,0.0,348.311,6.244,1010.266
2025-03-21 15:00:00,4.01,14.813,0.0,307.963,7.93,1003.601
2025-03-21 16:00:00,1.034,14.813,0.0,339.899,8.488,982.183
2025-03-21 17:00:00,1.249,14.813,0.0,334.725,4.702,1006.253
2025-03-21 18:00:00,0.556,14.813,0.0,316.583,9.909,1005.35
2025-03-21 19:00:00,1.954,14.813,0.0,308.526,6.063,1000.605
2025-03-21 20:00:00,4.113,14.813,0.0,383.965,8.471,985.758
2025-03-21 21:00:00,2.996,14.813,0.0,368.166,6.316,991.532
2025-03-21 22:00:00,0.415,14.813,0.0,389.953,4.611,990.572
2025-03-21 23:00:00,3.199,14.813,0.0,331.34,9.332,1016.426
2025-03-22 00:00:00,0.482,14.845,0.0,402.233,6.006,991.949
2025-03-22 01:00:00,0.368,14.845,129.41,319.699,9.111,988.077
2025-03-22 02:00:00,1.999,14.845,250.0,351.125,4.474,996.28
2025-03-22 03:00:00,0.098,14.845,353.553,333.974,8.314,1008.252
2025-03-22 04:00:00,0.186,14.845,433.013,374.263,5.987,1005.055
2025-03-22 05:00:00,5.622,14.845,482.963,312.33,8.728,982.322
2025-03-22 06:00:00,1.017,14.845,500.0,324.366,4.175,1006.8
2025-03-22 07:00:00,2.597,14.845,482.963,419.558,8.108,984.215
2025-03-22 08:00:00,0.821,14.845,433.013,355.771,8.137,1001.778
2025-03-22 09:00:00,0.061,14.845,353.553,379.142,8.423,1007.627
2025-03-22 10:00:00,5.35,14.845,250.0,302.129,5.811,1008.877
2025-03-22 11:00:00,1.02,14.845,129.41,409.125,6.063,1015.934
2025-03-22 12:00:00,0.429,14.845,0.0,403.023,7.742,1008.537
2025-03-22 13:00:00,2.053,14.845,0.0,372.69,9.198,990.554
2025-03-22 14:00:00,0.947,14.845,0.0,393.017,9.178,989.676
2025-03-22 15:00:00,3.066,14.845,0.0,364.043,9.258,1014.928
2025-03-22 16:00:00,1.351,14.845,0.0,344.088,7.682,1000.847
2025-03-22 17:00:00,1.615,14.845,0.0,395.704,5.124,1000.634
2025-03-22 18:00:00,0.51,14.845,0.0,344.006,4.643,987.335
2025-03-22 19:00:00,1.222,14.845,0.0,366.211,5.17,999.754
2025-03-22 20:00:00,0.612,14.845,0.0,363.071,7.613,997.364
2025-03-22 21:00:00,0.69,14.845,0.0,377.91,6.575,1014.138
2025-03-22 22:00:00,0.334,14.845,0.0,300.78,7.497,1000.643
2025-03-22 23:00:00,0.413,14.845,0.0,375.498,8.092,1005.116
2025-03-23 00:00:00,0.63,14.873,0.0,322.959,5.887,985.001
2025-03-23 01:00:00,0.313,14.873,129.41,303.66,7.022,1001.199
2025-03-23 02:00:00,1.196,14.873,250.0,338.598,5.409,1004.748
2025-03-23 03:00:00,0.286,14.873,353.553,357.82,7.99,998.467
2025-03-23 04:00:00,0.568,14.873,433.013,419.938,8.101,1000.436
2025-03-23 05:00:00,2.782,14.873,482.963,408.086,4.692,1013.172
2025-03-23 06:00:00,1.75,14.873,500.0,329.579,4.024,996.343
2025-03-23 07:00:00,3.864,14.873,482.963,346.886,9.828,1008.542
2025-03-23 08:00:00,2.114,14.873,433.013,401.128,9.653,997.977
2025-03-23 09:00:00,2.507,14.873,353.553,401.114,7.396,996.477
2025-03-23 10:00:00,1.429,14.873,250.0,343.206,7.054,1010.382
2025-03-23 11:00:00,0.205,14.873,129.41,373.867,6.061,987.642
2025-03-23 12:00:00,1.826,14.873,0.0,324.448,8.434,1000.86
2025-03-23 13:00:00,0.414,14.873,0.0,308.037,4.787,988.941
2025-03-23 14:00:00,1.713,14.873,0.0,389.865,8.159,1012.876
2025-03-23 15:00:00,2.22,14.873,0.0,320.811,7.516,982.286
2025-03-23 16:00:00,0.556,14.873,0.0,368.225,9.333,999.509
2025-03-23 17:00:00,0.592,14.873,0.0,309.849,5.083,995.705
2025-03-23 18:00:00,2.033,14.873,0.0,376.48,6.108,982.056
2025-03-23 19:00:00,0.101,14.873,0.0,413.901,6.894,1018.21
2025-03-23 20:00:00,1.081,14.873,0.0,377.179,9.022,1004.266
2025-03-23 21:00:00,1.834,14.873,0.0,373.933,9.426,995.27
2025-03-23 22:00:00,2.051,14.873,0.0,387.503,5.278,1000.428
2025-03-23 23:00:00,0.687,14.873,0.0,366.883,5.869,999.795
2025-03-24 00:00:00,0.675,14.899,0.0,415.203,7.494,1010.154
2025-03-24 01:00:00,0.674,14.899,129.41,342.663,7.19,1008.913
2025-03-24 02:00:00,0.926,14.899,250.0,392.234,5.096,996.209
2025-03-24 03:00:00,0.528,14.899,353.553,378.883,4.076,984.803
2025-03-24 04:00:00,0.28,14.899,433.013,411.375,6.632,984.981
2025-03-24 05:00:00,1.468,14.899,482.963,343.219,7.418,993.849
2025-03-24 06:00:00,1.376,14.899,500.0,318.263,9.073,980.533
2025-03-24 07:00:00,1.821,14.899,482.963,339.935,5.986,983.769
2025-03-24 08:00:00,1.663,14.899,433.013,389.174,9.547,1005.437
2025-03-24 09:00:00,1.389,14.899,353.553,330.851,4.934,1017.162
2025-03-24 10:00:00,3.439,14.899,250.0,339.987,7.513,997.975
2025-03-24 11:00:00,3.682,14.899,129.41,389.086,9.173,1015.581
2025-03-24 12:00:00,1.207,14.899,0.0,399.669,9.679,1005.854
2025-03-24 13:00:00,2.0,14.899,0.0,369.782,7.777,1016.34
2025-03-24 14:00:00,2.616,14.899,0.0,305.59,5.333,1009.123
2025-03-24 15:00:00,0.106,14.899,0.0,417.806,9.924,1002.17
2025-03-24 16:00:00,0.672,14.899,0.0,360.991,9.965,1005.437
2025-03-24 17:00:00,0.158,14.899,0.0,349.926,7.26,1011.779
2025-03-24 18:00:00,3.0,14.899,0.0,310.427,6.654,1014.155
2025-03-24 19:00:00,1.793,14.899,0.0,416.802,7.522,1009.445
2025-03-24 20:00:00,5.586,14.899,0.0,302.085,6.314,998.042
2025-03-24 21:00:00,0.364,14.899,0.0,302.419,7.781,1009.748
2025-03-24 22:00:00,0.52,14.899,0.0,381.705,4.753,1008.977
2025-03-24 23:00:00,2.518,14.899,0.0,303.429,9.868,982.692
2025-03-25 00:00:00,0.251,14.922,0.0,333.189,7.621,1008.638
2025-03-25 01:00:00,3.988,14.922,129.41,363.281,4.243,1009.963
2025-03-25 02:00:00,0.61,14.922,250.0,387.579,6.95,1013.094
2025-03-25 03:00:00,0.111,14.922,353.553,413.475,9.97,1017.679
2025-03-25 04:00:00,1.247,14.922,433.013,306.453,6.65,1004.31
2025-03-25 05:00:00,2.013,14.922,482.963,317.779,7.773,1003.265
2025-03-25 06:00:00,1.991,14.922,500.0,303.21,7.861,1008.57
2025-03-25 07:00:00,0.869,14.922,482.963,375.625,4.209,989.119
2025-03-25 08:00:00,1.083,14.922,433.013,302.39,6.637,1003.195
2025-03-25 09:00:00,1.637,14.922,353.553,301.038,5.668,1016.753
2025-03-25 10:00:00,1.478,14.922,250.0,347.749,4.095,1016.42
2025-03-25 11:00:00,0.667,14.922,129.41,388.816,8.47,1018.861
2025-03-25 12:00:00,0.77,14.922,0.0,378.015,8.718,987.271
2025-03-25 13:00:00,2.147,14.922,0.0,414.446,6.033,998.906
2025-03-25 14:00:00,1.775,14.922,0.0,376.781,9.908,983.367
2025-03-25 15:00:00,0.213,14.922,0.0,388.16,4.34,1006.974
2025-03-25 16:00:00,0.865,14.922,0.0,314.618,9.343,1000.212
2025-03-25 17:00:00,1.078,14.922,0.0,361.57,5.049,1016.097
2025-03-25 18:00:00,1.021,14.922,0.0,365.126,7.592,1008.637
2025-03-25 19:00:00,2.143,14.922,0.0,332.31,9.891,1010.473
2025-03-25 20:00:00,0.48,14.922,0.0,406.356,9.894,993.703
2025-03-25 21:00:00,1.871,14.922,0.0,364.739,9.634,993.316
2025-03-25 22:00:00,1.933,14.922,0.0,302.632,6.204,993.022
2025-03-25 23:00:00,1.02,14.922,0.0,357.466,7.751,998.746
2025-03-26 00:00:00,0.643,14.942,0.0,361.257,7.236,1004.148
2025-03-26 01:00:00,2.102,14.942,129.41,380.225,5.521,1008.553
2025-03-26 02:00:00,0.977,14.942,250.0,351.209,6.382,1006.792
2025-03-26 03:00:00,1.159,14.942,353.553,369.084,4.389,997.943
2025-03-26 04:00:00,2.39,14.942,433.013,312.709,6.108,994.496
2025-03-26 05:00:00,0.286,14.942,482.963,316.091,4.922,996.088
2025-03-26 06:00:00,1.109,14.942,500.0,322.119,4.679,982.121
2025-03-26 07:00:00,0.373,14.942,482.963,348.07,5.296,983.647
2025-03-26 08:00:00,0.538,14.942,433.013,308.261,5.146,988.949
2025-03-26 09:00:00,0.706,14.942,353.553,364.411,9.72,1003.834
2025-03-26 10:00:00,5.188,14.942,250.0,391.273,6.826,982.515
2025-03-26 11:00:00,1.024,14.942,129.41,376.755,6.205,991.925
2025-03-26 12:00:00,1.002,14.942,0.0,384.15,5.816,992.477
2025-03-26 13:00:00,3.27,14.942,0.0,323.503,6.614,1000.706
2025-03-26 14:00:00,0.786,14.942,0.0,388.604,6.897,1013.843
2025-03-26 15:00:00,2.537,14.942,0.0,327.14,4.872,996.06
2025-03-26 16:00:00,1.121,14.942,0.0,400.138,7.209,985.754
2025-03-26 17:00:00,1.82,14.942,0.0,344.035,4.439,992.653
2025-03-26 18:00:00,2.369,14.942,0.0,406.107,9.82,990.47
2025-03-26 19:00:00,4.911,14.942,0.0,345.233,6.007,1008.143
2025-03-26 20:00:00,3.751,14.942,0.0,395.043,5.589,1011.486
2025-03-26 21:00:00,1.878,14.942,0.0,416.865,7.456,982.559
2025-03-26 22:00:00,0.929,14.942,0.0,373.46,9.615,1008.548
2025-03-26 23:00:00,1.284,14.942,0.0,398.051,5.701,995.027
2025-03-27 00:00:00,5.568,14.959,0.0,401.439,6.131,1003.882
2025-03-27 01:00:00,1.3,14.959,129.41,335.628,7.975,987.457
2025-03-27 02:00:00,1.586,14.959,250.0,340.412,5.236,1007.881
2025-03-27 03:00:00,1.001,14.959,353.553,316.069,4.82,1011.313
2025-03-27 04:00:00,1.595,14.959,433.013,340.324,9.849,996.935
2025-03-27 05:00:00,0.976,14.959,482.963,363.537,8.699,1019.282
2025-03-27 06:00:00,1.2,14.959,500.0,345.717,5.643,998.938
2025-03-27 07:00:00,1.195,14.959,482.963,377.949,4.743,1002.492
2025-03-27 08:00:00,0.568,14.959,433.013,404.312,4.77,996.831
2025-03-27 09:00:00,1.644,14.959,353.553,357.109,9.03,996.004
2025-03-27 10:00:00,0.125,14.959,250.0,377.449,9.91,1002.621
2025-03-27 11:00:00,0.241,14.959,129.41,308.278,8.516,1013.785
2025-03-27 12:00:00,3.201,14.959,0.0,411.915,8.373,1009.212
2025-03-27 13:00:00,1.356,14.959,0.0,314.186,8.468,1007.238
2025-03-27 14:00:00,1.855,14.959,0.0,399.099,7.744,1006.559
2025-03-27 15:00:00,1.287,14.959,0.0,347.435,7.595,998.885
2025-03-27 16:00:00,2.232,14.959,0.0,385.273,6.103,980.193
2025-03-27 17:00:00,1.046,14.959,0.0,326.81,4.076,982.737
2025-03-27 18:00:00,1.895,14.959,0.0,319.083,6.654,1012.382
2025-03-27 19:00:00,0.986,14.959,0.0,384.523,8.828,986.529
2025-03-27 20:00:00,0.116,14.959,0.0,405.893,9.196,987.316
2025-03-27 21:00:00,0.67,14.959,0.0,398.586,9.456,1004.723
2025-03-27 22:00:00,0.127,14.959,0.0,390.586,6.879,994.906
2025-03-27 23:00:00,0.378,14.959,0.0,332.927,6.326,991.12
2025-03-28 00:00:00,2.778,14.973,0.0,319.074,7.132,1015.886
2025-03-28 01:00:00,0.59,14.973,129.41,383.569,9.769,993.466
2025-03-28 02:00:00,1.668,14.973,250.0,371.415,8.628,1010.576
2025-03-28 03:00:00,0.906,14.973,353.553,415.144,9.821,986.014
2025-03-28 04:00:00,1.456,14.973,433.013,309.863,7.938,1018.718
2025-03-28 05:00:00,1.001,14.973,482.963,322.666,6.558,1001.529
2025-03-28 06:00:00,1.127,14.973,500.0,394.724,7.382,984.205
2025-03-28 07:00:00,1.263,14.973,482.963,332.165,7.178,1000.592
2025-03-28 08:00:00,7.077,14.973,433.013,392.012,4.707,998.051
2025-03-28 09:00:00,0.687,14.973,353.553,349.08,5.522,987.553
2025-03-28 10:00:00,4.102,14.973,250.0,328.311,9.844,1006.926
2025-03-28 11:00:00,2.967,14.973,129.41,318.524,8.222,1002.149
2025-03-28 12:00:00,2.267,14.973,0.0,418.625,7.863,993.027
2025-03-28 13:00:00,1.379,14.973,0.0,393.599,9.593,1003.807
2025-03-28 14:00:00,2.257,14.973,0.0,312.368,6.961,991.601
2025-03-28 15:00:00,0.13,14.973,0.0,353.207,8.853,1000.686
2025-03-28 16:00:00,4.056,14.973,0.0,382.836,8.719,986.341
2025-03-28 17:00:00,1.319,14.973,0.0,308.265,7.678,981.417
2025-03-28 18:00:00,0.865,14.973,0.0,375.283,8.03,1019.463
2025-03-28 19:00:00,1.407,14.973,0.0,304.253,4.522,994.052
2025-03-28 20:00:00,0.952,14.973,0.0,387.7,4.543,983.383
2025-03-28 21:00:00,1.016,14.973,0.0,373.003,7.974,1001.335
2025-03-28 22:00:00,0.388,14.973,0.0,397.642,4.264,981.804
2025-03-28 23:00:00,0.665,14.973,0.0,416.79,8.173,1004.557
2025-03-29 00:00:00,0.93,14.984,0.0,394.859,6.886,981.241
2025-03-29 01:00:00,0.606,14.984,129.41,320.368,8.95,998.309
2025-03-29 02:00:00,3.187,14.984,250.0,344.1,7.342,981.588
2025-03-29 03:00:00,4.005,14.984,353.553,320.715,5.201,981.929
2025-03-29 04:00:00,1.382,14.984,433.013,376.741,8.693,999.27
2025-03-29 05:00:00,0.34,14.984,482.963,331.612,8.695,992.915
2025-03-29 06:00:00,1.635,14.984,500.0,338.693,6.213,1014.243
2025-03-29 07:00:00,3.126,14.984,482.963,399.685,6.207,1004.922
2025-03-29 08:00:00,1.194,14.984,433.013,360.194,5.089,1011.946
2025-03-29 09:00:00,0.768,14.984,353.553,393.07,9.71,982.982
2025-03-29 10:00:00,0.33,14.984,250.0,365.093,6.284,1015.865
2025-03-29 11:00:00,0.75,14.984,129.41,361.918,8.217,1015.442
2025-03-29 12:00:00,0.683,14.984,0.0,322.186,9.243,995.358
2025-03-29 13:00:00,0.212,14.984,0.0,394.931,5.599,989.456
2025-03-29 14:00:00,0.627,14.984,0.0,327.935,7.023,1016.971
2025-03-29 15:00:00,0.439,14.984,0.0,373.844,4.159,1008.406
2025-03-29 16:00:00,0.685,14.984,0.0,409.314,4.889,999.088
2025-03-29 17:00:00,3.025,14.984,0.0,395.952,6.012,980.33
2025-03-29 18:00:00,2.92,14.984,0.0,353.038,7.205,1006.236
2025-03-29 19:00:00,1.642,14.984,0.0,390.772,5.377,985.749
2025-03-29 20:00:00,3.524,14.984,0.0,383.852,8.744,998.888
2025-03-29 21:00:00,0.3,14.984,0.0,381.503,5.01,995.275
2025-03-29 22:00:00,2.312,14.984,0.0,350.925,5.831,1015.975
2025-03-29 23:00:00,1.55,14.984,0.0,356.39,4.994,1007.713
2025-03-30 00:00:00,1.88,14.993,0.0,333.653,9.932,1002.746
2025-03-30 01:00:00,0.85,14.993,129.41,387.078,6.25,1001.234
2025-03-30 02:00:00,2.068,14.993,250.0,376.435,5.188,999.986
2025-03-30 03:00:00,0.33,14.993,353.553,300.645,8.43,1000.485
2025-03-30 04:00:00,0.132,14.993,433.013,326.511,9.928,982.601
2025-03-30 05:00:00,4.124,14.993,482.963,327.585,6.349,980.504
2025-03-30 06:00:00,0.769,14.993,500.0,394.784,8.951,985.195
2025-03-30 07:00:00,2.042,14.993,482.963,340.113,5.136,996.115
2025-03-30 08:00:00,3.62,14.993,433.013,307.876,4.154,986.211
2025-03-30 09:00:00,3.47,14.993,353.553,319.655,9.703,994.291
2025-03-30 10:00:00,0.375,14.993,250.0,417.283,6.736,1004.656
2025-03-30 11:00:00,0.874,14.993,129.41,391.61,8.945,1004.725
2025-03-30 12:00:00,0.839,14.993,0.0,341.275,4.513,1001.976
2025-03-30 13:00:00,0.949,14.993,0.0,357.793,9.514,987.277
2025-03-30 14:00:00,0.244,14.993,0.0,358.706,9.089,1018.467
2025-03-30 15:00:00,0.285,14.993,0.0,376.546,5.091,1016.751
2025-03-30 16:00:00,1.162,14.993,0.0,334.674,9.474,1002.441
2025-03-30 17:00:00,2.676,14.993,0.0,359.477,4.74,993.391
2025-03-30 18:00:00,1.797,14.993,0.0,349.627,8.356,1016.902
2025-03-30 19:00:00,0.827,14.993,0.0,380.74,6.194,1001.806
2025-03-30 20:00:00,4.567,14.993,0.0,390.072,5.495,991.136
2025-03-30 21:00:00,2.093,14.993,0.0,336.699,6.205,1017.864
2025-03-30 22:00:00,0.444,14.993,0.0,353.823,6.083,1016.659
2025-03-30 23:00:00,0.405,14.993,0.0,363.339,4.45,1007.048
2025-03-31 00:00:00,1.889,14.998,0.0,403.925,8.512,988.416
2025-03-31 01:00:00,3.276,14.998,129.41,376.232,6.079,987.27
2025-03-31 02:00:00,0.886,14.998,250.0,331.723,8.808,996.595
2025-03-31 03:00:00,1.873,14.998,353.553,320.417,6.667,1010.959
2025-03-31 04:00:00,2.434,14.998,433.013,403.126,7.826,996.692
2025-03-31 05:00:00,3.456,14.998,482.963,382.266,4.088,998.922
2025-03-31 06:00:00,1.713,14.998,500.0,355.721,5.292,994.588
2025-03-31 07:00:00,2.706,14.998,482.963,368.675,4.624,1011.938
2025-03-31 08:00:00,2.464,14.998,433.013,360.94,6.987,992.094
2025-03-31 09:00:00,1.822,14.998,353.553,366.313,6.986,1000.98
2025-03-31 10:00:00,0.556,14.998,250.0,307.527,6.272,1011.995
2025-03-31 11:00:00,1.42,14.998,129.41,344.065,7.596,996.547
2025-03-31 12:00:00,0.434,14.998,0.0,328.857,4.012,1014.737
2025-03-31 13:00:00,0.754,14.998,0.0,352.793,6.164,1013.869
2025-03-31 14:00:00,1.518,14.998,0.0,369.743,9.04,989.573
2025-03-31 15:00:00,0.342,14.998,0.0,353.244,4.702,1015.268
2025-03-31 16:00:00,2.291,14.998,0.0,410.96,4.587,1006.093
2025-03-31 17:00:00,0.324,14.998,0.0,383.344,4.144,1010.892
2025-03-31 18:00:00,0.695,14.998,0.0,344.266,8.746,984.557
2025-03-31 19:00:00,0.565,14.998,0.0,353.42,6.307,986.664
2025-03-31 20:00:00,0.091,14.998,0.0,336.045,5.083,1010.29
2025-03-31 21:00:00,0.105,14.998,0.0,413.464,6.156,996.648
2025-03-31 22:00:00,3.597,14.998,0.0,399.017,5.395,1013.093
2025-03-31 23:00:00,1.472,14.998,0.0,414.044,9.099,980.318
2025-04-01 00:00:00,2.565,15.0,0.0,401.469,8.541,1000.222
2025-04-01 01:00:00,0.76,15.0,129.41,313.449,5.418,996.23
2025-04-01 02:00:00,3.849,15.0,250.0,374.018,9.784,991.767
2025-04-01 03:00:00,0.371,15.0,353.553,392.863,6.451,998.593
2025-04-01 04:00:00,1.176,15.0,433.013,355.069,4.219,1001.31
2025-04-01 05:00:00,1.062,15.0,482.963,391.148,5.25,980.858
2025-04-01 06:00:00,1.168,15.0,500.0,396.173,7.006,1014.046
2025-04-01 07:00:00,0.239,15.0,482.963,358.585,5.284,992.669
2025-04-01 08:00:00,2.266,15.0,433.013,317.607,4.973,990.339
2025-04-01 09:00:00,0.251,15.0,353.553,376.752,7.628,1005.905
2025-04-01 10:00:00,1.453,15.0,250.0,332.631,7.248,987.256
2025-04-01 11:00:00,1.277,15.0,129.41,365.659,7.444,1017.605
2025-04-01 12:00:00,0.714,15.0,0.0,390.678,6.214,982.463
2025-04-01 13:00:00,1.372,15.0,0.0,341.841,7.058,983.049
2025-04-01 14:00:00,0.855,15.0,0.0,348.281,6.697,1005.04
2025-04-01 15:00:00,5.498,15.0,0.0,370.264,6.061,996.827
2025-04-01 16:00:00,1.176,15.0,0.0,417.302,9.919,994.306
2025-04-01 17:00:00,1.505,15.0,0.0,351.412,8.148,1012.361
2025-04-01 18:00:00,0.678,15.0,0.0,357.804,9.574,983.959
2025-04-01 19:00:00,2.146,15.0,0.0,380.832,9.643,996.278
2025-04-01 20:00:00,3.357,15.0,0.0,369.997,5.758,1016.879
2025-04-01 21:00:00,2.336,15.0,0.0,362.864,5.966,1017.71
2025-04-01 22:00:00,2.801,15.0,0.0,345.68,8.035,1015.467
2025-04-01 23:00:00,0.244,15.0,0.0,370.285,7.619,983.558
2025-04-02 00:00:00,0.518,14.999,0.0,303.349,6.6,1014.057
2025-04-02 01:00:00,0.719,14.999,129.41,397.863,6.118,992.426
2025-04-02 02:00:00,1.302,14.999,250.0,364.513,5.276,983.599
2025-04-02 03:00:00,0.888,14.999,353.553,380.654,4.591,1015.112
2025-04-02 04:00:00,1.853,14.999,433.013,407.241,8.136,983.265
2025-04-02 05:00:00,0.628,14.999,482.963,327.388,8.837,1002.877
2025-04-02 06:00:00,0.367,14.999,500.0,334.783,5.665,982.931
2025-04-02 07:00:00,0.223,14.999,482.963,376.387,6.707,984.501
2025-04-02 08:00:00,1.151,14.999,433.013,388.236,9.422,984.114
2025-04-02 09:00:00,0.336,14.999,353.553,312.108,7.619,997.135
2025-04-02 10:00:00,0.57,14.999,250.0,405.426,5.428,995.069
2025-04-02 11:00:00,0.446,14.999,129.41,314.187,6.366,1017.659
2025-04-02 12:00:00,1.471,14.999,0.0,314.007,9.357,986.78
2025-04-02 13:00:00,2.494,14.999,0.0,316.397,8.904,1002.68
2025-04-02 14:00:00,1.264,14.999,0.0,300.56,5.723,1003.996
2025-04-02 15:00:00,0.674,14.999,0.0,356.399,5.476,1000.06
2025-04-02 16:00:00,1.71,14.999,0.0,353.305,5.459,989.967
2025-04-02 17:00:00,0.372,14.999,0.0,306.03,7.791,986.679
2025-04-02 18:00:00,1.773,14.999,0.0,330.729,5.282,981.531
2025-04-02 19:00:00,0.459,14.999,0.0,377.362,9.595,1001.03
2025-04-02 20:00:00,2.819,14.999,0.0,361.959,7.76,1004.463
2025-04-02 21:00:00,1.419,14.999,0.0,352.957,8.217,998.662
2025-04-02 22:00:00,0.475,14.999,0.0,339.578,5.433,1014.644
2025-04-02 23:00:00,0.225,14.999,0.0,337.68,8.204,1002.221
2025-04-03 00:00:00,1.927,14.995,0.0,407.975,7.052,1007.014
2025-04-03 01:00:00,0.26,14.995,129.41,307.695,9.33,991.47
2025-04-03 02:00:00,0.258,14.995,250.0,395.539,9.69,1018.746
2025-04-03 03:00:00,1.369,14.995,353.553,303.48,5.855,1002.139
2025-04-03 04:00:00,3.233,14.995,433.013,368.843,8.923,981.09
2025-04-03 05:00:00,0.853,14.995,482.963,322.703,8.848,985.625
2025-04-03 06:00:00,0.498,14.995,500.0,316.537,7.505,998.629
2025-04-03 07:00:00,1.417,14.995,482.963,418.494,5.979,991.215
2025-04-03 08:00:00,0.542,14.995,433.013,340.15,9.87,981.914
2025-04-03 09:00:00,0.218,14.995,353.553,320.983,7.903,986.066
2025-04-03 10:00:00,2.558,14.995,250.0,311.003,7.027,1007.747
2025-04-03 11:00:00,0.216,14.995,129.41,408.655,5.236,986.082
2025-04-03 12:00:00,0.464,14.995,0.0,388.922,9.507,1002.697
2025-04-03 13:00:00,1.261,14.995,0.0,394.468,4.159,1008.046
2025-04-03 14:00:00,0.242,14.995,0.0,419.286,7.69,1016.36
2025-04-03 15:00:00,0.855,14.995,0.0,376.354,8.457,1009.265
2025-04-03 16:00:00,2.342,14.995,0.0,361.001,4.593,1003.933
2025-04-03 17:00:00,0.391,14.995,0.0,398.722,9.829,988.222
2025-04-03 18:00:00,2.386,14.995,0.0,380.608,8.065,1005.131
2025-04-03 19:00:00,0.806,14.995,0.0,352.907,5.256,1015.882
2025-04-03 20:00:00,1.502,14.995,0.0,344.152,8.597,1015.684
2025-04-03 21:00:00,0.433,14.995,0.0,336.944,8.342,995.386
2025-04-03 22:00:00,2.827,14.995,0.0,392.094,7.679,988.183
2025-04-03 23:00:00,0.458,14.995,0.0,376.341,5.225,1005.066
2025-04-04 00:00:00,0.462,14.989,0.0,388.859,5.702,985.688
2025-04-04 01:00:00,1.426,14.989,129.41,389.489,9.846,998.861
2025-04-04 02:00:00,0.984,14.989,250.0,379.748,4.318,1002.705
2025-04-04 03:00:00,1.66,14.989,353.553,306.18,6.839,988.896
2025-04-04 04:00:00,1.059,14.989,433.013,358.667,8.155,986.077
2025-04-04 05:00:00,1.065,14.989,482.963,412.27,6.094,1018.442
2025-04-04 06:00:00,1.645,14.989,500.0,308.972,6.243,997.861
2025-04-04 07:00:00,1.118,14.989,482.963,346.81,7.429,992.519
2025-04-04 08:00:00,0.777,14.989,433.013,396.871,8.748,1001.879
2025-04-04 09:00:00,2.2,14.989,353.553,408.974,4.236,988.977
2025-04-04 10:00:00,2.364,14.989,250.0,418.264,8.332,993.078
2025-04-04 11:00:00,1.361,14.989,129.41,383.47,8.362,990.732
2025-04-04 12:00:00,6.589,14.989,0.0,300.529,6.439,1013.89
2025-04-04 13:00:00,0.656,14.989,0.0,402.549,5.742,1010.777
2025-04-04 14:00:00,0.074,14.989,0.0,338.567,4.686,997.605
2025-04-04 15:00:00,0.075,14.989,0.0,327.995,9.529,988.858
2025-04-04 16:00:00,1.05,14.989,0.0,405.823,5.775,991.85
2025-04-04 17:00:00,2.258,14.989,0.0,313.395,7.011,1013.195
2025-04-04 18:00:00,0.493,14.989,0.0,354.495,5.07,998.558
2025-04-04 19:00:00,2.867,14.989,0.0,341.076,7.618,1012.965
2025-04-04 20:00:00,0.293,14.989,0.0,315.575,5.933,1003.382
2025-04-04 21:00:00,0.384,14.989,0.0,344.889,7.011,998.226
2025-04-04 22:00:00,1.815,14.989,0.0,378.647,4.805,1008.517
2025-04-04 23:00:00,0.826,14.989,0.0,307.842,8.225,1016.238
2025-04-05 00:00:00,1.846,14.979,0.0,374.079,7.971,999.785
2025-04-05 01:00:00,0.597,14.979,129.41,366.2,4.471,986.255
2025-04-05 02:00:00,0.859,14.979,250.0,302.38,7.428,1012.19
2025-04-05 03:00:00,2.555,14.979,353.553,319.746,4.662,989.572
2025-04-05 04:00:00,2.843,14.979,433.013,302.3,5.715,1005.075
2025-04-05 05:00:00,0.69,14.979,482.963,355.082,7.516,988.01
2025-04-05 06:00:00,0.723,14.979,500.0,368.639,5.696,1010.636
2025-04-05 07:00:00,6.478,14.979,482.963,380.38,5.041,1013.644
2025-04-05 08:00:00,0.334,14.979,433.013,320.81,7.345,985.905
2025-04-05 09:00:00,0.379,14.979,353.553,367.706,5.476,981.298
2025-04-05 10:00:00,4.736,14.979,250.0,414.062,6.078,1016.189
2025-04-05 11:00:00,0.701,14.979,129.41,412.602,5.445,999.529
2025-04-05 12:00:00,0.493,14.979,0.0,386.867,4.628,983.743
2025-04-05 13:00:00,0.354,14.979,0.0,354.324,5.821,1004.604
2025-04-05 14:00:00,2.324,14.979,0.0,341.322,7.717,992.554
2025-04-05 15:00:00,2.637,14.979,0.0,379.428,5.252,1003.357
2025-04-05 16:00:00,2.918,14.979,0.0,409.398,7.743,980.662
2025-04-05 17:00:00,6.134,14.979,0.0,306.103,4.306,1018.883
2025-04-05 18:00:00,0.694,14.979,0.0,348.508,9.526,1014.145
2025-04-05 19:00:00,2.52,14.979,0.0,331.818,6.56,1001.264
2025-04-05 20:00:00,2.118,14.979,0.0,322.424,5.924,980.43
2025-04-05 21:00:00,1.722,14.979,0.0,358.785,5.147,982.284
2025-04-05 22:00:00,2.322,14.979,0.0,354.143,5.008,1006.053
2025-04-05 23:00:00,2.705,14.979,0.0,418.94,5.59,1000.598
2025-04-06 00:00:00,0.234,14.967,0.0,366.095,8.006,1014.119
2025-04-06 01:00:00,0.407,14.967,129.41,353.811,5.981,1011.707
2025-04-06 02:00:00,2.099,14.967,250.0,403.328,4.122,987.024
2025-04-06 03:00:00,4.465,14.967,353.553,389.839,6.168,1019.512
2025-04-06 04:00:00,0.913,14.967,433.013,349.667,6.633,1004.866
2025-04-06 05:00:00,0.439,14.967,482.963,344.499,4.417,1002.606
2025-04-06 06:00:00,2.652,14.967,500.0,353.159,8.181,1006.258
2025-04-06 07:00:00,1.439,14.967,482.963,327.644,7.994,1000.093
2025-04-06 08:00:00,1.193,14.967,433.013,337.189,8.187,996.033
2025-04-06 09:00:00,2.723,14.967,353.553,352.825,6.666,987.178
2025-04-06 10:00:00,2.282,14.967,250.0,385.302,7.751,986.552
2025-04-06 11:00:00,2.258,14.967,129.41,346.8,5.28,1012.731
2025-04-06 12:00:00,0.131,14.967,0.0,301.177,6.609,984.594
2025-04-06 13:00:00,3.535,14.967,0.0,315.111,8.521,999.581
2025-04-06 14:00:00,2.187,14.967,0.0,351.481,4.53,1018.703
2025-04-06 15:00:00,2.806,14.967,0.0,339.742,9.048,986.312
2025-04-06 16:00:00,0.367,14.967,0.0,367.903,7.577,992.136
2025-04-06 17:00:00,1.264,14.967,0.0,359.552,4.26,1006.14
2025-04-06 18:00:00,0.307,14.967,0.0,342.101,7.408,988.471
2025-04-06 19:00:00,0.371,14.967,0.0,303.523,8.676,987.763
2025-04-06 20:00:00,0.18,14.967,0.0,324.944,7.823,1016.851
2025-04-06 21:00:00,1.476,14.967,0.0,310.328,8.989,1019.917
2025-04-06 22:00:00,0.325,14.967,0.0,326.757,7.076,1008.092
2025-04-06 23:00:00,2.234,14.967,0.0,384.814,9.938,1008.56
2025-04-07 00:00:00,1.816,14.951,0.0,319.091,7.899,991.504
2025-04-07 01:00:00,2.131,14.951,129.41,371.908,4.1,984.815
2025-04-07 02:00:00,0.79,14.951,250.0,405.287,5.702,1011.622
2025-04-07 03:00:00,0.293,14.951,353.553,325.918,8.594,997.037
2025-04-07 04:00:00,1.321,14.951,433.013,408.942,6.468,1009.199
2025-04-07 05:00:00,1.813,14.951,482.963,327.441,5.821,989.688
2025-04-07 06:00:00,0.749,14.951,500.0,366.323,5.98,986.402
2025-04-07 07:00:00,3.35,14.951,482.963,403.919,7.529,996.912
2025-04-07 08:00:00,1.751,14.951,433.013,308.27,4.597,1018.475
2025-04-07 09:00:00,1.972,14.951,353.553,304.262,5.256,1017.694
2025-04-07 10:00:00,0.717,14.951,250.0,384.801,7.141,998.557
2025-04-07 11:00:00,0.096,14.951,129.41,410.861,5.099,981.384
2025-04-07 12:00:00,0.693,14.951,0.0,301.313,8.86,1010.332
2025-04-07 13:00:00,2.623,14.951,0.0,414.481,7.663,981.18
2025-04-07 14:00:00,1.347,14.951,0.0,387.445,6.729,987.597
2025-04-07 15:00:00,0.328,14.951,0.0,313.263,6.148,981.489
2025-04-07 16:00:00,1.146,14.951,0.0,336.196,7.491,989.14
2025-04-07 17:00:00,0.741,14.951,0.0,304.743,4.708,982.077
2025-04-07 18:00:00,0.889,14.951,0.0,317.012,9.875,995.637
2025-04-07 19:00:00,0.101,14.951,0.0,336.9,6.801,997.067
2025-04-07 20:00:00,2.613,14.951,0.0,378.734,6.414,996.054
2025-04-07 21:00:00,0.794,14.951,0.0,304.39,6.807,998.575
2025-04-07 22:00:00,1.084,14.951,0.0,324.718,5.934,981.032
2025-04-07 23:00:00,0.661,14.951,0.0,306.133,8.033,980.368
2025-04-08 00:00:00,1.513,14.933,0.0,337.232,9.468,998.454
2025-04-08 01:00:00,0.597,14.933,129.41,347.997,7.188,1005.155
2025-04-08 02:00:00,0.792,14.933,250.0,384.318,7.116,1013.992
2025-04-08 03:00:00,1.964,14.933,353.553,323.932,4.967,1009.811
2025-04-08 04:00:00,0.367,14.933,433.013,409.344,6.144,995.943
2025-04-08 05:00:00,1.459,14.933,482.963,325.585,4.042,999.003
2025-04-08 06:00:00,3.753,14.933,500.0,363.395,7.606,1017.756
2025-04-08 07:00:00,1.986,14.933,482.963,401.836,4.33,985.91
2025-04-08 08:00:00,2.035,14.933,433.013,367.364,8.119,984.597
2025-04-08 09:00:00,1.263,14.933,353.553,375.242,7.711,1016.056
2025-04-08 10:00:00,0.726,14.933,250.0,385.986,9.113,981.481
2025-04-08 11:00:00,1.774,14.933,129.41,327.769,4.015,995.069
2025-04-08 12:00:00,3.734,14.933,0.0,366.572,8.064,987.27
2025-04-08 13:00:00,1.014,14.933,0.0,318.487,9.866,1016.099
2025-04-08 14:00:00,1.601,14.933,0.0,396.856,7.497,981.99
2025-04-08 15:00:00,1.416,14.933,0.0,302.618,9.792,1016.015
2025-04-08 16:00:00,0.559,14.933,0.0,411.004,4.279,988.891
2025-04-08 17:00:00,0.687,14.933,0.0,317.392,4.104,1018.71
2025-04-08 18:00:00,1.315,14.933,0.0,382.313,6.381,996.997
2025-04-08 19:00:00,1.307,14.933,0.0,407.93,6.952,1013.298
2025-04-08 20:00:00,1.554,14.933,0.0,342.901,4.353,1004.854
2025-04-08 21:00:00,0.717,14.933,0.0,378.811,5.166,986.089
2025-04-08 22:00:00,0.373,14.933,0.0,358.216,5.692,981.816
2025-04-08 23:00:00,1.517,14.933,0.0,315.519,6.425,1011.459
2025-04-09 00:00:00,1.743,14.911,0.0,354.695,8.82,1006.834
2025-04-09 01:00:00,4.671,14.911,129.41,416.058,8.264,1002.405
2025-04-09 02:00:00,1.653,14.911,250.0,375.019,8.191,1009.338
2025-04-09 03:00:00,1.639,14.911,353.553,373.336,7.094,1013.541
2025-04-09 04:00:00,1.484,14.911,433.013,415.299,7.012,1010.821
2025-04-09 05:00:00,1.577,14.911,482.963,334.849,6.871,992.138
2025-04-09 06:00:00,1.451,14.911,500.0,400.045,8.684,1003.409
2025-04-09 07:00:00,1.582,14.911,482.963,333.715,5.142,984.186
2025-04-09 08:00:00,0.906,14.911,433.013,417.28,4.794,1015.218
2025-04-09 09:00:00,2.965,14.911,353.553,386.876,6.552,1009.982
2025-04-09 10:00:00,1.291,14.911,250.0,366.247,9.695,1008.056
2025-04-09 11:00:00,1.437,14.911,129.41,319.261,9.796,1001.22
2025-04-09 12:00:00,1.867,14.911,0.0,411.06,9.523,1003.911
2025-04-09 13:00:00,2.585,14.911,0.0,393.931,9.648,991.632
2025-04-09 14:00:00,1.387,14.911,0.0,338.818,8.224,988.739
2025-04-09 15:00:00,2.034,14.911,0.0,307.239,8.157,1012.216
2025-04-09 16:00:00,3.133,14.911,0.0,352.258,8.382,1002.529
2025-04-09 17:00:00,3.725,14.911,0.0,314.999,9.785,993.48
2025-04-09 18:00:00,0.977,14.911,0.0,330.248,6.31,1011.4
2025-04-09 19:00:00,0.634,14.911,0.0,390.623,8.178,980.349
2025-04-09 20:00:00,2.093,14.911,0.0,397.712,7.422,990.993
2025-04-09 21:00:00,5.546,14.911,0.0,360.957,6.948,1001.185
2025-04-09 22:00:00,7.167,14.911,0.0,408.41,4.878,1002.002
2025-04-09 23:00:00,0.983,14.911,0.0,339.54,5.005,1017.288
2025-04-10 00:00:00,0.639,14.887,0.0,418.028,9.128,983.049
2025-04-10 01:00:00,0.554,14.887,129.41,365.764,9.576,987.904
2025-04-10 02:00:00,1.408,14.887,250.0,403.417,5.126,1015.821
2025-04-10 03:00:00,1.137,14.887,353.553,380.467,6.764,1008.202
2025-04-10 04:00:00,1.735,14.887,433.013,321.462,4.154,995.406
2025-04-10 05:00:00,1.439,14.887,482.963,411.805,9.723,1002.746
2025-04-10 06:00:00,0.416,14.887,500.0,367.847,5.962,1013.385
2025-04-10 07:00:00,1.306,14.887,482.963,401.961,4.86,987.886
2025-04-10 08:00:00,1.225,14.887,433.013,366.958,6.372,995.95
2025-04-10 09:00:00,1.228,14.887,353.553,353.355,6.67,982.743
2025-04-10 10:00:00,1.036,14.887,250.0,374.531,4.734,994.82
2025-04-10 11:00:00,1.548,14.887,129.41,385.315,9.893,985.611
2025-04-10 12:00:00,0.41,14.887,0.0,404.72,7.911,1003.085
2025-04-10 13:00:00,0.487,14.887,0.0,414.183,7.706,1018.608
2025-04-10 14:00:00,0.997,14.887,0.0,415.954,4.652,1018.746
2025-04-10 15:00:00,3.44,14.887,0.0,373.986,6.031,1010.288
2025-04-10 16:00:00,2.89,14.887,0.0,344.176,8.223,988.36
2025-04-10 17:00:00,1.177,14.887,0.0,326.523,8.451,983.161
2025-04-10 18:00:00,0.099,14.887,0.0,381.845,6.567,1017.425
2025-04-10 19:00:00,2.697,14.887,0.0,339.826,4.93,1000.187
2025-04-10 20:00:00,1.359,14.887,0.0,326.863,4.163,1013.105
2025-04-10 21:00:00,0.374,14.887,0.0,374.916,5.369,1018.59
2025-04-10 22:00:00,1.828,14.887,0.0,354.409,6.355,991.9
2025-04-10 23:00:00,2.28,14.887,0.0,337.39,9.215,997.77
2025-04-11 00:00:00,0.622,14.859,0.0,376.122,7.676,1011.61
2025-04-11 01:00:00,2.027,14.859,129.41,415.089,8.603,1008.691
2025-04-11 02:00:00,2.46,14.859,250.0,404.126,5.519,987.107
2025-04-11 03:00:00,0.158,14.859,353.553,390.294,4.269,983.21
2025-04-11 04:00:00,1.135,14.859,433.013,417.701,7.856,1000.136
2025-04-11 05:00:00,1.431,14.859,482.963,335.261,5.78,994.999
2025-04-11 06:00:00,1.249,14.859,500.0,325.06,6.702,1000.916
2025-04-11 07:00:00,1.049,14.859,482.963,372.507,4.334,990.913
2025-04-11 08:00:00,0.037,14.859,433.013,402.535,8.544,997.584
2025-04-11 09:00:00,1.009,14.859,353.553,339.982,4.678,987.288
2025-04-11 10:00:00,2.944,14.859,250.0,388.57,4.639,1010.489
2025-04-11 11:00:00,3.302,14.859,129.41,307.395,5.411,1004.276
2025-04-11 12:00:00,1.717,14.859,0.0,415.353,9.288,1013.177
2025-04-11 13:00:00,2.761,14.859,0.0,363.503,4.367,991.774
2025-04-11 14:00:00,2.481,14.859,0.0,366.267,6.224,990.168
2025-04-11 15:00:00,0.972,14.859,0.0,390.771,4.476,1004.195
2025-04-11 16:00:00,1.706,14.859,0.0,355.457,6.634,995.857
2025-04-11 17:00:00,3.025,14.859,0.0,312.485,8.383,986.234
2025-04-11 18:00:00,0.893,14.859,0.0,403.132,7.558,989.386
2025-04-11 19:00:00,1.526,14.859,0.0,382.336,9.002,1003.628
2025-04-11 20:00:00,1.017,14.859,0.0,404.802,7.125,982.699
2025-04-11 21:00:00,0.961,14.859,0.0,351.589,5.593,980.915
2025-04-11 22:00:00,1.703,14.859,0.0,311.983,9.009,1014.831
2025-04-11 23:00:00,1.125,14.859,0.0,320.47,9.758,1006.341
2025-04-12 00:00:00,0.336,14.829,0.0,399.637,8.031,989.036
2025-04-12 01:00:00,1.109,14.829,129.41,402.1,5.838,989.325
2025-04-12 02:00:00,2.413,14.829,250.0,385.006,8.642,1009.525
2025-04-12 03:00:00,0.567,14.829,353.553,359.49,7.815,993.397
2025-04-12 04:00:00,1.853,14.829,433.013,371.311,5.079,1009.468
2025-04-12 05:00:00,0.055,14.829,482.963,402.962,9.688,1011.483
2025-04-12 06:00:00,0.831,14.829,500.0,382.984,6.417,1010.482
2025-04-12 07:00:00,2.21,14.829,482.963,390.263,6.594,982.478
2025-04-12 08:00:00,1.533,14.829,433.013,358.341,6.745,997.51
2025-04-12 09:00:00,3.703,14.829,353.553,324.968,7.858,986.545
2025-04-12 10:00:00,0.369,14.829,250.0,367.452,8.379,1004.186
2025-04-12 11:00:00,0.796,14.829,129.41,364.958,7.362,1007.475
2025-04-12 12:00:00,1.095,14.829,0.0,397.257,7.884,1002.199
2025-04-12 13:00:00,1.016,14.829,0.0,339.567,4.515,983.178
2025-04-12 14:00:00,1.531,14.829,0.0,357.523,9.664,1014.954
2025-04-12 15:00:00,0.73,14.829,0.0,350.732,4.901,1019.24
2025-04-12 16:00:00,1.366,14.829,0.0,389.875,7.316,986.025
2025-04-12 17:00:00,3.246,14.829,0.0,375.933,7.472,1006.643
2025-04-12 18:00:00,1.544,14.829,0.0,400.428,4.943,1014.187
2025-04-12 19:00:00,5.295,14.829,0.0,415.136,5.434,1016.713
2025-04-12 20:00:00,0.227,14.829,0.0,318.89,6.52,984.309
2025-04-12 21:00:00,1.312,14.829,0.0,337.6,4.722,1008.029
2025-04-12 22:00:00,0.46,14.829,0.0,339.065,4.789,998.633
2025-04-12 23:00:00,2.312,14.829,0.0,322.742,5.248,1014.784
2025-04-13 00:00:00,1.198,14.796,0.0,375.787,6.937,990.086
2025-04-13 01:00:00,0.768,14.796,129.41,402.817,7.643,1010.562
2025-04-13 02:00:00,0.052,14.796,250.0,352.218,7.097,998.999
2025-04-13 03:00:00,2.559,14.796,353.553,333.735,5.177,1016.688
2025-04-13 04:00:00,0.421,14.796,433.013,395.452,5.796,985.428
2025-04-13 05:00:00,2.796,14.796,482.963,306.289,8.566,994.131
2025-04-13 06:00:00,1.128,14.796,500.0,332.114,8.293,1004.331
2025-04-13 07:00:00,1.934,14.796,482.963,350.258,4.697,983.848
2025-04-13 08:00:00,0.924,14.796,433.013,384.68,5.212,1012.025
2025-04-13 09:00:00,0.773,14.796,353.553,312.701,7.75,989.973
2025-04-13 10:00:00,2.074,14.796,250.0,413.952,5.403,980.497
2025-04-13 11:00:00,3.387,14.796,129.41,408.476,5.593,1015.098
2025-04-13 12:00:00,0.185,14.796,0.0,318.889,5.458,1011.188
2025-04-13 13:00:00,0.723,14.796,0.0,364.955,6.085,989.23
2025-04-13 14:00:00,1.737,14.796,0.0,330.328,7.063,980.811
2025-04-13 15:00:00,0.803,14.796,0.0,311.309,8.599,1007.386
2025-04-13 16:00:00,1.575,14.796,0.0,353.835,9.206,1012.202
2025-04-13 17:00:00,3.458,14.796,0.0,309.415,9.037,999.74
2025-04-13 18:00:00,1.51,14.796,0.0,400.825,9.116,984.595
2025-04-13 19:00:00,0.754,14.796,0.0,326.069,8.323,1007.399
2025-04-13 20:00:00,2.218,14.796,0.0,346.741,6.551,995.093
2025-04-13 21:00:00,3.643,14.796,0.0,331.239,8.446,1004.766
2025-04-13 22:00:00,2.375,14.796,0.0,401.68,8.279,998.712
2025-04-13 23:00:00,0.362,14.796,0.0,312.341,8.658,980.558
2025-04-14 00:00:00,0.551,14.76,0.0,386.921,5.609,991.045
2025-04-14 01:00:00,2.43,14.76,129.41,358.688,5.888,1017.101
2025-04-14 02:00:00,1.973,14.76,250.0,305.26,9.847,999.521
2025-04-14 03:00:00,2.253,14.76,353.553,392.626,7.165,997.118
2025-04-14 04:00:00,0.561,14.76,433.013,320.606,5.819,997.661
2025-04-14 05:00:00,0.194,14.76,482.963,380.145,7.015,1013.743
2025-04-14 06:00:00,0.179,14.76,500.0,383.622,9.968,985.364
2025-04-14 07:00:00,2.373,14.76,482.963,310.129,4.455,1016.703
2025-04-14 08:00:00,2.301,14.76,433.013,388.392,6.833,990.489
2025-04-14 09:00:00,1.074,14.76,353.553,364.163,5.149,986.041
2025-04-14 10:00:00,0.713,14.76,250.0,386.759,6.788,992.172
2025-04-14 11:00:00,4.157,14.76,129.41,371.534,7.517,998.557
2025-04-14 12:00:00,0.244,14.76,0.0,381.437,7.798,993.919
2025-04-14 13:00:00,5.139,14.76,0.0,395.881,5.226,1019.577
2025-04-14 14:00:00,3.706,14.76,0.0,334.772,8.849,1008.422
2025-04-14 15:00:00,3.888,14.76,0.0,390.339,6.63,1018.755
2025-04-14 16:00:00,0.481,14.76,0.0,333.314,5.898,997.572
2025-04-14 17:00:00,3.738,14.76,0.0,404.939,8.212,989.032
2025-04-14 18:00:00,1.018,14.76,0.0,318.629,6.18,1006.852
2025-04-14 19:00:00,2.253,14.76,0.0,335.57,9.604,1014.075
2025-04-14 20:00:00,1.191,14.76,0.0,392.109,6.879,982.999
2025-04-14 21:00:00,0.94,14.76,0.0,361.716,4.268,1000.209
2025-04-14 22:00:00,2.056,14.76,0.0,362.584,8.631,1001.782
2025-04-14 23:00:00,0.482,14.76,0.0,354.827,9.681,987.552
2025-04-15 00:00:00,2.518,14.721,0.0,413.642,6.122,1019.992
2025-04-15 01:00:00,1.375,14.721,129.41,348.458,9.024,991.331
2025-04-15 02:00:00,0.511,14.721,250.0,379.858,7.366,984.38
2025-04-15 03:00:00,1.482,14.721,353.553,303.13,5.718,998.49
2025-04-15 04:00:00,2.947,14.721,433.013,357.98,4.694,1012.354
2025-04-15 05:00:00,0.025,14.721,482.963,404.35,9.925,1016.254
2025-04-15 06:00:00,2.066,14.721,500.0,345.071,8.795,1009.831
2025-04-15 07:00:00,2.098,14.721,482.963,377.003,9.235,987.854
2025-04-15 08:00:00,3.134,14.721,433.013,322.728,6.012,997.864
2025-04-15 09:00:00,1.519,14.721,353.553,335.041,5.706,1009.072
2025-04-15 10:00:00,0.464,14.721,250.0,390.055,9.809,993.046
2025-04-15 11:00:00,0.777,14.721,129.41,331.983,5.374,1018.575
2025-04-15 12:00:00,1.412,14.721,0.0,413.541,9.251,1009.831
2025-04-15 13:00:00,1.267,14.721,0.0,316.361,9.969,986.363
2025-04-15 14:00:00,0.257,14.721,0.0,405.767,5.492,988.938
2025-04-15 15:00:00,0.117,14.721,0.0,344.259,4.577,1019.41
2025-04-15 16:00:00,1.242,14.721,0.0,403.946,8.041,992.762
2025-04-15 17:00:00,0.075,14.721,0.0,409.172,5.267,993.854
2025-04-15 18:00:00,3.613,14.721,0.0,309.971,5.582,1019.384
2025-04-15 19:00:00,0.429,14.721,0.0,337.094,4.011,1009.276
2025-04-15 20:00:00,0.668,14.721,0.0,336.977,4.645,1017.361
2025-04-15 21:00:00,0.5,14.721,0.0,359.12,7.913,991.625
2025-04-15 22:00:00,2.162,14.721,0.0,300.745,8.661,1005.397
2025-04-15 23:00:00,1.203,14.721,0.0,375.912,8.218,1018.86
2025-04-16 00:00:00,0.168,14.679,0.0,311.511,9.474,1002.823
2025-04-16 01:00:00,1.277,14.679,129.41,306.787,6.327,991.547
2025-04-16 02:00:00,1.288,14.679,250.0,345.111,4.133,1015.515
2025-04-16 03:00:00,1.06,14.679,353.553,344.212,5.796,991.738
2025-04-16 04:00:00,0.675,14.679,433.013,316.368,9.39,1002.326
2025-04-16 05:00:00,2.971,14.679,482.963,417.177,9.833,1002.233
2025-04-16 06:00:00,0.574,14.679,500.0,322.073,8.293,1003.85
2025-04-16 07:00:00,0.68,14.679,482.963,337.0,6.389,1006.602
2025-04-16 08:00:00,0.436,14.679,433.013,399.384,5.279,1010.087
2025-04-16 09:00:00,1.703,14.679,353.553,372.106,8.417,1004.197
2025-04-16 10:00:00,1.248,14.679,250.0,349.7,6.483,995.421
2025-04-16 11:00:00,0.671,14.679,129.41,400.79,7.747,1016.587
2025-04-16 12:00:00,1.641,14.679,0.0,332.637,8.417,981.674
2025-04-16 13:00:00,0.287,14.679,0.0,417.889,6.705,999.595
2025-04-16 14:00:00,0.412,14.679,0.0,372.058,4.651,987.924
2025-04-16 15:00:00,0.273,14.679,0.0,366.042,4.176,1010.671
2025-04-16 16:00:00,1.351,14.679,0.0,334.582,4.664,982.239
2025-04-16 17:00:00,1.589,14.679,0.0,376.098,4.94,1019.986
2025-04-16 18:00:00,0.769,14.679,0.0,312.067,5.869,982.723
2025-04-16 19:00:00,1.31,14.679,0.0,412.656,6.706,980.081
2025-04-16 20:00:00,6.88,14.679,0.0,360.668,5.217,987.113
2025-04-16 21:00:00,2.116,14.679,0.0,394.593,9.423,987.585
2025-04-16 22:00:00,0.115,14.679,0.0,368.587,4.21,996.509
2025-04-16 23:00:00,3.086,14.679,0.0,356.343,4.818,1017.152
2025-04-17 00:00:00,0.628,14.635,0.0,353.933,7.801,1016.297
2025-04-17 01:00:00,0.782,14.635,129.41,387.167,4.88,991.036
2025-04-17 02:00:00,1.561,14.635,250.0,311.237,6.114,1001.161
2025-04-17 03:00:00,0.389,14.635,353.553,362.239,8.91,1010.834
2025-04-17 04:00:00,2.059,14.635,433.013,300.411,5.901,1003.633
2025-04-17 05:00:00,4.687,14.635,482.963,322.046,5.375,999.837
2025-04-17 06:00:00,0.656,14.635,500.0,328.677,7.947,988.801
2025-04-17 07:00:00,0.667,14.635,482.963,329.052,5.016,981.006
2025-04-17 08:00:00,2.575,14.635,433.013,325.471,8.399,1012.483
2025-04-17 09:00:00,5.076,14.635,353.553,343.598,5.06,982.285
2025-04-17 10:00:00,1.152,14.635,250.0,392.87,9.31,1008.225
2025-04-17 11:00:00,1.922,14.635,129.41,311.448,9.484,1004.879
2025-04-17 12:00:00,0.514,14.635,0.0,413.095,7.271,1004.083
2025-04-17 13:00:00,1.895,14.635,0.0,368.816,5.239,981.809
2025-04-17 14:00:00,1.089,14.635,0.0,327.767,7.599,1009.59
2025-04-17 15:00:00,0.556,14.635,0.0,345.566,6.952,1014.705
2025-04-17 16:00:00,0.795,14.635,0.0,365.81,9.189,1018.321
2025-04-17 17:00:00,0.239,14.635,0.0,376.335,4.731,987.611
2025-04-17 18:00:00,1.894,14.635,0.0,307.974,5.424,1019.332
2025-04-17 19:00:00,2.458,14.635,0.0,326.296,9.572,994.862
2025-04-17 20:00:00,0.425,14.635,0.0,404.134,7.335,983.62
2025-04-17 21:00:00,1.83,14.635,0.0,361.954,4.802,998.579
2025-04-17 22:00:00,0.631,14.635,0.0,311.177,7.379,994.777
2025-04-17 23:00:00,0.286,14.635,0.0,379.098,6.07,1019.35
2025-04-18 00:00:00,0.949,14.587,0.0,355.762,5.64,1006.063
2025-04-18 01:00:00,1.664,14.587,129.41,377.501,4.428,1006.808
2025-04-18 02:00:00,1.374,14.587,250.0,316.005,6.333,981.137
2025-04-18 03:00:00,1.224,14.587,353.553,366.268,6.339,986.248
2025-04-18 04:00:00,0.092,14.587,433.013,389.585,9.509,1004.026
2025-04-18 05:00:00,5.517,14.587,482.963,403.127,9.95,989.839
2025-04-18 06:00:00,4.952,14.587,500.0,416.099,4.17,996.421
2025-04-18 07:00:00,1.773,14.587,482.963,358.266,4.953,1002.557
2025-04-18 08:00:00,0.254,14.587,433.013,336.232,9.35,1006.639
2025-04-18 09:00:00,2.831,14.587,353.553,304.666,4.889,1018.659
2025-04-18 10:00:00,1.665,14.587,250.0,356.898,8.625,1015.169
2025-04-18 11:00:00,1.098,14.587,129.41,308.254,5.473,990.924
2025-04-18 12:00:00,0.759,14.587,0.0,340.054,7.857,1014.918
2025-04-18 13:00:00,0.092,14.587,0.0,372.388,8.645,1010.956
2025-04-18 14:00:00,5.7,14.587,0.0,362.213,7.767,1011.121
2025-04-18 15:00:00,0.987,14.587,0.0,376.15,7.355,1011.547
2025-04-18 16:00:00,2.183,14.587,0.0,354.447,8.386,1002.028
2025-04-18 17:00:00,0.107,14.587,0.0,333.942,8.475,1017.922
2025-04-18 18:00:00,1.096,14.587,0.0,409.748,5.435,985.471
2025-04-18 19:00:00,0.367,14.587,0.0,329.666,9.164,1015.027
2025-04-18 20:00:00,0.776,14.587,0.0,310.208,6.043,1018.478
2025-04-18 21:00:00,0.064,14.587,0.0,379.695,4.405,1012.434
2025-04-18 22:00:00,0.315,14.587,0.0,341.631,4.201,1003.509
2025-04-18 23:00:00,1.629,14.587,0.0,414.797,4.817,982.729
2025-04-19 00:00:00,1.022,14.537,0.0,332.69,8.395,986.026
2025-04-19 01:00:00,2.214,14.537,129.41,398.051,8.513,983.688
2025-04-19 02:00:00,2.752,14.537,250.0,317.491,8.554,1004.791
2025-04-19 03:00:00,1.12,14.537,353.553,309.072,7.959,1018.324
2025-04-19 04:00:00,0.873,14.537,433.013,311.283,8.408,992.854
2025-04-19 05:00:00,1.719,14.537,482.963,355.18,9.34,985.451
2025-04-19 06:00:00,0.955,14.537,500.0,419.481,4.279,981.221
2025-04-19 07:00:00,2.782,14.537,482.963,333.979,9.096,1002.203
2025-04-19 08:00:00,0.444,14.537,433.013,366.501,9.229,993.899
2025-04-19 09:00:00,1.352,14.537,353.553,347.52,7.934,993.35
2025-04-19 10:00:00,0.166,14.537,250.0,326.481,4.861,981.501
2025-04-19 11:00:00,1.201,14.537,129.41,381.625,5.755,1017.016
2025-04-19 12:00:00,0.242,14.537,0.0,387.323,8.115,991.772
2025-04-19 13:00:00,4.001,14.537,0.0,416.143,8.052,988.201
2025-04-19 14:00:00,2.09,14.537,0.0,382.498,5.265,1001.687
2025-04-19 15:00:00,2.447,14.537,0.0,376.808,7.132,1004.841
2025-04-19 16:00:00,3.026,14.537,0.0,351.956,5.692,981.685
2025-04-19 17:00:00,1.266,14.537,0.0,412.352,6.705,1014.954
2025-04-19 18:00:00,1.559,14.537,0.0,371.146,6.27,983.072
2025-04-19 19:00:00,4.506,14.537,0.0,353.391,4.336,1005.473
2025-04-19 20:00:00,0.977,14.537,0.0,334.748,6.639,987.708
2025-04-19 21:00:00,4.789,14.537,0.0,318.756,7.902,1007.349
2025-04-19 22:00:00,3.219,14.537,0.0,363.006,7.136,1006.599
2025-04-19 23:00:00,0.192,14.537,0.0,345.037,4.782,1014.8
2025-04-20 00:00:00,0.7,14.484,0.0,315.334,8.929,1019.569
2025-04-20 01:00:00,1.555,14.484,129.41,388.758,9.654,1017.216
2025-04-20 02:00:00,0.462,14.484,250.0,338.312,4.707,991.024
2025-04-20 03:00:00,2.598,14.484,353.553,323.439,8.771,1012.042
2025-04-20 04:00:00,1.327,14.484,433.013,336.798,6.435,1014.653
2025-04-20 05:00:00,2.665,14.484,482.963,415.904,4.481,1006.172
2025-04-20 06:00:00,2.567,14.484,500.0,327.71,5.341,1003.423
2025-04-20 07:00:00,1.511,14.484,482.963,368.063,9.53,1000.522
2025-04-20 08:00:00,0.424,14.484,433.013,323.039,7.202,997.742
2025-04-20 09:00:00,0.487,14.484,353.553,323.086,4.816,990.258
2025-04-20 10:00:00,1.75,14.484,250.0,328.23,5.225,1008.094
2025-04-20 11:00:00,4.721,14.484,129.41,381.933,4.768,1004.095
2025-04-20 12:00:00,2.655,14.484,0.0,393.77,8.667,1000.666
2025-04-20 13:00:00,0.617,14.484,0.0,326.019,6.717,998.149
2025-04-20 14:00:00,1.219,14.484,0.0,305.061,5.67,1013.455
2025-04-20 15:00:00,0.728,14.484,0.0,301.72,9.783,984.577
2025-04-20 16:00:00,2.024,14.484,0.0,333.646,7.226,1019.73
2025-04-20 17:00:00,0.352,14.484,0.0,391.963,6.929,1012.916
2025-04-20 18:00:00,0.142,14.484,0.0,404.549,4.43,994.847
2025-04-20 19:00:00,2.101,14.484,0.0,327.016,6.984,1015.356
2025-04-20 20:00:00,1.757,14.484,0.0,358.105,7.461,999.768
2025-04-20 21:00:00,2.799,14.484,0.0,308.043,8.093,1016.557
2025-04-20 22:00:00,1.705,14.484,0.0,327.291,8.486,983.007
2025-04-20 23:00:00,0.928,14.484,0.0,365.745,8.288,983.57
2025-04-21 00:00:00,1.249,14.428,0.0,346.304,9.021,997.846
2025-04-21 01:00:00,3.395,14.428,129.41,319.13,8.809,1008.9
2025-04-21 02:00:00,0.741,14.428,250.0,354.747,6.455,981.589
2025-04-21 03:00:00,2.126,14.428,353.553,324.105,5.775,994.264
2025-04-21 04:00:00,2.097,14.428,433.013,415.197,7.386,1012.845
2025-04-21 05:00:00,1.7,14.428,482.963,327.538,7.011,1016.791
2025-04-21 06:00:00,0.935,14.428,500.0,411.671,7.794,1009.008
2025-04-21 07:00:00,1.241,14.428,482.963,380.543,8.435,1008.748
2025-04-21 08:00:00,0.783,14.428,433.013,397.091,9.309,988.276
2025-04-21 09:00:00,2.322,14.428,353.553,416.302,9.484,983.53
2025-04-21 10:00:00,2.275,14.428,250.0,318.294,9.373,990.766
2025-04-21 11:00:00,1.324,14.428,129.41,309.364,4.057,1010.732
2025-04-21 12:00:00,3.112,14.428,0.0,326.799,4.104,1000.655
2025-04-21 13:00:00,0.509,14.428,0.0,329.504,4.223,1015.751
2025-04-21 14:00:00,2.268,14.428,0.0,317.195,4.716,989.253
2025-04-21 15:00:00,0.811,14.428,0.0,353.31,8.709,1012.388
2025-04-21 16:00:00,6.039,14.428,0.0,404.59,4.481,993.329
2025-04-21 17:00:00,0.909,14.428,0.0,350.361,6.2,984.571
2025-04-21 18:00:00,1.491,14.428,0.0,319.647,6.689,1007.076
2025-04-21 19:00:00,0.354,14.428,0.0,341.418,4.168,992.774
2025-04-21 20:00:00,1.657,14.428,0.0,351.451,4.651,1008.852
2025-04-21 21:00:00,1.748,14.428,0.0,414.256,6.543,992.319
2025-04-21 22:00:00,0.226,14.428,0.0,301.186,8.837,981.764
2025-04-21 23:00:00,1.482,14.428,0.0,346.957,4.567,1003.067
2025-04-22 00:00:00,0.388,14.369,0.0,305.898,4.812,1017.758
2025-04-22 01:00:00,1.292,14.369,129.41,368.994,6.364,1015.447
2025-04-22 02:00:00,0.542,14.369,250.0,318.104,7.924,1019.32
2025-04-22 03:00:00,0.316,14.369,353.553,360.373,4.898,985.214
2025-04-22 04:00:00,0.27,14.369,433.013,377.844,4.836,983.883
2025-04-22 05:00:00,1.09,14.369,482.963,391.644,8.65,985.626
2025-04-22 06:00:00,2.324,14.369,500.0,397.019,6.319,991.597
2025-04-22 07:00:00,0.262,14.369,482.963,410.829,7.258,994.695
2025-04-22 08:00:00,1.149,14.369,433.013,343.063,6.566,1013.818
2025-04-22 09:00:00,0.454,14.369,353.553,393.478,8.088,1005.557
2025-04-22 10:00:00,2.957,14.369,250.0,341.41,4.793,987.951
2025-04-22 11:00:00,1.957,14.369,129.41,362.143,9.425,1015.385
2025-04-22 12:00:00,0.41,14.369,0.0,410.423,9.589,1017.224
2025-04-22 13:00:00,1.641,14.369,0.0,366.345,8.693,1011.446
2025-04-22 14:00:00,0.355,14.369,0.0,326.887,8.053,994.779
2025-04-22 15:00:00,2.61,14.369,0.0,368.341,5.971,1019.965
2025-04-22 16:00:00,0.367,14.369,0.0,307.74,8.276,1007.8
2025-04-22 17:00:00,1.944,14.369,0.0,313.785,8.067,996.401
2025-04-22 18:00:00,0.494,14.369,0.0,374.827,8.425,1016.928
2025-04-22 19:00:00,0.499,14.369,0.0,403.778,6.192,995.466
2025-04-22 20:00:00,0.593,14.369,0.0,370.561,5.616,1018.654
2025-04-22 21:00:00,0.532,14.369,0.0,394.304,9.03,986.894
2025-04-22 22:00:00,1.009,14.369,0.0,345.725,8.284,992.976
2025-04-22 23:00:00,1.185,14.369,0.0,403.992,4.107,1004.507
2025-04-23 00:00:00,1.684,14.307,0.0,330.69,7.576,998.975
2025-04-23 01:00:00,4.193,14.307,129.41,350.686,4.41,994.554
2025-04-23 02:00:00,2.071,14.307,250.0,324.745,7.682,995.119
2025-04-23 03:00:00,1.411,14.307,353.553,351.753,7.736,983.105
2025-04-23 04:00:00,0.917,14.307,433.013,351.902,9.945,1005.436
2025-04-23 05:00:00,1.878,14.307,482.963,332.492,9.299,997.867
2025-04-23 06:00:00,0.935,14.307,500.0,380.887,7.871,996.194
2025-04-23 07:00:00,0.529,14.307,482.963,402.38,9.67,982.566
2025-04-23 08:00:00,0.845,14.307,433.013,370.544,7.871,994.822
2025-04-23 09:00:00,0.773,14.307,353.553,407.349,4.42,993.849
2025-04-23 10:00:00,1.561,14.307,250.0,349.123,5.83,1001.275
2025-04-23 11:00:00,3.793,14.307,129.41,398.99,8.969,986.956
2025-04-23 12:00:00,0.716,14.307,0.0,382.91,7.513,989.177
2025-04-23 13:00:00,1.772,14.307,0.0,310.39,8.465,1019.515
2025-04-23 14:00:00,0.805,14.307,0.0,300.362,8.671,1012.609
2025-04-23 15:00:00,1.369,14.307,0.0,345.289,6.678,1018.725
2025-04-23 16:00:00,1.249,14.307,0.0,332.352,5.647,1009.748
2025-04-23 17:00:00,2.769,14.307,0.0,313.487,5.011,998.601
2025-04-23 18:00:00,3.622,14.307,0.0,394.48,8.08,1019.012
2025-04-23 19:00:00,1.716,14.307,0.0,368.534,5.835,981.305
2025-04-23 20:00:00,1.358,14.307,0.0,390.168,7.139,1004.745
2025-04-23 21:00:00,0.918,14.307,0.0,364.616,6.753,1008.277
2025-04-23 22:00:00,0.417,14.307,0.0,337.169,9.2,1016.729
2025-04-23 23:00:00,0.761,14.307,0.0,390.776,7.725,987.802
2025-04-24 00:00:00,5.118,14.243,0.0,395.842,6.492,1013.903
2025-04-24 01:00:00,1.686,14.243,129.41,345.801,4.364,1011.462
2025-04-24 02:00:00,2.43,14.243,250.0,360.18,9.659,1008.454
2025-04-24 03:00:00,0.426,14.243,353.553,383.383,5.162,984.001
2025-04-24 04:00:00,0.746,14.243,433.013,372.059,7.803,999.749
2025-04-24 05:00:00,2.017,14.243,482.963,377.339,4.173,1017.398
2025-04-24 06:00:00,1.444,14.243,500.0,378.948,7.762,1006.952
2025-04-24 07:00:00,0.95,14.243,482.963,415.23,9.021,997.615
2025-04-24 08:00:00,0.529,14.243,433.013,328.926,5.323,984.494
2025-04-24 09:00:00,1.778,14.243,353.553,407.759,8.193,982.263
2025-04-24 10:00:00,1.575,14.243,250.0,340.076,8.868,1010.277
2025-04-24 11:00:00,0.844,14.243,129.41,306.87,6.131,1002.905
2025-04-24 12:00:00,0.215,14.243,0.0,391.363,5.634,1008.983
2025-04-24 13:00:00,2.269,14.243,0.0,413.844,5.986,989.761
2025-04-24 14:00:00,0.344,14.243,0.0,329.741,6.285,1005.0
2025-04-24 15:00:00,0.223,14.243,0.0,408.457,6.781,987.907
2025-04-24 16:00:00,2.321,14.243,0.0,397.755,7.116,1010.345
2025-04-24 17:00:00,0.144,14.243,0.0,376.101,6.795,999.077
2025-04-24 18:00:00,1.773,14.243,0.0,377.527,9.744,991.013
2025-04-24 19:00:00,1.202,14.243,0.0,391.821,4.73,999.212
2025-04-24 20:00:00,1.424,14.243,0.0,368.922,4.118,991.769
2025-04-24 21:00:00,1.033,14.243,0.0,374.347,9.644,1009.507
2025-04-24 22:00:00,0.834,14.243,0.0,352.979,9.632,982.922
2025-04-24 23:00:00,2.159,14.243,0.0,360.088,5.389,1009.46
2025-04-25 00:00:00,1.27,14.176,0.0,303.992,4.277,1010.431
2025-04-25 01:00:00,1.414,14.176,129.41,308.301,6.776,1002.057
2025-04-25 02:00:00,4.013,14.176,250.0,300.466,6.832,1001.494
2025-04-25 03:00:00,0.938,14.176,353.553,337.566,4.048,995.237
2025-04-25 04:00:00,2.866,14.176,433.013,406.544,7.585,1002.488
2025-04-25 05:00:00,1.69,14.176,482.963,335.836,8.958,986.793
2025-04-25 06:00:00,3.014,14.176,500.0,356.565,8.904,1019.906
2025-04-25 07:00:00,0.304,14.176,482.963,407.049,4.523,1017.889
2025-04-25 08:00:00,0.847,14.176,433.013,347.26,6.65,987.137
2025-04-25 09:00:00,0.784,14.176,353.553,415.079,5.728,980.433
2025-04-25 10:00:00,3.728,14.176,250.0,398.062,4.791,1000.723
2025-04-25 11:00:00,0.93,14.176,129.41,409.993,6.064,1005.818
2025-04-25 12:00:00,5.904,14.176,0.0,373.959,4.628,980.906
2025-04-25 13:00:00,4.112,14.176,0.0,385.723,9.595,1000.988
2025-04-25 14:00:00,2.291,14.176,0.0,392.501,7.216,1013.168
2025-04-25 15:00:00,2.865,14.176,0.0,398.458,9.949,989.97
2025-04-25 16:00:00,4.557,14.176,0.0,369.956,8.539,987.847
2025-04-25 17:00:00,1.828,14.176,0.0,327.599,7.99,1019.648
2025-04-25 18:00:00,0.545,14.176,0.0,412.702,7.321,1011.739
2025-04-25 19:00:00,0.532,14.176,0.0,340.842,4.751,1008.21
2025-04-25 20:00:00,2.408,14.176,0.0,406.641,6.6,1009.456
2025-04-25 21:00:00,1.034,14.176,0.0,334.149,5.132,987.439
2025-04-25 22:00:00,0.396,14.176,0.0,308.166,7.961,999.647
2025-04-25 23:00:00,0.648,14.176,0.0,313.412,9.65,999.73
2025-04-26 00:00:00,5.336,14.106,0.0,319.337,8.273,980.439
2025-04-26 01:00:00,0.568,14.106,129.41,342.177,8.625,1009.995
2025-04-26 02:00:00,1.56,14.106,250.0,378.426,4.329,1005.923
2025-04-26 03:00:00,2.463,14.106,353.553,311.436,7.948,1007.195
2025-04-26 04:00:00,0.898,14.106,433.013,343.568,9.481,980.921
2025-04-26 05:00:00,1.817,14.106,482.963,343.723,8.723,1017.995
2025-04-26 06:00:00,4.802,14.106,500.0,377.506,5.872,1001.342
2025-04-26 07:00:00,2.651,14.106,482.963,339.505,4.601,1018.951
2025-04-26 08:00:00,0.532,14.106,433.013,330.734,9.907,985.489
2025-04-26 09:00:00,1.515,14.106,353.553,335.646,7.66,987.928
2025-04-26 10:00:00,0.76,14.106,250.0,315.243,9.536,1005.63
2025-04-26 11:00:00,0.138,14.106,129.41,397.722,8.907,1000.896
2025-04-26 12:00:00,3.199,14.106,0.0,318.265,4.416,1005.377
2025-04-26 13:00:00,0.972,14.106,0.0,326.734,6.9,992.67
2025-04-26 14:00:00,1.28,14.106,0.0,313.21,4.991,998.381
2025-04-26 15:00:00,1.672,14.106,0.0,339.182,5.05,986.077
2025-04-26 16:00:00,1.291,14.106,0.0,330.78,9.38,1000.848
2025-04-26 17:00:00,1.929,14.106,0.0,315.519,6.639,1005.42
2025-04-26 18:00:00,1.433,14.106,0.0,403.498,9.962,1008.936
2025-04-26 19:00:00,1.779,14.106,0.0,376.228,5.039,992.157
2025-04-26 20:00:00,1.158,14.106,0.0,326.591,8.76,993.795
2025-04-26 21:00:00,1.753,14.106,0.0,366.881,8.755,987.003
2025-04-26 22:00:00,4.311,14.106,0.0,358.165,5.838,984.896
2025-04-26 23:00:00,2.595,14.106,0.0,384.451,7.427,1008.275
2025-04-27 00:00:00,2.432,14.034,0.0,383.038,9.586,1010.683
2025-04-27 01:00:00,2.037,14.034,129.41,359.11,9.458,1011.066
2025-04-27 02:00:00,0.013,14.034,250.0,369.011,6.945,997.848
2025-04-27 03:00:00,1.71,14.034,353.553,385.809,7.563,989.098
2025-04-27 04:00:00,1.678,14.034,433.013,324.766,7.669,1018.021
2025-04-27 05:00:00,1.439,14.034,482.963,352.506,5.029,993.925
2025-04-27 06:00:00,5.153,14.034,500.0,388.016,6.736,1002.957
2025-04-27 07:00:00,1.937,14.034,482.963,395.603,4.772,989.644
2025-04-27 08:00:00,2.459,14.034,433.013,326.263,5.788,1015.131
2025-04-27 09:00:00,3.574,14.034,353.553,339.707,8.11,1018.911
2025-04-27 10:00:00,0.578,14.034,250.0,394.252,9.889,994.065
2025-04-27 11:00:00,0.131,14.034,129.41,301.087,9.11,1018.804
2025-04-27 12:00:00,3.091,14.034,0.0,399.544,7.932,995.063
2025-04-27 13:00:00,1.151,14.034,0.0,392.671,6.564,1018.124
2025-04-27 14:00:00,1.516,14.034,0.0,305.035,7.316,1019.687
2025-04-27 15:00:00,2.748,14.034,0.0,397.152,9.472,1010.108
2025-04-27 16:00:00,3.591,14.034,0.0,341.365,5.518,999.097
2025-04-27 17:00:00,0.697,14.034,0.0,396.275,5.037,993.228
2025-04-27 18:00:00,0.521,14.034,0.0,394.663,7.225,1002.93
2025-04-27 19:00:00,0.107,14.034,0.0,412.344,4.056,1009.981
2025-04-27 20:00:00,3.551,14.034,0.0,334.193,6.909,990.283
2025-04-27 21:00:00,1.744,14.034,0.0,351.084,7.738,1019.837
2025-04-27 22:00:00,1.452,14.034,0.0,352.224,4.092,985.141
2025-04-27 23:00:00,2.328,14.034,0.0,386.685,6.123,1002.567
2025-04-28 00:00:00,0.167,13.958,0.0,357.603,8.738,1007.188
2025-04-28 01:00:00,1.71,13.958,129.41,381.394,6.615,981.482
2025-04-28 02:00:00,1.474,13.958,250.0,327.589,5.735,981.562
2025-04-28 03:00:00,0.138,13.958,353.553,416.724,8.019,1013.146
2025-04-28 04:00:00,1.501,13.958,433.013,364.953,7.203,996.209
2025-04-28 05:00:00,0.418,13.958,482.963,309.07,4.062,1007.637
2025-04-28 06:00:00,1.011,13.958,500.0,304.097,8.133,981.595
2025-04-28 07:00:00,0.61,13.958,482.963,353.938,8.779,1019.725
2025-04-28 08:00:00,1.435,13.958,433.013,325.941,7.649,994.678
2025-04-28 09:00:00,0.97,13.958,353.553,401.448,6.281,1006.907
2025-04-28 10:00:00,3.384,13.958,250.0,348.974,9.197,1006.099
2025-04-28 11:00:00,4.896,13.958,129.41,344.08,6.981,998.923
2025-04-28 12:00:00,0.439,13.958,0.0,400.948,5.769,999.242
2025-04-28 13:00:00,1.869,13.958,0.0,329.418,5.634,987.751
2025-04-28 14:00:00,2.189,13.958,0.0,380.738,6.876,1013.859
2025-04-28 15:00:00,2.73,13.958,0.0,377.455,9.954,980.116
2025-04-28 16:00:00,1.104,13.958,0.0,365.933,5.036,993.258
2025-04-28 17:00:00,0.645,13.958,0.0,398.845,5.743,1007.229
2025-04-28 18:00:00,1.318,13.958,0.0,360.463,9.238,1007.969
2025-04-28 19:00:00,1.149,13.958,0.0,361.705,8.175,1012.619
2025-04-28 20:00:00,0.89,13.958,0.0,348.618,9.87,1007.062
2025-04-28 21:00:00,0.995,13.958,0.0,398.988,7.598,980.026
2025-04-28 22:00:00,0.622,13.958,0.0,411.574,8.814,1008.374
2025-04-28 23:00:00,1.765,13.958,0.0,315.192,8.391,1018.02
2025-04-29 00:00:00,1.389,13.881,0.0,419.565,5.184,1006.391
2025-04-29 01:00:00,7.088,13.881,129.41,391.84,4.254,993.186
2025-04-29 02:00:00,0.929,13.881,250.0,313.211,6.25,1001.75
2025-04-29 03:00:00,0.802,13.881,353.553,396.015,9.284,987.285
2025-04-29 04:00:00,2.364,13.881,433.013,385.439,4.306,991.531
2025-04-29 05:00:00,2.087,13.881,482.963,359.616,9.614,999.773
2025-04-29 06:00:00,0.725,13.881,500.0,363.28,8.016,1002.838
2025-04-29 07:00:00,2.257,13.881,482.963,371.551,7.549,1005.058
2025-04-29 08:00:00,2.87,13.881,433.013,401.292,9.879,987.297
2025-04-29 09:00:00,0.194,13.881,353.553,363.784,8.249,1010.285
2025-04-29 10:00:00,5.135,13.881,250.0,364.837,9.212,1006.92
2025-04-29 11:00:00,0.448,13.881,129.41,419.101,7.978,988.801
2025-04-29 12:00:00,1.117,13.881,0.0,313.16,9.36,981.885
2025-04-29 13:00:00,3.313,13.881,0.0,383.391,6.233,990.036
2025-04-29 14:00:00,1.771,13.881,0.0,402.558,8.757,989.065
2025-04-29 15:00:00,0.491,13.881,0.0,371.848,8.569,994.693
2025-04-29 16:00:00,0.455,13.881,0.0,354.871,7.462,995.8
2025-04-29 17:00:00,1.264,13.881,0.0,313.97,8.862,1012.711
2025-04-29 18:00:00,0.695,13.881,0.0,400.443,9.352,987.316
2025-04-29 19:00:00,1.811,13.881,0.0,314.572,8.752,1008.413
2025-04-29 20:00:00,5.386,13.881,0.0,351.724,8.674,983.469
2025-04-29 21:00:00,0.81,13.881,0.0,353.458,9.516,985.6
2025-04-29 22:00:00,0.262,13.881,0.0,327.633,7.527,1007.02
2025-04-29 23:00:00,1.327,13.881,0.0,363.911,9.467,999.985
2025-04-30 00:00:00,2.007,13.8,0.0,349.808,4.37,1001.486
2025-04-30 01:00:00,0.483,13.8,129.41,308.09,8.199,996.784
2025-04-30 02:00:00,0.176,13.8,250.0,347.647,5.144,1016.421
2025-04-30 03:00:00,0.979,13.8,353.553,320.63,6.365,987.798
2025-04-30 04:00:00,0.24,13.8,433.013,308.229,8.516,986.8
2025-04-30 05:00:00,1.25,13.8,482.963,337.056,8.123,995.22
2025-04-30 06:00:00,0.791,13.8,500.0,363.461,4.195,993.134
2025-04-30 07:00:00,0.792,13.8,482.963,344.639,8.315,1003.515
2025-04-30 08:00:00,1.239,13.8,433.013,379.415,6.438,1000.913
2025-04-30 09:00:00,3.0,13.8,353.553,362.738,4.224,982.946
2025-04-30 10:00:00,2.59,13.8,250.0,317.896,6.576,1007.574
2025-04-30 11:00:00,1.619,13.8,129.41,400.851,5.708,1008.338
2025-04-30 12:00:00,1.334,13.8,0.0,415.299,8.939,1008.924
2025-04-30 13:00:00,1.717,13.8,0.0,367.752,4.403,1017.819
2025-04-30 14:00:00,1.691,13.8,0.0,359.377,7.556,1010.769
2025-04-30 15:00:00,2.774,13.8,0.0,405.46,6.803,984.084
2025-04-30 16:00:00,0.953,13.8,0.0,342.588,9.759,995.862
2025-04-30 17:00:00,1.217,13.8,0.0,311.668,7.623,986.599
2025-04-30 18:00:00,1.372,13.8,0.0,347.662,4.289,1008.378
2025-04-30 19:00:00,0.85,13.8,0.0,338.624,8.249,1006.88
2025-04-30 20:00:00,1.645,13.8,0.0,328.104,6.522,1003.939
2025-04-30 21:00:00,0.931,13.8,0.0,389.549,6.026,984.713
2025-04-30 22:00:00,1.437,13.8,0.0,394.517,5.211,1016.996
2025-04-30 23:00:00,0.777,13.8,0.0,414.071,8.214,989.879
2025-05-01 00:00:00,0.883,13.717,0.0,336.895,8.803,1018.43
2025-05-01 01:00:00,0.239,13.717,129.41,331.056,5.909,996.496
2025-05-01 02:00:00,1.173,13.717,250.0,339.927,9.529,984.43
2025-05-01 03:00:00,0.833,13.717,353.553,325.056,5.83,998.181
2025-05-01 04:00:00,0.622,13.717,433.013,380.616,9.764,1000.318
2025-05-01 05:00:00,1.826,13.717,482.963,325.051,4.59,982.788
2025-05-01 06:00:00,2.103,13.717,500.0,366.355,5.673,989.837
2025-05-01 07:00:00,1.97,13.717,482.963,380.96,5.873,999.994
2025-05-01 08:00:00,2.006,13.717,433.013,365.35,8.716,996.458
2025-05-01 09:00:00,0.38,13.717,353.553,407.384,7.27,1009.152
2025-05-01 10:00:00,2.489,13.717,250.0,304.414,5.013,982.0
2025-05-01 11:00:00,1.167,13.717,129.41,322.557,9.492,1016.063
2025-05-01 12:00:00,1.684,13.717,0.0,331.636,7.509,989.34
2025-05-01 13:00:00,0.785,13.717,0.0,346.44,9.249,1014.521
2025-05-01 14:00:00,4.187,13.717,0.0,361.754,6.3,1003.058
2025-05-01 15:00:00,0.241,13.717,0.0,404.154,5.868,1013.921
2025-05-01 16:00:00,4.011,13.717,0.0,398.335,9.804,986.241
2025-05-01 17:00:00,1.297,13.717,0.0,385.404,4.905,1018.309
2025-05-01 18:00:00,0.013,13.717,0.0,402.6,4.031,1006.493
2025-05-01 19:00:00,1.28,13.717,0.0,306.856,4.079,1006.644
2025-05-01 20:00:00,2.598,13.717,0.0,390.329,7.729,984.83
2025-05-01 21:00:00,1.717,13.717,0.0,305.157,7.508,997.134
2025-05-01 22:00:00,0.477,13.717,0.0,309.566,8.785,994.475
2025-05-01 23:00:00,0.266,13.717,0.0,342.587,9.441,996.157
2025-05-02 00:00:00,3.52,13.631,0.0,390.662,7.774,1008.278
2025-05-02 01:00:00,4.251,13.631,129.41,384.33,6.075,994.983
2025-05-02 02:00:00,1.052,13.631,250.0,317.031,7.233,1007.56
2025-05-02 03:00:00,2.244,13.631,353.553,402.902,4.221,982.129
2025-05-02 04:00:00,2.47,13.631,433.013,300.924,5.853,1003.439
2025-05-02 05:00:00,0.466,13.631,482.963,300.419,6.414,984.265
2025-05-02 06:00:00,0.092,13.631,500.0,390.134,7.429,1008.161
2025-05-02 07:00:00,2.058,13.631,482.963,397.757,6.492,985.309
2025-05-02 08:00:00,1.882,13.631,433.013,326.892,7.514,995.014
2025-05-02 09:00:00,0.259,13.631,353.553,379.235,7.769,999.403
2025-05-02 10:00:00,1.904,13.631,250.0,320.939,4.724,990.887
2025-05-02 11:00:00,4.172,13.631,129.41,411.097,4.159,988.069
2025-05-02 12:00:00,0.85,13.631,0.0,363.959,9.766,1016.729
2025-05-02 13:00:00,3.105,13.631,0.0,313.782,5.118,994.226
2025-05-02 14:00:00,1.404,13.631,0.0,384.362,9.924,998.543
2025-05-02 15:00:00,1.349,13.631,0.0,334.508,5.133,996.004
2025-05-02 16:00:00,1.94,13.631,0.0,399.154,9.059,984.214
2025-05-02 17:00:00,3.375,13.631,0.0,328.077,8.831,1014.766
2025-05-02 18:00:00,0.233,13.631,0.0,399.056,9.572,1004.654
2025-05-02 19:00:00,0.232,13.631,0.0,345.596,7.883,1001.627
2025-05-02 20:00:00,0.159,13.631,0.0,339.907,9.635,1013.128
2025-05-02 21:00:00,0.627,13.631,0.0,387.301,7.025,1017.263
2025-05-02 22:00:00,2.487,13.631,0.0,323.886,9.427,1010.634
2025-05-02 23:00:00,4.78,13.631,0.0,301.275,4.292,987.146
2025-05-03 00:00:00,1.23,13.543,0.0,411.314,4.268,1017.137
2025-05-03 01:00:00,0.514,13.543,129.41,389.142,5.787,986.627
2025-05-03 02:00:00,2.106,13.543,250.0,332.114,9.722,1004.172
2025-05-03 03:00:00,1.388,13.543,353.553,306.345,9.872,991.288
2025-05-03 04:00:00,1.265,13.543,433.013,360.672,6.776,996.995
2025-05-03 05:00:00,2.817,13.543,482.963,321.288,8.126,985.94
2025-05-03 06:00:00,2.845,13.543,500.0,391.464,4.876,1013.754
2025-05-03 07:00:00,1.736,13.543,482.963,372.659,8.52,1003.256
2025-05-03 08:00:00,0.938,13.543,433.013,327.925,7.859,1009.66
2025-05-03 09:00:00,1.801,13.543,353.553,391.483,6.088,998.97
2025-05-03 10:00:00,0.351,13.543,250.0,387.438,4.462,1005.237
2025-05-03 11:00:00,1.159,13.543,129.41,371.142,5.698,983.882
2025-05-03 12:00:00,4.565,13.543,0.0,328.113,6.334,999.49
2025-05-03 13:00:00,2.519,13.543,0.0,368.071,8.904,1001.522
2025-05-03 14:00:00,0.647,13.543,0.0,333.243,8.687,997.919
2025-05-03 15:00:00,2.252,13.543,0.0,342.576,9.819,989.08
2025-05-03 16:00:00,3.782,13.543,0.0,304.123,5.127,1001.631
2025-05-03 17:00:00,1.053,13.543,0.0,357.011,6.227,994.52
2025-05-03 18:00:00,0.657,13.543,0.0,379.011,5.997,985.946
2025-05-03 19:00:00,1.073,13.543,0.0,312.668,5.653,996.042
2025-05-03 20:00:00,0.287,13.543,0.0,364.27,4.569,1011.818
2025-05-03 21:00:00,3.725,13.543,0.0,403.051,9.065,988.539
2025-05-03 22:00:00,2.246,13.543,0.0,326.63,7.458,986.163
2025-05-03 23:00:00,0.456,13.543,0.0,414.742,5.184,1003.123
2025-05-04 00:00:00,2.427,13.452,0.0,317.813,6.867,1018.494
2025-05-04 01:00:00,0.661,13.452,129.41,355.945,4.563,1006.182
2025-05-04 02:00:00,0.816,13.452,250.0,394.801,8.096,1005.844
2025-05-04 03:00:00,1.614,13.452,353.553,301.457,4.338,996.553
2025-05-04 04:00:00,0.258,13.452,433.013,419.932,5.884,993.122
2025-05-04 05:00:00,0.543,13.452,482.963,366.557,9.84,999.839
2025-05-04 06:00:00,2.344,13.452,500.0,387.882,9.242,1009.365
2025-05-04 07:00:00,0.388,13.452,482.963,324.611,8.712,987.044
2025-05-04 08:00:00,2.749,13.452,433.013,371.791,5.88,991.74
2025-05-04 09:00:00,1.182,13.452,353.553,414.776,7.082,995.733
2025-05-04 10:00:00,0.215,13.452,250.0,306.778,7.163,991.282
2025-05-04 11:00:00,0.3,13.452,129.41,321.179,6.58,1014.967
2025-05-04 12:00:00,0.401,13.452,0.0,309.972,4.587,990.317
2025-05-04 13:00:00,2.11,13.452,0.0,372.374,6.54,998.33
2025-05-04 14:00:00,0.21,13.452,0.0,331.537,6.671,1007.63
2025-05-04 15:00:00,1.738,13.452,0.0,347.575,9.613,998.54
2025-05-04 16:00:00,2.101,13.452,0.0,419.434,8.522,1010.832
2025-05-04 17:00:00,3.214,13.452,0.0,356.351,6.806,1003.363
2025-05-04 18:00:00,1.382,13.452,0.0,311.926,8.627,992.41
2025-05-04 19:00:00,2.261,13.452,0.0,417.621,9.77,994.162
2025-05-04 20:00:00,1.679,13.452,0.0,391.976,6.033,984.714
2025-05-04 21:00:00,0.944,13.452,0.0,394.789,5.308,1002.955
2025-05-04 22:00:00,1.07,13.452,0.0,362.49,4.322,1003.369
2025-05-04 23:00:00,1.508,13.452,0.0,301.761,5.443,1013.968
2025-05-05 00:00:00,4.748,13.359,0.0,385.889,6.052,997.43
2025-05-05 01:00:00,2.795,13.359,129.41,359.633,6.227,984.673
2025-05-05 02:00:00,0.574,13.359,250.0,396.21,8.854,983.986
2025-05-05 03:00:00,1.858,13.359,353.553,352.298,8.146,1007.55
2025-05-05 04:00:00,0.685,13.359,433.013,375.571,9.806,1001.749
2025-05-05 05:00:00,1.933,13.359,482.963,373.171,4.576,988.117
2025-05-05 06:00:00,1.776,13.359,500.0,322.144,7.488,1004.623
2025-05-05 07:00:00,1.804,13.359,482.963,318.937,4.503,1013.978
2025-05-05 08:00:00,1.599,13.359,433.013,330.346,9.393,1015.916
2025-05-05 09:00:00,0.377,13.359,353.553,328.17,6.201,1017.034
2025-05-05 10:00:00,4.322,13.359,250.0,363.096,4.66,1012.648
2025-05-05 11:00:00,0.974,13.359,129.41,378.474,9.011,1010.478
2025-05-05 12:00:00,1.406,13.359,0.0,334.392,5.554,1012.579
2025-05-05 13:00:00,1.985,13.359,0.0,369.556,8.025,983.417
2025-05-05 14:00:00,0.994,13.359,0.0,358.84,4.744,1012.424
2025-05-05 15:00:00,2.217,13.359,0.0,326.688,6.033,1012.817
2025-05-05 16:00:00,0.515,13.359,0.0,350.535,4.352,983.486
2025-05-05 17:00:00,2.798,13.359,0.0,308.55,9.672,1016.461
2025-05-05 18:00:00,0.675,13.359,0.0,340.374,4.568,983.428
2025-05-05 19:00:00,2.235,13.359,0.0,354.117,6.128,1014.506
2025-05-05 20:00:00,0.661,13.359,0.0,365.994,6.973,1004.419
2025-05-05 21:00:00,2.1,13.359,0.0,384.59,8.474,1014.623
2025-05-05 22:00:00,1.9,13.359,0.0,382.832,6.427,1009.702
2025-05-05 23:00:00,1.399,13.359,0.0,362.01,5.663,1010.684
2025-05-06 00:00:00,1.865,13.264,0.0,395.067,9.98,1003.68
2025-05-06 01:00:00,1.85,13.264,129.41,393.822,9.087,1011.168
2025-05-06 02:00:00,0.684,13.264,250.0,387.218,4.875,1017.073
2025-05-06 03:00:00,1.226,13.264,353.553,334.538,6.322,984.024
2025-05-06 04:00:00,2.798,13.264,433.013,360.069,8.35,1001.967
2025-05-06 05:00:00,1.1,13.264,482.963,301.805,8.377,1003.284
2025-05-06 06:00:00,0.323,13.264,500.0,419.442,9.839,997.139
2025-05-06 07:00:00,4.043,13.264,482.963,410.133,7.758,981.437
2025-05-06 08:00:00,1.94,13.264,433.013,373.99,5.92,991.117
2025-05-06 09:00:00,2.145,13.264,353.553,305.082,8.765,1012.243
2025-05-06 10:00:00,1.947,13.264,250.0,364.696,7.153,1011.134
2025-05-06 11:00:00,3.789,13.264,129.41,309.633,6.596,986.684
2025-05-06 12:00:00,1.547,13.264,0.0,405.988,8.997,1010.945
2025-05-06 13:00:00,0.551,13.264,0.0,387.343,6.663,999.603
2025-05-06 14:00:00,1.453,13.264,0.0,367.575,8.475,983.33
2025-05-06 15:00:00,0.819,13.264,0.0,337.89,5.237,998.769
2025-05-06 16:00:00,0.875,13.264,0.0,354.537,4.097,1012.147
2025-05-06 17:00:00,3.158,13.264,0.0,342.003,8.036,1007.519
2025-05-06 18:00:00,1.076,13.264,0.0,419.876,4.066,982.01
2025-05-06 19:00:00,0.504,13.264,0.0,386.287,7.502,992.749
2025-05-06 20:00:00,0.374,13.264,0.0,361.626,8.968,982.698
2025-05-06 21:00:00,2.642,13.264,0.0,301.459,8.623,993.449
2025-05-06 22:00:00,0.788,13.264,0.0,336.992,5.915,989.694
2025-05-06 23:00:00,0.222,13.264,0.0,369.508,9.175,986.653
2025-05-07 00:00:00,1.26,13.165,0.0,373.297,5.614,1019.979
2025-05-07 01:00:00,0.471,13.165,129.41,352.492,6.067,996.746
2025-05-07 02:00:00,1.242,13.165,250.0,387.737,5.679,986.721
2025-05-07 03:00:00,0.805,13.165,353.553,340.76,4.736,990.099
2025-05-07 04:00:00,1.513,13.165,433.013,311.963,4.246,980.417
2025-05-07 05:00:00,1.521,13.165,482.963,321.866,6.067,1016.577
2025-05-07 06:00:00,1.985,13.165,500.0,318.768,5.501,991.107
2025-05-07 07:00:00,1.517,13.165,482.963,362.825,7.369,1016.672
2025-05-07 08:00:00,1.964,13.165,433.013,407.52,5.077,996.86
2025-05-07 09:00:00,0.154,13.165,353.553,317.654,4.804,1018.84
2025-05-07 10:00:00,0.607,13.165,250.0,355.129,4.279,981.455
2025-05-07 11:00:00,1.827,13.165,129.41,328.535,5.446,1010.404
2025-05-07 12:00:00,1.287,13.165,0.0,411.056,4.537,998.542
2025-05-07 13:00:00,1.512,13.165,0.0,384.677,5.195,985.61
2025-05-07 14:00:00,0.133,13.165,0.0,406.523,9.141,1014.314
2025-05-07 15:00:00,1.582,13.165,0.0,367.33,5.592,991.52
2025-05-07 16:00:00,0.739,13.165,0.0,365.059,8.408,1015.893
2025-05-07 17:00:00,1.403,13.165,0.0,353.444,6.465,1019.694
2025-05-07 18:00:00,1.614,13.165,0.0,320.38,4.958,1001.815
2025-05-07 19:00:00,0.082,13.165,0.0,377.398,4.376,1009.981
2025-05-07 20:00:00,1.367,13.165,0.0,314.512,7.686,997.955
2025-05-07 21:00:00,0.775,13.165,0.0,360.059,4.165,1013.538
2025-05-07 22:00:00,1.669,13.165,0.0,356.082,4.305,985.584
2025-05-07 23:00:00,0.354,13.165,0.0,350.757,5.675,981.751
2025-05-08 00:00:00,1.483,13.065,0.0,321.759,8.13,994.718
2025-05-08 01:00:00,1.799,13.065,129.41,405.699,5.922,987.608
2025-05-08 02:00:00,0.35,13.065,250.0,369.275,4.018,1008.358
2025-05-08 03:00:00,1.407,13.065,353.553,417.739,9.433,1006.457
2025-05-08 04:00:00,1.764,13.065,433.013,337.289,4.206,1014.162
2025-05-08 05:00:00,0.507,13.065,482.963,345.38,6.479,985.492
2025-05-08 06:00:00,2.885,13.065,500.0,314.8,9.274,1016.634
2025-05-08 07:00:00,0.475,13.065,482.963,329.339,9.276,1004.397
2025-05-08 08:00:00,0.442,13.065,433.013,351.939,5.245,989.533
2025-05-08 09:00:00,2.212,13.065,353.553,378.315,9.368,984.201
2025-05-08 10:00:00,0.463,13.065,250.0,332.7,5.683,1013.595
2025-05-08 11:00:00,1.762,13.065,129.41,418.803,7.573,1001.785
2025-05-08 12:00:00,0.388,13.065,0.0,367.305,4.859,988.923
2025-05-08 13:00:00,1.162,13.065,0.0,366.842,6.282,997.568
2025-05-08 14:00:00,2.495,13.065,0.0,358.896,6.755,1012.103
2025-05-08 15:00:00,2.265,13.065,0.0,390.517,9.758,993.427
2025-05-08 16:00:00,5.5,13.065,0.0,411.794,4.48,1011.018
2025-05-08 17:00:00,1.545,13.065,0.0,341.683,7.095,1005.938
2025-05-08 18:00:00,1.084,13.065,0.0,341.398,9.791,1019.015
2025-05-08 19:00:00,0.229,13.065,0.0,393.446,7.66,1006.789
2025-05-08 20:00:00,0.055,13.065,0.0,305.549,4.972,999.797
2025-05-08 21:00:00,3.448,13.065,0.0,347.813,6.161,1018.38
2025-05-08 22:00:00,2.587,13.065,0.0,312.442,9.824,997.492
2025-05-08 23:00:00,0.95,13.065,0.0,378.028,7.503,1006.655
2025-05-09 00:00:00,2.728,12.962,0.0,360.952,4.659,1018.374
2025-05-09 01:00:00,3.211,12.962,129.41,341.714,5.868,995.216
2025-05-09 02:00:00,0.198,12.962,250.0,311.63,9.585,1003.248
2025-05-09 03:00:00,0.843,12.962,353.553,325.914,8.616,998.168
2025-05-09 04:00:00,1.279,12.962,433.013,350.508,8.43,1015.273
2025-05-09 05:00:00,2.014,12.962,482.963,314.095,9.298,995.9
2025-05-09 06:00:00,0.047,12.962,500.0,386.503,4.529,980.288
2025-05-09 07:00:00,0.4,12.962,482.963,390.584,9.754,1006.111
2025-05-09 08:00:00,0.274,12.962,433.013,406.363,8.876,980.941
2025-05-09 09:00:00,1.415,12.962,353.553,378.988,5.905,986.295
2025-05-09 10:00:00,1.433,12.962,250.0,323.939,6.036,989.976
2025-05-09 11:00:00,2.203,12.962,129.41,372.336,7.65,1013.197
2025-05-09 12:00:00,4.314,12.962,0.0,413.982,9.202,1008.661
2025-05-09 13:00:00,1.846,12.962,0.0,357.478,8.86,991.577
2025-05-09 14:00:00,2.356,12.962,0.0,398.765,5.225,1017.572
2025-05-09 15:00:00,1.627,12.962,0.0,300.036,9.231,990.012
2025-05-09 16:00:00,4.197,12.962,0.0,382.289,4.547,1003.973
2025-05-09 17:00:00,2.859,12.962,0.0,336.206,7.738,1004.744
2025-05-09 18:00:00,1.265,12.962,0.0,313.671,5.843,1001.612
2025-05-09 19:00:00,0.9,12.962,0.0,407.111,4.168,1017.601
2025-05-09 20:00:00,3.523,12.962,0.0,309.597,9.101,1011.842
2025-05-09 21:00:00,1.134,12.962,0.0,384.742,9.08,981.671
2025-05-09 22:00:00,2.687,12.962,0.0,364.975,6.295,988.985
2025-05-09 23:00:00,0.63,12.962,0.0,319.489,4.95,1015.16
2025-05-10 00:00:00,2.091,12.856,0.0,408.763,4.604,999.927
2025-05-10 01:00:00,2.187,12.856,129.41,337.112,7.293,994.475
2025-05-10 02:00:00,1.873,12.856,250.0,327.072,9.193,998.574
2025-05-10 03:00:00,2.023,12.856,353.553,350.116,6.242,1006.858
2025-05-10 04:00:00,1.953,12.856,433.013,382.421,6.051,996.615
2025-05-10 05:00:00,0.311,12.856,482.963,391.968,6.366,1019.33
2025-05-10 06:00:00,3.335,12.856,500.0,361.237,4.555,992.757
2025-05-10 07:00:00,0.892,12.856,482.963,314.484,9.73,1009.387
2025-05-10 08:00:00,0.422,12.856,433.013,381.294,8.243,1002.277
2025-05-10 09:00:00,1.283,12.856,353.553,326.483,7.439,996.803
2025-05-10 10:00:00,0.162,12.856,250.0,332.625,9.209,1010.283
2025-05-10 11:00:00,0.411,12.856,129.41,353.939,7.298,1019.18
2025-05-10 12:00:00,0.639,12.856,0.0,343.235,5.373,1007.207
2025-05-10 13:00:00,3.38,12.856,0.0,350.377,4.974,997.074
2025-05-10 14:00:00,1.825,12.856,0.0,316.399,5.802,997.743
2025-05-10 15:00:00,0.582,12.856,0.0,391.127,9.327,998.648
2025-05-10 16:00:00,0.427,12.856,0.0,312.158,6.962,996.963
2025-05-10 17:00:00,0.872,12.856,0.0,401.027,8.382,1010.153
2025-05-10 18:00:00,0.623,12.856,0.0,311.024,9.307,1013.732
2025-05-10 19:00:00,0.796,12.856,0.0,403.552,5.021,1006.079
2025-05-10 20:00:00,0.801,12.856,0.0,344.617,7.631,1006.537
2025-05-10 21:00:00,1.023,12.856,0.0,330.089,6.089,1014.806
2025-05-10 22:00:00,1.714,12.856,0.0,381.662,4.349,1011.21
2025-05-10 23:00:00,1.771,12.856,0.0,374.339,7.997,1013.536
2025-05-11 00:00:00,1.481,12.749,0.0,330.125,4.29,1012.422
2025-05-11 01:00:00,2.41,12.749,129.41,388.214,9.283,987.273
2025-05-11 02:00:00,5.111,12.749,250.0,381.655,9.07,989.732
2025-05-11 03:00:00,2.351,12.749,353.553,394.535,9.205,1004.539
2025-05-11 04:00:00,2.2,12.749,433.013,321.037,6.017,988.043
2025-05-11 05:00:00,2.768,12.749,482.963,343.475,6.038,1009.821
2025-05-11 06:00:00,0.852,12.749,500.0,382.127,4.801,1003.185
2025-05-11 07:00:00,0.234,12.749,482.963,403.593,8.521,1012.913
2025-05-11 08:00:00,0.274,12.749,433.013,417.898,7.889,993.637
2025-05-11 09:00:00,1.447,12.749,353.553,303.343,8.653,1002.83
2025-05-11 10:00:00,2.202,12.749,250.0,328.689,4.078,1002.326
2025-05-11 11:00:00,2.642,12.749,129.41,398.138,7.752,982.203
2025-05-11 12:00:00,0.908,12.749,0.0,304.643,4.384,996.733
2025-05-11 13:00:00,0.813,12.749,0.0,364.56,6.286,1013.259
2025-05-11 14:00:00,2.68,12.749,0.0,359.767,6.095,980.189
2025-05-11 15:00:00,0.104,12.749,0.0,371.254,5.252,991.437
2025-05-11 16:00:00,2.642,12.749,0.0,414.887,8.616,1019.165
2025-05-11 17:00:00,0.997,12.749,0.0,332.531,9.304,981.136
2025-05-11 18:00:00,2.568,12.749,0.0,417.239,7.747,997.413
2025-05-11 19:00:00,0.79,12.749,0.0,345.313,6.551,1003.011
2025-05-11 20:00:00,0.973,12.749,0.0,354.907,5.409,1016.108
2025-05-11 21:00:00,1.697,12.749,0.0,418.009,8.049,1005.154
2025-05-11 22:00:00,1.077,12.749,0.0,397.498,7.261,992.137
2025-05-11 23:00:00,0.993,12.749,0.0,322.568,4.656,999.21
2025-05-12 00:00:00,2.726,12.639,0.0,392.681,8.599,998.589
2025-05-12 01:00:00,0.719,12.639,129.41,358.593,8.664,993.194
2025-05-12 02:00:00,0.623,12.639,250.0,406.479,5.544,1008.033
2025-05-12 03:00:00,1.697,12.639,353.553,380.589,9.726,1011.983
2025-05-12 04:00:00,2.686,12.639,433.013,308.208,7.386,983.412
2025-05-12 05:00:00,0.339,12.639,482.963,343.344,6.417,983.216
2025-05-12 06:00:00,1.26,12.639,500.0,303.13,7.499,1018.243
2025-05-12 07:00:00,1.905,12.639,482.963,334.555,8.747,1003.262
2025-05-12 08:00:00,0.549,12.639,433.013,373.874,8.175,989.975
2025-05-12 09:00:00,0.861,12.639,353.553,375.077,6.142,1018.316
2025-05-12 10:00:00,1.055,12.639,250.0,382.104,7.378,1004.287
2025-05-12 11:00:00,2.812,12.639,129.41,406.596,9.789,1013.04
2025-05-12 12:00:00,1.067,12.639,0.0,316.879,9.582,1015.41
2025-05-12 13:00:00,3.67,12.639,0.0,389.047,6.206,1007.887
2025-05-12 14:00:00,1.096,12.639,0.0,414.704,8.378,1019.311
2025-05-12 15:00:00,1.456,12.639,0.0,383.989,4.465,988.568
2025-05-12 16:00:00,3.493,12.639,0.0,331.772,4.837,986.747
2025-05-12 17:00:00,2.568,12.639,0.0,351.817,5.918,1017.11
2025-05-12 18:00:00,2.978,12.639,0.0,351.971,5.557,991.592
2025-05-12 19:00:00,1.009,12.639,0.0,325.027,4.291,1013.235
2025-05-12 20:00:00,0.816,12.639,0.0,305.734,9.29,1016.894
2025-05-12 21:00:00,1.37,12.639,0.0,351.525,7.093,1007.784
2025-05-12 22:00:00,0.83,12.639,0.0,402.017,9.742,1012.41
2025-05-12 23:00:00,2.011,12.639,0.0,356.047,9.615,999.203
2025-05-13 00:00:00,1.798,12.527,0.0,416.47,7.945,1008.075
2025-05-13 01:00:00,0.951,12.527,129.41,419.578,5.712,1000.2
2025-05-13 02:00:00,2.102,12.527,250.0,368.511,9.461,1005.509
2025-05-13 03:00:00,0.279,12.527,353.553,306.351,4.504,1008.768
2025-05-13 04:00:00,3.358,12.527,433.013,358.207,7.375,1012.742
2025-05-13 05:00:00,0.634,12.527,482.963,405.6,6.794,982.249
2025-05-13 06:00:00,2.391,12.527,500.0,324.727,7.299,1005.612
2025-05-13 07:00:00,0.359,12.527,482.963,300.696,6.764,1013.874
2025-05-13 08:00:00,2.172,12.527,433.013,385.323,9.286,984.196
2025-05-13 09:00:00,3.153,12.527,353.553,365.594,6.402,1002.893
2025-05-13 10:00:00,3.66,12.527,250.0,418.225,6.439,992.484
2025-05-13 11:00:00,1.911,12.527,129.41,331.17,8.76,1009.339
2025-05-13 12:00:00,0.425,12.527,0.0,300.46,7.847,1014.589
2025-05-13 13:00:00,5.584,12.527,0.0,339.054,5.903,983.234
2025-05-13 14:00:00,1.785,12.527,0.0,410.136,4.089,1019.628
2025-05-13 15:00:00,0.768,12.527,0.0,308.757,6.53,1015.068
2025-05-13 16:00:00,4.741,12.527,0.0,399.598,9.036,997.148
2025-05-13 17:00:00,0.526,12.527,0.0,349.506,7.135,1014.369
2025-05-13 18:00:00,0.992,12.527,0.0,301.751,6.603,983.05
2025-05-13 19:00:00,4.896,12.527,0.0,401.903,5.912,1006.243
2025-05-13 20:00:00,0.127,12.527,0.0,368.291,6.796,1000.705
2025-05-13 21:00:00,0.393,12.527,0.0,398.22,4.885,982.3
2025-05-13 22:00:00,1.775,12.527,0.0,337.031,9.878,994.995
2025-05-13 23:00:00,0.411,12.527,0.0,419.952,6.898,1010.483
2025-05-14 00:00:00,1.484,12.412,0.0,405.36,8.458,993.779
2025-05-14 01:00:00,5.692,12.412,129.41,389.481,4.624,1010.527
2025-05-14 02:00:00,0.231,12.412,250.0,369.407,5.04,984.356
2025-05-14 03:00:00,1.685,12.412,353.553,362.768,6.945,990.225
2025-05-14 04:00:00,0.588,12.412,433.013,308.464,6.649,1006.9
2025-05-14 05:00:00,2.944,12.412,482.963,307.606,9.246,993.498
2025-05-14 06:00:00,3.464,12.412,500.0,345.849,5.667,1014.85
2025-05-14 07:00:00,0.602,12.412,482.963,326.499,7.281,1013.269
2025-05-14 08:00:00,1.036,12.412,433.013,316.124,7.051,982.191
2025-05-14 09:00:00,0.874,12.412,353.553,373.313,4.617,981.197
2025-05-14 10:00:00,1.286,12.412,250.0,364.251,6.052,999.067
2025-05-14 11:00:00,1.616,12.412,129.41,353.133,6.597,983.935
2025-05-14 12:00:00,0.76,12.412,0.0,404.1,6.485,1016.571
2025-05-14 13:00:00,1.684,12.412,0.0,410.323,6.981,983.062
2025-05-14 14:00:00,1.037,12.412,0.0,419.366,7.263,1011.106
2025-05-14 15:00:00,0.789,12.412,0.0,314.57,6.914,1000.943
2025-05-14 16:00:00,0.863,12.412,0.0,354.914,5.165,1008.427
2025-05-14 17:00:00,0.406,12.412,0.0,336.041,5.266,993.908
2025-05-14 18:00:00,0.563,12.412,0.0,325.258,8.154,1018.357
2025-05-14 19:00:00,0.292,12.412,0.0,342.152,8.32,981.018
2025-05-14 20:00:00,0.134,12.412,0.0,347.454,4.512,1010.547
2025-05-14 21:00:00,2.023,12.412,0.0,410.36,4.984,1008.453
2025-05-14 22:00:00,1.306,12.412,0.0,387.908,4.112,1009.237
2025-05-14 23:00:00,0.281,12.412,0.0,345.185,9.789,1007.155
2025-05-15 00:00:00,1.378,12.296,0.0,400.278,7.507,1011.997
2025-05-15 01:00:00,0.497,12.296,129.41,364.375,5.531,991.249
2025-05-15 02:00:00,5.062,12.296,250.0,385.364,4.957,995.365
2025-05-15 03:00:00,3.458,12.296,353.553,399.361,6.863,1008.368
2025-05-15 04:00:00,1.753,12.296,433.013,416.199,7.731,983.613
2025-05-15 05:00:00,3.163,12.296,482.963,326.548,4.496,995.617
2025-05-15 06:00:00,1.874,12.296,500.0,342.896,6.645,983.902
2025-05-15 07:00:00,1.452,12.296,482.963,313.719,7.667,998.417
2025-05-15 08:00:00,0.782,12.296,433.013,364.267,7.977,992.836
2025-05-15 09:00:00,1.275,12.296,353.553,315.946,8.061,981.631
2025-05-15 10:00:00,0.967,12.296,250.0,415.189,7.333,1012.982
2025-05-15 11:00:00,0.761,12.296,129.41,385.851,8.615,996.933
2025-05-15 12:00:00,1.669,12.296,0.0,353.74,7.143,989.292
2025-05-15 13:00:00,1.368,12.296,0.0,348.091,7.664,991.13
2025-05-15 14:00:00,1.179,12.296,0.0,330.546,4.356,992.536
2025-05-15 15:00:00,0.532,12.296,0.0,347.157,8.101,1011.001
2025-05-15 16:00:00,2.506,12.296,0.0,365.139,6.657,1012.621
2025-05-15 17:00:00,2.743,12.296,0.0,384.079,7.224,1008.232
2025-05-15 18:00:00,1.341,12.296,0.0,321.801,6.322,995.35
2025-05-15 19:00:00,1.198,12.296,0.0,406.074,4.941,996.126
2025-05-15 20:00:00,1.38,12.296,0.0,348.152,4.723,986.13
2025-05-15 21:00:00,2.308,12.296,0.0,353.478,6.984,1016.125
2025-05-15 22:00:00,0.854,12.296,0.0,404.439,6.964,991.666
2025-05-15 23:00:00,1.544,12.296,0.0,310.845,7.373,1012.908
2025-05-16 00:00:00,0.714,12.177,0.0,319.639,6.87,1019.573
2025-05-16 01:00:00,0.937,12.177,129.41,324.857,4.52,1011.323
2025-05-16 02:00:00,0.966,12.177,250.0,403.516,9.947,984.799
2025-05-16 03:00:00,0.962,12.177,353.553,301.096,5.25,1019.506
2025-05-16 04:00:00,0.797,12.177,433.013,318.444,5.781,984.643
2025-05-16 05:00:00,0.413,12.177,482.963,307.295,9.752,996.988
2025-05-16 06:00:00,1.371,12.177,500.0,354.436,6.533,1008.797
2025-05-16 07:00:00,1.36,12.177,482.963,344.231,7.681,1014.673
2025-05-16 08:00:00,7.532,12.177,433.013,403.633,5.633,989.517
2025-05-16 09:00:00,1.524,12.177,353.553,380.145,8.287,1004.648
2025-05-16 10:00:00,1.357,12.177,250.0,352.543,7.701,993.923
2025-05-16 11:00:00,0.525,12.177,129.41,370.61,6.694,980.146
2025-05-16 12:00:00,1.833,12.177,0.0,399.293,5.587,985.478
2025-05-16 13:00:00,1.341,12.177,0.0,310.414,9.17,998.102
2025-05-16 14:00:00,2.197,12.177,0.0,367.842,8.978,1010.966
2025-05-16 15:00:00,0.605,12.177,0.0,403.139,7.652,1009.145
2025-05-16 16:00:00,2.216,12.177,0.0,301.729,4.054,985.763
2025-05-16 17:00:00,0.877,12.177,0.0,366.27,9.722,1007.483
2025-05-16 18:00:00,0.701,12.177,0.0,301.226,8.866,999.38
2025-05-16 19:00:00,1.089,12.177,0.0,403.384,5.353,1012.297
2025-05-16 20:00:00,1.643,12.177,0.0,346.357,4.73,996.777
2025-05-16 21:00:00,1.83,12.177,0.0,327.88,6.851,988.48
2025-05-16 22:00:00,0.119,12.177,0.0,377.431,8.9,987.444
2025-05-16 23:00:00,0.988,12.177,0.0,367.124,5.789,996.031
2025-05-17 00:00:00,0.798,12.056,0.0,397.059,5.118,1014.455
2025-05-17 01:00:00,1.442,12.056,129.41,316.466,9.372,994.938
2025-05-17 02:00:00,0.462,12.056,250.0,401.471,5.544,1002.241
2025-05-17 03:00:00,0.456,12.056,353.553,418.807,9.221,1018.117
2025-05-17 04:00:00,2.159,12.056,433.013,359.889,5.409,982.198
2025-05-17 05:00:00,1.573,12.056,482.963,319.765,7.243,1007.015
2025-05-17 06:00:00,1.553,12.056,500.0,349.142,5.767,1009.854
2025-05-17 07:00:00,0.487,12.056,482.963,415.215,4.106,994.222
2025-05-17 08:00:00,1.008,12.056,433.013,411.044,8.762,982.587
2025-05-17 09:00:00,1.114,12.056,353.553,313.545,8.37,1013.415
2025-05-17 10:00:00,1.051,12.056,250.0,319.576,7.675,1003.107
2025-05-17 11:00:00,1.983,12.056,129.41,411.735,9.329,1009.992
2025-05-17 12:00:00,0.554,12.056,0.0,341.148,8.104,1000.946
2025-05-17 13:00:00,3.217,12.056,0.0,361.69,6.402,985.768
2025-05-17 14:00:00,2.812,12.056,0.0,417.218,8.166,1015.998
2025-05-17 15:00:00,1.197,12.056,0.0,389.084,4.264,983.625
2025-05-17 16:00:00,1.195,12.056,0.0,402.138,6.425,981.73
2025-05-17 17:00:00,1.403,12.056,0.0,364.13,4.659,1007.269
2025-05-17 18:00:00,1.614,12.056,0.0,418.215,4.716,1017.578
2025-05-17 19:00:00,0.851,12.056,0.0,362.247,7.294,1008.462
2025-05-17 20:00:00,3.491,12.056,0.0,353.969,4.164,984.52
2025-05-17 21:00:00,0.384,12.056,0.0,375.061,7.552,992.585
2025-05-17 22:00:00,1.333,12.056,0.0,325.132,4.167,1017.429
2025-05-17 23:00:00,1.879,12.056,0.0,343.16,6.738,989.653
2025-05-18 00:00:00,2.685,11.933,0.0,383.516,7.428,1008.373
2025-05-18 01:00:00,1.292,11.933,129.41,412.3,7.044,1010.329
2025-05-18 02:00:00,4.362,11.933,250.0,349.17,6.514,1014.338
2025-05-18 03:00:00,2.865,11.933,353.553,375.813,6.873,1010.919
2025-05-18 04:00:00,1.883,11.933,433.013,418.951,6.73,985.287
2025-05-18 05:00:00,1.727,11.933,482.963,377.825,7.275,1000.221
2025-05-18 06:00:00,0.626,11.933,500.0,320.072,6.927,1019.058
2025-05-18 07:00:00,1.757,11.933,482.963,300.024,8.265,999.7
2025-05-18 08:00:00,2.71,11.933,433.013,360.139,5.248,993.952
2025-05-18 09:00:00,1.605,11.933,353.553,300.089,6.44,1007.906
2025-05-18 10:00:00,1.678,11.933,250.0,393.76,4.571,991.23
2025-05-18 11:00:00,0.829,11.933,129.41,389.208,9.144,996.386
2025-05-18 12:00:00,1.029,11.933,0.0,325.033,9.42,1007.122
2025-05-18 13:00:00,2.501,11.933,0.0,377.129,9.574,983.224
2025-05-18 14:00:00,0.508,11.933,0.0,323.346,6.733,988.454
2025-05-18 15:00:00,6.567,11.933,0.0,321.045,7.659,982.362
2025-05-18 16:00:00,2.175,11.933,0.0,417.596,5.415,1007.408
2025-05-18 17:00:00,5.365,11.933,0.0,398.026,6.016,981.91
2025-05-18 18:00:00,0.437,11.933,0.0,408.733,7.421,987.736
2025-05-18 19:00:00,1.092,11.933,0.0,356.076,4.836,1011.974
2025-05-18 20:00:00,0.154,11.933,0.0,399.642,9.211,993.717
2025-05-18 21:00:00,1.366,11.933,0.0,366.359,8.443,987.737
2025-05-18 22:00:00,0.669,11.933,0.0,311.7,4.141,1010.817
2025-05-18 23:00:00,0.642,11.933,0.0,365.27,4.549,989.541
2025-05-19 00:00:00,1.904,11.808,0.0,348.196,4.05,996.871
2025-05-19 01:00:00,2.145,11.808,129.41,416.467,7.579,1004.683
2025-05-19 02:00:00,0.151,11.808,250.0,364.496,9.229,1006.171
2025-05-19 03:00:00,3.435,11.808,353.553,360.073,8.438,991.363
2025-05-19 04:00:00,0.447,11.808,433.013,393.061,4.369,1014.71
2025-05-19 05:00:00,1.896,11.808,482.963,380.726,5.644,1015.018
2025-05-19 06:00:00,0.084,11.808,500.0,307.361,5.12,982.337
2025-05-19 07:00:00,1.333,11.808,482.963,413.768,5.827,1002.941
2025-05-19 08:00:00,3.236,11.808,433.013,394.22,6.394,1010.047
2025-05-19 09:00:00,0.684,11.808,353.553,331.793,4.915,996.962
2025-05-19 10:00:00,2.814,11.808,250.0,376.822,7.243,1003.475
2025-05-19 11:00:00,1.738,11.808,129.41,385.092,9.988,1019.796
2025-05-19 12:00:00,0.67,11.808,0.0,313.841,5.812,1017.722
2025-05-19 13:00:00,2.114,11.808,0.0,366.709,6.843,1008.72
2025-05-19 14:00:00,1.138,11.808,0.0,320.912,5.554,992.814
2025-05-19 15:00:00,0.795,11.808,0.0,351.709,9.164,981.168
2025-05-19 16:00:00,0.172,11.808,0.0,357.13,4.351,984.494
2025-05-19 17:00:00,1.713,11.808,0.0,341.481,9.7,995.93
2025-05-19 18:00:00,2.36,11.808,0.0,386.546,5.988,1019.548
2025-05-19 19:00:00,2.361,11.808,0.0,334.873,4.58,992.439
2025-05-19 20:00:00,1.694,11.808,0.0,374.294,6.229,1007.374
2025-05-19 21:00:00,1.094,11.808,0.0,376.228,4.44,999.061
2025-05-19 22:00:00,2.17,11.808,0.0,303.562,4.537,998.733
2025-05-19 23:00:00,0.585,11.808,0.0,374.097,8.377,1003.335
2025-05-20 00:00:00,0.084,11.681,0.0,333.392,5.681,1004.812
2025-05-20 01:00:00,1.22,11.681,129.41,410.589,8.533,999.518
2025-05-20 02:00:00,0.416,11.681,250.0,321.802,8.218,988.703
2025-05-20 03:00:00,1.539,11.681,353.553,343.951,6.474,986.979
2025-05-20 04:00:00,0.761,11.681,433.013,343.487,7.281,1007.582
2025-05-20 05:00:00,0.898,11.681,482.963,391.379,5.186,1005.41
2025-05-20 06:00:00,0.488,11.681,500.0,399.16,7.5,1019.869
2025-05-20 07:00:00,0.632,11.681,482.963,348.97,4.482,1001.846
2025-05-20 08:00:00,1.298,11.681,433.013,391.946,6.848,1004.357
2025-05-20 09:00:00,1.913,11.681,353.553,340.975,5.076,998.24
2025-05-20 10:00:00,5.272,11.681,250.0,395.548,9.64,1013.637
2025-05-20 11:00:00,4.959,11.681,129.41,354.327,7.732,993.457
2025-05-20 12:00:00,1.007,11.681,0.0,415.462,4.522,999.705
2025-05-20 13:00:00,0.764,11.681,0.0,355.078,8.212,994.862
2025-05-20 14:00:00,1.594,11.681,0.0,348.246,7.415,1012.355
2025-05-20 15:00:00,0.97,11.681,0.0,349.657,7.441,997.733
2025-05-20 16:00:00,0.089,11.681,0.0,369.304,8.934,1014.05
2025-05-20 17:00:00,0.473,11.681,0.0,338.293,8.752,998.028
2025-05-20 18:00:00,0.919,11.681,0.0,349.544,5.534,994.339
2025-05-20 19:00:00,1.254,11.681,0.0,367.612,8.289,985.691
2025-05-20 20:00:00,2.094,11.681,0.0,373.065,9.156,1006.691
2025-05-20 21:00:00,1.039,11.681,0.0,326.328,7.877,1008.909
2025-05-20 22:00:00,1.754,11.681,0.0,303.221,4.851,997.636
2025-05-20 23:00:00,1.153,11.681,0.0,349.933,5.765,1011.175
2025-05-21 00:00:00,0.739,11.552,0.0,328.591,4.947,1011.937
2025-05-21 01:00:00,0.824,11.552,129.41,317.099,7.749,997.294
2025-05-21 02:00:00,0.326,11.552,250.0,405.169,5.536,985.872
2025-05-21 03:00:00,0.872,11.552,353.553,353.583,8.059,980.62
2025-05-21 04:00:00,0.376,11.552,433.013,411.776,6.055,997.466
2025-05-21 05:00:00,0.373,11.552,482.963,306.109,6.394,995.306
2025-05-21 06:00:00,0.165,11.552,500.0,355.301,7.945,1013.624
2025-05-21 07:00:00,3.58,11.552,482.963,394.476,6.588,994.06
2025-05-21 08:00:00,0.323,11.552,433.013,381.718,8.044,986.973
2025-05-21 09:00:00,1.435,11.552,353.553,338.753,7.795,1010.034
2025-05-21 10:00:00,0.79,11.552,250.0,360.641,5.842,1012.137
2025-05-21 11:00:00,1.995,11.552,129.41,344.733,6.877,981.547
2025-05-21 12:00:00,0.631,11.552,0.0,414.718,9.651,986.962
2025-05-21 13:00:00,0.693,11.552,0.0,333.712,7.689,987.374
2025-05-21 14:00:00,2.217,11.552,0.0,397.961,4.523,1007.366
2025-05-21 15:00:00,1.108,11.552,0.0,306.009,8.832,994.039
2025-05-21 16:00:00,2.826,11.552,0.0,361.385,6.051,1014.921
2025-05-21 17:00:00,0.597,11.552,0.0,363.617,8.128,1004.297
2025-05-21 18:00:00,3.189,11.552,0.0,403.757,8.456,1005.465
2025-05-21 19:00:00,0.423,11.552,0.0,410.652,5.062,993.082
2025-05-21 20:00:00,1.284,11.552,0.0,339.327,6.466,998.76
2025-05-21 21:00:00,0.434,11.552,0.0,351.871,4.137,995.784
2025-05-21 22:00:00,2.334,11.552,0.0,373.409,4.235,1005.048
2025-05-21 23:00:00,1.554,11.552,0.0,413.02,6.359,990.215
2025-05-22 00:00:00,0.966,11.421,0.0,403.583,6.838,1010.998
2025-05-22 01:00:00,3.662,11.421,129.41,339.103,8.774,990.816
2025-05-22 02:00:00,4.628,11.421,250.0,411.247,4.1,1001.176
2025-05-22 03:00:00,0.898,11.421,353.553,381.847,7.257,1017.189
2025-05-22 04:00:00,5.26,11.421,433.013,386.614,9.121,1018.784
2025-05-22 05:00:00,0.333,11.421,482.963,359.729,9.211,1008.354
2025-05-22 06:00:00,0.847,11.421,500.0,386.822,6.093,999.993
2025-05-22 07:00:00,0.841,11.421,482.963,411.422,7.664,995.559
2025-05-22 08:00:00,3.076,11.421,433.013,414.956,6.47,989.719
2025-05-22 09:00:00,0.338,11.421,353.553,321.962,4.836,995.357
2025-05-22 10:00:00,1.086,11.421,250.0,353.712,9.896,987.485
2025-05-22 11:00:00,0.216,11.421,129.41,361.755,9.577,1007.694
2025-05-22 12:00:00,2.341,11.421,0.0,333.387,7.376,1017.93
2025-05-22 13:00:00,3.149,11.421,0.0,388.883,8.446,1017.595
2025-05-22 14:00:00,0.399,11.421,0.0,412.775,6.758,997.347
2025-05-22 15:00:00,1.415,11.421,0.0,391.81,8.619,1017.069
2025-05-22 16:00:00,1.175,11.421,0.0,338.768,8.591,991.738
2025-05-22 17:00:00,1.204,11.421,0.0,372.529,4.716,1008.529
2025-05-22 18:00:00,2.661,11.421,0.0,404.882,8.617,1016.665
2025-05-22 19:00:00,2.698,11.421,0.0,341.268,7.963,1004.463
2025-05-22 20:00:00,1.354,11.421,0.0,355.37,6.663,989.923
2025-05-22 21:00:00,0.665,11.421,0.0,334.712,7.908,997.615
2025-05-22 22:00:00,2.166,11.421,0.0,325.792,6.014,1010.517
2025-05-22 23:00:00,2.739,11.421,0.0,346.243,5.567,980.321
2025-05-23 00:00:00,1.242,11.288,0.0,408.534,9.463,991.942
2025-05-23 01:00:00,0.216,11.288,129.41,417.586,5.368,1005.703
2025-05-23 02:00:00,2.006,11.288,250.0,311.045,9.591,1009.477
2025-05-23 03:00:00,0.673,11.288,353.553,385.442,4.532,985.574
2025-05-23 04:00:00,0.663,11.288,433.013,399.131,7.762,1008.208
2025-05-23 05:00:00,2.474,11.288,482.963,358.229,9.544,985.258
2025-05-23 06:00:00,2.226,11.288,500.0,396.508,6.309,1006.814
2025-05-23 07:00:00,1.604,11.288,482.963,347.011,6.518,988.527
2025-05-23 08:00:00,1.942,11.288,433.013,407.297,8.19,1013.359
2025-05-23 09:00:00,0.456,11.288,353.553,382.677,5.128,1009.156
2025-05-23 10:00:00,0.118,11.288,250.0,371.448,6.468,1004.971
2025-05-23 11:00:00,1.962,11.288,129.41,399.326,8.406,1006.752
2025-05-23 12:00:00,1.083,11.288,0.0,341.065,8.48,998.602
2025-05-23 13:00:00,1.449,11.288,0.0,321.22,6.422,1003.089
2025-05-23 14:00:00,1.55,11.288,0.0,414.095,6.138,996.845
2025-05-23 15:00:00,1.007,11.288,0.0,332.413,9.676,1018.21
2025-05-23 16:00:00,0.997,11.288,0.0,309.776,5.531,986.756
2025-05-23 17:00:00,1.446,11.288,0.0,312.275,4.586,1014.983
2025-05-23 18:00:00,3.443,11.288,0.0,324.386,9.76,997.253
2025-05-23 19:00:00,2.427,11.288,0.0,309.501,8.343,1010.011
2025-05-23 20:00:00,0.917,11.288,0.0,401.411,5.786,1015.461
2025-05-23 21:00:00,6.237,11.288,0.0,324.306,9.313,991.382
2025-05-23 22:00:00,1.446,11.288,0.0,384.343,8.609,1005.637
2025-05-23 23:00:00,0.643,11.288,0.0,405.919,4.695,1010.435
2025-05-24 00:00:00,0.733,11.153,0.0,336.158,8.282,994.286
2025-05-24 01:00:00,0.641,11.153,129.41,373.765,8.949,996.664
2025-05-24 02:00:00,2.536,11.153,250.0,313.434,4.327,1008.438
2025-05-24 03:00:00,0.118,11.153,353.553,388.811,4.358,1013.433
2025-05-24 04:00:00,0.021,11.153,433.013,336.215,9.231,1016.162
2025-05-24 05:00:00,1.627,11.153,482.963,385.81,9.312,1010.852
2025-05-24 06:00:00,2.689,11.153,500.0,339.442,8.197,1009.147
2025-05-24 07:00:00,3.393,11.153,482.963,334.378,6.491,1003.748
2025-05-24 08:00:00,3.281,11.153,433.013,366.294,6.635,987.992
2025-05-24 09:00:00,1.019,11.153,353.553,386.763,9.037,981.353
2025-05-24 10:00:00,1.121,11.153,250.0,378.908,4.774,1018.623
2025-05-24 11:00:00,1.94,11.153,129.41,408.296,8.226,995.862
2025-05-24 12:00:00,2.882,11.153,0.0,330.979,9.513,998.091
2025-05-24 13:00:00,1.806,11.153,0.0,301.55,5.096,981.188
2025-05-24 14:00:00,3.887,11.153,0.0,305.092,6.601,991.308
2025-05-24 15:00:00,1.22,11.153,0.0,395.948,7.081,992.036
2025-05-24 16:00:00,2.682,11.153,0.0,355.418,4.173,1016.084
2025-05-24 17:00:00,0.951,11.153,0.0,328.325,9.528,1001.689
2025-05-24 18:00:00,1.885,11.153,0.0,414.541,4.99,1011.351
2025-05-24 19:00:00,1.245,11.153,0.0,382.536,4.052,997.945
2025-05-24 20:00:00,1.15,11.153,0.0,355.083,9.665,1011.326
2025-05-24 21:00:00,0.566,11.153,0.0,397.794,5.49,1009.971
2025-05-24 22:00:00,1.451,11.153,0.0,375.398,7.983,1009.712
2025-05-24 23:00:00,2.201,11.153,0.0,393.195,8.329,984.806
2025-05-25 00:00:00,1.877,11.016,0.0,300.747,5.533,984.442
2025-05-25 01:00:00,1.357,11.016,129.41,337.921,7.115,1009.693
2025-05-25 02:00:00,1.688,11.016,250.0,374.712,7.473,997.533
2025-05-25 03:00:00,2.827,11.016,353.553,374.893,5.603,1016.556
2025-05-25 04:00:00,0.221,11.016,433.013,325.573,4.968,980.089
2025-05-25 05:00:00,1.667,11.016,482.963,336.387,6.847,1011.844
2025-05-25 06:00:00,3.582,11.016,500.0,365.954,8.483,999.448
2025-05-25 07:00:00,0.28,11.016,482.963,331.687,9.181,995.376
2025-05-25 08:00:00,0.935,11.016,433.013,308.058,7.23,1007.383
2025-05-25 09:00:00,1.101,11.016,353.553,372.364,5.199,1013.505
2025-05-25 10:00:00,1.668,11.016,250.0,418.184,8.193,993.842
2025-05-25 11:00:00,4.19,11.016,129.41,412.051,5.543,993.526
2025-05-25 12:00:00,1.723,11.016,0.0,401.506,4.409,996.854
2025-05-25 13:00:00,0.215,11.016,0.0,384.632,7.815,1014.592
2025-05-25 14:00:00,1.031,11.016,0.0,370.526,9.611,981.654
2025-05-25 15:00:00,4.759,11.016,0.0,331.652,5.639,991.465
2025-05-25 16:00:00,1.319,11.016,0.0,312.54,9.575,992.276
2025-05-25 17:00:00,0.133,11.016,0.0,307.819,4.403,1002.36
2025-05-25 18:00:00,2.562,11.016,0.0,385.375,7.678,990.027
2025-05-25 19:00:00,0.087,11.016,0.0,371.839,4.733,989.379
2025-05-25 20:00:00,2.073,11.016,0.0,397.116,8.117,1000.173
2025-05-25 21:00:00,4.108,11.016,0.0,301.583,5.817,1009.279
2025-05-25 22:00:00,0.224,11.016,0.0,326.41,8.752,1001.229
2025-05-25 23:00:00,0.742,11.016,0.0,412.626,8.25,1010.395
2025-05-26 00:00:00,2.456,10.878,0.0,417.142,9.116,1010.337
2025-05-26 01:00:00,2.577,10.878,129.41,417.235,8.601,988.875
2025-05-26 02:00:00,1.347,10.878,250.0,333.655,5.097,999.253
2025-05-26 03:00:00,2.866,10.878,353.553,366.925,4.5,994.695
2025-05-26 04:00:00,0.421,10.878,433.013,403.013,4.094,995.356
2025-05-26 05:00:00,3.165,10.878,482.963,399.719,9.004,1000.89
2025-05-26 06:00:00,1.823,10.878,500.0,327.675,5.286,1004.405
2025-05-26 07:00:00,2.009,10.878,482.963,419.356,7.827,998.18
2025-05-26 08:00:00,1.383,10.878,433.013,356.347,6.326,1012.565
2025-05-26 09:00:00,1.727,10.878,353.553,307.903,9.906,985.165
2025-05-26 10:00:00,5.16,10.878,250.0,360.939,6.92,1016.714
2025-05-26 11:00:00,1.332,10.878,129.41,308.342,4.558,1019.976
2025-05-26 12:00:00,2.263,10.878,0.0,367.257,7.92,1016.373
2025-05-26 13:00:00,1.429,10.878,0.0,377.318,9.991,1011.495
2025-05-26 14:00:00,0.517,10.878,0.0,387.678,7.316,988.527
2025-05-26 15:00:00,0.627,10.878,0.0,409.775,4.861,1007.749
2025-05-26 16:00:00,0.277,10.878,0.0,378.397,6.823,996.81
2025-05-26 17:00:00,3.647,10.878,0.0,311.235,8.671,984.986
2025-05-26 18:00:00,0.428,10.878,0.0,370.67,4.586,982.99
2025-05-26 19:00:00,1.041,10.878,0.0,395.43,6.924,998.841
2025-05-26 20:00:00,1.039,10.878,0.0,383.74,5.524,994.278
2025-05-26 21:00:00,0.959,10.878,0.0,351.048,5.751,1001.766
2025-05-26 22:00:00,1.396,10.878,0.0,378.023,5.807,981.03
2025-05-26 23:00:00,2.635,10.878,0.0,407.546,6.847,1001.994
2025-05-27 00:00:00,0.964,10.738,0.0,400.192,7.906,1003.025
2025-05-27 01:00:00,1.123,10.738,129.41,387.571,9.049,991.101
2025-05-27 02:00:00,1.024,10.738,250.0,379.729,7.551,1019.426
2025-05-27 03:00:00,0.612,10.738,353.553,392.463,5.396,1011.542
2025-05-27 04:00:00,0.507,10.738,433.013,321.149,4.27,1003.159
2025-05-27 05:00:00,1.358,10.738,482.963,319.132,6.535,1002.205
2025-05-27 06:00:00,1.771,10.738,500.0,403.842,7.657,982.764
2025-05-27 07:00:00,1.279,10.738,482.963,313.877,6.546,1017.417
2025-05-27 08:00:00,0.613,10.738,433.013,388.365,8.581,1007.81
2025-05-27 09:00:00,3.154,10.738,353.553,388.265,8.453,1014.221
2025-05-27 10:00:00,0.322,10.738,250.0,336.414,9.271,988.343
2025-05-27 11:00:00,0.293,10.738,129.41,391.294,6.067,1004.939
2025-05-27 12:00:00,4.808,10.738,0.0,379.364,9.343,984.143
2025-05-27 13:00:00,0.621,10.738,0.0,395.687,8.441,1018.849
2025-05-27 14:00:00,0.759,10.738,0.0,301.612,8.781,981.617
2025-05-27 15:00:00,1.734,10.738,0.0,376.864,7.036,1012.454
2025-05-27 16:00:00,1.895,10.738,0.0,326.801,4.889,991.205
2025-05-27 17:00:00,0.338,10.738,0.0,418.568,4.049,1018.182
2025-05-27 18:00:00,1.295,10.738,0.0,413.693,6.7,1016.55
2025-05-27 19:00:00,1.398,10.738,0.0,412.686,8.666,1009.384
2025-05-27 20:00:00,1.213,10.738,0.0,315.407,6.964,1002.299
2025-05-27 21:00:00,2.234,10.738,0.0,310.18,4.612,1012.27
2025-05-27 22:00:00,1.958,10.738,0.0,349.512,8.985,995.933
2025-05-27 23:00:00,3.199,10.738,0.0,391.724,5.847,991.584
2025-05-28 00:00:00,1.69,10.596,0.0,389.837,8.373,1000.41
2025-05-28 01:00:00,0.342,10.596,129.41,309.529,5.325,989.444
2025-05-28 02:00:00,1.662,10.596,250.0,357.273,9.985,1000.199
2025-05-28 03:00:00,1.892,10.596,353.553,371.361,6.948,1009.085
2025-05-28 04:00:00,1.114,10.596,433.013,394.77,5.475,991.58
2025-05-28 05:00:00,3.266,10.596,482.963,409.464,5.732,980.973
2025-05-28 06:00:00,1.388,10.596,500.0,401.462,6.062,994.214
2025-05-28 07:00:00,3.277,10.596,482.963,306.55,4.345,980.992
2025-05-28 08:00:00,2.718,10.596,433.013,308.002,8.778,995.694
2025-05-28 09:00:00,1.001,10.596,353.553,389.673,5.624,1005.41
2025-05-28 10:00:00,2.962,10.596,250.0,343.248,7.996,993.713
2025-05-28 11:00:00,1.394,10.596,129.41,306.056,9.392,1019.476
2025-05-28 12:00:00,0.386,10.596,0.0,311.832,9.913,995.393
2025-05-28 13:00:00,2.865,10.596,0.0,405.928,9.62,982.896
2025-05-28 14:00:00,3.488,10.596,0.0,359.461,7.06,990.365
2025-05-28 15:00:00,1.067,10.596,0.0,394.555,6.409,1013.158
2025-05-28 16:00:00,1.539,10.596,0.0,383.471,5.932,982.445
2025-05-28 17:00:00,1.129,10.596,0.0,400.148,8.184,1011.809
2025-05-28 18:00:00,2.481,10.596,0.0,387.587,4.556,985.698
2025-05-28 19:00:00,0.641,10.596,0.0,327.725,9.869,987.774
2025-05-28 20:00:00,1.862,10.596,0.0,386.714,8.249,1001.533
2025-05-28 21:00:00,3.183,10.596,0.0,374.942,9.289,981.243
2025-05-28 22:00:00,4.175,10.596,0.0,352.686,5.88,1010.271
2025-05-28 23:00:00,0.581,10.596,0.0,392.885,9.96,981.329
2025-05-29 00:00:00,2.102,10.452,0.0,335.205,9.381,1009.514
2025-05-29 01:00:00,1.752,10.452,129.41,309.693,4.029,990.801
2025-05-29 02:00:00,2.138,10.452,250.0,369.866,4.535,1013.16
2025-05-29 03:00:00,2.292,10.452,353.553,387.909,4.977,1010.086
2025-05-29 04:00:00,0.182,10.452,433.013,318.205,5.03,980.86
2025-05-29 05:00:00,1.352,10.452,482.963,391.445,7.951,1004.526
2025-05-29 06:00:00,1.611,10.452,500.0,356.918,7.26,1014.718
2025-05-29 07:00:00,2.376,10.452,482.963,389.783,8.616,1009.656
2025-05-29 08:00:00,1.055,10.452,433.013,318.161,7.333,993.194
2025-05-29 09:00:00,4.004,10.452,353.553,347.17,5.592,1015.229
2025-05-29 10:00:00,1.159,10.452,250.0,334.199,7.923,987.791
2025-05-29 11:00:00,0.23,10.452,129.41,327.163,6.389,1012.218
2025-05-29 12:00:00,2.317,10.452,0.0,399.607,8.134,997.862
2025-05-29 13:00:00,2.65,10.452,0.0,312.681,6.189,1007.72
2025-05-29 14:00:00,1.415,10.452,0.0,338.014,9.274,980.633
2025-05-29 15:00:00,0.161,10.452,0.0,317.734,7.784,1016.635
2025-05-29 16:00:00,0.048,10.452,0.0,365.503,5.652,1018.855
2025-05-29 17:00:00,0.076,10.452,0.0,313.195,4.968,991.735
2025-05-29 18:00:00,4.767,10.452,0.0,308.639,8.341,984.889
2025-05-29 19:00:00,1.091,10.452,0.0,375.136,5.492,1002.209
2025-05-29 20:00:00,1.253,10.452,0.0,327.352,7.784,1003.341
2025-05-29 21:00:00,0.984,10.452,0.0,344.536,9.596,1013.027
2025-05-29 22:00:00,0.876,10.452,0.0,359.136,6.505,980.959
2025-05-29 23:00:00,2.601,10.452,0.0,371.087,8.392,992.692
2025-05-30 00:00:00,0.664,10.307,0.0,339.026,9.16,989.656
2025-05-30 01:00:00,0.852,10.307,129.41,386.299,8.126,996.467
2025-05-30 02:00:00,0.229,10.307,250.0,367.555,9.415,1008.519
2025-05-30 03:00:00,1.966,10.307,353.553,371.885,9.697,1012.891
2025-05-30 04:00:00,0.651,10.307,433.013,371.848,5.857,1000.11
2025-05-30 05:00:00,1.165,10.307,482.963,304.634,6.286,1016.52
2025-05-30 06:00:00,1.892,10.307,500.0,345.301,5.972,980.468
2025-05-30 07:00:00,0.477,10.307,482.963,347.133,5.151,999.079
2025-05-30 08:00:00,0.5,10.307,433.013,352.433,7.341,983.48
2025-05-30 09:00:00,0.838,10.307,353.553,357.56,9.891,1010.72
2025-05-30 10:00:00,0.328,10.307,250.0,358.167,6.906,986.262
2025-05-30 11:00:00,1.643,10.307,129.41,385.516,8.283,985.012
2025-05-30 12:00:00,1.159,10.307,0.0,418.538,6.474,1004.134
2025-05-30 13:00:00,1.42,10.307,0.0,342.198,6.915,984.41
2025-05-30 14:00:00,2.316,10.307,0.0,317.165,6.027,983.134
2025-05-30 15:00:00,0.582,10.307,0.0,418.083,4.399,1010.753
2025-05-30 16:00:00,2.8,10.307,0.0,328.007,4.752,1014.599
2025-05-30 17:00:00,2.2,10.307,0.0,359.852,8.737,1008.057
2025-05-30 18:00:00,1.136,10.307,0.0,319.02,9.377,1003.034
2025-05-30 19:00:00,0.028,10.307,0.0,329.453,6.479,1004.79
2025-05-30 20:00:00,0.145,10.307,0.0,401.307,4.218,988.434
2025-05-30 21:00:00,0.859,10.307,0.0,377.737,4.408,1003.569
2025-05-30 22:00:00,2.108,10.307,0.0,333.091,5.217,1019.56
2025-05-30 23:00:00,0.679,10.307,0.0,388.811,8.951,995.925
2025-05-31 00:00:00,2.321,10.161,0.0,342.383,7.238,992.435
2025-05-31 01:00:00,1.951,10.161,129.41,402.972,5.491,983.869
2025-05-31 02:00:00,0.98,10.161,250.0,333.551,6.475,1006.111
2025-05-31 03:00:00,1.692,10.161,353.553,361.371,4.075,982.645
2025-05-31 04:00:00,0.542,10.161,433.013,387.08,7.165,1002.483
2025-05-31 05:00:00,1.277,10.161,482.963,405.747,6.701,1012.152
2025-05-31 06:00:00,1.02,10.161,500.0,401.359,4.576,1007.169
2025-05-31 07:00:00,1.306,10.161,482.963,416.652,4.853,1002.036
2025-05-31 08:00:00,1.524,10.161,433.013,321.44,4.247,986.169
2025-05-31 09:00:00,0.236,10.161,353.553,342.757,6.369,1006.733
2025-05-31 10:00:00,1.457,10.161,250.0,300.146,6.246,1006.22
2025-05-31 11:00:00,7.652,10.161,129.41,381.085,5.786,1002.542
2025-05-31 12:00:00,0.244,10.161,0.0,403.296,6.513,1009.378
2025-05-31 13:00:00,0.284,10.161,0.0,361.613,7.592,1004.428
2025-05-31 14:00:00,1.884,10.161,0.0,386.127,9.679,999.497
2025-05-31 15:00:00,1.984,10.161,0.0,315.076,6.209,1015.002
2025-05-31 16:00:00,1.526,10.161,0.0,330.391,8.782,1006.179
2025-05-31 17:00:00,2.678,10.161,0.0,300.296,5.198,1011.716
2025-05-31 18:00:00,1.784,10.161,0.0,346.261,5.329,1018.968
2025-05-31 19:00:00,2.277,10.161,0.0,326.508,9.449,1003.653
2025-05-31 20:00:00,4.743,10.161,0.0,400.892,8.732,1003.661
2025-05-31 21:00:00,1.721,10.161,0.0,301.023,7.799,990.71
2025-05-31 22:00:00,0.629,10.161,0.0,391.037,6.079,1003.359
2025-05-31 23:00:00,1.386,10.161,0.0,391.676,8.381,1011.673
2025-06-01 00:00:00,0.767,10.012,0.0,335.029,4.786,1004.402
2025-06-01 01:00:00,0.868,10.012,129.41,340.443,4.477,995.332
2025-06-01 02:00:00,0.769,10.012,250.0,305.88,4.915,989.914
2025-06-01 03:00:00,1.881,10.012,353.553,346.616,4.678,998.447
2025-06-01 04:00:00,0.482,10.012,433.013,376.493,4.601,1010.91
2025-06-01 05:00:00,1.136,10.012,482.963,400.884,5.379,995.451
2025-06-01 06:00:00,3.663,10.012,500.0,352.481,6.754,981.69
2025-06-01 07:00:00,0.752,10.012,482.963,405.626,5.297,982.171
2025-06-01 08:00:00,0.181,10.012,433.013,401.915,4.936,1006.839
2025-06-01 09:00:00,1.868,10.012,353.553,367.085,9.824,988.343
2025-06-01 10:00:00,1.776,10.012,250.0,418.111,9.746,1009.515
2025-06-01 11:00:00,0.388,10.012,129.41,362.864,8.257,996.21
2025-06-01 12:00:00,1.023,10.012,0.0,341.982,6.377,1006.304
2025-06-01 13:00:00,0.331,10.012,0.0,343.778,8.72,999.869
2025-06-01 14:00:00,0.927,10.012,0.0,305.682,7.58,983.199
2025-06-01 15:00:00,1.027,10.012,0.0,306.97,7.294,984.135
2025-06-01 16:00:00,1.57,10.012,0.0,388.575,6.772,984.462
2025-06-01 17:00:00,0.942,10.012,0.0,383.853,6.932,1011.91
2025-06-01 18:00:00,1.094,10.012,0.0,328.615,4.317,994.556
2025-06-01 19:00:00,2.138,10.012,0.0,414.809,6.168,1019.404
2025-06-01 20:00:00,0.799,10.012,0.0,371.829,6.965,998.699
2025-06-01 21:00:00,1.589,10.012,0.0,370.019,9.605,999.553
2025-06-01 22:00:00,0.601,10.012,0.0,303.058,4.631,984.968
2025-06-01 23:00:00,1.316,10.012,0.0,371.901,6.293,1007.731
2025-06-02 00:00:00,3.919,9.863,0.0,334.449,6.241,989.107
2025-06-02 01:00:00,1.237,9.863,129.41,402.954,5.92,989.136
2025-06-02 02:00:00,1.574,9.863,250.0,320.432,6.178,1008.246
2025-06-02 03:00:00,0.203,9.863,353.553,341.325,6.445,991.966
2025-06-02 04:00:00,0.696,9.863,433.013,325.578,5.336,1010.553
2025-06-02 05:00:00,1.231,9.863,482.963,315.048,7.147,1007.001
2025-06-02 06:00:00,1.612,9.863,500.0,409.844,4.428,1001.198
2025-06-02 07:00:00,2.642,9.863,482.963,374.085,4.038,986.234
2025-06-02 08:00:00,0.16,9.863,433.013,350.723,7.404,984.364
2025-06-02 09:00:00,0.296,9.863,353.553,393.397,7.101,990.989
2025-06-02 10:00:00,0.505,9.863,250.0,327.706,8.499,998.347
2025-06-02 11:00:00,1.671,9.863,129.41,378.055,9.38,999.939
2025-06-02 12:00:00,1.077,9.863,0.0,300.863,4.002,1001.339
2025-06-02 13:00:00,1.621,9.863,0.0,332.819,5.1,1016.924
2025-06-02 14:00:00,1.75,9.863,0.0,376.592,8.02,1019.931
2025-06-02 15:00:00,1.063,9.863,0.0,369.081,6.617,999.225
2025-06-02 16:00:00,0.114,9.863,0.0,369.544,4.866,1005.335
2025-06-02 17:00:00,2.524,9.863,0.0,379.572,8.981,1006.276
2025-06-02 18:00:00,1.053,9.863,0.0,307.387,9.476,1002.027
2025-06-02 19:00:00,4.136,9.863,0.0,352.531,4.774,1006.957
2025-06-02 20:00:00,2.408,9.863,0.0,396.546,9.065,1017.947
2025-06-02 21:00:00,0.769,9.863,0.0,375.92,7.552,999.787
2025-06-02 22:00:00,0.695,9.863,0.0,397.554,6.288,1001.017
2025-06-02 23:00:00,0.687,9.863,0.0,347.662,5.41,995.626
2025-06-03 00:00:00,1.521,9.712,0.0,303.626,9.402,991.346
2025-06-03 01:00:00,1.94,9.712,129.41,418.123,8.408,1015.403
2025-06-03 02:00:00,1.063,9.712,250.0,364.645,7.468,1014.932
2025-06-03 03:00:00,0.52,9.712,353.553,326.614,6.126,1019.68
2025-06-03 04:00:00,1.192,9.712,433.013,354.141,7.638,998.807
2025-06-03 05:00:00,0.616,9.712,482.963,383.656,4.766,988.283
2025-06-03 06:00:00,0.57,9.712,500.0,349.201,5.15,1012.726
2025-06-03 07:00:00,1.355,9.712,482.963,311.227,9.64,982.75
2025-06-03 08:00:00,1.297,9.712,433.013,311.798,6.765,1006.58
2025-06-03 09:00:00,5.319,9.712,353.553,353.004,7.527,1005.972
2025-06-03 10:00:00,2.475,9.712,250.0,394.738,9.475,980.931
2025-06-03 11:00:00,2.346,9.712,129.41,329.476,7.061,987.891
2025-06-03 12:00:00,3.221,9.712,0.0,357.354,8.546,1007.082
2025-06-03 13:00:00,1.937,9.712,0.0,357.245,6.115,1018.61
2025-06-03 14:00:00,0.442,9.712,0.0,399.719,6.393,997.559
2025-06-03 15:00:00,1.736,9.712,0.0,312.246,7.138,986.409
2025-06-03 16:00:00,1.89,9.712,0.0,375.813,8.341,986.327
2025-06-03 17:00:00,1.157,9.712,0.0,374.815,5.095,989.497
2025-06-03 18:00:00,0.786,9.712,0.0,328.435,9.37,991.552
2025-06-03 19:00:00,3.984,9.712,0.0,325.403,7.833,1000.392
2025-06-03 20:00:00,1.234,9.712,0.0,335.089,6.993,1017.707
2025-06-03 21:00:00,1.036,9.712,0.0,370.601,4.654,999.379
2025-06-03 22:00:00,2.72,9.712,0.0,301.955,9.57,1019.977
2025-06-03 23:00:00,5.59,9.712,0.0,410.704,9.808,982.077
2025-06-04 00:00:00,1.387,9.559,0.0,311.523,4.717,1012.199
2025-06-04 01:00:00,0.418,9.559,129.41,378.14,9.705,1003.799
2025-06-04 02:00:00,0.735,9.559,250.0,379.17,8.68,997.322
2025-06-04 03:00:00,1.321,9.559,353.553,342.593,6.813,988.528
2025-06-04 04:00:00,0.846,9.559,433.013,360.49,7.325,1012.864
2025-06-04 05:00:00,0.233,9.559,482.963,411.518,7.937,1011.674
2025-06-04 06:00:00,2.767,9.559,500.0,338.661,9.028,1001.77
2025-06-04 07:00:00,0.848,9.559,482.963,332.815,9.724,993.291
2025-06-04 08:00:00,4.866,9.559,433.013,316.632,4.294,997.456
2025-06-04 09:00:00,2.326,9.559,353.553,410.757,8.216,997.718
2025-06-04 10:00:00,5.489,9.559,250.0,379.258,9.561,1009.51
2025-06-04 11:00:00,0.492,9.559,129.41,322.372,7.187,1011.426
2025-06-04 12:00:00,3.132,9.559,0.0,415.603,9.148,1011.494
2025-06-04 13:00:00,0.212,9.559,0.0,380.901,9.209,997.021
2025-06-04 14:00:00,1.743,9.559,0.0,359.617,7.801,991.63
2025-06-04 15:00:00,1.928,9.559,0.0,401.646,9.948,994.292
2025-06-04 16:00:00,1.592,9.559,0.0,343.54,6.747,990.772
2025-06-04 17:00:00,1.761,9.559,0.0,403.361,7.169,1002.738
2025-06-04 18:00:00,0.082,9.559,0.0,320.263,5.554,1018.503
2025-06-04 19:00:00,0.333,9.559,0.0,305.423,5.506,997.754
2025-06-04 20:00:00,0.906,9.559,0.0,359.037,9.947,989.367
2025-06-04 21:00:00,0.484,9.559,0.0,403.39,9.169,989.515
2025-06-04 22:00:00,0.254,9.559,0.0,365.289,8.385,987.073
2025-06-04 23:00:00,0.322,9.559,0.0,367.288,9.813,1013.904
2025-06-05 00:00:00,0.326,9.405,0.0,410.813,7.726,989.568
2025-06-05 01:00:00,2.036,9.405,129.41,399.342,9.64,1010.063
2025-06-05 02:00:00,0.439,9.405,250.0,336.191,9.832,1003.323
2025-06-05 03:00:00,0.682,9.405,353.553,309.106,7.208,1001.838
2025-06-05 04:00:00,4.615,9.405,433.013,300.036,5.594,1006.62
2025-06-05 05:00:00,5.289,9.405,482.963,335.546,4.988,980.571
2025-06-05 06:00:00,1.568,9.405,500.0,404.035,8.212,989.084
2025-06-05 07:00:00,1.143,9.405,482.963,389.321,5.319,993.743
2025-06-05 08:00:00,0.664,9.405,433.013,304.964,8.326,1019.96
2025-06-05 09:00:00,1.269,9.405,353.553,303.752,8.705,991.494
2025-06-05 10:00:00,3.059,9.405,250.0,395.872,7.618,1017.322
2025-06-05 11:00:00,0.91,9.405,129.41,415.117,6.753,997.758
2025-06-05 12:00:00,1.631,9.405,0.0,386.546,8.715,1002.843
2025-06-05 13:00:00,5.57,9.405,0.0,388.436,9.553,1017.745
2025-06-05 14:00:00,1.265,9.405,0.0,368.153,4.625,1003.53
2025-06-05 15:00:00,0.42,9.405,0.0,406.317,6.527,990.159
2025-06-05 16:00:00,0.254,9.405,0.0,347.133,9.967,1001.542
2025-06-05 17:00:00,0.396,9.405,0.0,341.51,5.896,1004.716
2025-06-05 18:00:00,0.664,9.405,0.0,349.394,7.258,1005.737
2025-06-05 19:00:00,1.081,9.405,0.0,375.626,7.757,1007.561
2025-06-05 20:00:00,0.177,9.405,0.0,315.27,9.941,1014.398
2025-06-05 21:00:00,2.791,9.405,0.0,308.818,8.967,991.114
2025-06-05 22:00:00,0.581,9.405,0.0,375.587,9.169,993.984
2025-06-05 23:00:00,0.426,9.405,0.0,412.94,7.218,992.79
2025-06-06 00:00:00,0.953,9.25,0.0,364.547,7.745,1004.64
2025-06-06 01:00:00,1.893,9.25,129.41,418.629,5.429,1006.531
2025-06-06 02:00:00,3.184,9.25,250.0,313.016,6.217,998.033
2025-06-06 03:00:00,1.227,9.25,353.553,392.896,8.02,991.361
2025-06-06 04:00:00,0.5,9.25,433.013,354.325,6.163,980.336
2025-06-06 05:00:00,0.224,9.25,482.963,342.599,4.513,986.507
2025-06-06 06:00:00,2.969,9.25,500.0,342.865,9.156,981.974
2025-06-06 07:00:00,2.176,9.25,482.963,361.196,7.488,1016.475
2025-06-06 08:00:00,1.71,9.25,433.013,316.327,5.633,981.468
2025-06-06 09:00:00,0.324,9.25,353.553,334.975,4.843,1018.629
2025-06-06 10:00:00,0.392,9.25,250.0,333.644,9.563,985.289
2025-06-06 11:00:00,0.375,9.25,129.41,409.63,4.033,996.583
2025-06-06 12:00:00,1.063,9.25,0.0,314.013,7.378,1010.631
2025-06-06 13:00:00,1.661,9.25,0.0,319.913,4.877,1006.79
2025-06-06 14:00:00,1.956,9.25,0.0,317.35,5.553,986.962
2025-06-06 15:00:00,0.893,9.25,0.0,389.934,9.155,1004.689
2025-06-06 16:00:00,0.042,9.25,0.0,387.427,8.424,990.717
2025-06-06 17:00:00,0.95,9.25,0.0,349.115,6.494,999.267
2025-06-06 18:00:00,0.908,9.25,0.0,406.384,5.861,990.115
2025-06-06 19:00:00,0.663,9.25,0.0,407.133,4.264,991.853
2025-06-06 20:00:00,0.432,9.25,0.0,320.837,5.427,1017.955
2025-06-06 21:00:00,2.547,9.25,0.0,368.202,5.824,1005.943
2025-06-06 22:00:00,3.715,9.25,0.0,306.146,6.764,1016.239
2025-06-06 23:00:00,1.009,9.25,0.0,336.839,6.869,982.687
2025-06-07 00:00:00,2.423,9.094,0.0,311.815,5.285,1011.695
2025-06-07 01:00:00,0.642,9.094,129.41,399.947,6.11,988.095
2025-06-07 02:00:00,1.718,9.094,250.0,329.78,5.749,984.149
2025-06-07 03:00:00,4.263,9.094,353.553,377.862,9.706,994.052
2025-06-07 04:00:00,3.431,9.094,433.013,345.788,9.259,1012.261
2025-06-07 05:00:00,2.278,9.094,482.963,362.584,9.96,986.075
2025-06-07 06:00:00,1.045,9.094,500.0,335.241,5.971,1005.126
2025-06-07 07:00:00,1.043,9.094,482.963,304.781,4.889,1003.021
2025-06-07 08:00:00,0.748,9.094,433.013,381.831,4.829,1010.022
2025-06-07 09:00:00,2.169,9.094,353.553,328.609,7.692,992.079
2025-06-07 10:00:00,0.31,9.094,250.0,327.61,6.826,984.557
2025-06-07 11:00:00,0.662,9.094,129.41,395.046,8.504,992.178
2025-06-07 12:00:00,0.964,9.094,0.0,412.601,7.681,1017.177
2025-06-07 13:00:00,0.102,9.094,0.0,309.584,6.126,1018.655
2025-06-07 14:00:00,0.294,9.094,0.0,382.641,5.052,992.177
2025-06-07 15:00:00,0.25,9.094,0.0,303.213,7.212,1017.132
2025-06-07 16:00:00,2.362,9.094,0.0,347.536,8.934,1010.347
2025-06-07 17:00:00,1.532,9.094,0.0,419.584,8.086,1016.717
2025-06-07 18:00:00,1.675,9.094,0.0,329.108,7.755,987.747
2025-06-07 19:00:00,2.034,9.094,0.0,368.315,9.736,983.108
2025-06-07 20:00:00,1.471,9.094,0.0,320.692,9.286,1017.912
2025-06-07 21:00:00,2.324,9.094,0.0,365.389,9.571,1007.408
2025-06-07 22:00:00,0.726,9.094,0.0,331.795,4.973,1014.572
2025-06-07 23:00:00,1.114,9.094,0.0,411.208,7.212,993.699
2025-06-08 00:00:00,2.164,8.936,0.0,304.036,9.197,1010.02
2025-06-08 01:00:00,1.004,8.936,129.41,363.037,4.503,1018.298
2025-06-08 02:00:00,1.268,8.936,250.0,309.069,8.756,1017.274
2025-06-08 03:00:00,3.536,8.936,353.553,373.785,4.986,1018.534
2025-06-08 04:00:00,1.138,8.936,433.013,323.574,9.232,1018.711
2025-06-08 05:00:00,0.232,8.936,482.963,363.683,5.144,1004.373
2025-06-08 06:00:00,1.722,8.936,500.0,382.684,5.501,1013.53
2025-06-08 07:00:00,0.455,8.936,482.963,312.19,9.039,995.785
2025-06-08 08:00:00,0.22,8.936,433.013,393.893,7.493,1009.457
2025-06-08 09:00:00,2.568,8.936,353.553,361.663,9.108,1016.094
2025-06-08 10:00:00,0.225,8.936,250.0,379.718,4.69,1005.18
2025-06-08 11:00:00,2.135,8.936,129.41,391.069,8.199,1014.009
2025-06-08 12:00:00,2.891,8.936,0.0,405.531,4.895,1016.841
2025-06-08 13:00:00,0.333,8.936,0.0,339.787,9.33,997.329
2025-06-08 14:00:00,3.503,8.936,0.0,333.308,9.808,992.643
2025-06-08 15:00:00,0.188,8.936,0.0,330.172,6.621,988.008
2025-06-08 16:00:00,0.072,8.936,0.0,385.67,6.057,1009.687
2025-06-08 17:00:00,0.102,8.936,0.0,318.782,5.935,1010.832
2025-06-08 18:00:00,3.427,8.936,0.0,313.413,7.942,1012.149
2025-06-08 19:00:00,1.534,8.936,0.0,380.672,6.401,1018.561
2025-06-08 20:00:00,1.972,8.936,0.0,380.752,8.773,993.062
2025-06-08 21:00:00,3.313,8.936,0.0,321.948,5.125,989.992
2025-06-08 22:00:00,0.344,8.936,0.0,313.424,7.835,1008.664
2025-06-08 23:00:00,1.829,8.936,0.0,398.381,6.193,1019.095
2025-06-09 00:00:00,0.993,8.777,0.0,386.712,8.561,999.785
2025-06-09 01:00:00,2.694,8.777,129.41,402.557,4.26,1003.964
2025-06-09 02:00:00,0.834,8.777,250.0,339.815,6.459,1005.42
2025-06-09 03:00:00,2.369,8.777,353.553,395.739,9.054,1008.228
2025-06-09 04:00:00,2.719,8.777,433.013,373.62,6.286,1012.256
2025-06-09 05:00:00,0.892,8.777,482.963,389.731,9.832,984.934
2025-06-09 06:00:00,1.709,8.777,500.0,339.124,7.781,1018.755
2025-06-09 07:00:00,0.062,8.777,482.963,360.856,9.221,982.945
2025-06-09 08:00:00,1.654,8.777,433.013,325.944,5.595,985.463
2025-06-09 09:00:00,0.44,8.777,353.553,316.046,7.762,1016.0
2025-06-09 10:00:00,2.273,8.777,250.0,309.953,7.994,996.796
2025-06-09 11:00:00,0.653,8.777,129.41,418.957,8.352,1009.3
2025-06-09 12:00:00,0.383,8.777,0.0,334.604,6.781,998.93
2025-06-09 13:00:00,3.597,8.777,0.0,346.651,5.63,1012.537
2025-06-09 14:00:00,0.948,8.777,0.0,348.003,8.993,988.763
2025-06-09 15:00:00,0.271,8.777,0.0,407.078,7.034,1012.401
2025-06-09 16:00:00,2.027,8.777,0.0,340.758,5.313,983.849
2025-06-09 17:00:00,1.829,8.777,0.0,349.637,8.241,997.498
2025-06-09 18:00:00,0.702,8.777,0.0,407.054,9.664,1013.986
2025-06-09 19:00:00,2.435,8.777,0.0,382.452,9.434,992.468
2025-06-09 20:00:00,1.434,8.777,0.0,345.458,9.781,984.478
2025-06-09 21:00:00,0.395,8.777,0.0,342.031,9.818,982.37
2025-06-09 22:00:00,2.693,8.777,0.0,303.74,7.056,993.336
2025-06-09 23:00:00,0.213,8.777,0.0,324.503,6.548,994.377
2025-06-10 00:00:00,0.454,8.617,0.0,348.091,6.752,1012.067
2025-06-10 01:00:00,4.282,8.617,129.41,383.815,6.062,1008.232
2025-06-10 02:00:00,1.402,8.617,250.0,360.204,4.103,1011.228
2025-06-10 03:00:00,3.152,8.617,353.553,315.068,7.828,985.08
2025-06-10 04:00:00,1.37,8.617,433.013,393.273,6.736,1004.047
2025-06-10 05:00:00,3.402,8.617,482.963,379.592,7.689,1004.165
2025-06-10 06:00:00,0.265,8.617,500.0,345.323,5.402,996.629
2025-06-10 07:00:00,1.601,8.617,482.963,406.568,8.919,1015.181
2025-06-10 08:00:00,1.014,8.617,433.013,323.819,7.986,1004.898
2025-06-10 09:00:00,2.439,8.617,353.553,340.329,7.555,994.044
2025-06-10 10:00:00,1.274,8.617,250.0,321.43,5.406,997.516
2025-06-10 11:00:00,0.719,8.617,129.41,385.019,9.383,1004.426
2025-06-10 12:00:00,0.461,8.617,0.0,300.867,5.024,987.297
2025-06-10 13:00:00,1.595,8.617,0.0,344.028,5.382,997.858
2025-06-10 14:00:00,1.808,8.617,0.0,385.222,8.665,1006.906
2025-06-10 15:00:00,3.246,8.617,0.0,380.619,9.594,1010.675
2025-06-10 16:00:00,0.586,8.617,0.0,312.809,8.155,1016.785
2025-06-10 17:00:00,1.369,8.617,0.0,306.051,8.728,1001.065
2025-06-10 18:00:00,1.233,8.617,0.0,418.702,8.485,1017.377
2025-06-10 19:00:00,0.308,8.617,0.0,352.189,5.15,997.624
2025-06-10 20:00:00,0.219,8.617,0.0,357.275,7.317,1006.225
2025-06-10 21:00:00,1.711,8.617,0.0,382.619,6.869,992.273
2025-06-10 22:00:00,4.056,8.617,0.0,322.455,4.432,982.588
2025-06-10 23:00:00,0.206,8.617,0.0,375.889,6.892,1014.403
2025-06-11 00:00:00,1.929,8.456,0.0,389.699,8.375,986.549
2025-06-11 01:00:00,1.859,8.456,129.41,362.007,7.613,1006.368
2025-06-11 02:00:00,0.693,8.456,250.0,332.826,9.057,1015.897
2025-06-11 03:00:00,0.416,8.456,353.553,361.099,9.076,1005.386
2025-06-11 04:00:00,0.164,8.456,433.013,418.178,5.953,1007.208
2025-06-11 05:00:00,1.998,8.456,482.963,326.949,5.077,1011.175
2025-06-11 06:00:00,0.259,8.456,500.0,309.792,7.278,991.648
2025-06-11 07:00:00,4.404,8.456,482.963,305.213,5.88,989.967
2025-06-11 08:00:00,6.52,8.456,433.013,392.543,7.845,987.409
2025-06-11 09:00:00,0.121,8.456,353.553,376.152,6.98,996.256
2025-06-11 10:00:00,2.455,8.456,250.0,351.758,6.539,994.168
2025-06-11 11:00:00,0.477,8.456,129.41,304.276,7.734,1010.437
2025-06-11 12:00:00,4.908,8.456,0.0,350.988,7.319,1015.558
2025-06-11 13:00:00,1.71,8.456,0.0,411.137,9.95,1017.937
2025-06-11 14:00:00,0.523,8.456,0.0,331.322,7.032,1000.582
2025-06-11 15:00:00,0.242,8.456,0.0,345.045,4.241,1017.573
2025-06-11 16:00:00,1.323,8.456,0.0,398.945,9.587,982.497
2025-06-11 17:00:00,0.918,8.456,0.0,383.987,8.404,992.831
2025-06-11 18:00:00,1.77,8.456,0.0,414.55,7.594,980.903
2025-06-11 19:00:00,1.733,8.456,0.0,324.053,9.907,1000.647
2025-06-11 20:00:00,0.406,8.456,0.0,379.603,5.555,1008.673
2025-06-11 21:00:00,1.453,8.456,0.0,408.083,7.548,1007.372
2025-06-11 22:00:00,0.862,8.456,0.0,406.259,7.434,996.15
2025-06-11 23:00:00,1.105,8.456,0.0,371.975,9.595,1007.067
2025-06-12 00:00:00,0.796,8.294,0.0,337.233,7.275,1001.346
2025-06-12 01:00:00,0.124,8.294,129.41,308.874,9.453,989.83
2025-06-12 02:00:00,3.801,8.294,250.0,322.994,7.276,1018.113
2025-06-12 03:00:00,0.723,8.294,353.553,412.627,6.359,1013.191
2025-06-12 04:00:00,1.857,8.294,433.013,363.047,8.876,981.173
2025-06-12 05:00:00,5.746,8.294,482.963,383.568,5.538,999.15
2025-06-12 06:00:00,0.882,8.294,500.0,346.14,9.49,1009.261
2025-06-12 07:00:00,0.354,8.294,482.963,398.905,5.545,982.463
2025-06-12 08:00:00,0.267,8.294,433.013,336.64,9.084,988.237
2025-06-12 09:00:00,0.29,8.294,353.553,338.157,9.199,986.523
2025-06-12 10:00:00,1.323,8.294,250.0,416.836,6.85,1001.997
2025-06-12 11:00:00,6.395,8.294,129.41,327.658,7.714,981.868
2025-06-12 12:00:00,3.414,8.294,0.0,331.176,7.584,993.714
2025-06-12 13:00:00,0.259,8.294,0.0,403.406,7.546,1008.967
2025-06-12 14:00:00,1.091,8.294,0.0,395.621,9.554,985.121
2025-06-12 15:00:00,0.101,8.294,0.0,300.885,6.777,990.611
2025-06-12 16:00:00,3.086,8.294,0.0,377.631,9.701,989.145
2025-06-12 17:00:00,0.369,8.294,0.0,326.109,5.798,990.711
2025-06-12 18:00:00,1.998,8.294,0.0,417.663,8.199,990.244
2025-06-12 19:00:00,1.828,8.294,0.0,387.228,5.825,1010.106
2025-06-12 20:00:00,1.788,8.294,0.0,339.864,8.818,1006.805
2025-06-12 21:00:00,0.321,8.294,0.0,353.891,6.525,1011.848
2025-06-12 22:00:00,0.292,8.294,0.0,414.949,5.063,1012.688
2025-06-12 23:00:00,2.85,8.294,0.0,327.9,9.329,1000.542
2025-06-13 00:00:00,4.081,8.131,0.0,305.926,5.887,1012.173
2025-06-13 01:00:00,1.89,8.131,129.41,323.266,7.059,982.413
2025-06-13 02:00:00,2.861,8.131,250.0,378.233,8.577,988.552
2025-06-13 03:00:00,0.302,8.131,353.553,305.016,9.579,1002.94
2025-06-13 04:00:00,0.346,8.131,433.013,318.163,4.597,1018.099
2025-06-13 05:00:00,0.254,8.131,482.963,383.498,8.541,995.725
2025-06-13 06:00:00,0.199,8.131,500.0,363.939,5.992,986.627
2025-06-13 07:00:00,3.111,8.131,482.963,310.904,6.488,1004.245
2025-06-13 08:00:00,1.694,8.131,433.013,340.292,7.97,1007.801
2025-06-13 09:00:00,4.469,8.131,353.553,374.273,4.779,1019.602
2025-06-13 10:00:00,0.876,8.131,250.0,383.098,8.079,1003.481
2025-06-13 11:00:00,0.839,8.131,129.41,312.912,8.57,992.432
2025-06-13 12:00:00,0.635,8.131,0.0,324.689,7.282,987.566
2025-06-13 13:00:00,3.157,8.131,0.0,354.507,4.456,997.766
2025-06-13 14:00:00,0.744,8.131,0.0,399.949,6.367,990.663
2025-06-13 15:00:00,0.108,8.131,0.0,399.255,5.634,1014.858
2025-06-13 16:00:00,2.248,8.131,0.0,406.579,4.822,1009.841
2025-06-13 17:00:00,2.678,8.131,0.0,367.515,5.403,995.074
2025-06-13 18:00:00,0.948,8.131,0.0,330.749,7.088,1004.435
2025-06-13 19:00:00,1.054,8.131,0.0,354.174,4.514,983.107
2025-06-13 20:00:00,2.044,8.131,0.0,393.511,4.206,1005.367
2025-06-13 21:00:00,0.298,8.131,0.0,303.285,7.968,991.463
2025-06-13 22:00:00,5.666,8.131,0.0,340.507,4.297,996.232
2025-06-13 23:00:00,3.229,8.131,0.0,367.19,4.19,987.581
2025-06-14 00:00:00,1.055,7.967,0.0,395.473,7.286,994.61
2025-06-14 01:00:00,0.499,7.967,129.41,301.691,7.455,987.262
2025-06-14 02:00:00,3.673,7.967,250.0,325.14,7.744,1015.411
2025-06-14 03:00:00,1.085,7.967,353.553,380.763,6.075,1015.446
2025-06-14 04:00:00,1.14,7.967,433.013,389.679,9.075,985.323
2025-06-14 05:00:00,2.033,7.967,482.963,319.681,9.072,1001.971
2025-06-14 06:00:00,1.309,7.967,500.0,313.905,4.999,1004.272
2025-06-14 07:00:00,1.279,7.967,482.963,390.354,6.765,999.6
2025-06-14 08:00:00,0.153,7.967,433.013,346.876,8.075,1009.802
2025-06-14 09:00:00,4.373,7.967,353.553,379.509,5.548,1012.591
2025-06-14 10:00:00,3.009,7.967,250.0,390.143,4.821,998.793
2025-06-14 11:00:00,2.761,7.967,129.41,312.599,9.489,986.74
2025-06-14 12:00:00,2.526,7.967,0.0,338.273,7.352,1001.169
2025-06-14 13:00:00,1.2,7.967,0.0,399.7,7.434,1006.855
2025-06-14 14:00:00,1.979,7.967,0.0,384.24,6.69,1010.056
2025-06-14 15:00:00,0.368,7.967,0.0,361.079,9.935,1008.525
2025-06-14 16:00:00,0.831,7.967,0.0,306.771,6.836,997.446
2025-06-14 17:00:00,3.298,7.967,0.0,401.844,8.407,985.16
2025-06-14 18:00:00,2.411,7.967,0.0,348.378,6.63,1005.108
2025-06-14 19:00:00,0.676,7.967,0.0,414.206,7.001,996.939
2025-06-14 20:00:00,1.803,7.967,0.0,403.998,4.99,1018.341
2025-06-14 21:00:00,0.946,7.967,0.0,313.211,7.502,1008.452
2025-06-14 22:00:00,0.601,7.967,0.0,319.831,8.237,1006.52
2025-06-14 23:00:00,2.568,7.967,0.0,398.433,5.962,996.027
2025-06-15 00:00:00,0.778,7.802,0.0,406.891,6.747,1017.803
2025-06-15 01:00:00,2.542,7.802,129.41,398.774,7.475,991.672
2025-06-15 02:00:00,1.142,7.802,250.0,349.665,5.253,982.672
2025-06-15 03:00:00,0.475,7.802,353.553,305.087,8.476,1011.882
2025-06-15 04:00:00,0.915,7.802,433.013,324.189,5.765,1004.095
2025-06-15 05:00:00,1.65,7.802,482.963,349.56,5.368,983.788
2025-06-15 06:00:00,2.101,7.802,500.0,359.396,6.368,995.55
2025-06-15 07:00:00,1.39,7.802,482.963,305.704,4.529,984.148
2025-06-15 08:00:00,0.314,7.802,433.013,394.255,4.822,1004.905
2025-06-15 09:00:00,4.724,7.802,353.553,372.582,4.653,1015.184
2025-06-15 10:00:00,1.63,7.802,250.0,329.635,9.375,985.637
2025-06-15 11:00:00,2.836,7.802,129.41,330.802,8.099,1008.474
2025-06-15 12:00:00,1.601,7.802,0.0,417.425,4.258,1000.479
2025-06-15 13:00:00,0.813,7.802,0.0,373.176,7.52,993.545
2025-06-15 14:00:00,1.736,7.802,0.0,368.303,9.098,990.303
2025-06-15 15:00:00,4.719,7.802,0.0,378.179,4.766,1016.477
2025-06-15 16:00:00,4.757,7.802,0.0,321.926,4.92,992.859
2025-06-15 17:00:00,1.177,7.802,0.0,404.239,7.297,1011.88
2025-06-15 18:00:00,3.295,7.802,0.0,322.936,4.722,1000.326
2025-06-15 19:00:00,1.401,7.802,0.0,415.662,8.542,992.976
2025-06-15 20:00:00,1.349,7.802,0.0,374.77,6.477,1001.478
2025-06-15 21:00:00,0.991,7.802,0.0,412.996,9.913,1015.237
2025-06-15 22:00:00,1.093,7.802,0.0,409.205,9.635,1012.293
2025-06-15 23:00:00,1.845,7.802,0.0,406.645,9.942,983.191
2025-06-16 00:00:00,1.376,7.637,0.0,324.526,9.821,1005.108
2025-06-16 01:00:00,2.075,7.637,129.41,355.659,5.435,984.776
2025-06-16 02:00:00,0.281,7.637,250.0,339.114,8.438,989.827
2025-06-16 03:00:00,1.586,7.637,353.553,334.145,8.981,999.512
2025-06-16 04:00:00,2.66,7.637,433.013,371.442,6.483,983.228
2025-06-16 05:00:00,0.991,7.637,482.963,316.296,4.179,1015.168
2025-06-16 06:00:00,3.907,7.637,500.0,349.566,5.595,1004.042
2025-06-16 07:00:00,1.072,7.637,482.963,324.661,6.72,999.479
2025-06-16 08:00:00,0.838,7.637,433.013,335.515,6.207,1005.946
2025-06-16 09:00:00,1.158,7.637,353.553,416.993,8.186,998.577
2025-06-16 10:00:00,0.379,7.637,250.0,367.86,7.195,984.753
2025-06-16 11:00:00,0.13,7.637,129.41,392.448,4.942,1007.388
2025-06-16 12:00:00,1.471,7.637,0.0,372.154,5.799,1001.148
2025-06-16 13:00:00,1.737,7.637,0.0,407.739,8.395,988.033
2025-06-16 14:00:00,0.307,7.637,0.0,331.802,5.228,996.105
2025-06-16 15:00:00,1.203,7.637,0.0,317.547,8.308,988.458
2025-06-16 16:00:00,1.951,7.637,0.0,358.625,9.498,993.696
2025-06-16 17:00:00,1.589,7.637,0.0,310.18,4.129,1001.254
2025-06-16 18:00:00,0.255,7.637,0.0,357.43,9.657,984.536
2025-06-16 19:00:00,0.539,7.637,0.0,319.566,8.439,994.006
2025-06-16 20:00:00,1.752,7.637,0.0,412.93,7.744,992.435
2025-06-16 21:00:00,0.55,7.637,0.0,325.366,7.665,993.055
2025-06-16 22:00:00,2.289,7.637,0.0,388.116,6.524,987.819
2025-06-16 23:00:00,2.286,7.637,0.0,361.221,7.579,1010.951
2025-06-17 00:00:00,0.708,7.47,0.0,398.883,8.403,981.598
2025-06-17 01:00:00,2.532,7.47,129.41,404.607,9.619,996.627
2025-06-17 02:00:00,1.227,7.47,250.0,304.565,7.802,984.176
2025-06-17 03:00:00,1.419,7.47,353.553,312.261,6.946,1004.993
2025-06-17 04:00:00,0.487,7.47,433.013,306.231,5.551,1007.92
2025-06-17 05:00:00,2.605,7.47,482.963,354.138,8.777,1010.121
2025-06-17 06:00:00,2.995,7.47,500.0,366.829,9.291,991.63
2025-06-17 07:00:00,5.014,7.47,482.963,374.159,6.963,983.432
2025-06-17 08:00:00,0.604,7.47,433.013,300.158,6.36,991.263
2025-06-17 09:00:00,0.432,7.47,353.553,410.325,9.571,1016.179
2025-06-17 10:00:00,3.506,7.47,250.0,353.262,6.336,982.67
2025-06-17 11:00:00,1.222,7.47,129.41,346.831,6.261,983.793
2025-06-17 12:00:00,0.332,7.47,0.0,381.256,7.298,981.097
2025-06-17 13:00:00,1.07,7.47,0.0,357.986,8.299,981.699
2025-06-17 14:00:00,2.019,7.47,0.0,334.533,8.418,1016.482
2025-06-17 15:00:00,0.768,7.47,0.0,321.437,5.293,1019.744
2025-06-17 16:00:00,3.865,7.47,0.0,380.77,7.033,1011.609
2025-06-17 17:00:00,0.579,7.47,0.0,307.853,8.607,1011.018
2025-06-17 18:00:00,0.945,7.47,0.0,314.313,9.278,1003.013
2025-06-17 19:00:00,0.357,7.47,0.0,413.872,6.216,983.383
2025-06-17 20:00:00,1.081,7.47,0.0,377.6,8.531,987.353
2025-06-17 21:00:00,0.661,7.47,0.0,326.391,9.992,1012.281
2025-06-17 22:00:00,0.376,7.47,0.0,334.061,4.528,990.076
2025-06-17 23:00:00,0.408,7.47,0.0,317.677,8.236,984.421
2025-06-18 00:00:00,0.918,7.303,0.0,377.614,8.927,1013.539
2025-06-18 01:00:00,0.177,7.303,129.41,386.212,6.382,995.792
2025-06-18 02:00:00,2.243,7.303,250.0,411.846,7.594,986.376
2025-06-18 03:00:00,1.167,7.303,353.553,304.786,6.701,1001.472
2025-06-18 04:00:00,2.27,7.303,433.013,347.096,6.66,981.326
2025-06-18 05:00:00,0.095,7.303,482.963,350.011,5.5,986.219
2025-06-18 06:00:00,2.746,7.303,500.0,310.648,5.41,1011.758
2025-06-18 07:00:00,2.809,7.303,482.963,366.77,6.303,1015.66
2025-06-18 08:00:00,1.213,7.303,433.013,332.811,8.52,1013.526
2025-06-18 09:00:00,3.508,7.303,353.553,349.172,4.067,996.954
2025-06-18 10:00:00,0.546,7.303,250.0,342.35,9.299,984.325
2025-06-18 11:00:00,1.011,7.303,129.41,316.822,7.63,1015.324
2025-06-18 12:00:00,0.753,7.303,0.0,308.46,4.291,987.743
2025-06-18 13:00:00,0.399,7.303,0.0,418.874,9.836,987.619
2025-06-18 14:00:00,3.657,7.303,0.0,340.455,9.694,1007.119
2025-06-18 15:00:00,1.98,7.303,0.0,385.469,5.623,1008.918
2025-06-18 16:00:00,1.151,7.303,0.0,364.411,9.752,1001.768
2025-06-18 17:00:00,1.572,7.303,0.0,365.907,6.073,1015.4
2025-06-18 18:00:00,2.231,7.303,0.0,392.277,5.527,989.169
2025-06-18 19:00:00,1.387,7.303,0.0,359.032,8.969,984.099
2025-06-18 20:00:00,0.019,7.303,0.0,325.272,4.536,1016.382
2025-06-18 21:00:00,1.22,7.303,0.0,332.415,4.876,989.638
2025-06-18 22:00:00,1.435,7.303,0.0,311.08,7.018,997.227
2025-06-18 23:00:00,0.284,7.303,0.0,348.705,7.878,998.704
2025-06-19 00:00:00,0.552,7.135,0.0,388.053,9.034,1011.301
2025-06-19 01:00:00,3.7,7.135,129.41,300.664,9.887,981.129
2025-06-19 02:00:00,1.306,7.135,250.0,306.119,8.099,996.866
2025-06-19 03:00:00,0.219,7.135,353.553,327.482,9.27,984.467
2025-06-19 04:00:00,0.078,7.135,433.013,383.224,4.825,1012.899
2025-06-19 05:00:00,0.454,7.135,482.963,362.953,5.824,1002.995
2025-06-19 06:00:00,1.036,7.135,500.0,414.603,9.469,1000.851
2025-06-19 07:00:00,0.41,7.135,482.963,327.317,7.347,993.009
2025-06-19 08:00:00,0.407,7.135,433.013,301.077,8.435,995.346
2025-06-19 09:00:00,2.89,7.135,353.553,375.186,5.644,988.152
2025-06-19 10:00:00,6.084,7.135,250.0,332.397,8.088,1002.568
2025-06-19 11:00:00,0.397,7.135,129.41,317.859,4.902,1000.913
2025-06-19 12:00:00,0.964,7.135,0.0,359.038,5.034,989.933
2025-06-19 13:00:00,1.017,7.135,0.0,417.284,7.598,989.674
2025-06-19 14:00:00,0.943,7.135,0.0,385.919,5.84,1010.437
2025-06-19 15:00:00,0.065,7.135,0.0,384.513,6.762,987.501
2025-06-19 16:00:00,2.573,7.135,0.0,304.493,9.987,1009.951
2025-06-19 17:00:00,4.97,7.135,0.0,386.58,6.361,993.024
2025-06-19 18:00:00,0.94,7.135,0.0,371.866,8.778,996.977
2025-06-19 19:00:00,1.791,7.135,0.0,396.322,4.991,991.196
2025-06-19 20:00:00,1.511,7.135,0.0,301.432,6.831,1019.666
2025-06-19 21:00:00,0.951,7.135,0.0,366.943,6.31,987.01
2025-06-19 22:00:00,0.234,7.135,0.0,309.948,6.059,1017.935
2025-06-19 23:00:00,8.231,7.135,0.0,327.442,4.692,1011.579
2025-06-20 00:00:00,1.443,6.967,0.0,400.06,9.566,987.568
2025-06-20 01:00:00,0.091,6.967,129.41,344.919,4.012,1012.466
2025-06-20 02:00:00,1.265,6.967,250.0,405.714,6.893,993.21
2025-06-20 03:00:00,1.834,6.967,353.553,397.173,9.742,1004.514
2025-06-20 04:00:00,1.085,6.967,433.013,405.271,5.354,980.975
2025-06-20 05:00:00,0.393,6.967,482.963,384.153,6.291,1016.744
2025-06-20 06:00:00,5.921,6.967,500.0,311.157,7.733,1000.871
2025-06-20 07:00:00,0.768,6.967,482.963,317.671,5.806,982.899
2025-06-20 08:00:00,1.563,6.967,433.013,370.548,4.753,997.407
2025-06-20 09:00:00,0.228,6.967,353.553,334.435,5.954,997.651
2025-06-20 10:00:00,0.496,6.967,250.0,394.945,4.224,1004.283
2025-06-20 11:00:00,1.709,6.967,129.41,308.862,6.992,1005.548
2025-06-20 12:00:00,0.246,6.967,0.0,359.56,5.299,1012.903
2025-06-20 13:00:00,3.007,6.967,0.0,373.346,8.942,985.893
2025-06-20 14:00:00,0.396,6.967,0.0,381.394,6.141,998.968
2025-06-20 15:00:00,0.872,6.967,0.0,337.874,4.109,994.774
2025-06-20 16:00:00,2.074,6.967,0.0,381.252,7.99,995.082
2025-06-20 17:00:00,0.353,6.967,0.0,353.47,9.859,983.137
2025-06-20 18:00:00,1.137,6.967,0.0,333.417,4.684,1000.999
2025-06-20 19:00:00,0.302,6.967,0.0,336.488,6.11,994.903
2025-06-20 20:00:00,2.187,6.967,0.0,314.147,6.314,1003.695
2025-06-20 21:00:00,3.671,6.967,0.0,365.504,8.91,988.726
2025-06-20 22:00:00,0.59,6.967,0.0,417.843,9.117,986.692
2025-06-20 23:00:00,1.215,6.967,0.0,327.512,4.528,989.787
2025-06-21 00:00:00,0.16,6.798,0.0,348.667,9.868,1008.683
2025-06-21 01:00:00,0.033,6.798,129.41,416.112,4.57,984.134
2025-06-21 02:00:00,0.198,6.798,250.0,345.404,6.216,1019.982
2025-06-21 03:00:00,0.904,6.798,353.553,368.886,4.628,1010.597
2025-06-21 04:00:00,1.483,6.798,433.013,349.563,4.114,1016.918
2025-06-21 05:00:00,0.907,6.798,482.963,418.529,7.997,1002.819
2025-06-21 06:00:00,1.722,6.798,500.0,313.11,9.147,983.105
2025-06-21 07:00:00,3.498,6.798,482.963,387.27,4.749,988.407
2025-06-21 08:00:00,2.046,6.798,433.013,300.149,4.675,988.186
2025-06-21 09:00:00,0.782,6.798,353.553,352.32,8.502,1015.997
2025-06-21 10:00:00,2.493,6.798,250.0,321.822,8.069,981.396
2025-06-21 11:00:00,1.495,6.798,129.41,341.572,7.822,1014.046
2025-06-21 12:00:00,1.834,6.798,0.0,317.915,8.176,1011.544
2025-06-21 13:00:00,1.754,6.798,0.0,390.042,7.948,1009.616
2025-06-21 14:00:00,1.042,6.798,0.0,304.363,4.648,1008.834
2025-06-21 15:00:00,0.709,6.798,0.0,382.214,6.617,995.662
2025-06-21 16:00:00,2.444,6.798,0.0,364.427,9.256,1013.125
2025-06-21 17:00:00,0.862,6.798,0.0,353.333,5.984,1000.541
2025-06-21 18:00:00,0.917,6.798,0.0,342.316,6.414,1011.927
2025-06-21 19:00:00,0.243,6.798,0.0,406.894,8.236,1013.971
2025-06-21 20:00:00,1.512,6.798,0.0,346.93,8.632,991.213
2025-06-21 21:00:00,0.833,6.798,0.0,330.187,9.53,1010.389
2025-06-21 22:00:00,0.191,6.798,0.0,326.539,7.184,1005.436
2025-06-21 23:00:00,0.416,6.798,0.0,411.902,9.451,984.523
2025-06-22 00:00:00,0.739,6.628,0.0,400.292,6.08,980.698
2025-06-22 01:00:00,0.871,6.628,129.41,389.426,9.321,1001.721
2025-06-22 02:00:00,0.99,6.628,250.0,364.975,7.888,1012.205
2025-06-22 03:00:00,0.937,6.628,353.553,325.502,9.719,991.188
2025-06-22 04:00:00,0.099,6.628,433.013,350.07,5.688,982.258
2025-06-22 05:00:00,1.341,6.628,482.963,374.087,5.346,999.881
2025-06-22 06:00:00,0.135,6.628,500.0,316.259,6.643,1015.91
2025-06-22 07:00:00,5.777,6.628,482.963,385.348,7.432,1019.179
2025-06-22 08:00:00,0.573,6.628,433.013,314.411,4.061,986.555
2025-06-22 09:00:00,1.646,6.628,353.553,419.886,6.021,987.277
2025-06-22 10:00:00,0.381,6.628,250.0,381.27,9.615,1016.31
2025-06-22 11:00:00,0.28,6.628,129.41,385.73,9.467,994.596
2025-06-22 12:00:00,0.44,6.628,0.0,307.24,4.979,1010.173
2025-06-22 13:00:00,1.897,6.628,0.0,324.962,4.97,1012.487
2025-06-22 14:00:00,0.694,6.628,0.0,377.747,7.613,1013.001
2025-06-22 15:00:00,0.535,6.628,0.0,314.625,4.934,998.163
2025-06-22 16:00:00,1.229,6.628,0.0,332.451,9.313,1000.383
2025-06-22 17:00:00,0.788,6.628,0.0,371.998,8.736,983.38
2025-06-22 18:00:00,2.479,6.628,0.0,409.359,4.599,990.849
2025-06-22 19:00:00,5.111,6.628,0.0,378.186,6.261,1006.502
2025-06-22 20:00:00,1.805,6.628,0.0,332.536,7.507,990.88
2025-06-22 21:00:00,0.496,6.628,0.0,351.12,7.599,1011.132
2025-06-22 22:00:00,0.749,6.628,0.0,348.935,9.166,981.29
2025-06-22 23:00:00,0.544,6.628,0.0,325.418,7.315,981.811
2025-06-23 00:00:00,1.419,6.458,0.0,350.317,9.442,996.891
2025-06-23 01:00:00,2.221,6.458,129.41,400.739,6.649,1015.365
2025-06-23 02:00:00,1.271,6.458,250.0,314.715,7.909,1000.443
2025-06-23 03:00:00,0.907,6.458,353.553,349.338,4.872,1010.495
2025-06-23 04:00:00,1.043,6.458,433.013,305.653,4.382,992.734
2025-06-23 05:00:00,0.237,6.458,482.963,404.609,4.422,991.721
2025-06-23 06:00:00,0.924,6.458,500.0,393.316,7.422,981.457
2025-06-23 07:00:00,1.326,6.458,482.963,411.516,9.192,1012.458
2025-06-23 08:00:00,3.8,6.458,433.013,382.659,9.527,1018.002
2025-06-23 09:00:00,2.121,6.458,353.553,310.974,6.572,1003.903
2025-06-23 10:00:00,0.775,6.458,250.0,337.303,6.067,997.074
2025-06-23 11:00:00,2.918,6.458,129.41,385.636,6.712,999.081
2025-06-23 12:00:00,0.349,6.458,0.0,312.351,8.078,998.761
2025-06-23 13:00:00,0.971,6.458,0.0,363.1,8.642,987.298
2025-06-23 14:00:00,0.166,6.458,0.0,357.487,6.894,1008.689
2025-06-23 15:00:00,0.527,6.458,0.0,379.932,5.585,995.577
2025-06-23 16:00:00,2.5,6.458,0.0,312.773,6.223,993.094
2025-06-23 17:00:00,1.917,6.458,0.0,368.09,4.312,1019.111
2025-06-23 18:00:00,0.057,6.458,0.0,301.574,9.906,997.484
2025-06-23 19:00:00,0.555,6.458,0.0,344.834,7.435,997.976
2025-06-23 20:00:00,2.155,6.458,0.0,405.132,7.665,1002.099
2025-06-23 21:00:00,1.103,6.458,0.0,349.116,8.696,988.946
2025-06-23 22:00:00,2.437,6.458,0.0,379.161,6.925,990.129
2025-06-23 23:00:00,0.113,6.458,0.0,323.114,4.233,1010.626
2025-06-24 00:00:00,3.687,6.287,0.0,402.259,4.077,991.481
2025-06-24 01:00:00,0.975,6.287,129.41,358.672,9.764,990.09
2025-06-24 02:00:00,0.748,6.287,250.0,349.363,9.921,990.392
2025-06-24 03:00:00,0.187,6.287,353.553,393.151,8.33,999.556
2025-06-24 04:00:00,0.045,6.287,433.013,380.923,7.83,996.12
2025-06-24 05:00:00,1.79,6.287,482.963,400.971,6.54,996.624
2025-06-24 06:00:00,2.416,6.287,500.0,402.849,6.313,1002.145
2025-06-24 07:00:00,2.253,6.287,482.963,400.468,5.74,988.545
2025-06-24 08:00:00,2.201,6.287,433.013,321.948,4.249,995.238
2025-06-24 09:00:00,0.487,6.287,353.553,302.146,9.745,1013.418
2025-06-24 10:00:00,0.664,6.287,250.0,324.1,4.039,989.559
2025-06-24 11:00:00,3.409,6.287,129.41,312.242,6.164,1015.695
2025-06-24 12:00:00,0.24,6.287,0.0,329.618,9.649,1001.055
2025-06-24 13:00:00,1.921,6.287,0.0,342.825,8.116,1002.266
2025-06-24 14:00:00,0.399,6.287,0.0,362.625,8.471,1000.843
2025-06-24 15:00:00,0.913,6.287,0.0,406.214,6.497,1018.487
2025-06-24 16:00:00,7.219,6.287,0.0,308.555,7.026,995.899
2025-06-24 17:00:00,2.336,6.287,0.0,364.501,9.609,1005.509
2025-06-24 18:00:00,0.592,6.287,0.0,311.409,6.219,1016.073
2025-06-24 19:00:00,0.127,6.287,0.0,311.438,8.698,998.378
2025-06-24 20:00:00,1.886,6.287,0.0,370.963,5.224,1016.158
2025-06-24 21:00:00,4.512,6.287,0.0,315.995,9.175,995.135
2025-06-24 22:00:00,0.601,6.287,0.0,319.581,9.365,1015.952
2025-06-24 23:00:00,1.135,6.287,0.0,305.116,6.942,1010.352
2025-06-25 00:00:00,0.85,6.117,0.0,354.84,9.273,1008.182
2025-06-25 01:00:00,0.155,6.117,129.41,305.404,4.045,984.896
2025-06-25 02:00:00,0.053,6.117,250.0,336.486,4.248,985.532
2025-06-25 03:00:00,2.19,6.117,353.553,310.528,5.467,981.949
2025-06-25 04:00:00,1.9,6.117,433.013,374.955,8.973,1009.313
2025-06-25 05:00:00,0.212,6.117,482.963,336.582,5.327,989.689
2025-06-25 06:00:00,2.779,6.117,500.0,351.913,6.221,1000.677
2025-06-25 07:00:00,0.923,6.117,482.963,328.99,4.935,1017.259
2025-06-25 08:00:00,1.573,6.117,433.013,374.069,4.714,1014.196
2025-06-25 09:00:00,0.952,6.117,353.553,318.274,7.335,999.741
2025-06-25 10:00:00,1.295,6.117,250.0,371.239,8.623,997.828
2025-06-25 11:00:00,0.562,6.117,129.41,354.576,9.989,1017.831
2025-06-25 12:00:00,3.097,6.117,0.0,308.133,9.063,1011.637
2025-06-25 13:00:00,1.335,6.117,0.0,393.252,6.947,1002.403
2025-06-25 14:00:00,2.575,6.117,0.0,377.396,4.943,1005.669
2025-06-25 15:00:00,0.905,6.117,0.0,325.624,8.702,1006.102
2025-06-25 16:00:00,1.241,6.117,0.0,361.671,7.095,1019.114
2025-06-25 17:00:00,0.517,6.117,0.0,360.803,6.291,1015.842
2025-06-25 18:00:00,0.232,6.117,0.0,319.909,7.211,1005.382
2025-06-25 19:00:00,2.219,6.117,0.0,386.896,9.296,1008.948
2025-06-25 20:00:00,2.292,6.117,0.0,407.919,7.095,1012.103
2025-06-25 21:00:00,0.577,6.117,0.0,417.07,9.054,1015.471
2025-06-25 22:00:00,0.501,6.117,0.0,417.362,7.577,1018.349
2025-06-25 23:00:00,2.242,6.117,0.0,342.858,7.005,1007.483
2025-06-26 00:00:00,0.108,5.945,0.0,401.232,4.109,1005.419
2025-06-26 01:00:00,2.13,5.945,129.41,363.949,9.997,982.567
2025-06-26 02:00:00,0.817,5.945,250.0,304.277,5.61,983.497
2025-06-26 03:00:00,0.629,5.945,353.553,312.189,5.24,986.555
2025-06-26 04:00:00,0.89,5.945,433.013,354.963,9.62,986.296
2025-06-26 05:00:00,1.616,5.945,482.963,321.411,5.022,1016.716
2025-06-26 06:00:00,3.107,5.945,500.0,380.226,9.575,992.178
2025-06-26 07:00:00,0.636,5.945,482.963,311.667,7.288,1000.25
2025-06-26 08:00:00,0.987,5.945,433.013,334.479,4.941,1014.145
2025-06-26 09:00:00,0.368,5.945,353.553,346.125,6.05,1014.578
2025-06-26 10:00:00,2.523,5.945,250.0,402.291,6.181,997.924
2025-06-26 11:00:00,1.896,5.945,129.41,393.15,4.32,999.326
2025-06-26 12:00:00,1.12,5.945,0.0,386.252,7.486,1006.052
2025-06-26 13:00:00,0.408,5.945,0.0,396.352,8.213,1011.488
2025-06-26 14:00:00,1.328,5.945,0.0,412.639,9.993,1011.228
2025-06-26 15:00:00,2.254,5.945,0.0,376.215,4.93,1003.939
2025-06-26 16:00:00,0.726,5.945,0.0,326.802,7.083,991.483
2025-06-26 17:00:00,3.635,5.945,0.0,396.694,7.204,1018.055
2025-06-26 18:00:00,1.675,5.945,0.0,375.63,7.782,1011.94
2025-06-26 19:00:00,2.373,5.945,0.0,373.787,7.37,1004.468
2025-06-26 20:00:00,1.263,5.945,0.0,358.354,9.729,999.213
2025-06-26 21:00:00,2.36,5.945,0.0,329.47,6.466,1007.074
2025-06-26 22:00:00,1.452,5.945,0.0,314.748,7.942,986.244
2025-06-26 23:00:00,0.712,5.945,0.0,405.431,5.634,1014.433
2025-06-27 00:00:00,1.993,5.774,0.0,382.015,9.265,998.469
2025-06-27 01:00:00,1.369,5.774,129.41,353.647,9.604,987.15
2025-06-27 02:00:00,0.554,5.774,250.0,365.174,6.208,1006.317
2025-06-27 03:00:00,2.051,5.774,353.553,367.087,8.807,991.704
2025-06-27 04:00:00,2.299,5.774,433.013,338.279,7.762,990.618
2025-06-27 05:00:00,3.539,5.774,482.963,403.414,5.321,986.577
2025-06-27 06:00:00,5.282,5.774,500.0,316.279,4.749,990.925
2025-06-27 07:00:00,4.053,5.774,482.963,320.846,6.656,997.54
2025-06-27 08:00:00,1.246,5.774,433.013,402.089,6.088,984.345
2025-06-27 09:00:00,0.421,5.774,353.553,415.021,7.773,984.374
2025-06-27 10:00:00,0.438,5.774,250.0,358.017,5.275,998.919
2025-06-27 11:00:00,0.851,5.774,129.41,413.022,9.737,1010.797
2025-06-27 12:00:00,1.148,5.774,0.0,377.934,8.438,1002.414
2025-06-27 13:00:00,1.326,5.774,0.0,333.539,6.675,985.542
2025-06-27 14:00:00,0.672,5.774,0.0,405.774,4.699,1001.663
2025-06-27 15:00:00,1.685,5.774,0.0,312.473,4.064,1011.384
2025-06-27 16:00:00,1.479,5.774,0.0,394.714,8.623,999.274
2025-06-27 17:00:00,1.037,5.774,0.0,382.361,9.433,1014.614
2025-06-27 18:00:00,1.219,5.774,0.0,381.699,5.509,1010.942
2025-06-27 19:00:00,1.889,5.774,0.0,356.723,7.446,1013.165
2025-06-27 20:00:00,5.224,5.774,0.0,317.379,4.632,1010.668
2025-06-27 21:00:00,2.306,5.774,0.0,387.405,5.307,983.201
2025-06-27 22:00:00,0.151,5.774,0.0,367.492,5.48,992.754
2025-06-27 23:00:00,1.975,5.774,0.0,303.98,5.513,1018.47
2025-06-28 00:00:00,1.154,5.602,0.0,373.468,4.188,991.277
2025-06-28 01:00:00,0.435,5.602,129.41,314.667,4.787,989.093
2025-06-28 02:00:00,0.601,5.602,250.0,379.131,8.436,1009.157
2025-06-28 03:00:00,3.664,5.602,353.553,371.459,9.703,1012.336
2025-06-28 04:00:00,1.135,5.602,433.013,354.714,6.801,1000.637
2025-06-28 05:00:00,1.647,5.602,482.963,322.92,9.847,982.829
2025-06-28 06:00:00,0.621,5.602,500.0,318.725,8.214,987.609
2025-06-28 07:00:00,0.927,5.602,482.963,360.91,6.302,1008.349
2025-06-28 08:00:00,1.181,5.602,433.013,301.941,4.463,988.893
2025-06-28 09:00:00,1.554,5.602,353.553,412.612,7.595,1017.379
2025-06-28 10:00:00,0.187,5.602,250.0,407.613,8.471,984.138
2025-06-28 11:00:00,0.741,5.602,129.41,317.364,4.46,1008.858
2025-06-28 12:00:00,0.654,5.602,0.0,317.585,5.541,1004.564
2025-06-28 13:00:00,0.625,5.602,0.0,377.061,6.522,987.252
2025-06-28 14:00:00,0.353,5.602,0.0,327.625,5.978,1002.828
2025-06-28 15:00:00,0.621,5.602,0.0,315.068,8.334,991.294
2025-06-28 16:00:00,2.45,5.602,0.0,351.293,9.139,990.718
2025-06-28 17:00:00,2.728,5.602,0.0,404.887,4.68,1009.419
2025-06-28 18:00:00,0.7,5.602,0.0,397.373,5.116,989.578
2025-06-28 19:00:00,0.178,5.602,0.0,378.866,7.915,999.112
2025-06-28 20:00:00,1.606,5.602,0.0,364.231,4.51,1005.322
2025-06-28 21:00:00,2.188,5.602,0.0,329.835,5.391,985.942
2025-06-28 22:00:00,1.651,5.602,0.0,320.136,7.396,982.528
2025-06-28 23:00:00,0.767,5.602,0.0,373.982,8.363,982.124
2025-06-29 00:00:00,0.74,5.43,0.0,356.327,6.622,1014.896
2025-06-29 01:00:00,3.446,5.43,129.41,327.638,9.231,994.257
2025-06-29 02:00:00,0.234,5.43,250.0,328.541,8.686,1010.623
2025-06-29 03:00:00,2.083,5.43,353.553,360.453,6.442,991.442
2025-06-29 04:00:00,1.005,5.43,433.013,396.857,6.655,1001.158
2025-06-29 05:00:00,2.597,5.43,482.963,395.708,4.099,997.708
2025-06-29 06:00:00,1.433,5.43,500.0,331.314,6.522,1007.24
2025-06-29 07:00:00,1.257,5.43,482.963,334.079,5.603,1001.798
2025-06-29 08:00:00,1.274,5.43,433.013,348.134,7.363,1008.488
2025-06-29 09:00:00,1.045,5.43,353.553,324.82,6.406,980.041
2025-06-29 10:00:00,2.35,5.43,250.0,340.552,8.82,988.889
2025-06-29 11:00:00,1.74,5.43,129.41,308.034,8.804,1016.99
2025-06-29 12:00:00,2.03,5.43,0.0,329.592,8.479,1017.217
2025-06-29 13:00:00,2.212,5.43,0.0,341.479,9.288,990.869
2025-06-29 14:00:00,1.347,5.43,0.0,402.615,7.023,993.27
2025-06-29 15:00:00,4.761,5.43,0.0,411.534,5.53,997.105
2025-06-29 16:00:00,1.709,5.43,0.0,356.775,8.976,1012.559
2025-06-29 17:00:00,0.421,5.43,0.0,342.968,9.315,1012.73
2025-06-29 18:00:00,2.995,5.43,0.0,370.665,9.92,1008.053
2025-06-29 19:00:00,4.134,5.43,0.0,348.299,4.764,991.636
2025-06-29 20:00:00,1.41,5.43,0.0,322.027,6.565,1014.839
2025-06-29 21:00:00,1.666,5.43,0.0,370.835,6.065,1000.531
2025-06-29 22:00:00,1.342,5.43,0.0,320.521,8.825,1001.501
2025-06-29 23:00:00,0.089,5.43,0.0,413.823,9.055,1012.55
2025-06-30 00:00:00,0.247,5.258,0.0,382.597,9.297,1008.816
2025-06-30 01:00:00,0.669,5.258,129.41,396.547,7.551,1002.337
2025-06-30 02:00:00,0.771,5.258,250.0,354.911,9.993,982.549
2025-06-30 03:00:00,1.922,5.258,353.553,408.711,8.583,1017.081
2025-06-30 04:00:00,0.877,5.258,433.013,358.158,6.015,1004.788
2025-06-30 05:00:00,0.76,5.258,482.963,325.048,7.829,997.622
2025-06-30 06:00:00,0.46,5.258,500.0,377.479,7.907,1001.47
2025-06-30 07:00:00,1.37,5.258,482.963,323.384,9.23,1004.143
2025-06-30 08:00:00,5.536,5.258,433.013,375.344,5.702,996.099
2025-06-30 09:00:00,1.087,5.258,353.553,330.657,7.297,1018.253
2025-06-30 10:00:00,1.057,5.258,250.0,419.38,6.26,1012.615
2025-06-30 11:00:00,1.187,5.258,129.41,377.646,7.682,1019.886
2025-06-30 12:00:00,0.926,5.258,0.0,410.384,9.483,1016.123
2025-06-30 13:00:00,2.919,5.258,0.0,375.014,7.548,982.118
2025-06-30 14:00:00,0.563,5.258,0.0,309.475,8.804,982.728
2025-06-30 15:00:00,0.281,5.258,0.0,379.975,5.281,1011.445
2025-06-30 16:00:00,2.352,5.258,0.0,311.194,8.977,1015.321
2025-06-30 17:00:00,0.28,5.258,0.0,349.88,4.787,989.405
2025-06-30 18:00:00,2.903,5.258,0.0,419.553,6.598,982.404
2025-06-30 19:00:00,0.819,5.258,0.0,408.699,4.746,993.237
2025-06-30 20:00:00,1.156,5.258,0.0,325.445,7.485,1019.551
2025-06-30 21:00:00,0.385,5.258,0.0,308.136,9.125,1008.301
2025-06-30 22:00:00,2.742,5.258,0.0,383.141,7.72,986.467
2025-06-30 23:00:00,0.079,5.258,0.0,382.621,5.001,1000.4
2025-07-01 00:00:00,2.5,5.086,0.0,345.868,9.329,982.733
2025-07-01 01:00:00,1.772,5.086,129.41,376.853,7.205,1001.349
2025-07-01 02:00:00,1.757,5.086,250.0,342.433,9.011,980.383
2025-07-01 03:00:00,0.608,5.086,353.553,377.711,6.083,1017.762
2025-07-01 04:00:00,0.718,5.086,433.013,396.027,5.994,1007.291
2025-07-01 05:00:00,0.97,5.086,482.963,413.002,7.363,988.989
2025-07-01 06:00:00,0.443,5.086,500.0,381.048,4.708,1000.957
2025-07-01 07:00:00,0.367,5.086,482.963,338.836,4.457,994.277
2025-07-01 08:00:00,1.507,5.086,433.013,399.436,4.652,992.331
2025-07-01 09:00:00,0.388,5.086,353.553,333.902,7.023,982.212
2025-07-01 10:00:00,0.103,5.086,250.0,355.005,8.343,995.328
2025-07-01 11:00:00,0.632,5.086,129.41,407.234,7.498,986.189
2025-07-01 12:00:00,0.141,5.086,0.0,364.445,6.765,1005.316
2025-07-01 13:00:00,1.873,5.086,0.0,371.193,4.621,1010.197
2025-07-01 14:00:00,0.797,5.086,0.0,310.169,5.198,1001.528
2025-07-01 15:00:00,0.274,5.086,0.0,389.835,5.27,992.933
2025-07-01 16:00:00,0.903,5.086,0.0,411.161,7.691,983.131
2025-07-01 17:00:00,1.754,5.086,0.0,336.003,6.838,1010.789
2025-07-01 18:00:00,0.826,5.086,0.0,344.003,9.71,1006.727
2025-07-01 19:00:00,0.323,5.086,0.0,403.892,7.171,985.334
2025-07-01 20:00:00,0.341,5.086,0.0,392.962,4.607,1010.079
2025-07-01 21:00:00,2.228,5.086,0.0,400.209,9.344,993.33
2025-07-01 22:00:00,0.287,5.086,0.0,305.275,4.952,1009.711
2025-07-01 23:00:00,0.401,5.086,0.0,316.727,4.919,983.277
2025-07-02 00:00:00,0.51,4.914,0.0,382.115,9.816,1014.764
2025-07-02 01:00:00,0.763,4.914,129.41,324.597,9.792,994.019
2025-07-02 02:00:00,0.817,4.914,250.0,369.085,5.728,1019.535
2025-07-02 03:00:00,1.447,4.914,353.553,345.727,6.955,1001.432
2025-07-02 04:00:00,3.503,4.914,433.013,415.5,9.947,999.93
2025-07-02 05:00:00,0.919,4.914,482.963,308.526,9.692,1005.592
2025-07-02 06:00:00,1.995,4.914,500.0,363.351,7.692,994.203
2025-07-02 07:00:00,1.55,4.914,482.963,302.618,9.756,1000.879
2025-07-02 08:00:00,1.013,4.914,433.013,416.276,5.633,988.248
2025-07-02 09:00:00,1.899,4.914,353.553,346.85,8.807,998.381
2025-07-02 10:00:00,0.906,4.914,250.0,340.502,4.641,1009.731
2025-07-02 11:00:00,0.415,4.914,129.41,370.444,6.873,1015.634
2025-07-02 12:00:00,0.212,4.914,0.0,310.054,9.34,996.812
2025-07-02 13:00:00,0.799,4.914,0.0,322.813,6.879,1018.205
2025-07-02 14:00:00,0.162,4.914,0.0,349.794,8.487,1017.476
2025-07-02 15:00:00,0.919,4.914,0.0,386.984,4.491,1013.319
2025-07-02 16:00:00,2.501,4.914,0.0,329.917,8.505,984.407
2025-07-02 17:00:00,0.46,4.914,0.0,376.53,5.785,982.357
2025-07-02 18:00:00,3.281,4.914,0.0,378.637,4.715,1012.562
2025-07-02 19:00:00,0.818,4.914,0.0,340.738,7.065,986.288
2025-07-02 20:00:00,1.68,4.914,0.0,405.782,8.246,1009.984
2025-07-02 21:00:00,2.027,4.914,0.0,325.153,8.244,994.468
2025-07-02 22:00:00,3.28,4.914,0.0,300.862,9.161,986.789
2025-07-02 23:00:00,0.056,4.914,0.0,353.626,8.686,1016.418
2025-07-03 00:00:00,0.811,4.742,0.0,369.424,4.435,989.518
2025-07-03 01:00:00,0.59,4.742,129.41,302.886,7.621,1017.849
2025-07-03 02:00:00,2.001,4.742,250.0,345.725,6.74,982.922
2025-07-03 03:00:00,0.453,4.742,353.553,305.335,9.997,1003.766
2025-07-03 04:00:00,4.164,4.742,433.013,417.058,5.285,980.277
2025-07-03 05:00:00,3.662,4.742,482.963,403.85,6.799,1001.595
2025-07-03 06:00:00,0.774,4.742,500.0,320.355,9.59,986.422
2025-07-03 07:00:00,2.849,4.742,482.963,329.85,5.14,1011.01
2025-07-03 08:00:00,3.198,4.742,433.013,397.858,4.106,1006.413
2025-07-03 09:00:00,0.977,4.742,353.553,321.016,9.688,986.311
2025-07-03 10:00:00,2.093,4.742,250.0,419.585,5.759,993.087
2025-07-03 11:00:00,0.867,4.742,129.41,364.738,6.79,1012.016
2025-07-03 12:00:00,1.651,4.742,0.0,312.364,5.226,1016.463
2025-07-03 13:00:00,1.306,4.742,0.0,342.18,8.113,1008.737
2025-07-03 14:00:00,2.182,4.742,0.0,337.398,4.607,1002.917
2025-07-03 15:00:00,0.389,4.742,0.0,399.495,9.589,999.838
2025-07-03 16:00:00,1.618,4.742,0.0,412.096,5.539,1018.819
2025-07-03 17:00:00,2.468,4.742,0.0,356.464,9.166,1007.253
2025-07-03 18:00:00,1.234,4.742,0.0,312.145,9.326,1008.839
2025-07-03 19:00:00,1.113,4.742,0.0,416.012,9.528,984.397
2025-07-03 20:00:00,1.145,4.742,0.0,311.786,7.961,983.406
2025-07-03 21:00:00,0.107,4.742,0.0,399.521,8.75,1011.429
2025-07-03 22:00:00,1.821,4.742,0.0,377.614,5.932,1002.85
2025-07-03 23:00:00,2.595,4.742,0.0,355.346,9.01,1007.843
2025-07-04 00:00:00,0.687,4.57,0.0,398.291,9.826,1004.932
2025-07-04 01:00:00,1.923,4.57,129.41,325.474,8.892,1010.643
2025-07-04 02:00:00,1.582,4.57,250.0,418.429,6.548,1000.923
2025-07-04 03:00:00,0.444,4.57,353.553,331.98,5.557,1005.8
2025-07-04 04:00:00,1.907,4.57,433.013,368.334,9.176,983.424
2025-07-04 05:00:00,0.203,4.57,482.963,376.324,8.097,995.383
2025-07-04 06:00:00,0.114,4.57,500.0,391.674,9.935,994.835
2025-07-04 07:00:00,1.441,4.57,482.963,353.989,6.747,1006.915
2025-07-04 08:00:00,0.26,4.57,433.013,343.424,5.367,1014.491
2025-07-04 09:00:00,2.53,4.57,353.553,419.223,6.179,1006.534
2025-07-04 10:00:00,0.823,4.57,250.0,404.487,9.81,1003.998
2025-07-04 11:00:00,2.002,4.57,129.41,312.063,8.452,1015.166
2025-07-04 12:00:00,0.89,4.57,0.0,419.203,5.419,1006.943
2025-07-04 13:00:00,0.104,4.57,0.0,324.563,5.492,997.568
2025-07-04 14:00:00,0.564,4.57,0.0,338.006,4.982,989.673
2025-07-04 15:00:00,1.379,4.57,0.0,378.783,6.475,999.866
2025-07-04 16:00:00,0.734,4.57,0.0,300.364,9.799,997.112
2025-07-04 17:00:00,0.946,4.57,0.0,329.526,9.685,980.545
2025-07-04 18:00:00,0.897,4.57,0.0,317.575,8.07,982.21
2025-07-04 19:00:00,0.09,4.57,0.0,382.938,4.089,1004.759
2025-07-04 20:00:00,1.015,4.57,0.0,375.492,8.393,1006.663
2025-07-04 21:00:00,0.631,4.57,0.0,366.63,5.526,1003.464
2025-07-04 22:00:00,3.739,4.57,0.0,326.397,7.403,987.544
2025-07-04 23:00:00,1.889,4.57,0.0,307.36,5.436,1005.166
2025-07-05 00:00:00,1.475,4.398,0.0,302.186,9.757,983.105
2025-07-05 01:00:00,1.23,4.398,129.41,326.982,8.852,996.607
2025-07-05 02:00:00,1.636,4.398,250.0,304.66,4.752,991.552
2025-07-05 03:00:00,0.949,4.398,353.553,316.816,5.271,992.317
2025-07-05 04:00:00,2.473,4.398,433.013,300.25,9.457,991.655
2025-07-05 05:00:00,0.366,4.398,482.963,345.889,9.545,1002.583
2025-07-05 06:00:00,1.41,4.398,500.0,406.907,6.596,1005.408
2025-07-05 07:00:00,3.12,4.398,482.963,307.911,5.05,1010.403
2025-07-05 08:00:00,1.43,4.398,433.013,351.181,5.293,998.908
2025-07-05 09:00:00,0.525,4.398,353.553,395.264,6.219,993.393
2025-07-05 10:00:00,0.318,4.398,250.0,315.602,6.251,996.731
2025-07-05 11:00:00,0.406,4.398,129.41,398.128,5.711,986.916
2025-07-05 12:00:00,0.965,4.398,0.0,369.73,4.415,1010.787
2025-07-05 13:00:00,2.536,4.398,0.0,365.996,5.797,1019.97
2025-07-05 14:00:00,0.947,4.398,0.0,417.278,9.51,1002.028
2025-07-05 15:00:00,0.251,4.398,0.0,368.618,4.196,1013.529
2025-07-05 16:00:00,1.213,4.398,0.0,314.351,4.146,985.153
2025-07-05 17:00:00,0.39,4.398,0.0,365.898,8.544,999.477
2025-07-05 18:00:00,1.96,4.398,0.0,368.931,9.315,984.493
2025-07-05 19:00:00,1.098,4.398,0.0,343.977,5.728,993.651
2025-07-05 20:00:00,0.957,4.398,0.0,390.882,6.474,1016.861
2025-07-05 21:00:00,0.416,4.398,0.0,334.195,4.641,1001.65
2025-07-05 22:00:00,1.238,4.398,0.0,367.521,8.891,983.74
2025-07-05 23:00:00,0.798,4.398,0.0,398.983,8.839,1009.826
2025-07-06 00:00:00,1.088,4.226,0.0,308.855,7.193,1002.187
2025-07-06 01:00:00,1.688,4.226,129.41,387.77,4.384,1003.928
2025-07-06 02:00:00,5.583,4.226,250.0,361.772,7.578,1019.384
2025-07-06 03:00:00,1.621,4.226,353.553,332.96,9.325,1016.651
2025-07-06 04:00:00,1.915,4.226,433.013,410.031,6.641,1015.805
2025-07-06 05:00:00,3.752,4.226,482.963,378.467,6.416,1018.712
2025-07-06 06:00:00,0.332,4.226,500.0,408.013,8.392,989.651
2025-07-06 07:00:00,2.813,4.226,482.963,391.87,8.238,999.952
2025-07-06 08:00:00,1.465,4.226,433.013,390.477,6.955,1001.209
2025-07-06 09:00:00,0.569,4.226,353.553,375.508,8.554,1017.974
2025-07-06 10:00:00,0.767,4.226,250.0,402.093,7.567,1007.436
2025-07-06 11:00:00,0.72,4.226,129.41,356.771,8.483,987.066
2025-07-06 12:00:00,1.435,4.226,0.0,355.406,4.61,1001.969
2025-07-06 13:00:00,2.985,4.226,0.0,328.231,5.097,997.839
2025-07-06 14:00:00,2.432,4.226,0.0,350.461,9.813,989.985
2025-07-06 15:00:00,1.487,4.226,0.0,376.647,6.815,989.993
2025-07-06 16:00:00,0.848,4.226,0.0,410.916,7.127,980.749
2025-07-06 17:00:00,0.059,4.226,0.0,321.847,7.252,1014.928
2025-07-06 18:00:00,0.709,4.226,0.0,391.144,4.82,994.365
2025-07-06 19:00:00,2.479,4.226,0.0,343.455,6.109,981.73
2025-07-06 20:00:00,0.129,4.226,0.0,411.862,7.101,982.565
2025-07-06 21:00:00,0.771,4.226,0.0,389.116,4.455,1005.144
2025-07-06 22:00:00,1.094,4.226,0.0,413.45,8.229,1001.552
2025-07-06 23:00:00,1.4,4.226,0.0,366.211,4.755,1014.612
2025-07-07 00:00:00,1.219,4.055,0.0,390.295,7.545,983.246
2025-07-07 01:00:00,2.584,4.055,129.41,336.714,8.611,1003.939
2025-07-07 02:00:00,0.476,4.055,250.0,349.258,4.931,1016.453
2025-07-07 03:00:00,2.012,4.055,353.553,369.21,5.299,1007.609
2025-07-07 04:00:00,0.963,4.055,433.013,328.146,8.409,1013.795
2025-07-07 05:00:00,1.242,4.055,482.963,359.603,5.854,1015.375
2025-07-07 06:00:00,3.547,4.055,500.0,357.557,7.375,989.396
2025-07-07 07:00:00,2.649,4.055,482.963,308.955,9.983,1016.552
2025-07-07 08:00:00,0.296,4.055,433.013,306.156,7.092,1013.939
2025-07-07 09:00:00,0.673,4.055,353.553,368.417,9.365,1013.205
2025-07-07 10:00:00,0.674,4.055,250.0,311.299,5.997,985.364
2025-07-07 11:00:00,4.358,4.055,129.41,405.113,4.864,995.219
2025-07-07 12:00:00,3.785,4.055,0.0,363.702,6.563,990.858
2025-07-07 13:00:00,0.181,4.055,0.0,405.407,6.349,999.961
2025-07-07 14:00:00,0.115,4.055,0.0,320.244,6.508,1010.953
2025-07-07 15:00:00,2.884,4.055,0.0,304.365,9.904,1004.791
2025-07-07 16:00:00,0.87,4.055,0.0,302.73,5.395,1013.568
2025-07-07 17:00:00,1.934,4.055,0.0,396.71,4.331,986.993
2025-07-07 18:00:00,1.038,4.055,0.0,309.497,7.714,1010.374
2025-07-07 19:00:00,1.303,4.055,0.0,385.415,7.22,1003.898
2025-07-07 20:00:00,1.016,4.055,0.0,352.311,9.419,1010.344
2025-07-07 21:00:00,3.589,4.055,0.0,307.18,9.626,988.833
2025-07-07 22:00:00,1.015,4.055,0.0,362.654,7.271,989.827
2025-07-07 23:00:00,0.587,4.055,0.0,386.639,5.334,986.599
2025-07-08 00:00:00,0.542,3.883,0.0,407.135,7.832,998.146
2025-07-08 01:00:00,0.501,3.883,129.41,345.075,6.51,1004.483
2025-07-08 02:00:00,1.813,3.883,250.0,386.167,8.318,1019.656
2025-07-08 03:00:00,1.854,3.883,353.553,337.346,4.45,990.856
2025-07-08 04:00:00,2.462,3.883,433.013,364.961,7.334,992.396
2025-07-08 05:00:00,0.781,3.883,482.963,380.34,5.48,1012.022
2025-07-08 06:00:00,0.248,3.883,500.0,343.389,9.722,1017.415
2025-07-08 07:00:00,0.881,3.883,482.963,327.742,6.778,1016.832
2025-07-08 08:00:00,2.011,3.883,433.013,320.81,8.086,983.952
2025-07-08 09:00:00,0.602,3.883,353.553,377.039,8.535,1010.611
2025-07-08 10:00:00,2.304,3.883,250.0,315.808,7.627,1001.288
2025-07-08 11:00:00,1.466,3.883,129.41,389.245,9.323,988.108
2025-07-08 12:00:00,0.521,3.883,0.0,386.139,6.488,1003.156
2025-07-08 13:00:00,0.992,3.883,0.0,358.563,5.668,1019.796
2025-07-08 14:00:00,1.991,3.883,0.0,408.571,8.424,986.612
2025-07-08 15:00:00,0.846,3.883,0.0,318.981,9.107,998.529
2025-07-08 16:00:00,3.167,3.883,0.0,374.329,6.87,999.637
2025-07-08 17:00:00,0.802,3.883,0.0,331.21,6.535,1016.6
2025-07-08 18:00:00,0.623,3.883,0.0,384.899,9.106,1001.943
2025-07-08 19:00:00,0.637,3.883,0.0,336.593,8.632,991.621
2025-07-08 20:00:00,6.297,3.883,0.0,334.309,5.732,1010.335
2025-07-08 21:00:00,3.375,3.883,0.0,337.158,9.643,1010.621
2025-07-08 22:00:00,1.954,3.883,0.0,347.154,9.555,999.237
2025-07-08 23:00:00,1.005,3.883,0.0,379.236,6.464,997.626
2025-07-09 00:00:00,2.53,3.713,0.0,414.187,4.887,998.687
2025-07-09 01:00:00,2.623,3.713,129.41,402.813,8.451,1002.769
2025-07-09 02:00:00,1.738,3.713,250.0,403.631,4.146,1002.735
2025-07-09 03:00:00,0.482,3.713,353.553,346.73,7.955,982.053
2025-07-09 04:00:00,0.829,3.713,433.013,360.835,9.055,1018.845
2025-07-09 05:00:00,0.255,3.713,482.963,374.817,5.869,988.083
2025-07-09 06:00:00,0.349,3.713,500.0,414.863,5.686,982.778
2025-07-09 07:00:00,0.684,3.713,482.963,314.926,9.496,1017.462
2025-07-09 08:00:00,0.36,3.713,433.013,303.683,6.928,982.43
2025-07-09 09:00:00,1.12,3.713,353.553,407.482,5.572,1004.174
2025-07-09 10:00:00,5.563,3.713,250.0,398.296,5.503,1000.328
2025-07-09 11:00:00,2.22,3.713,129.41,383.228,5.423,1011.771
2025-07-09 12:00:00,4.692,3.713,0.0,334.936,8.671,994.339
2025-07-09 13:00:00,3.962,3.713,0.0,402.172,7.824,1013.13
2025-07-09 14:00:00,3.143,3.713,0.0,308.739,7.788,983.266
2025-07-09 15:00:00,0.732,3.713,0.0,371.38,4.39,1017.743
2025-07-09 16:00:00,0.294,3.713,0.0,343.124,5.539,988.704
2025-07-09 17:00:00,0.685,3.713,0.0,315.375,8.323,992.94
2025-07-09 18:00:00,1.659,3.713,0.0,389.962,6.617,1015.35
2025-07-09 19:00:00,0.616,3.713,0.0,406.039,9.947,1006.299
2025-07-09 20:00:00,1.239,3.713,0.0,368.965,4.873,993.472
2025-07-09 21:00:00,4.589,3.713,0.0,361.747,8.685,989.483
2025-07-09 22:00:00,2.142,3.713,0.0,396.187,7.656,986.989
2025-07-09 23:00:00,1.037,3.713,0.0,350.069,6.12,1014.734
2025-07-10 00:00:00,3.846,3.542,0.0,305.61,8.359,982.645
2025-07-10 01:00:00,0.771,3.542,129.41,343.647,9.226,982.009
2025-07-10 02:00:00,7.395,3.542,250.0,419.248,7.49,980.275
2025-07-10 03:00:00,0.231,3.542,353.553,343.564,6.325,1009.183
2025-07-10 04:00:00,0.918,3.542,433.013,389.914,7.429,980.16
2025-07-10 05:00:00,1.69,3.542,482.963,378.388,4.223,985.992
2025-07-10 06:00:00,0.387,3.542,500.0,378.052,7.733,982.698
2025-07-10 07:00:00,0.582,3.542,482.963,305.711,9.527,986.816
2025-07-10 08:00:00,0.306,3.542,433.013,395.896,4.303,997.953
2025-07-10 09:00:00,0.897,3.542,353.553,349.34,5.88,1003.497
2025-07-10 10:00:00,1.576,3.542,250.0,345.002,7.16,993.952
2025-07-10 11:00:00,0.904,3.542,129.41,377.793,6.284,996.94
2025-07-10 12:00:00,0.232,3.542,0.0,313.267,6.979,989.14
2025-07-10 13:00:00,2.922,3.542,0.0,417.406,8.152,1014.122
2025-07-10 14:00:00,2.078,3.542,0.0,312.055,9.717,987.847
2025-07-10 15:00:00,0.187,3.542,0.0,376.655,6.094,980.439
2025-07-10 16:00:00,1.315,3.542,0.0,320.357,9.791,1007.047
2025-07-10 17:00:00,1.125,3.542,0.0,402.172,7.404,986.932
2025-07-10 18:00:00,0.016,3.542,0.0,361.197,6.381,1015.67
2025-07-10 19:00:00,3.597,3.542,0.0,384.093,9.287,1007.915
2025-07-10 20:00:00,0.67,3.542,0.0,405.779,5.773,1010.395
2025-07-10 21:00:00,0.196,3.542,0.0,322.633,9.539,991.598
2025-07-10 22:00:00,3.72,3.542,0.0,395.08,4.289,1013.559
2025-07-10 23:00:00,1.167,3.542,0.0,374.557,5.237,993.392
2025-07-11 00:00:00,0.629,3.372,0.0,398.975,7.156,992.679
2025-07-11 01:00:00,1.038,3.372,129.41,302.891,5.187,1016.493
2025-07-11 02:00:00,0.036,3.372,250.0,300.911,4.07,1017.858
2025-07-11 03:00:00,0.472,3.372,353.553,341.95,5.352,997.777
2025-07-11 04:00:00,0.072,3.372,433.013,402.582,4.014,982.816
2025-07-11 05:00:00,1.716,3.372,482.963,323.368,7.643,1000.765
2025-07-11 06:00:00,0.885,3.372,500.0,318.94,9.153,1010.275
2025-07-11 07:00:00,0.346,3.372,482.963,322.666,4.03,1012.082
2025-07-11 08:00:00,2.155,3.372,433.013,320.846,8.18,995.919
2025-07-11 09:00:00,2.075,3.372,353.553,386.282,4.196,1002.204
2025-07-11 10:00:00,1.1,3.372,250.0,410.08,7.417,986.562
2025-07-11 11:00:00,0.624,3.372,129.41,323.92,9.566,1001.382
2025-07-11 12:00:00,2.224,3.372,0.0,358.619,9.75,1019.507
2025-07-11 13:00:00,1.59,3.372,0.0,349.489,8.131,984.443
2025-07-11 14:00:00,0.161,3.372,0.0,333.22,9.125,993.205
2025-07-11 15:00:00,4.177,3.372,0.0,353.531,8.12,1014.378
2025-07-11 16:00:00,2.083,3.372,0.0,404.792,7.89,1010.061
2025-07-11 17:00:00,2.359,3.372,0.0,378.883,4.619,1012.232
2025-07-11 18:00:00,0.87,3.372,0.0,300.244,6.062,1007.938
2025-07-11 19:00:00,3.169,3.372,0.0,308.009,5.311,1009.37
2025-07-11 20:00:00,1.872,3.372,0.0,376.524,7.944,1007.292
2025-07-11 21:00:00,1.084,3.372,0.0,407.449,8.223,986.108
2025-07-11 22:00:00,0.963,3.372,0.0,356.857,8.105,1004.197
2025-07-11 23:00:00,0.335,3.372,0.0,380.793,8.679,1008.429
2025-07-12 00:00:00,2.259,3.202,0.0,315.812,9.712,997.438
2025-07-12 01:00:00,1.445,3.202,129.41,380.5,8.302,1010.151
2025-07-12 02:00:00,0.934,3.202,250.0,397.58,4.89,980.555
2025-07-12 03:00:00,2.111,3.202,353.553,355.028,4.671,982.641
2025-07-12 04:00:00,0.509,3.202,433.013,357.195,9.209,1016.529
2025-07-12 05:00:00,1.593,3.202,482.963,385.7,4.488,984.034
2025-07-12 06:00:00,0.573,3.202,500.0,338.009,4.188,996.507
2025-07-12 07:00:00,1.664,3.202,482.963,321.667,8.421,1002.598
2025-07-12 08:00:00,0.779,3.202,433.013,381.397,4.368,1016.243
2025-07-12 09:00:00,2.903,3.202,353.553,338.373,6.73,985.725
2025-07-12 10:00:00,1.87,3.202,250.0,375.062,5.312,989.223
2025-07-12 11:00:00,0.41,3.202,129.41,378.161,6.295,996.107
2025-07-12 12:00:00,0.065,3.202,0.0,377.202,8.142,996.386
2025-07-12 13:00:00,0.884,3.202,0.0,400.843,4.349,1013.088
2025-07-12 14:00:00,1.705,3.202,0.0,352.022,8.551,1006.241
2025-07-12 15:00:00,2.856,3.202,0.0,395.923,6.031,991.756
2025-07-12 16:00:00,3.533,3.202,0.0,391.694,8.013,1000.864
2025-07-12 17:00:00,0.908,3.202,0.0,350.611,7.232,999.527
2025-07-12 18:00:00,2.644,3.202,0.0,364.074,4.614,1006.43
2025-07-12 19:00:00,0.187,3.202,0.0,395.765,9.002,989.595
2025-07-12 20:00:00,0.122,3.202,0.0,303.159,9.979,1017.313
2025-07-12 21:00:00,0.66,3.202,0.0,331.283,5.209,1015.232
2025-07-12 22:00:00,0.176,3.202,0.0,401.762,8.011,986.17
2025-07-12 23:00:00,0.515,3.202,0.0,384.114,7.575,1017.878
2025-07-13 00:00:00,1.263,3.033,0.0,395.556,7.686,1011.837
2025-07-13 01:00:00,1.117,3.033,129.41,392.5,6.502,980.199
2025-07-13 02:00:00,0.221,3.033,250.0,335.681,6.023,1010.417
2025-07-13 03:00:00,0.761,3.033,353.553,391.814,5.756,984.904
2025-07-13 04:00:00,0.997,3.033,433.013,416.444,4.119,986.996
2025-07-13 05:00:00,1.473,3.033,482.963,370.369,8.178,984.19
2025-07-13 06:00:00,0.064,3.033,500.0,321.177,9.161,1012.609
2025-07-13 07:00:00,1.245,3.033,482.963,348.887,6.238,1010.165
2025-07-13 08:00:00,0.64,3.033,433.013,330.675,8.175,1004.802
2025-07-13 09:00:00,1.639,3.033,353.553,340.456,6.332,980.717
2025-07-13 10:00:00,2.539,3.033,250.0,327.343,7.098,995.819
2025-07-13 11:00:00,3.604,3.033,129.41,311.569,9.205,1000.98
2025-07-13 12:00:00,0.41,3.033,0.0,375.652,8.37,1017.903
2025-07-13 13:00:00,2.315,3.033,0.0,377.041,8.15,998.143
2025-07-13 14:00:00,0.039,3.033,0.0,344.162,8.228,1014.236
2025-07-13 15:00:00,3.807,3.033,0.0,367.725,6.347,1004.602
2025-07-13 16:00:00,2.515,3.033,0.0,308.654,5.004,999.248
2025-07-13 17:00:00,2.383,3.033,0.0,343.595,8.134,1005.978
2025-07-13 18:00:00,0.453,3.033,0.0,357.422,5.705,1002.15
2025-07-13 19:00:00,2.114,3.033,0.0,389.688,7.836,993.748
2025-07-13 20:00:00,1.376,3.033,0.0,318.946,6.585,986.89
2025-07-13 21:00:00,0.438,3.033,0.0,301.206,7.03,986.905
2025-07-13 22:00:00,1.196,3.033,0.0,300.868,6.942,1018.33
2025-07-13 23:00:00,0.294,3.033,0.0,363.064,8.172,982.233
2025-07-14 00:00:00,1.656,2.865,0.0,350.687,4.751,1010.213
2025-07-14 01:00:00,1.138,2.865,129.41,329.802,4.582,985.767
2025-07-14 02:00:00,3.846,2.865,250.0,322.581,5.224,991.805
2025-07-14 03:00:00,0.176,2.865,353.553,401.785,6.691,1012.136
2025-07-14 04:00:00,0.109,2.865,433.013,393.765,8.826,980.692
2025-07-14 05:00:00,1.267,2.865,482.963,415.538,7.26,987.886
2025-07-14 06:00:00,0.152,2.865,500.0,308.967,7.97,1005.462
2025-07-14 07:00:00,1.732,2.865,482.963,308.989,8.723,1012.446
2025-07-14 08:00:00,0.504,2.865,433.013,394.023,5.352,992.513
2025-07-14 09:00:00,2.4,2.865,353.553,367.027,7.842,997.44
2025-07-14 10:00:00,2.912,2.865,250.0,411.743,4.562,991.001
2025-07-14 11:00:00,2.588,2.865,129.41,359.576,4.095,1015.744
2025-07-14 12:00:00,0.448,2.865,0.0,334.665,4.6,994.054
2025-07-14 13:00:00,1.096,2.865,0.0,381.593,6.466,993.497
2025-07-14 14:00:00,1.877,2.865,0.0,300.53,6.275,990.094
2025-07-14 15:00:00,1.501,2.865,0.0,404.045,9.922,1004.8
2025-07-14 16:00:00,1.159,2.865,0.0,397.436,5.938,1009.404
2025-07-14 17:00:00,1.582,2.865,0.0,326.913,5.279,986.077
2025-07-14 18:00:00,1.168,2.865,0.0,368.65,8.924,1016.054
2025-07-14 19:00:00,0.918,2.865,0.0,392.184,5.679,1019.544
2025-07-14 20:00:00,0.615,2.865,0.0,386.305,9.964,1016.989
2025-07-14 21:00:00,1.3,2.865,0.0,314.925,9.496,988.409
2025-07-14 22:00:00,2.285,2.865,0.0,417.746,9.082,1004.015
2025-07-14 23:00:00,4.663,2.865,0.0,403.146,7.69,1006.561
2025-07-15 00:00:00,0.758,2.697,0.0,311.487,4.339,1001.432
2025-07-15 01:00:00,0.582,2.697,129.41,405.948,6.372,980.889
2025-07-15 02:00:00,1.507,2.697,250.0,316.847,5.408,981.471
2025-07-15 03:00:00,2.234,2.697,353.553,304.245,6.929,980.585
2025-07-15 04:00:00,1.216,2.697,433.013,344.295,9.357,997.0
2025-07-15 05:00:00,1.729,2.697,482.963,350.116,4.893,986.486
2025-07-15 06:00:00,2.062,2.697,500.0,363.831,7.576,1007.842
2025-07-15 07:00:00,0.859,2.697,482.963,333.524,5.991,1019.933
2025-07-15 08:00:00,0.223,2.697,433.013,332.199,8.077,1004.681
2025-07-15 09:00:00,0.783,2.697,353.553,314.286,5.177,1006.662
2025-07-15 10:00:00,1.826,2.697,250.0,319.184,7.454,983.217
2025-07-15 11:00:00,2.429,2.697,129.41,409.579,6.001,1016.067
2025-07-15 12:00:00,4.987,2.697,0.0,388.152,6.959,986.796
2025-07-15 13:00:00,1.832,2.697,0.0,302.03,4.817,1011.255
2025-07-15 14:00:00,0.168,2.697,0.0,339.258,9.749,1016.509
2025-07-15 15:00:00,2.855,2.697,0.0,318.541,9.474,996.51
2025-07-15 16:00:00,1.095,2.697,0.0,318.557,8.633,998.25
2025-07-15 17:00:00,5.02,2.697,0.0,371.536,4.648,983.486
2025-07-15 18:00:00,1.752,2.697,0.0,320.826,6.785,1005.496
2025-07-15 19:00:00,6.905,2.697,0.0,397.632,9.118,1019.37
2025-07-15 20:00:00,1.43,2.697,0.0,386.051,8.361,990.074
2025-07-15 21:00:00,2.707,2.697,0.0,409.885,4.507,1010.893
2025-07-15 22:00:00,1.508,2.697,0.0,357.837,6.219,989.997
2025-07-15 23:00:00,1.013,2.697,0.0,329.299,9.274,985.326
2025-07-16 00:00:00,2.096,2.53,0.0,373.393,8.097,999.939
2025-07-16 01:00:00,1.135,2.53,129.41,302.528,9.202,1009.889
2025-07-16 02:00:00,0.443,2.53,250.0,332.899,6.45,1009.914
2025-07-16 03:00:00,2.944,2.53,353.553,366.514,7.593,997.435
2025-07-16 04:00:00,1.796,2.53,433.013,374.542,9.685,989.409
2025-07-16 05:00:00,0.221,2.53,482.963,410.987,4.645,1016.29
2025-07-16 06:00:00,0.728,2.53,500.0,405.862,9.609,1009.935
2025-07-16 07:00:00,3.057,2.53,482.963,416.183,8.547,1005.581
2025-07-16 08:00:00,1.597,2.53,433.013,334.141,4.168,992.676
2025-07-16 09:00:00,2.504,2.53,353.553,327.362,4.059,987.269
2025-07-16 10:00:00,1.783,2.53,250.0,319.523,5.613,1017.341
2025-07-16 11:00:00,0.482,2.53,129.41,338.963,9.389,980.962
2025-07-16 12:00:00,1.052,2.53,0.0,350.017,8.661,1005.561
2025-07-16 13:00:00,0.137,2.53,0.0,414.082,7.5,1018.321
2025-07-16 14:00:00,1.355,2.53,0.0,412.559,8.25,982.255
2025-07-16 15:00:00,1.544,2.53,0.0,405.189,9.975,1009.232
2025-07-16 16:00:00,2.444,2.53,0.0,397.381,8.27,994.821
2025-07-16 17:00:00,0.998,2.53,0.0,349.176,6.132,1005.114
2025-07-16 18:00:00,3.465,2.53,0.0,370.126,4.457,1011.995
2025-07-16 19:00:00,1.916,2.53,0.0,404.43,4.311,1012.043
2025-07-16 20:00:00,0.841,2.53,0.0,328.211,8.226,981.767
2025-07-16 21:00:00,0.552,2.53,0.0,303.022,4.974,1011.115
2025-07-16 22:00:00,1.667,2.53,0.0,324.967,4.82,988.295
2025-07-16 23:00:00,1.458,2.53,0.0,344.014,8.549,1018.207
2025-07-17 00:00:00,0.532,2.363,0.0,356.541,5.451,990.886
2025-07-17 01:00:00,2.086,2.363,129.41,310.315,5.112,1017.024
2025-07-17 02:00:00,0.844,2.363,250.0,348.871,5.446,988.475
2025-07-17 03:00:00,0.496,2.363,353.553,300.119,4.631,985.826
2025-07-17 04:00:00,1.994,2.363,433.013,358.654,5.168,994.79
2025-07-17 05:00:00,1.197,2.363,482.963,367.261,8.245,1002.796
2025-07-17 06:00:00,3.97,2.363,500.0,383.977,8.037,984.613
2025-07-17 07:00:00,3.67,2.363,482.963,378.069,6.549,998.636
2025-07-17 08:00:00,0.948,2.363,433.013,338.005,5.065,983.839
2025-07-17 09:00:00,0.761,2.363,353.553,346.635,6.731,983.019
2025-07-17 10:00:00,0.782,2.363,250.0,381.602,9.092,989.447
2025-07-17 11:00:00,5.396,2.363,129.41,408.837,6.669,986.406
2025-07-17 12:00:00,1.15,2.363,0.0,414.742,4.199,1004.673
2025-07-17 13:00:00,1.855,2.363,0.0,345.281,8.955,1000.882
2025-07-17 14:00:00,0.498,2.363,0.0,325.443,8.284,1009.645
2025-07-17 15:00:00,1.19,2.363,0.0,375.254,7.458,1010.515
2025-07-17 16:00:00,0.613,2.363,0.0,394.677,6.252,1011.058
2025-07-17 17:00:00,2.565,2.363,0.0,370.273,5.027,998.302
2025-07-17 18:00:00,0.609,2.363,0.0,323.698,6.115,992.835
2025-07-17 19:00:00,1.19,2.363,0.0,386.75,7.7,984.787
2025-07-17 20:00:00,0.89,2.363,0.0,357.73,6.856,1016.714
2025-07-17 21:00:00,1.432,2.363,0.0,300.317,5.809,1009.319
2025-07-17 22:00:00,0.844,2.363,0.0,381.601,6.828,1014.429
2025-07-17 23:00:00,0.472,2.363,0.0,403.86,9.261,981.877
2025-07-18 00:00:00,2.055,2.198,0.0,334.958,9.98,980.177
2025-07-18 01:00:00,3.972,2.198,129.41,337.116,7.926,1015.294
2025-07-18 02:00:00,0.951,2.198,250.0,394.81,7.274,980.266
2025-07-18 03:00:00,5.781,2.198,353.553,326.056,8.948,1007.516
2025-07-18 04:00:00,1.265,2.198,433.013,391.385,8.007,1016.429
2025-07-18 05:00:00,1.855,2.198,482.963,321.671,6.278,989.312
2025-07-18 06:00:00,0.442,2.198,500.0,415.3,6.713,1010.955
2025-07-18 07:00:00,0.903,2.198,482.963,315.773,5.067,1005.134
2025-07-18 08:00:00,1.145,2.198,433.013,408.851,9.414,1000.783
2025-07-18 09:00:00,2.018,2.198,353.553,368.445,7.522,984.418
2025-07-18 10:00:00,0.317,2.198,250.0,358.94,5.522,1015.961
2025-07-18 11:00:00,0.02,2.198,129.41,372.562,4.208,986.821
2025-07-18 12:00:00,2.071,2.198,0.0,324.779,6.268,990.253
2025-07-18 13:00:00,0.778,2.198,0.0,370.295,9.441,983.718
2025-07-18 14:00:00,0.082,2.198,0.0,306.917,4.258,981.905
2025-07-18 15:00:00,1.194,2.198,0.0,339.272,4.221,999.253
2025-07-18 16:00:00,1.65,2.198,0.0,364.142,9.109,1002.577
2025-07-18 17:00:00,3.197,2.198,0.0,410.809,9.464,993.407
2025-07-18 18:00:00,3.355,2.198,0.0,382.769,4.172,1011.796
2025-07-18 19:00:00,2.666,2.198,0.0,372.142,9.491,1011.186
2025-07-18 20:00:00,0.259,2.198,0.0,329.197,7.782,984.623
2025-07-18 21:00:00,1.01,2.198,0.0,304.435,9.767,980.284
2025-07-18 22:00:00,3.571,2.198,0.0,382.655,8.089,1005.882
2025-07-18 23:00:00,1.793,2.198,0.0,334.555,6.863,985.841
2025-07-19 00:00:00,3.161,2.033,0.0,329.529,7.013,985.466
2025-07-19 01:00:00,0.641,2.033,129.41,411.888,6.052,985.079
2025-07-19 02:00:00,2.112,2.033,250.0,361.598,8.134,1000.067
2025-07-19 03:00:00,2.347,2.033,353.553,361.006,6.135,985.245
2025-07-19 04:00:00,3.533,2.033,433.013,380.838,9.481,1002.886
2025-07-19 05:00:00,0.449,2.033,482.963,329.016,4.596,982.734
2025-07-19 06:00:00,2.587,2.033,500.0,300.251,6.706,997.87
2025-07-19 07:00:00,4.518,2.033,482.963,364.94,8.808,981.788
2025-07-19 08:00:00,0.595,2.033,433.013,388.079,6.634,982.324
2025-07-19 09:00:00,2.131,2.033,353.553,349.51,8.321,1012.812
2025-07-19 10:00:00,0.931,2.033,250.0,339.704,6.444,1007.282
2025-07-19 11:00:00,2.136,2.033,129.41,345.309,7.468,1015.674
2025-07-19 12:00:00,0.514,2.033,0.0,369.793,7.192,1000.799
2025-07-19 13:00:00,0.969,2.033,0.0,329.041,6.869,981.293
2025-07-19 14:00:00,0.884,2.033,0.0,397.865,4.471,999.972
2025-07-19 15:00:00,0.684,2.033,0.0,356.534,7.894,989.741
2025-07-19 16:00:00,2.069,2.033,0.0,336.33,5.779,1018.504
2025-07-19 17:00:00,7.773,2.033,0.0,342.183,6.563,988.064
2025-07-19 18:00:00,1.217,2.033,0.0,418.952,9.577,985.527
2025-07-19 19:00:00,0.29,2.033,0.0,417.612,5.945,1019.023
2025-07-19 20:00:00,0.561,2.033,0.0,317.878,5.0,999.364
2025-07-19 21:00:00,1.411,2.033,0.0,380.057,5.946,997.924
2025-07-19 22:00:00,3.151,2.033,0.0,384.612,9.793,1016.27
2025-07-19 23:00:00,2.696,2.033,0.0,319.229,7.824,1001.397
2025-07-20 00:00:00,0.662,1.869,0.0,365.638,5.017,1006.823
2025-07-20 01:00:00,0.396,1.869,129.41,348.779,6.52,982.789
2025-07-20 02:00:00,2.61,1.869,250.0,352.576,8.922,1016.741
2025-07-20 03:00:00,1.647,1.869,353.553,332.072,7.295,996.974
2025-07-20 04:00:00,1.314,1.869,433.013,418.698,5.083,980.78
2025-07-20 05:00:00,0.793,1.869,482.963,360.319,8.199,1009.232
2025-07-20 06:00:00,0.404,1.869,500.0,312.649,9.305,998.831
2025-07-20 07:00:00,1.167,1.869,482.963,384.468,8.912,993.799
2025-07-20 08:00:00,2.073,1.869,433.013,340.271,4.305,983.067
2025-07-20 09:00:00,0.12,1.869,353.553,372.964,8.888,986.746
2025-07-20 10:00:00,0.46,1.869,250.0,343.308,7.929,1004.839
2025-07-20 11:00:00,1.015,1.869,129.41,347.748,4.186,992.224
2025-07-20 12:00:00,3.41,1.869,0.0,419.457,8.976,1016.921
2025-07-20 13:00:00,1.032,1.869,0.0,328.313,8.333,1019.701
2025-07-20 14:00:00,0.373,1.869,0.0,325.469,6.063,992.748
2025-07-20 15:00:00,2.483,1.869,0.0,352.513,7.398,1005.781
2025-07-20 16:00:00,1.372,1.869,0.0,317.974,9.769,993.059
2025-07-20 17:00:00,1.599,1.869,0.0,393.265,8.74,1013.567
2025-07-20 18:00:00,1.629,1.869,0.0,391.576,5.39,997.535
2025-07-20 19:00:00,3.874,1.869,0.0,328.581,4.823,980.616
2025-07-20 20:00:00,0.597,1.869,0.0,317.855,4.912,1016.826
2025-07-20 21:00:00,0.953,1.869,0.0,306.628,5.306,999.03
2025-07-20 22:00:00,0.57,1.869,0.0,343.869,6.918,995.473
2025-07-20 23:00:00,2.51,1.869,0.0,302.65,7.019,986.702
2025-07-21 00:00:00,1.414,1.706,0.0,339.226,4.478,1013.987
2025-07-21 01:00:00,1.221,1.706,129.41,418.27,4.793,982.707
2025-07-21 02:00:00,1.251,1.706,250.0,383.725,7.405,992.571
2025-07-21 03:00:00,1.384,1.706,353.553,385.252,6.553,988.002
2025-07-21 04:00:00,0.444,1.706,433.013,302.795,8.728,1017.494
2025-07-21 05:00:00,3.779,1.706,482.963,312.722,5.354,1013.29
2025-07-21 06:00:00,0.53,1.706,500.0,345.614,8.443,1011.857
2025-07-21 07:00:00,3.617,1.706,482.963,325.157,7.303,981.533
2025-07-21 08:00:00,4.079,1.706,433.013,380.503,8.98,986.478
2025-07-21 09:00:00,0.907,1.706,353.553,389.427,5.303,1003.474
2025-07-21 10:00:00,0.499,1.706,250.0,394.054,6.869,992.479
2025-07-21 11:00:00,2.514,1.706,129.41,366.036,4.882,1008.578
2025-07-21 12:00:00,0.418,1.706,0.0,348.168,5.371,988.057
2025-07-21 13:00:00,0.538,1.706,0.0,329.319,4.405,981.454
2025-07-21 14:00:00,1.656,1.706,0.0,319.401,4.96,1000.213
2025-07-21 15:00:00,1.215,1.706,0.0,302.743,8.309,1015.1
2025-07-21 16:00:00,0.914,1.706,0.0,404.487,7.035,1000.367
2025-07-21 17:00:00,1.371,1.706,0.0,302.252,6.038,1014.507
2025-07-21 18:00:00,2.319,1.706,0.0,322.944,5.582,1012.572
2025-07-21 19:00:00,1.478,1.706,0.0,383.755,4.012,1012.451
2025-07-21 20:00:00,0.63,1.706,0.0,315.318,8.364,991.428
2025-07-21 21:00:00,1.857,1.706,0.0,409.699,7.003,1004.41
2025-07-21 22:00:00,0.247,1.706,0.0,391.8,5.214,1012.78
2025-07-21 23:00:00,0.704,1.706,0.0,324.522,7.659,982.866
2025-07-22 00:00:00,1.285,1.544,0.0,371.983,5.258,980.064
2025-07-22 01:00:00,0.83,1.544,129.41,413.339,4.891,1002.266
2025-07-22 02:00:00,1.19,1.544,250.0,327.916,9.851,1018.28
2025-07-22 03:00:00,0.915,1.544,353.553,404.935,5.537,1018.971
2025-07-22 04:00:00,2.318,1.544,433.013,384.487,6.84,1004.339
2025-07-22 05:00:00,0.601,1.544,482.963,335.696,8.287,1001.801
2025-07-22 06:00:00,0.857,1.544,500.0,344.888,7.611,982.293
2025-07-22 07:00:00,2.212,1.544,482.963,393.382,5.861,986.915
2025-07-22 08:00:00,3.009,1.544,433.013,373.528,6.59,996.569
2025-07-22 09:00:00,1.894,1.544,353.553,378.065,7.006,1014.706
2025-07-22 10:00:00,0.309,1.544,250.0,307.385,9.779,1005.879
2025-07-22 11:00:00,1.186,1.544,129.41,409.228,4.285,1006.828
2025-07-22 12:00:00,3.108,1.544,0.0,311.963,8.481,1010.415
2025-07-22 13:00:00,0.946,1.544,0.0,320.627,7.98,998.575
2025-07-22 14:00:00,1.037,1.544,0.0,329.106,4.495,1012.469
2025-07-22 15:00:00,1.055,1.544,0.0,408.801,4.751,997.961
2025-07-22 16:00:00,0.579,1.544,0.0,346.319,7.304,1017.447
2025-07-22 17:00:00,1.06,1.544,0.0,391.767,4.633,993.372
2025-07-22 18:00:00,0.971,1.544,0.0,373.553,6.393,983.808
2025-07-22 19:00:00,2.761,1.544,0.0,406.02,7.854,993.313
2025-07-22 20:00:00,2.78,1.544,0.0,378.027,5.819,990.454
2025-07-22 21:00:00,0.582,1.544,0.0,318.592,6.226,996.199
2025-07-22 22:00:00,2.573,1.544,0.0,368.557,9.881,994.092
2025-07-22 23:00:00,1.462,1.544,0.0,370.005,8.491,1007.52
2025-07-23 00:00:00,0.43,1.383,0.0,406.139,4.032,1011.943
2025-07-23 01:00:00,0.238,1.383,129.41,301.48,4.507,993.568
2025-07-23 02:00:00,2.27,1.383,250.0,335.098,6.371,998.677
2025-07-23 03:00:00,0.232,1.383,353.553,413.477,5.053,984.521
2025-07-23 04:00:00,0.529,1.383,433.013,316.439,6.766,1016.276
2025-07-23 05:00:00,2.776,1.383,482.963,405.998,7.335,988.412
2025-07-23 06:00:00,0.229,1.383,500.0,378.867,6.837,1006.121
2025-07-23 07:00:00,0.994,1.383,482.963,367.442,7.244,997.656
2025-07-23 08:00:00,1.404,1.383,433.013,406.72,9.058,1014.055
2025-07-23 09:00:00,1.139,1.383,353.553,351.895,4.463,1015.483
2025-07-23 10:00:00,2.095,1.383,250.0,401.572,5.054,1014.553
2025-07-23 11:00:00,0.621,1.383,129.41,382.516,6.479,984.787
2025-07-23 12:00:00,0.361,1.383,0.0,392.418,9.994,1008.024
2025-07-23 13:00:00,1.513,1.383,0.0,356.17,6.224,1013.097
2025-07-23 14:00:00,0.344,1.383,0.0,359.245,6.637,984.614
2025-07-23 15:00:00,2.354,1.383,0.0,379.994,7.878,982.946
2025-07-23 16:00:00,1.601,1.383,0.0,355.504,9.558,1003.949
2025-07-23 17:00:00,1.583,1.383,0.0,412.276,6.215,995.345
2025-07-23 18:00:00,2.069,1.383,0.0,380.579,5.125,1015.017
2025-07-23 19:00:00,1.648,1.383,0.0,411.299,9.736,982.014
2025-07-23 20:00:00,1.352,1.383,0.0,346.641,8.563,1008.153
2025-07-23 21:00:00,2.66,1.383,0.0,338.775,4.854,1013.267
2025-07-23 22:00:00,0.266,1.383,0.0,396.829,8.059,1013.492
2025-07-23 23:00:00,1.55,1.383,0.0,350.727,7.957,987.317
2025-07-24 00:00:00,0.256,1.223,0.0,345.54,7.157,1000.312
2025-07-24 01:00:00,0.444,1.223,129.41,379.065,4.374,1008.347
2025-07-24 02:00:00,2.658,1.223,250.0,404.98,4.507,1008.767
2025-07-24 03:00:00,0.878,1.223,353.553,347.849,4.332,1017.423
2025-07-24 04:00:00,0.595,1.223,433.013,356.749,9.67,1005.261
2025-07-24 05:00:00,0.591,1.223,482.963,359.819,9.135,984.036
2025-07-24 06:00:00,1.976,1.223,500.0,317.88,8.559,1016.144
2025-07-24 07:00:00,2.389,1.223,482.963,391.949,8.641,1015.225
2025-07-24 08:00:00,4.715,1.223,433.013,376.281,6.152,984.505
2025-07-24 09:00:00,3.505,1.223,353.553,349.167,6.727,1013.147
2025-07-24 10:00:00,2.589,1.223,250.0,355.909,6.044,980.405
2025-07-24 11:00:00,0.388,1.223,129.41,404.583,7.674,986.388
2025-07-24 12:00:00,0.699,1.223,0.0,329.064,8.219,987.737
2025-07-24 13:00:00,0.125,1.223,0.0,400.925,4.436,993.066
2025-07-24 14:00:00,2.064,1.223,0.0,416.218,9.736,1012.177
2025-07-24 15:00:00,1.633,1.223,0.0,301.635,4.433,1018.871
2025-07-24 16:00:00,2.099,1.223,0.0,401.51,6.26,994.838
2025-07-24 17:00:00,3.261,1.223,0.0,371.246,8.91,1018.207
2025-07-24 18:00:00,0.91,1.223,0.0,390.271,6.219,1007.713
2025-07-24 19:00:00,2.176,1.223,0.0,361.263,7.086,1012.999
2025-07-24 20:00:00,0.87,1.223,0.0,354.239,5.535,989.446
2025-07-24 21:00:00,1.512,1.223,0.0,331.531,8.741,1003.254
2025-07-24 22:00:00,0.617,1.223,0.0,344.024,4.662,996.39
2025-07-24 23:00:00,1.074,1.223,0.0,326.927,5.425,989.861
2025-07-25 00:00:00,1.09,1.064,0.0,355.688,7.23,982.054
2025-07-25 01:00:00,1.006,1.064,129.41,334.122,4.487,1010.78
2025-07-25 02:00:00,0.699,1.064,250.0,381.716,5.277,987.744
2025-07-25 03:00:00,2.68,1.064,353.553,349.652,4.934,1000.762
2025-07-25 04:00:00,1.046,1.064,433.013,306.603,7.665,994.104
2025-07-25 05:00:00,2.067,1.064,482.963,329.558,9.513,999.652
2025-07-25 06:00:00,0.367,1.064,500.0,375.94,9.748,986.345
2025-07-25 07:00:00,0.12,1.064,482.963,367.982,9.326,1004.665
2025-07-25 08:00:00,0.888,1.064,433.013,318.54,5.09,996.109
2025-07-25 09:00:00,0.813,1.064,353.553,368.313,9.788,1012.099
2025-07-25 10:00:00,2.455,1.064,250.0,404.137,7.051,999.795
2025-07-25 11:00:00,2.755,1.064,129.41,387.391,4.197,1007.229
2025-07-25 12:00:00,0.699,1.064,0.0,384.164,7.814,987.517
2025-07-25 13:00:00,0.532,1.064,0.0,331.059,8.328,1005.766
2025-07-25 14:00:00,0.486,1.064,0.0,389.526,7.776,1018.548
2025-07-25 15:00:00,1.399,1.064,0.0,415.26,5.963,985.941
2025-07-25 16:00:00,1.324,1.064,0.0,413.484,8.754,990.266
2025-07-25 17:00:00,1.532,1.064,0.0,331.338,5.703,1019.384
2025-07-25 18:00:00,1.329,1.064,0.0,363.806,9.88,985.503
2025-07-25 19:00:00,1.205,1.064,0.0,383.944,4.276,1005.85
2025-07-25 20:00:00,2.363,1.064,0.0,393.305,5.919,983.545
2025-07-25 21:00:00,0.574,1.064,0.0,394.499,6.76,1015.724
2025-07-25 22:00:00,1.483,1.064,0.0,372.181,5.735,981.344
2025-07-25 23:00:00,1.078,1.064,0.0,348.616,7.7,985.029
2025-07-26 00:00:00,0.306,0.906,0.0,349.474,9.337,998.382
2025-07-26 01:00:00,1.176,0.906,129.41,393.2,7.744,998.647
2025-07-26 02:00:00,3.72,0.906,250.0,361.096,4.752,1011.881
2025-07-26 03:00:00,0.359,0.906,353.553,419.709,5.471,982.142
2025-07-26 04:00:00,0.478,0.906,433.013,350.796,4.143,1000.712
2025-07-26 05:00:00,1.602,0.906,482.963,342.361,6.732,1014.259
2025-07-26 06:00:00,0.71,0.906,500.0,392.13,9.812,1007.523
2025-07-26 07:00:00,0.645,0.906,482.963,302.759,4.918,1013.596
2025-07-26 08:00:00,1.26,0.906,433.013,364.462,4.191,1013.753
2025-07-26 09:00:00,3.409,0.906,353.553,325.956,8.091,980.933
2025-07-26 10:00:00,1.186,0.906,250.0,396.013,7.593,1004.556
2025-07-26 11:00:00,1.985,0.906,129.41,415.818,8.574,986.707
2025-07-26 12:00:00,0.962,0.906,0.0,413.131,6.648,1002.394
2025-07-26 13:00:00,1.252,0.906,0.0,334.757,5.425,996.759
2025-07-26 14:00:00,3.841,0.906,0.0,362.093,8.624,989.432
2025-07-26 15:00:00,1.615,0.906,0.0,302.856,5.087,1018.84
2025-07-26 16:00:00,2.876,0.906,0.0,316.108,9.538,986.836
2025-07-26 17:00:00,0.819,0.906,0.0,360.858,4.225,1011.805
2025-07-26 18:00:00,0.721,0.906,0.0,317.668,7.563,1012.934
2025-07-26 19:00:00,2.769,0.906,0.0,412.8,6.999,998.647
2025-07-26 20:00:00,0.721,0.906,0.0,366.693,7.582,981.339
2025-07-26 21:00:00,0.925,0.906,0.0,414.467,8.373,990.369
2025-07-26 22:00:00,1.693,0.906,0.0,384.319,8.018,987.856
2025-07-26 23:00:00,1.85,0.906,0.0,353.787,7.117,989.382
2025-07-27 00:00:00,0.101,0.75,0.0,307.688,4.33,989.429
2025-07-27 01:00:00,0.187,0.75,129.41,337.645,5.609,1014.04
2025-07-27 02:00:00,0.272,0.75,250.0,354.663,8.83,1005.461
2025-07-27 03:00:00,0.901,0.75,353.553,311.088,7.846,988.45
2025-07-27 04:00:00,2.348,0.75,433.013,414.659,8.91,990.682
2025-07-27 05:00:00,0.107,0.75,482.963,358.082,5.309,983.616
2025-07-27 06:00:00,3.777,0.75,500.0,307.815,4.177,988.233
2025-07-27 07:00:00,1.046,0.75,482.963,370.417,8.367,1018.167
2025-07-27 08:00:00,1.327,0.75,433.013,407.995,8.892,982.923
2025-07-27 09:00:00,0.509,0.75,353.553,392.202,7.588,1000.265
2025-07-27 10:00:00,2.131,0.75,250.0,417.509,7.743,1006.655
2025-07-27 11:00:00,3.867,0.75,129.41,301.258,4.685,1001.242
2025-07-27 12:00:00,0.519,0.75,0.0,317.502,5.155,995.648
2025-07-27 13:00:00,3.428,0.75,0.0,369.78,9.061,1012.648
2025-07-27 14:00:00,1.825,0.75,0.0,367.006,9.371,990.976
2025-07-27 15:00:00,0.805,0.75,0.0,353.505,7.165,993.138
2025-07-27 16:00:00,0.209,0.75,0.0,303.71,4.62,1011.599
2025-07-27 17:00:00,4.046,0.75,0.0,395.582,8.638,997.978
2025-07-27 18:00:00,0.312,0.75,0.0,381.48,7.247,995.375
2025-07-27 19:00:00,1.35,0.75,0.0,370.728,6.336,1007.031
2025-07-27 20:00:00,0.314,0.75,0.0,334.726,9.444,1007.822
2025-07-27 21:00:00,2.68,0.75,0.0,306.094,6.229,980.406
2025-07-27 22:00:00,0.802,0.75,0.0,385.547,7.031,996.805
2025-07-27 23:00:00,1.031,0.75,0.0,412.971,8.883,1014.871
2025-07-28 00:00:00,2.155,0.595,0.0,302.52,8.37,1006.639
2025-07-28 01:00:00,0.976,0.595,129.41,379.707,9.293,990.677
2025-07-28 02:00:00,3.056,0.595,250.0,309.883,4.086,1015.495
2025-07-28 03:00:00,2.096,0.595,353.553,404.209,7.73,1014.121
2025-07-28 04:00:00,2.594,0.595,433.013,301.623,9.594,1019.242
2025-07-28 05:00:00,3.977,0.595,482.963,358.313,4.425,1006.816
2025-07-28 06:00:00,0.819,0.595,500.0,359.889,9.032,1002.848
2025-07-28 07:00:00,0.605,0.595,482.963,324.258,7.839,1019.846
2025-07-28 08:00:00,3.221,0.595,433.013,375.805,4.987,983.661
2025-07-28 09:00:00,0.159,0.595,353.553,346.45,4.9,991.728
2025-07-28 10:00:00,0.762,0.595,250.0,406.12,9.249,981.664
2025-07-28 11:00:00,1.953,0.595,129.41,370.808,4.371,993.015
2025-07-28 12:00:00,1.367,0.595,0.0,411.471,9.83,989.17
2025-07-28 13:00:00,0.736,0.595,0.0,416.903,7.652,1002.412
2025-07-28 14:00:00,0.58,0.595,0.0,330.524,6.827,1001.291
2025-07-28 15:00:00,0.018,0.595,0.0,392.448,6.518,988.119
2025-07-28 16:00:00,1.521,0.595,0.0,382.933,9.056,983.834
2025-07-28 17:00:00,1.104,0.595,0.0,362.804,4.828,991.251
2025-07-28 18:00:00,3.54,0.595,0.0,368.422,6.974,1013.339
2025-07-28 19:00:00,2.634,0.595,0.0,408.114,8.786,980.585
2025-07-28 20:00:00,2.563,0.595,0.0,395.596,9.181,1012.035
2025-07-28 21:00:00,2.163,0.595,0.0,305.064,4.861,1018.855
2025-07-28 22:00:00,1.271,0.595,0.0,370.414,9.582,981.595
2025-07-28 23:00:00,0.072,0.595,0.0,314.168,5.525,993.699
2025-07-29 00:00:00,1.12,0.441,0.0,364.314,4.476,996.103
2025-07-29 01:00:00,2.073,0.441,129.41,415.076,9.117,993.621
2025-07-29 02:00:00,1.416,0.441,250.0,352.98,4.47,984.093
2025-07-29 03:00:00,0.952,0.441,353.553,301.9,5.237,987.217
2025-07-29 04:00:00,1.116,0.441,433.013,384.335,5.085,981.125
2025-07-29 05:00:00,3.007,0.441,482.963,345.435,5.921,995.241
2025-07-29 06:00:00,0.581,0.441,500.0,405.496,8.588,989.409
2025-07-29 07:00:00,0.282,0.441,482.963,384.556,6.576,986.756
2025-07-29 08:00:00,1.213,0.441,433.013,384.793,7.991,989.432
2025-07-29 09:00:00,1.558,0.441,353.553,315.113,4.629,1008.828
2025-07-29 10:00:00,0.832,0.441,250.0,356.969,7.031,986.459
2025-07-29 11:00:00,3.034,0.441,129.41,381.876,9.096,994.178
2025-07-29 12:00:00,0.205,0.441,0.0,366.527,9.01,985.144
2025-07-29 13:00:00,2.18,0.441,0.0,318.231,8.481,1017.309
2025-07-29 14:00:00,1.388,0.441,0.0,344.003,4.495,1001.462
2025-07-29 15:00:00,0.833,0.441,0.0,402.147,4.452,1018.363
2025-07-29 16:00:00,1.692,0.441,0.0,406.984,9.758,992.907
2025-07-29 17:00:00,1.054,0.441,0.0,305.137,8.361,996.325
2025-07-29 18:00:00,0.082,0.441,0.0,315.588,9.569,1001.583
2025-07-29 19:00:00,1.457,0.441,0.0,392.815,4.78,988.995
2025-07-29 20:00:00,2.49,0.441,0.0,403.793,4.769,1009.966
2025-07-29 21:00:00,2.581,0.441,0.0,408.864,4.777,1007.543
2025-07-29 22:00:00,1.0,0.441,0.0,306.499,8.502,1002.488
2025-07-29 23:00:00,1.351,0.441,0.0,414.442,6.424,1017.443
2025-07-30 00:00:00,1.216,0.288,0.0,398.157,7.292,1006.851
2025-07-30 01:00:00,0.497,0.288,129.41,377.717,9.976,982.691
2025-07-30 02:00:00,1.222,0.288,250.0,390.662,7.805,991.456
2025-07-30 03:00:00,1.437,0.288,353.553,409.695,9.905,1002.291
2025-07-30 04:00:00,1.921,0.288,433.013,401.699,4.834,1002.125
2025-07-30 05:00:00,0.94,0.288,482.963,398.703,8.292,980.971
2025-07-30 06:00:00,1.66,0.288,500.0,375.03,5.582,999.878
2025-07-30 07:00:00,0.96,0.288,482.963,406.512,6.828,996.309
2025-07-30 08:00:00,0.779,0.288,433.013,382.817,7.599,1011.285
2025-07-30 09:00:00,1.518,0.288,353.553,340.332,5.052,1006.827
2025-07-30 10:00:00,1.098,0.288,250.0,373.532,4.535,1007.699
2025-07-30 11:00:00,3.213,0.288,129.41,346.671,7.66,1018.303
2025-07-30 12:00:00,2.041,0.288,0.0,383.205,9.734,990.652
2025-07-30 13:00:00,1.453,0.288,0.0,341.795,8.649,980.941
2025-07-30 14:00:00,1.336,0.288,0.0,359.466,9.949,983.826
2025-07-30 15:00:00,1.076,0.288,0.0,393.721,5.531,1000.523
2025-07-30 16:00:00,0.716,0.288,0.0,342.228,6.205,1001.323
2025-07-30 17:00:00,0.191,0.288,0.0,316.283,4.59,982.515
2025-07-30 18:00:00,1.236,0.288,0.0,321.822,4.378,988.468
2025-07-30 19:00:00,1.092,0.288,0.0,411.822,7.723,1011.144
2025-07-30 20:00:00,0.431,0.288,0.0,396.765,5.619,986.821
2025-07-30 21:00:00,0.592,0.288,0.0,344.273,7.067,985.075
2025-07-30 22:00:00,4.133,0.288,0.0,326.104,9.867,1014.735
2025-07-30 23:00:00,3.384,0.288,0.0,409.962,4.934,980.207
2025-07-31 00:00:00,4.247,0.137,0.0,352.865,9.219,1015.645
2025-07-31 01:00:00,0.456,0.137,129.41,388.436,4.439,1009.619
2025-07-31 02:00:00,0.357,0.137,250.0,384.913,9.246,996.538
2025-07-31 03:00:00,1.735,0.137,353.553,346.757,8.445,988.684
2025-07-31 04:00:00,1.732,0.137,433.013,365.339,6.414,1018.781
2025-07-31 05:00:00,0.888,0.137,482.963,314.878,6.716,983.563
2025-07-31 06:00:00,3.373,0.137,500.0,334.739,9.783,993.351
2025-07-31 07:00:00,1.184,0.137,482.963,329.485,4.873,1019.741
2025-07-31 08:00:00,1.985,0.137,433.013,396.118,8.557,1012.62
2025-07-31 09:00:00,0.421,0.137,353.553,339.868,4.229,994.753
2025-07-31 10:00:00,5.48,0.137,250.0,357.368,9.797,992.417
2025-07-31 11:00:00,6.958,0.137,129.41,372.711,7.127,995.43
2025-07-31 12:00:00,0.275,0.137,0.0,366.027,6.031,1011.079
2025-07-31 13:00:00,0.202,0.137,0.0,386.469,6.955,1001.429
2025-07-31 14:00:00,0.417,0.137,0.0,347.64,4.486,985.292
2025-07-31 15:00:00,0.349,0.137,0.0,322.226,4.159,1009.038
2025-07-31 16:00:00,2.913,0.137,0.0,307.463,8.923,984.764
2025-07-31 17:00:00,1.69,0.137,0.0,300.466,5.26,997.511
2025-07-31 18:00:00,1.356,0.137,0.0,354.878,4.748,981.259
2025-07-31 19:00:00,0.35,0.137,0.0,391.649,8.368,1011.365
2025-07-31 20:00:00,3.97,0.137,0.0,384.395,4.034,1003.207
2025-07-31 21:00:00,0.928,0.137,0.0,378.633,4.652,1016.389
2025-07-31 22:00:00,2.612,0.137,0.0,331.523,4.799,1017.789
2025-07-31 23:00:00,0.691,0.137,0.0,355.888,6.785,980.986
2025-08-01 00:00:00,0.595,-0.012,0.0,324.983,8.04,983.919
2025-08-01 01:00:00,3.099,-0.012,129.41,309.91,9.949,1014.291
2025-08-01 02:00:00,1.691,-0.012,250.0,360.941,5.665,990.83
2025-08-01 03:00:00,2.564,-0.012,353.553,375.706,8.474,987.495
2025-08-01 04:00:00,1.661,-0.012,433.013,355.887,9.897,989.334
2025-08-01 05:00:00,0.409,-0.012,482.963,371.822,9.559,1010.739
2025-08-01 06:00:00,0.591,-0.012,500.0,378.306,9.179,989.648
2025-08-01 07:00:00,0.919,-0.012,482.963,300.219,7.243,1013.541
2025-08-01 08:00:00,0.207,-0.012,433.013,401.608,9.176,1010.603
2025-08-01 09:00:00,1.592,-0.012,353.553,324.321,5.178,1008.001
2025-08-01 10:00:00,2.037,-0.012,250.0,403.819,6.463,1016.186
2025-08-01 11:00:00,3.362,-0.012,129.41,358.68,6.043,982.041
2025-08-01 12:00:00,4.405,-0.012,0.0,345.872,6.698,1002.474
2025-08-01 13:00:00,2.365,-0.012,0.0,361.023,8.191,1017.631
2025-08-01 14:00:00,2.098,-0.012,0.0,327.458,5.078,983.011
2025-08-01 15:00:00,1.094,-0.012,0.0,357.394,8.173,1015.93
2025-08-01 16:00:00,2.556,-0.012,0.0,339.529,9.88,1007.983
2025-08-01 17:00:00,0.176,-0.012,0.0,304.75,4.542,1017.954
2025-08-01 18:00:00,0.653,-0.012,0.0,301.34,6.859,1013.786
2025-08-01 19:00:00,0.704,-0.012,0.0,390.23,6.582,1012.736
2025-08-01 20:00:00,2.446,-0.012,0.0,402.04,9.356,1011.559
2025-08-01 21:00:00,3.714,-0.012,0.0,341.932,4.471,1010.499
2025-08-01 22:00:00,0.715,-0.012,0.0,335.506,8.119,993.709
2025-08-01 23:00:00,4.029,-0.012,0.0,329.621,7.0,990.441
2025-08-02 00:00:00,3.247,-0.161,0.0,327.797,8.77,1000.756
2025-08-02 01:00:00,0.8,-0.161,129.41,348.648,6.841,996.653
2025-08-02 02:00:00,3.86,-0.161,250.0,325.124,7.322,981.016
2025-08-02 03:00:00,1.723,-0.161,353.553,327.324,8.449,1006.394
2025-08-02 04:00:00,0.734,-0.161,433.013,394.084,6.892,987.876
2025-08-02 05:00:00,2.611,-0.161,482.963,395.853,6.323,985.86
2025-08-02 06:00:00,4.096,-0.161,500.0,332.109,5.001,993.135
2025-08-02 07:00:00,1.946,-0.161,482.963,324.667,6.907,987.62
2025-08-02 08:00:00,0.384,-0.161,433.013,349.7,4.576,1005.36
2025-08-02 09:00:00,1.326,-0.161,353.553,391.899,8.658,990.703
2025-08-02 10:00:00,1.835,-0.161,250.0,340.7,4.686,982.94
2025-08-02 11:00:00,0.988,-0.161,129.41,355.494,9.955,1017.533
2025-08-02 12:00:00,0.081,-0.161,0.0,417.687,5.229,992.116
2025-08-02 13:00:00,0.895,-0.161,0.0,329.783,5.579,1016.289
2025-08-02 14:00:00,0.962,-0.161,0.0,394.07,6.749,987.034
2025-08-02 15:00:00,0.722,-0.161,0.0,351.772,4.527,983.885
2025-08-02 16:00:00,0.525,-0.161,0.0,345.06,7.006,1009.964
2025-08-02 17:00:00,1.872,-0.161,0.0,316.412,5.468,990.13
2025-08-02 18:00:00,0.63,-0.161,0.0,380.242,8.394,982.615
2025-08-02 19:00:00,1.689,-0.161,0.0,398.981,4.699,1001.638
2025-08-02 20:00:00,1.2,-0.161,0.0,416.62,4.044,993.253
2025-08-02 21:00:00,2.56,-0.161,0.0,364.139,6.738,993.94
2025-08-02 22:00:00,1.29,-0.161,0.0,327.488,8.637,997.584
2025-08-02 23:00:00,0.293,-0.161,0.0,364.329,7.034,990.89
2025-08-03 00:00:00,0.124,-0.307,0.0,397.384,8.335,996.584
2025-08-03 01:00:00,0.652,-0.307,129.41,306.285,5.287,986.172
2025-08-03 02:00:00,1.331,-0.307,250.0,354.235,4.953,1014.126
2025-08-03 03:00:00,0.144,-0.307,353.553,314.711,6.933,1004.177
2025-08-03 04:00:00,4.06,-0.307,433.013,413.38,9.144,986.406
2025-08-03 05:00:00,2.843,-0.307,482.963,364.934,4.014,1006.93
2025-08-03 06:00:00,0.183,-0.307,500.0,360.196,4.687,996.457
2025-08-03 07:00:00,4.137,-0.307,482.963,333.251,8.841,985.868
2025-08-03 08:00:00,2.893,-0.307,433.013,333.825,8.032,990.761
2025-08-03 09:00:00,1.556,-0.307,353.553,332.129,9.073,1012.766
2025-08-03 10:00:00,0.694,-0.307,250.0,376.867,9.475,1014.593
2025-08-03 11:00:00,4.243,-0.307,129.41,351.226,4.115,981.551
2025-08-03 12:00:00,1.873,-0.307,0.0,383.089,4.493,990.492
2025-08-03 13:00:00,1.036,-0.307,0.0,407.157,5.861,1013.165
2025-08-03 14:00:00,1.097,-0.307,0.0,413.449,4.241,1008.691
2025-08-03 15:00:00,0.623,-0.307,0.0,322.074,9.745,1001.93
2025-08-03 16:00:00,1.033,-0.307,0.0,302.681,5.657,993.522
2025-08-03 17:00:00,0.665,-0.307,0.0,375.338,8.325,1000.197
2025-08-03 18:00:00,3.887,-0.307,0.0,397.585,9.209,999.173
2025-08-03 19:00:00,3.105,-0.307,0.0,366.136,4.14,985.796
2025-08-03 20:00:00,1.033,-0.307,0.0,381.576,7.841,984.749
2025-08-03 21:00:00,1.855,-0.307,0.0,304.025,9.319,1004.868
2025-08-03 22:00:00,0.977,-0.307,0.0,350.312,5.324,1018.131
2025-08-03 23:00:00,0.475,-0.307,0.0,333.747,4.661,1013.089
2025-08-04 00:00:00,0.649,-0.452,0.0,400.315,6.48,1019.172
2025-08-04 01:00:00,1.653,-0.452,129.41,301.829,8.637,996.407
2025-08-04 02:00:00,3.286,-0.452,250.0,368.021,4.16,980.691
2025-08-04 03:00:00,4.421,-0.452,353.553,341.058,4.21,995.178
2025-08-04 04:00:00,2.278,-0.452,433.013,377.695,8.721,1010.024
2025-08-04 05:00:00,3.442,-0.452,482.963,396.349,9.278,991.681
2025-08-04 06:00:00,3.609,-0.452,500.0,360.4,9.256,1019.366
2025-08-04 07:00:00,1.256,-0.452,482.963,376.705,7.246,989.109
2025-08-04 08:00:00,0.108,-0.452,433.013,373.619,9.223,1014.116
2025-08-04 09:00:00,1.905,-0.452,353.553,361.545,8.784,989.039
2025-08-04 10:00:00,4.746,-0.452,250.0,325.453,7.488,985.829
2025-08-04 11:00:00,1.837,-0.452,129.41,388.545,9.147,1006.237
2025-08-04 12:00:00,0.916,-0.452,0.0,346.324,7.197,991.648
2025-08-04 13:00:00,1.539,-0.452,0.0,351.0,9.463,981.011
2025-08-04 14:00:00,2.335,-0.452,0.0,346.99,7.208,996.296
2025-08-04 15:00:00,0.102,-0.452,0.0,372.069,9.499,1014.927
2025-08-04 16:00:00,1.345,-0.452,0.0,371.225,7.87,985.759
2025-08-04 17:00:00,1.186,-0.452,0.0,375.679,7.458,984.262
2025-08-04 18:00:00,1.182,-0.452,0.0,348.497,4.84,997.851
2025-08-04 19:00:00,0.959,-0.452,0.0,304.878,8.025,994.887
2025-08-04 20:00:00,1.466,-0.452,0.0,386.865,5.193,982.219
2025-08-04 21:00:00,1.659,-0.452,0.0,335.33,9.09,986.69
2025-08-04 22:00:00,1.537,-0.452,0.0,342.17,6.549,980.891
2025-08-04 23:00:00,1.489,-0.452,0.0,370.581,7.579,994.346
2025-08-05 00:00:00,0.858,-0.596,0.0,395.696,4.81,987.672
2025-08-05 01:00:00,1.596,-0.596,129.41,365.907,8.5,998.621
2025-08-05 02:00:00,0.099,-0.596,250.0,415.602,7.185,981.11
2025-08-05 03:00:00,1.217,-0.596,353.553,385.439,8.509,985.817
2025-08-05 04:00:00,1.139,-0.596,433.013,392.136,6.237,1007.837
2025-08-05 05:00:00,0.679,-0.596,482.963,412.625,5.675,1011.914
2025-08-05 06:00:00,1.129,-0.596,500.0,307.918,4.947,1009.058
2025-08-05 07:00:00,0.225,-0.596,482.963,407.69,4.444,996.758
2025-08-05 08:00:00,0.649,-0.596,433.013,399.754,8.258,989.946
2025-08-05 09:00:00,0.24,-0.596,353.553,392.551,4.425,995.392
2025-08-05 10:00:00,1.385,-0.596,250.0,414.966,6.644,1007.241
2025-08-05 11:00:00,0.649,-0.596,129.41,348.11,7.84,980.972
2025-08-05 12:00:00,0.421,-0.596,0.0,402.201,8.288,990.802
2025-08-05 13:00:00,1.329,-0.596,0.0,390.969,8.451,1004.863
2025-08-05 14:00:00,2.186,-0.596,0.0,303.621,5.448,1006.09
2025-08-05 15:00:00,3.302,-0.596,0.0,341.339,9.067,999.446
2025-08-05 16:00:00,1.858,-0.596,0.0,363.389,9.617,1017.885
2025-08-05 17:00:00,1.55,-0.596,0.0,385.02,6.03,1003.108
2025-08-05 18:00:00,7.591,-0.596,0.0,353.099,9.648,986.663
2025-08-05 19:00:00,1.375,-0.596,0.0,312.074,5.367,1004.512
2025-08-05 20:00:00,1.518,-0.596,0.0,326.358,5.256,993.927
2025-08-05 21:00:00,1.478,-0.596,0.0,310.286,8.413,985.997
2025-08-05 22:00:00,0.48,-0.596,0.0,313.925,4.221,1002.427
2025-08-05 23:00:00,4.212,-0.596,0.0,344.71,7.791,998.498
2025-08-06 00:00:00,0.835,-0.738,0.0,310.646,8.353,1005.353
2025-08-06 01:00:00,0.358,-0.738,129.41,318.188,5.914,988.844
2025-08-06 02:00:00,1.148,-0.738,250.0,354.732,4.322,1002.646
2025-08-06 03:00:00,6.67,-0.738,353.553,378.96,9.566,984.195
2025-08-06 04:00:00,1.73,-0.738,433.013,395.386,7.482,1013.484
2025-08-06 05:00:00,0.561,-0.738,482.963,404.077,9.364,1005.282
2025-08-06 06:00:00,1.11,-0.738,500.0,373.948,5.211,1007.339
2025-08-06 07:00:00,0.026,-0.738,482.963,344.137,9.649,1006.809
2025-08-06 08:00:00,3.203,-0.738,433.013,364.413,6.501,986.954
2025-08-06 09:00:00,0.473,-0.738,353.553,377.855,9.09,984.076
2025-08-06 10:00:00,1.68,-0.738,250.0,387.506,4.699,980.898
2025-08-06 11:00:00,0.232,-0.738,129.41,356.231,8.087,1017.73
2025-08-06 12:00:00,1.144,-0.738,0.0,376.541,9.377,1003.257
2025-08-06 13:00:00,0.786,-0.738,0.0,386.663,9.226,990.299
2025-08-06 14:00:00,0.959,-0.738,0.0,352.63,7.138,988.976
2025-08-06 15:00:00,0.124,-0.738,0.0,320.819,9.981,1010.734
2025-08-06 16:00:00,5.14,-0.738,0.0,346.125,6.363,995.943
2025-08-06 17:00:00,0.754,-0.738,0.0,376.11,5.603,997.498
2025-08-06 18:00:00,0.141,-0.738,0.0,350.971,8.961,1009.992
2025-08-06 19:00:00,0.297,-0.738,0.0,333.367,9.273,988.102
2025-08-06 20:00:00,2.289,-0.738,0.0,319.853,5.546,990.496
2025-08-06 21:00:00,0.041,-0.738,0.0,356.251,4.627,1019.677
2025-08-06 22:00:00,1.481,-0.738,0.0,411.865,8.176,1019.873
2025-08-06 23:00:00,2.402,-0.738,0.0,356.407,7.017,997.043
2025-08-07 00:00:00,0.53,-0.878,0.0,387.767,9.402,988.837
2025-08-07 01:00:00,0.517,-0.878,129.41,301.685,7.326,1000.407
2025-08-07 02:00:00,2.935,-0.878,250.0,300.668,4.79,1001.074
2025-08-07 03:00:00,1.976,-0.878,353.553,324.949,6.619,997.361
2025-08-07 04:00:00,2.398,-0.878,433.013,419.912,9.933,984.375
2025-08-07 05:00:00,0.424,-0.878,482.963,305.946,8.567,992.374
2025-08-07 06:00:00,0.799,-0.878,500.0,360.288,6.846,993.893
2025-08-07 07:00:00,2.733,-0.878,482.963,391.187,9.349,993.844
2025-08-07 08:00:00,1.012,-0.878,433.013,330.693,9.392,1015.125
2025-08-07 09:00:00,3.418,-0.878,353.553,412.491,5.989,990.462
2025-08-07 10:00:00,0.361,-0.878,250.0,349.013,9.686,1009.559
2025-08-07 11:00:00,0.467,-0.878,129.41,315.402,6.217,984.46
2025-08-07 12:00:00,0.28,-0.878,0.0,417.21,6.826,1000.18
2025-08-07 13:00:00,0.75,-0.878,0.0,312.916,7.051,992.231
2025-08-07 14:00:00,2.124,-0.878,0.0,410.721,4.791,986.346
2025-08-07 15:00:00,0.637,-0.878,0.0,336.135,9.205,1009.226
2025-08-07 16:00:00,1.358,-0.878,0.0,382.789,5.486,1005.625
2025-08-07 17:00:00,3.671,-0.878,0.0,328.24,6.635,985.676
2025-08-07 18:00:00,1.324,-0.878,0.0,361.116,5.93,1012.156
2025-08-07 19:00:00,1.924,-0.878,0.0,344.219,6.41,997.212
2025-08-07 20:00:00,1.539,-0.878,0.0,300.45,8.749,998.965
2025-08-07 21:00:00,1.31,-0.878,0.0,360.395,4.423,991.916
2025-08-07 22:00:00,0.468,-0.878,0.0,310.203,9.49,985.311
2025-08-07 23:00:00,2.098,-0.878,0.0,418.595,7.726,980.883
2025-08-08 00:00:00,2.665,-1.016,0.0,393.526,9.289,1006.922
2025-08-08 01:00:00,1.931,-1.016,129.41,416.649,4.126,1019.785
2025-08-08 02:00:00,0.529,-1.016,250.0,401.167,8.978,994.977
2025-08-08 03:00:00,0.344,-1.016,353.553,384.622,7.995,1015.314
2025-08-08 04:00:00,1.579,-1.016,433.013,331.26,4.974,985.808
2025-08-08 05:00:00,1.39,-1.016,482.963,330.516,4.464,1007.871
2025-08-08 06:00:00,0.764,-1.016,500.0,309.423,5.187,1006.239
2025-08-08 07:00:00,1.105,-1.016,482.963,362.21,6.201,990.367
2025-08-08 08:00:00,1.554,-1.016,433.013,375.137,6.323,984.332
2025-08-08 09:00:00,0.245,-1.016,353.553,321.101,8.816,1008.204
2025-08-08 10:00:00,1.434,-1.016,250.0,336.559,6.403,990.149
2025-08-08 11:00:00,2.859,-1.016,129.41,357.028,7.398,995.621
2025-08-08 12:00:00,0.578,-1.016,0.0,373.849,8.058,987.394
2025-08-08 13:00:00,0.566,-1.016,0.0,418.183,8.004,1000.489
2025-08-08 14:00:00,0.676,-1.016,0.0,319.127,8.681,981.329
2025-08-08 15:00:00,0.433,-1.016,0.0,418.983,9.167,980.655
2025-08-08 16:00:00,3.371,-1.016,0.0,392.162,8.35,994.238
2025-08-08 17:00:00,0.125,-1.016,0.0,351.496,6.035,986.441
2025-08-08 18:00:00,1.586,-1.016,0.0,390.176,9.577,1018.987
2025-08-08 19:00:00,1.441,-1.016,0.0,405.268,5.147,1010.741
2025-08-08 20:00:00,0.933,-1.016,0.0,334.608,5.206,1008.61
2025-08-08 21:00:00,1.791,-1.016,0.0,338.812,7.788,980.583
2025-08-08 22:00:00,1.059,-1.016,0.0,325.6,8.961,1012.082
2025-08-08 23:00:00,1.004,-1.016,0.0,338.603,6.095,1011.426
2025-08-09 00:00:00,1.777,-1.153,0.0,383.327,9.922,1002.653
2025-08-09 01:00:00,3.351,-1.153,129.41,349.278,6.692,981.416
2025-08-09 02:00:00,0.714,-1.153,250.0,331.036,8.098,1004.07
2025-08-09 03:00:00,1.627,-1.153,353.553,358.224,4.897,1019.873
2025-08-09 04:00:00,1.924,-1.153,433.013,385.215,5.094,999.234
2025-08-09 05:00:00,1.45,-1.153,482.963,416.01,7.434,1010.476
2025-08-09 06:00:00,1.858,-1.153,500.0,313.026,5.048,1003.75
2025-08-09 07:00:00,1.634,-1.153,482.963,337.231,4.272,992.152
2025-08-09 08:00:00,0.683,-1.153,433.013,313.165,7.376,995.572
2025-08-09 09:00:00,4.112,-1.153,353.553,359.648,6.156,1004.672
2025-08-09 10:00:00,2.478,-1.153,250.0,328.379,7.189,992.226
2025-08-09 11:00:00,0.43,-1.153,129.41,405.123,7.231,1017.68
2025-08-09 12:00:00,0.176,-1.153,0.0,320.674,7.962,996.72
2025-08-09 13:00:00,0.553,-1.153,0.0,390.085,8.643,999.502
2025-08-09 14:00:00,2.902,-1.153,0.0,311.278,6.884,1019.768
2025-08-09 15:00:00,2.162,-1.153,0.0,308.179,5.074,982.487
2025-08-09 16:00:00,2.817,-1.153,0.0,323.18,6.253,996.467
2025-08-09 17:00:00,2.047,-1.153,0.0,373.518,4.766,990.392
2025-08-09 18:00:00,0.659,-1.153,0.0,337.675,6.428,998.65
2025-08-09 19:00:00,1.225,-1.153,0.0,392.659,9.365,991.112
2025-08-09 20:00:00,0.085,-1.153,0.0,408.782,6.321,990.47
2025-08-09 21:00:00,1.071,-1.153,0.0,358.63,4.47,1004.053
2025-08-09 22:00:00,2.077,-1.153,0.0,352.8,4.6,997.017
2025-08-09 23:00:00,2.211,-1.153,0.0,395.501,7.838,1016.365
2025-08-10 00:00:00,0.041,-1.288,0.0,323.248,4.311,1004.064
2025-08-10 01:00:00,0.063,-1.288,129.41,412.336,5.591,991.623
2025-08-10 02:00:00,2.332,-1.288,250.0,419.022,8.843,1019.667
2025-08-10 03:00:00,2.51,-1.288,353.553,359.49,6.812,991.336
2025-08-10 04:00:00,0.266,-1.288,433.013,315.481,4.292,982.621
2025-08-10 05:00:00,0.829,-1.288,482.963,322.713,4.329,998.98
2025-08-10 06:00:00,1.42,-1.288,500.0,349.393,5.943,1015.778
2025-08-10 07:00:00,1.596,-1.288,482.963,349.733,9.465,993.093
2025-08-10 08:00:00,1.4,-1.288,433.013,315.909,4.258,1016.286
2025-08-10 09:00:00,0.894,-1.288,353.553,306.734,6.169,995.93
2025-08-10 10:00:00,0.489,-1.288,250.0,308.334,8.253,1011.447
2025-08-10 11:00:00,3.972,-1.288,129.41,378.383,9.142,992.825
2025-08-10 12:00:00,0.508,-1.288,0.0,366.726,4.079,984.194
2025-08-10 13:00:00,2.578,-1.288,0.0,340.507,4.311,995.072
2025-08-10 14:00:00,1.142,-1.288,0.0,381.757,8.574,1007.712
2025-08-10 15:00:00,1.745,-1.288,0.0,308.918,8.497,1003.613
2025-08-10 16:00:00,0.926,-1.288,0.0,411.951,5.803,1005.074
2025-08-10 17:00:00,1.546,-1.288,0.0,398.711,7.226,999.44
2025-08-10 18:00:00,0.698,-1.288,0.0,332.212,5.127,981.841
2025-08-10 19:00:00,0.252,-1.288,0.0,310.336,7.971,995.697
2025-08-10 20:00:00,0.316,-1.288,0.0,368.554,7.886,1002.788
2025-08-10 21:00:00,1.974,-1.288,0.0,335.359,7.876,990.492
2025-08-10 22:00:00,0.274,-1.288,0.0,359.814,4.965,1005.66
2025-08-10 23:00:00,0.319,-1.288,0.0,390.747,6.065,1015.857
2025-08-11 00:00:00,2.09,-1.421,0.0,320.37,4.509,1017.377
2025-08-11 01:00:00,1.34,-1.421,129.41,338.63,7.318,1004.2
2025-08-11 02:00:00,1.65,-1.421,250.0,393.189,8.544,994.88
2025-08-11 03:00:00,2.413,-1.421,353.553,322.531,6.897,988.654
2025-08-11 04:00:00,3.166,-1.421,433.013,412.252,9.449,1018.451
2025-08-11 05:00:00,0.944,-1.421,482.963,372.518,5.417,1010.736
2025-08-11 06:00:00,0.502,-1.421,500.0,402.871,7.226,985.918
2025-08-11 07:00:00,1.568,-1.421,482.963,406.809,5.683,981.536
2025-08-11 08:00:00,0.839,-1.421,433.013,325.364,5.466,987.128
2025-08-11 09:00:00,0.162,-1.421,353.553,394.926,6.223,1005.201
2025-08-11 10:00:00,0.754,-1.421,250.0,313.943,5.309,988.722
2025-08-11 11:00:00,3.896,-1.421,129.41,326.348,9.086,1019.725
2025-08-11 12:00:00,2.469,-1.421,0.0,344.43,7.402,998.929
2025-08-11 13:00:00,6.441,-1.421,0.0,357.985,4.648,1006.831
2025-08-11 14:00:00,2.086,-1.421,0.0,308.514,8.932,1013.862
2025-08-11 15:00:00,0.87,-1.421,0.0,370.74,7.391,989.054
2025-08-11 16:00:00,2.077,-1.421,0.0,356.261,4.375,1002.077
2025-08-11 17:00:00,0.599,-1.421,0.0,412.051,9.934,980.36
2025-08-11 18:00:00,0.997,-1.421,0.0,379.59,8.572,990.822
2025-08-11 19:00:00,4.027,-1.421,0.0,395.098,5.449,1018.557
2025-08-11 20:00:00,0.556,-1.421,0.0,395.67,5.085,982.082
2025-08-11 21:00:00,1.858,-1.421,0.0,391.141,9.247,1008.204
2025-08-11 22:00:00,0.155,-1.421,0.0,369.844,8.913,993.657
2025-08-11 23:00:00,1.304,-1.421,0.0,397.889,7.822,1009.631
2025-08-12 00:00:00,2.445,-1.552,0.0,314.85,7.637,1004.592
2025-08-12 01:00:00,1.919,-1.552,129.41,384.736,6.623,998.923
2025-08-12 02:00:00,0.718,-1.552,250.0,331.945,9.166,984.767
2025-08-12 03:00:00,0.904,-1.552,353.553,365.867,9.645,1018.931
2025-08-12 04:00:00,0.255,-1.552,433.013,311.829,4.057,990.207
2025-08-12 05:00:00,0.827,-1.552,482.963,411.658,6.245,994.982
2025-08-12 06:00:00,0.638,-1.552,500.0,302.453,9.028,1009.693
2025-08-12 07:00:00,0.051,-1.552,482.963,368.261,7.28,982.349
2025-08-12 08:00:00,0.817,-1.552,433.013,397.946,4.769,998.84
2025-08-12 09:00:00,2.405,-1.552,353.553,376.701,8.222,991.352
2025-08-12 10:00:00,1.485,-1.552,250.0,319.011,6.542,1002.544
2025-08-12 11:00:00,1.051,-1.552,129.41,307.922,7.466,991.568
2025-08-12 12:00:00,3.572,-1.552,0.0,338.799,7.405,1017.041
2025-08-12 13:00:00,0.553,-1.552,0.0,318.703,5.763,993.325
2025-08-12 14:00:00,1.07,-1.552,0.0,346.138,5.224,1005.316
2025-08-12 15:00:00,0.511,-1.552,0.0,354.202,7.923,1016.776
2025-08-12 16:00:00,2.514,-1.552,0.0,405.233,5.054,1019.222
2025-08-12 17:00:00,2.415,-1.552,0.0,409.162,5.267,1011.677
2025-08-12 18:00:00,1.213,-1.552,0.0,410.923,5.555,987.587
2025-08-12 19:00:00,0.935,-1.552,0.0,362.882,4.833,1008.36
2025-08-12 20:00:00,1.63,-1.552,0.0,336.951,8.115,985.102
2025-08-12 21:00:00,2.605,-1.552,0.0,316.649,6.759,991.355
2025-08-12 22:00:00,2.643,-1.552,0.0,374.252,9.437,983.833
2025-08-12 23:00:00,2.102,-1.552,0.0,402.124,8.89,984.561
2025-08-13 00:00:00,1.222,-1.681,0.0,402.215,4.013,1016.704
2025-08-13 01:00:00,0.655,-1.681,129.41,331.486,6.515,1008.241
2025-08-13 02:00:00,5.235,-1.681,250.0,366.112,9.423,1006.611
2025-08-13 03:00:00,1.602,-1.681,353.553,341.12,9.315,1017.168
2025-08-13 04:00:00,1.459,-1.681,433.013,360.671,4.75,991.048
2025-08-13 05:00:00,1.39,-1.681,482.963,403.828,9.238,1009.763
2025-08-13 06:00:00,0.789,-1.681,500.0,371.262,4.977,996.543
2025-08-13 07:00:00,1.341,-1.681,482.963,417.163,5.085,1010.858
2025-08-13 08:00:00,1.174,-1.681,433.013,326.988,6.863,987.764
2025-08-13 09:00:00,3.205,-1.681,353.553,354.296,5.547,1018.772
2025-08-13 10:00:00,2.425,-1.681,250.0,360.106,5.35,1006.191
2025-08-13 11:00:00,2.219,-1.681,129.41,339.785,9.186,1009.894
2025-08-13 12:00:00,4.568,-1.681,0.0,337.078,4.225,1019.691
2025-08-13 13:00:00,1.315,-1.681,0.0,356.05,6.806,1007.066
2025-08-13 14:00:00,1.099,-1.681,0.0,388.144,7.268,986.184
2025-08-13 15:00:00,1.127,-1.681,0.0,411.918,8.116,983.879
2025-08-13 16:00:00,2.457,-1.681,0.0,415.925,9.299,1005.636
2025-08-13 17:00:00,0.303,-1.681,0.0,355.865,8.43,1009.429
2025-08-13 18:00:00,1.417,-1.681,0.0,347.426,7.218,999.728
2025-08-13 19:00:00,1.213,-1.681,0.0,386.95,7.797,990.829
2025-08-13 20:00:00,0.796,-1.681,0.0,390.141,8.469,988.883
2025-08-13 21:00:00,0.191,-1.681,0.0,334.878,8.733,1008.909
2025-08-13 22:00:00,2.545,-1.681,0.0,348.492,6.871,1019.031
2025-08-13 23:00:00,2.739,-1.681,0.0,305.273,8.151,995.146
2025-08-14 00:00:00,0.262,-1.808,0.0,408.903,4.632,988.672
2025-08-14 01:00:00,5.437,-1.808,129.41,401.733,9.29,985.699
2025-08-14 02:00:00,0.721,-1.808,250.0,366.363,5.543,990.593
2025-08-14 03:00:00,1.676,-1.808,353.553,384.462,8.566,999.222
2025-08-14 04:00:00,1.208,-1.808,433.013,322.09,8.638,985.405
2025-08-14 05:00:00,0.366,-1.808,482.963,325.404,9.92,1015.885
2025-08-14 06:00:00,1.516,-1.808,500.0,379.066,4.018,1006.105
2025-08-14 07:00:00,0.726,-1.808,482.963,369.11,7.448,985.535
2025-08-14 08:00:00,2.688,-1.808,433.013,382.407,4.729,1019.114
2025-08-14 09:00:00,0.195,-1.808,353.553,329.919,4.677,990.121
2025-08-14 10:00:00,0.932,-1.808,250.0,355.45,4.574,1008.721
2025-08-14 11:00:00,1.53,-1.808,129.41,407.853,7.811,995.167
2025-08-14 12:00:00,1.005,-1.808,0.0,320.7,4.175,1018.324
2025-08-14 13:00:00,0.67,-1.808,0.0,325.715,6.935,1017.568
2025-08-14 14:00:00,1.749,-1.808,0.0,410.805,7.104,1013.678
2025-08-14 15:00:00,0.031,-1.808,0.0,323.335,9.121,982.709
2025-08-14 16:00:00,0.181,-1.808,0.0,403.241,7.056,1015.662
2025-08-14 17:00:00,1.907,-1.808,0.0,326.118,9.321,996.203
2025-08-14 18:00:00,1.383,-1.808,0.0,375.294,4.891,1011.326
2025-08-14 19:00:00,1.277,-1.808,0.0,327.92,9.157,1009.589
2025-08-14 20:00:00,3.79,-1.808,0.0,368.571,7.164,995.993
2025-08-14 21:00:00,0.351,-1.808,0.0,378.949,9.141,986.563
2025-08-14 22:00:00,0.513,-1.808,0.0,314.375,6.12,1019.461
2025-08-14 23:00:00,1.539,-1.808,0.0,349.59,4.593,995.052
2025-08-15 00:00:00,3.285,-1.933,0.0,372.351,7.647,999.136
2025-08-15 01:00:00,1.659,-1.933,129.41,320.913,7.893,1017.915
2025-08-15 02:00:00,1.558,-1.933,250.0,310.038,8.391,1018.835
2025-08-15 03:00:00,0.751,-1.933,353.553,329.214,6.65,990.811
2025-08-15 04:00:00,3.076,-1.933,433.013,348.908,4.674,1018.896
2025-08-15 05:00:00,0.745,-1.933,482.963,350.665,4.918,1010.843
2025-08-15 06:00:00,1.208,-1.933,500.0,309.689,9.066,1002.407
2025-08-15 07:00:00,6.355,-1.933,482.963,407.49,9.547,1007.651
2025-08-15 08:00:00,1.759,-1.933,433.013,395.224,8.883,981.228
2025-08-15 09:00:00,4.268,-1.933,353.553,376.719,9.345,1012.691
2025-08-15 10:00:00,1.557,-1.933,250.0,398.11,6.005,1005.508
2025-08-15 11:00:00,3.055,-1.933,129.41,384.457,7.109,986.544
2025-08-15 12:00:00,1.318,-1.933,0.0,419.078,4.2,1019.072
2025-08-15 13:00:00,1.443,-1.933,0.0,406.224,8.295,1015.571
2025-08-15 14:00:00,1.291,-1.933,0.0,334.873,7.059,996.744
2025-08-15 15:00:00,2.599,-1.933,0.0,361.741,4.549,990.297
2025-08-15 16:00:00,1.454,-1.933,0.0,402.976,8.85,1012.031
2025-08-15 17:00:00,0.071,-1.933,0.0,383.362,9.887,992.987
2025-08-15 18:00:00,2.061,-1.933,0.0,395.968,8.764,989.62
2025-08-15 19:00:00,2.014,-1.933,0.0,329.567,5.436,1004.426
2025-08-15 20:00:00,3.229,-1.933,0.0,359.086,7.198,996.454
2025-08-15 21:00:00,2.296,-1.933,0.0,326.734,8.729,997.083
2025-08-15 22:00:00,3.51,-1.933,0.0,341.922,5.425,1010.083
2025-08-15 23:00:00,0.651,-1.933,0.0,408.698,6.398,997.168
2025-08-16 00:00:00,0.791,-2.056,0.0,338.581,7.964,1016.42
2025-08-16 01:00:00,0.416,-2.056,129.41,305.223,8.359,995.003
2025-08-16 02:00:00,1.795,-2.056,250.0,415.261,6.52,1003.147
2025-08-16 03:00:00,0.495,-2.056,353.553,384.087,5.677,981.293
2025-08-16 04:00:00,0.269,-2.056,433.013,412.033,8.933,989.15
2025-08-16 05:00:00,0.488,-2.056,482.963,415.663,8.392,1012.284
2025-08-16 06:00:00,1.683,-2.056,500.0,353.196,6.061,1010.135
2025-08-16 07:00:00,0.22,-2.056,482.963,373.248,6.186,982.98
2025-08-16 08:00:00,1.32,-2.056,433.013,310.33,8.929,1006.904
2025-08-16 09:00:00,3.175,-2.056,353.553,386.25,9.644,1008.831
2025-08-16 10:00:00,1.399,-2.056,250.0,328.097,4.062,1009.795
2025-08-16 11:00:00,0.438,-2.056,129.41,312.267,5.361,992.779
2025-08-16 12:00:00,0.864,-2.056,0.0,374.815,6.281,997.824
2025-08-16 13:00:00,0.604,-2.056,0.0,367.889,5.498,997.328
2025-08-16 14:00:00,0.938,-2.056,0.0,397.451,7.429,1009.656
2025-08-16 15:00:00,1.323,-2.056,0.0,412.478,9.868,981.432
2025-08-16 16:00:00,1.958,-2.056,0.0,341.78,7.855,1004.015
2025-08-16 17:00:00,0.261,-2.056,0.0,345.667,6.267,1001.544
2025-08-16 18:00:00,1.513,-2.056,0.0,356.106,4.122,1004.056
2025-08-16 19:00:00,1.958,-2.056,0.0,392.653,6.901,991.522
2025-08-16 20:00:00,2.588,-2.056,0.0,312.612,9.595,995.324
2025-08-16 21:00:00,0.777,-2.056,0.0,339.074,8.902,982.25
2025-08-16 22:00:00,4.66,-2.056,0.0,384.106,4.408,1012.549
2025-08-16 23:00:00,2.367,-2.056,0.0,329.421,5.378,1006.576
2025-08-17 00:00:00,0.639,-2.177,0.0,304.032,6.805,983.888
2025-08-17 01:00:00,0.088,-2.177,129.41,418.008,7.533,1009.968
2025-08-17 02:00:00,1.911,-2.177,250.0,357.16,9.563,988.343
2025-08-17 03:00:00,1.46,-2.177,353.553,347.891,6.938,1017.213
2025-08-17 04:00:00,0.801,-2.177,433.013,364.601,6.628,981.818
2025-08-17 05:00:00,0.691,-2.177,482.963,306.548,6.033,1008.627
2025-08-17 06:00:00,0.299,-2.177,500.0,404.233,7.888,1007.998
2025-08-17 07:00:00,0.922,-2.177,482.963,373.374,5.231,1006.804
2025-08-17 08:00:00,1.296,-2.177,433.013,313.52,7.382,990.288
2025-08-17 09:00:00,0.53,-2.177,353.553,390.47,4.497,1009.546
2025-08-17 10:00:00,0.149,-2.177,250.0,345.532,8.261,996.357
2025-08-17 11:00:00,0.656,-2.177,129.41,375.707,5.77,1000.366
2025-08-17 12:00:00,3.496,-2.177,0.0,307.731,6.64,995.039
2025-08-17 13:00:00,1.719,-2.177,0.0,332.111,5.222,1015.843
2025-08-17 14:00:00,1.72,-2.177,0.0,345.206,8.047,995.171
2025-08-17 15:00:00,0.591,-2.177,0.0,326.86,6.816,1006.207
2025-08-17 16:00:00,1.741,-2.177,0.0,359.476,6.527,1013.908
2025-08-17 17:00:00,1.606,-2.177,0.0,381.565,9.37,984.424
2025-08-17 18:00:00,0.638,-2.177,0.0,353.34,4.065,982.979
2025-08-17 19:00:00,0.752,-2.177,0.0,377.387,9.666,1006.714
2025-08-17 20:00:00,3.196,-2.177,0.0,319.742,8.983,992.136
2025-08-17 21:00:00,0.076,-2.177,0.0,362.419,6.928,988.606
2025-08-17 22:00:00,0.629,-2.177,0.0,314.146,8.569,1010.254
2025-08-17 23:00:00,0.698,-2.177,0.0,375.611,8.12,986.851
2025-08-18 00:00:00,1.48,-2.296,0.0,373.924,9.714,1015.903
2025-08-18 01:00:00,1.115,-2.296,129.41,398.995,8.254,1005.688
2025-08-18 02:00:00,3.518,-2.296,250.0,354.358,7.907,1003.954
2025-08-18 03:00:00,0.199,-2.296,353.553,320.55,8.546,998.063
2025-08-18 04:00:00,2.756,-2.296,433.013,343.679,8.288,991.532
2025-08-18 05:00:00,0.522,-2.296,482.963,408.626,8.95,986.671
2025-08-18 06:00:00,0.793,-2.296,500.0,325.661,5.544,1003.563
2025-08-18 07:00:00,1.017,-2.296,482.963,371.169,6.0,980.168
2025-08-18 08:00:00,2.106,-2.296,433.013,341.856,5.025,981.631
2025-08-18 09:00:00,1.167,-2.296,353.553,314.141,6.907,980.535
2025-08-18 10:00:00,0.167,-2.296,250.0,307.701,9.397,1015.595
2025-08-18 11:00:00,1.237,-2.296,129.41,329.808,4.516,1019.217
2025-08-18 12:00:00,1.258,-2.296,0.0,390.244,8.171,1001.71
2025-08-18 13:00:00,0.109,-2.296,0.0,373.044,8.514,999.286
2025-08-18 14:00:00,0.456,-2.296,0.0,366.454,8.784,1012.522
2025-08-18 15:00:00,3.12,-2.296,0.0,348.894,6.344,986.892
2025-08-18 16:00:00,1.252,-2.296,0.0,321.418,9.612,997.295
2025-08-18 17:00:00,2.024,-2.296,0.0,362.171,5.02,984.038
2025-08-18 18:00:00,2.44,-2.296,0.0,331.358,9.63,1013.161
2025-08-18 19:00:00,3.327,-2.296,0.0,322.043,5.318,1003.042
2025-08-18 20:00:00,0.911,-2.296,0.0,324.403,9.703,981.223
2025-08-18 21:00:00,0.39,-2.296,0.0,402.842,9.972,1005.75
2025-08-18 22:00:00,1.121,-2.296,0.0,302.154,7.854,1002.649
2025-08-18 23:00:00,1.401,-2.296,0.0,326.561,6.687,1007.92
2025-08-19 00:00:00,1.706,-2.412,0.0,344.203,5.974,988.818
2025-08-19 01:00:00,0.158,-2.412,129.41,346.522,9.928,997.542
2025-08-19 02:00:00,2.053,-2.412,250.0,406.314,5.016,986.08
2025-08-19 03:00:00,0.502,-2.412,353.553,389.169,7.106,996.318
2025-08-19 04:00:00,1.656,-2.412,433.013,331.934,9.831,985.824
2025-08-19 05:00:00,0.302,-2.412,482.963,381.419,9.954,990.887
2025-08-19 06:00:00,0.507,-2.412,500.0,385.921,5.609,1014.489
2025-08-19 07:00:00,0.331,-2.412,482.963,415.885,7.687,1012.432
2025-08-19 08:00:00,0.523,-2.412,433.013,335.282,9.824,1012.939
2025-08-19 09:00:00,1.003,-2.412,353.553,318.43,8.491,1005.582
2025-08-19 10:00:00,0.225,-2.412,250.0,378.469,9.865,1001.824
2025-08-19 11:00:00,0.582,-2.412,129.41,411.242,4.315,1015.164
2025-08-19 12:00:00,1.134,-2.412,0.0,413.012,9.772,1012.986
2025-08-19 13:00:00,0.683,-2.412,0.0,328.334,5.234,1014.488
2025-08-19 14:00:00,3.108,-2.412,0.0,334.052,4.651,1002.878
2025-08-19 15:00:00,0.055,-2.412,0.0,333.535,5.742,1011.363
2025-08-19 16:00:00,1.263,-2.412,0.0,329.317,5.191,998.566
2025-08-19 17:00:00,2.404,-2.412,0.0,378.308,9.97,1016.985
2025-08-19 18:00:00,1.903,-2.412,0.0,314.928,8.936,1004.195
2025-08-19 19:00:00,0.749,-2.412,0.0,387.864,8.871,988.872
2025-08-19 20:00:00,1.418,-2.412,0.0,311.887,9.925,990.715
2025-08-19 21:00:00,0.722,-2.412,0.0,350.385,9.898,1017.815
2025-08-19 22:00:00,0.393,-2.412,0.0,363.483,6.103,1004.17
2025-08-19 23:00:00,0.851,-2.412,0.0,396.877,5.86,1019.407
2025-08-20 00:00:00,3.62,-2.527,0.0,369.638,7.869,989.321
2025-08-20 01:00:00,0.658,-2.527,129.41,317.696,6.207,990.765
2025-08-20 02:00:00,5.475,-2.527,250.0,356.114,4.27,1001.356
2025-08-20 03:00:00,0.133,-2.527,353.553,337.146,4.958,997.655
2025-08-20 04:00:00,2.114,-2.527,433.013,374.872,6.657,992.502
2025-08-20 05:00:00,0.301,-2.527,482.963,316.543,7.001,990.785
2025-08-20 06:00:00,2.097,-2.527,500.0,399.029,8.783,986.448
2025-08-20 07:00:00,0.656,-2.527,482.963,309.73,5.732,988.603
2025-08-20 08:00:00,2.117,-2.527,433.013,348.951,5.151,985.593
2025-08-20 09:00:00,0.686,-2.527,353.553,373.175,7.776,1015.217
2025-08-20 10:00:00,0.411,-2.527,250.0,307.579,6.519,1006.215
2025-08-20 11:00:00,1.67,-2.527,129.41,368.707,9.717,998.417
2025-08-20 12:00:00,2.766,-2.527,0.0,315.836,4.708,983.847
2025-08-20 13:00:00,6.124,-2.527,0.0,409.454,8.959,998.003
2025-08-20 14:00:00,1.065,-2.527,0.0,385.971,4.325,991.664
2025-08-20 15:00:00,0.548,-2.527,0.0,352.384,7.888,1001.785
2025-08-20 16:00:00,0.203,-2.527,0.0,383.619,4.697,1019.569
2025-08-20 17:00:00,0.183,-2.527,0.0,401.749,7.729,992.414
2025-08-20 18:00:00,1.695,-2.527,0.0,310.732,6.051,988.631
2025-08-20 19:00:00,1.652,-2.527,0.0,395.931,4.692,980.217
2025-08-20 20:00:00,0.126,-2.527,0.0,375.856,7.748,1011.24
2025-08-20 21:00:00,0.708,-2.527,0.0,331.66,7.92,1001.647
2025-08-20 22:00:00,3.258,-2.527,0.0,363.926,8.343,998.432
2025-08-20 23:00:00,0.647,-2.527,0.0,310.336,6.872,1006.718
2025-08-21 00:00:00,1.461,-2.639,0.0,333.788,7.178,991.606
2025-08-21 01:00:00,6.316,-2.639,129.41,397.249,5.506,1008.477
2025-08-21 02:00:00,0.258,-2.639,250.0,335.652,5.631,983.287
2025-08-21 03:00:00,5.248,-2.639,353.553,411.359,8.051,987.451
2025-08-21 04:00:00,0.496,-2.639,433.013,355.529,5.883,1001.177
2025-08-21 05:00:00,0.212,-2.639,482.963,323.432,4.127,992.588
2025-08-21 06:00:00,1.534,-2.639,500.0,347.292,5.667,1010.359
2025-08-21 07:00:00,2.319,-2.639,482.963,328.356,6.792,1018.07
2025-08-21 08:00:00,0.306,-2.639,433.013,397.71,4.764,986.477
2025-08-21 09:00:00,1.097,-2.639,353.553,388.457,4.659,1016.523
2025-08-21 10:00:00,1.914,-2.639,250.0,379.256,4.528,1019.173
2025-08-21 11:00:00,0.89,-2.639,129.41,368.798,7.698,998.755
2025-08-21 12:00:00,0.227,-2.639,0.0,352.31,8.223,1012.289
2025-08-21 13:00:00,0.012,-2.639,0.0,411.503,4.151,1003.438
2025-08-21 14:00:00,1.992,-2.639,0.0,359.381,9.095,1019.12
2025-08-21 15:00:00,0.017,-2.639,0.0,409.06,8.084,1015.631
2025-08-21 16:00:00,1.209,-2.639,0.0,353.967,4.476,999.675
2025-08-21 17:00:00,0.224,-2.639,0.0,410.625,4.39,989.028
2025-08-21 18:00:00,0.621,-2.639,0.0,357.451,4.258,988.781
2025-08-21 19:00:00,0.307,-2.639,0.0,305.708,6.144,996.386
2025-08-21 20:00:00,0.95,-2.639,0.0,310.815,9.315,982.114
2025-08-21 21:00:00,2.101,-2.639,0.0,381.729,7.533,1017.965
2025-08-21 22:00:00,1.207,-2.639,0.0,391.913,5.455,1006.078
2025-08-21 23:00:00,0.675,-2.639,0.0,372.304,6.312,1011.974
2025-08-22 00:00:00,2.373,-2.749,0.0,316.493,5.01,998.208
2025-08-22 01:00:00,0.534,-2.749,129.41,412.828,4.61,996.11
2025-08-22 02:00:00,1.038,-2.749,250.0,389.343,7.309,1001.995
2025-08-22 03:00:00,3.789,-2.749,353.553,386.346,4.673,1009.866
2025-08-22 04:00:00,1.964,-2.749,433.013,416.807,7.217,981.019
2025-08-22 05:00:00,0.415,-2.749,482.963,353.013,4.825,986.689
2025-08-22 06:00:00,0.658,-2.749,500.0,329.799,9.101,1006.588
2025-08-22 07:00:00,0.646,-2.749,482.963,321.642,6.249,998.323
2025-08-22 08:00:00,1.119,-2.749,433.013,384.396,7.34,991.59
2025-08-22 09:00:00,0.059,-2.749,353.553,315.539,9.05,989.173
2025-08-22 10:00:00,0.23,-2.749,250.0,386.348,4.937,999.257
2025-08-22 11:00:00,0.661,-2.749,129.41,375.117,5.115,992.223
2025-08-22 12:00:00,0.832,-2.749,0.0,390.32,4.096,990.03
2025-08-22 13:00:00,0.647,-2.749,0.0,332.084,9.791,1007.409
2025-08-22 14:00:00,1.367,-2.749,0.0,395.188,5.085,1014.44
2025-08-22 15:00:00,0.275,-2.749,0.0,411.009,5.897,1010.986
2025-08-22 16:00:00,1.591,-2.749,0.0,339.137,5.044,1015.249
2025-08-22 17:00:00,1.13,-2.749,0.0,391.527,9.241,1002.156
2025-08-22 18:00:00,1.784,-2.749,0.0,309.395,6.976,980.511
2025-08-22 19:00:00,1.02,-2.749,0.0,394.333,8.955,1017.414
2025-08-22 20:00:00,0.308,-2.749,0.0,406.442,4.827,988.201
2025-08-22 21:00:00,0.704,-2.749,0.0,327.694,9.854,986.342
2025-08-22 22:00:00,1.404,-2.749,0.0,320.21,7.831,1008.539
2025-08-22 23:00:00,1.527,-2.749,0.0,309.792,7.202,995.926
2025-08-23 00:00:00,1.352,-2.856,0.0,335.441,7.871,995.262
2025-08-23 01:00:00,0.753,-2.856,129.41,318.21,8.905,1009.034
2025-08-23 02:00:00,0.378,-2.856,250.0,395.294,6.276,1013.384
2025-08-23 03:00:00,0.78,-2.856,353.553,396.092,4.885,991.214
2025-08-23 04:00:00,0.216,-2.856,433.013,394.051,5.184,1001.472
2025-08-23 05:00:00,1.096,-2.856,482.963,310.364,9.122,1003.813
2025-08-23 06:00:00,0.287,-2.856,500.0,339.943,5.147,1003.856
2025-08-23 07:00:00,3.677,-2.856,482.963,335.985,9.345,987.438
2025-08-23 08:00:00,1.011,-2.856,433.013,396.84,7.28,1006.008
2025-08-23 09:00:00,3.535,-2.856,353.553,376.494,5.964,1005.27
2025-08-23 10:00:00,1.121,-2.856,250.0,333.133,4.604,1017.663
2025-08-23 11:00:00,0.649,-2.856,129.41,367.117,8.732,980.27
2025-08-23 12:00:00,1.306,-2.856,0.0,331.291,9.49,994.63
2025-08-23 13:00:00,2.96,-2.856,0.0,349.431,7.025,1015.771
2025-08-23 14:00:00,0.581,-2.856,0.0,325.912,4.317,982.355
2025-08-23 15:00:00,4.073,-2.856,0.0,303.56,5.039,1002.861
2025-08-23 16:00:00,2.213,-2.856,0.0,322.392,8.985,981.16
2025-08-23 17:00:00,0.778,-2.856,0.0,369.607,4.756,982.729
2025-08-23 18:00:00,1.62,-2.856,0.0,354.829,6.153,986.615
2025-08-23 19:00:00,1.578,-2.856,0.0,379.365,8.167,997.335
2025-08-23 20:00:00,1.476,-2.856,0.0,332.403,6.007,1003.691
2025-08-23 21:00:00,0.336,-2.856,0.0,307.934,8.938,1018.277
2025-08-23 22:00:00,0.165,-2.856,0.0,319.637,4.843,1007.236
2025-08-23 23:00:00,0.471,-2.856,0.0,338.144,7.337,1011.956
2025-08-24 00:00:00,0.557,-2.962,0.0,301.663,8.167,993.732
2025-08-24 01:00:00,0.165,-2.962,129.41,410.656,9.292,1011.796
2025-08-24 02:00:00,0.545,-2.962,250.0,305.956,7.255,991.142
2025-08-24 03:00:00,2.327,-2.962,353.553,344.676,8.192,1015.366
2025-08-24 04:00:00,2.42,-2.962,433.013,317.484,8.455,991.678
2025-08-24 05:00:00,0.511,-2.962,482.963,318.614,7.923,1003.817
2025-08-24 06:00:00,1.68,-2.962,500.0,327.159,8.252,992.287
2025-08-24 07:00:00,1.711,-2.962,482.963,333.771,4.894,1017.221
2025-08-24 08:00:00,0.234,-2.962,433.013,385.62,4.309,980.298
2025-08-24 09:00:00,0.06,-2.962,353.553,336.382,6.144,999.507
2025-08-24 10:00:00,0.516,-2.962,250.0,310.156,4.322,987.092
2025-08-24 11:00:00,0.858,-2.962,129.41,405.997,8.231,983.257
2025-08-24 12:00:00,1.118,-2.962,0.0,304.943,6.392,1009.864
2025-08-24 13:00:00,1.494,-2.962,0.0,349.894,9.719,1016.222
2025-08-24 14:00:00,3.947,-2.962,0.0,374.328,6.932,998.212
2025-08-24 15:00:00,2.736,-2.962,0.0,376.908,9.081,1008.55
2025-08-24 16:00:00,0.28,-2.962,0.0,401.936,4.507,981.526
2025-08-24 17:00:00,3.556,-2.962,0.0,378.257,8.305,1007.927
2025-08-24 18:00:00,1.31,-2.962,0.0,342.703,6.446,998.617
2025-08-24 19:00:00,1.642,-2.962,0.0,379.579,9.557,1008.209
2025-08-24 20:00:00,0.247,-2.962,0.0,356.547,6.21,992.455
2025-08-24 21:00:00,0.467,-2.962,0.0,416.696,5.737,981.972
2025-08-24 22:00:00,0.848,-2.962,0.0,374.487,9.266,980.339
2025-08-24 23:00:00,0.547,-2.962,0.0,312.618,5.566,1009.464
2025-08-25 00:00:00,0.103,-3.065,0.0,381.184,8.6,1002.603
2025-08-25 01:00:00,2.611,-3.065,129.41,384.488,9.984,1004.102
2025-08-25 02:00:00,1.17,-3.065,250.0,318.365,8.322,1016.637
2025-08-25 03:00:00,0.384,-3.065,353.553,330.524,9.557,1010.105
2025-08-25 04:00:00,0.678,-3.065,433.013,304.997,5.527,1010.428
2025-08-25 05:00:00,0.992,-3.065,482.963,300.205,7.151,1013.14
2025-08-25 06:00:00,0.8,-3.065,500.0,389.946,8.588,988.682
2025-08-25 07:00:00,0.597,-3.065,482.963,369.573,5.08,998.856
2025-08-25 08:00:00,0.236,-3.065,433.013,309.183,9.755,1017.172
2025-08-25 09:00:00,0.378,-3.065,353.553,392.674,7.79,988.833
2025-08-25 10:00:00,0.594,-3.065,250.0,309.138,8.365,988.225
2025-08-25 11:00:00,0.885,-3.065,129.41,415.071,4.597,987.185
2025-08-25 12:00:00,0.381,-3.065,0.0,367.048,4.523,993.599
2025-08-25 13:00:00,4.916,-3.065,0.0,359.497,7.948,985.551
2025-08-25 14:00:00,1.091,-3.065,0.0,312.107,7.172,1001.447
2025-08-25 15:00:00,0.546,-3.065,0.0,386.555,9.055,1017.506
2025-08-25 16:00:00,1.305,-3.065,0.0,317.597,7.97,980.023
2025-08-25 17:00:00,0.671,-3.065,0.0,300.304,6.055,1015.647
2025-08-25 18:00:00,1.264,-3.065,0.0,403.577,7.523,1011.316
2025-08-25 19:00:00,0.586,-3.065,0.0,337.685,7.362,1010.958
2025-08-25 20:00:00,1.759,-3.065,0.0,351.98,6.887,991.037
2025-08-25 21:00:00,0.771,-3.065,0.0,400.53,6.82,1008.526
2025-08-25 22:00:00,1.378,-3.065,0.0,363.693,6.183,1000.394
2025-08-25 23:00:00,1.023,-3.065,0.0,348.825,4.244,1019.586
2025-08-26 00:00:00,1.976,-3.165,0.0,416.526,8.673,1015.826
2025-08-26 01:00:00,0.438,-3.165,129.41,352.192,8.987,999.972
2025-08-26 02:00:00,3.354,-3.165,250.0,335.298,7.76,984.216
2025-08-26 03:00:00,0.15,-3.165,353.553,300.168,5.021,995.444
2025-08-26 04:00:00,0.446,-3.165,433.013,380.151,9.634,1012.812
2025-08-26 05:00:00,0.907,-3.165,482.963,385.695,8.473,1003.268
2025-08-26 06:00:00,0.183,-3.165,500.0,384.117,9.601,1007.019
2025-08-26 07:00:00,0.685,-3.165,482.963,383.844,4.429,1000.682
2025-08-26 08:00:00,0.805,-3.165,433.013,414.543,7.292,992.364
2025-08-26 09:00:00,3.862,-3.165,353.553,302.396,6.219,983.203
2025-08-26 10:00:00,2.161,-3.165,250.0,397.542,9.819,983.352
2025-08-26 11:00:00,2.244,-3.165,129.41,312.697,8.245,1004.931
2025-08-26 12:00:00,1.93,-3.165,0.0,340.62,4.336,1001.591
2025-08-26 13:00:00,1.251,-3.165,0.0,335.745,5.409,1018.628
2025-08-26 14:00:00,0.696,-3.165,0.0,413.319,8.267,992.814
2025-08-26 15:00:00,0.241,-3.165,0.0,330.55,4.778,992.344
2025-08-26 16:00:00,0.64,-3.165,0.0,340.738,8.664,989.179
2025-08-26 17:00:00,0.795,-3.165,0.0,319.525,8.086,1005.821
2025-08-26 18:00:00,0.684,-3.165,0.0,372.45,7.261,998.475
2025-08-26 19:00:00,4.694,-3.165,0.0,419.248,5.336,994.13
2025-08-26 20:00:00,0.357,-3.165,0.0,366.917,7.931,985.76
2025-08-26 21:00:00,1.685,-3.165,0.0,347.702,8.508,987.008
2025-08-26 22:00:00,3.575,-3.165,0.0,405.803,8.542,1007.412
2025-08-26 23:00:00,0.507,-3.165,0.0,404.635,9.278,1014.203
2025-08-27 00:00:00,0.121,-3.264,0.0,313.405,4.89,1004.08
2025-08-27 01:00:00,0.426,-3.264,129.41,401.004,6.062,1012.131
2025-08-27 02:00:00,0.161,-3.264,250.0,403.154,6.247,990.634
2025-08-27 03:00:00,2.334,-3.264,353.553,363.232,5.935,988.309
2025-08-27 04:00:00,1.627,-3.264,433.013,391.457,7.28,993.579
2025-08-27 05:00:00,1.901,-3.264,482.963,369.782,7.106,1014.017
2025-08-27 06:00:00,0.007,-3.264,500.0,330.682,9.963,995.571
2025-08-27 07:00:00,1.24,-3.264,482.963,406.362,5.712,1008.391
2025-08-27 08:00:00,0.529,-3.264,433.013,408.667,7.257,980.372
2025-08-27 09:00:00,0.708,-3.264,353.553,322.899,6.584,988.317
2025-08-27 10:00:00,0.485,-3.264,250.0,334.284,9.857,1000.474
2025-08-27 11:00:00,3.334,-3.264,129.41,312.371,8.003,1016.402
2025-08-27 12:00:00,1.037,-3.264,0.0,392.044,5.83,1009.873
2025-08-27 13:00:00,0.605,-3.264,0.0,327.111,6.81,1002.867
2025-08-27 14:00:00,3.79,-3.264,0.0,352.339,8.485,995.548
2025-08-27 15:00:00,2.881,-3.264,0.0,398.423,4.981,1013.029
2025-08-27 16:00:00,0.46,-3.264,0.0,314.305,7.011,1009.28
2025-08-27 17:00:00,1.67,-3.264,0.0,379.923,5.903,1014.022
2025-08-27 18:00:00,0.47,-3.264,0.0,316.457,6.894,993.77
2025-08-27 19:00:00,1.347,-3.264,0.0,377.507,4.06,1001.179
2025-08-27 20:00:00,1.511,-3.264,0.0,381.1,8.41,994.763
2025-08-27 21:00:00,2.972,-3.264,0.0,315.707,5.779,1015.606
2025-08-27 22:00:00,0.5,-3.264,0.0,368.25,8.836,1014.707
2025-08-27 23:00:00,0.018,-3.264,0.0,418.021,7.689,1012.799
2025-08-28 00:00:00,0.651,-3.359,0.0,338.373,5.341,980.646
2025-08-28 01:00:00,0.306,-3.359,129.41,344.451,8.371,1007.879
2025-08-28 02:00:00,1.733,-3.359,250.0,415.614,4.92,991.748
2025-08-28 03:00:00,1.77,-3.359,353.553,302.227,6.986,1012.244
2025-08-28 04:00:00,1.867,-3.359,433.013,372.421,7.697,992.517
2025-08-28 05:00:00,0.42,-3.359,482.963,338.174,7.582,983.455
2025-08-28 06:00:00,1.791,-3.359,500.0,347.702,9.172,989.113
2025-08-28 07:00:00,1.076,-3.359,482.963,382.599,7.581,989.758
2025-08-28 08:00:00,1.911,-3.359,433.013,386.246,6.775,989.815
2025-08-28 09:00:00,0.982,-3.359,353.553,335.352,5.018,1002.85
2025-08-28 10:00:00,2.205,-3.359,250.0,333.911,5.802,981.928
2025-08-28 11:00:00,1.545,-3.359,129.41,386.47,8.507,994.161
2025-08-28 12:00:00,0.651,-3.359,0.0,376.364,6.949,1003.916
2025-08-28 13:00:00,0.677,-3.359,0.0,343.646,9.242,984.403
2025-08-28 14:00:00,1.959,-3.359,0.0,353.43,6.426,1015.551
2025-08-28 15:00:00,1.118,-3.359,0.0,328.884,5.218,1009.085
2025-08-28 16:00:00,0.498,-3.359,0.0,322.843,4.945,1004.117
2025-08-28 17:00:00,3.318,-3.359,0.0,306.23,6.477,1018.113
2025-08-28 18:00:00,6.303,-3.359,0.0,419.032,9.81,986.218
2025-08-28 19:00:00,0.682,-3.359,0.0,342.458,5.816,984.952
2025-08-28 20:00:00,4.957,-3.359,0.0,376.691,8.83,993.572
2025-08-28 21:00:00,2.566,-3.359,0.0,329.943,5.935,1000.965
2025-08-28 22:00:00,2.255,-3.359,0.0,307.57,6.232,1005.685
2025-08-28 23:00:00,1.683,-3.359,0.0,311.244,6.172,1017.523
2025-08-29 00:00:00,0.244,-3.452,0.0,407.057,8.36,1014.199
2025-08-29 01:00:00,1.333,-3.452,129.41,377.84,4.99,997.495
2025-08-29 02:00:00,0.457,-3.452,250.0,318.847,8.118,1008.694
2025-08-29 03:00:00,1.401,-3.452,353.553,419.23,8.664,995.537
2025-08-29 04:00:00,3.886,-3.452,433.013,316.65,8.656,992.73
2025-08-29 05:00:00,2.481,-3.452,482.963,387.71,5.95,1004.597
2025-08-29 06:00:00,2.872,-3.452,500.0,392.481,6.663,1016.792
2025-08-29 07:00:00,2.79,-3.452,482.963,384.329,7.201,1010.113
2025-08-29 08:00:00,4.013,-3.452,433.013,393.865,6.57,1016.022
2025-08-29 09:00:00,1.514,-3.452,353.553,382.291,5.168,1014.311
2025-08-29 10:00:00,0.501,-3.452,250.0,385.914,4.797,1003.107
2025-08-29 11:00:00,0.57,-3.452,129.41,335.393,8.73,981.329
2025-08-29 12:00:00,1.354,-3.452,0.0,365.766,6.247,986.966
2025-08-29 13:00:00,2.203,-3.452,0.0,389.274,6.39,992.852
2025-08-29 14:00:00,0.921,-3.452,0.0,396.863,4.262,1016.572
2025-08-29 15:00:00,0.441,-3.452,0.0,381.433,6.483,993.84
2025-08-29 16:00:00,2.656,-3.452,0.0,300.62,9.067,987.599
2025-08-29 17:00:00,2.431,-3.452,0.0,383.396,8.733,1012.972
2025-08-29 18:00:00,0.597,-3.452,0.0,325.493,6.198,999.669
2025-08-29 19:00:00,2.974,-3.452,0.0,327.29,4.287,1001.445
2025-08-29 20:00:00,2.392,-3.452,0.0,380.255,9.205,993.17
2025-08-29 21:00:00,2.076,-3.452,0.0,369.413,7.416,1015.545
2025-08-29 22:00:00,2.704,-3.452,0.0,327.509,4.754,995.676
2025-08-29 23:00:00,2.134,-3.452,0.0,301.722,7.148,982.193
2025-08-30 00:00:00,0.257,-3.543,0.0,338.727,7.88,982.341
2025-08-30 01:00:00,0.58,-3.543,129.41,326.412,5.68,1007.116
2025-08-30 02:00:00,3.613,-3.543,250.0,414.295,5.84,996.231
2025-08-30 03:00:00,2.262,-3.543,353.553,309.818,8.208,981.159
2025-08-30 04:00:00,0.457,-3.543,433.013,348.076,5.666,1014.797
2025-08-30 05:00:00,0.869,-3.543,482.963,343.817,4.589,1015.825
2025-08-30 06:00:00,2.86,-3.543,500.0,414.845,4.086,1017.549
2025-08-30 07:00:00,0.747,-3.543,482.963,353.654,4.139,1000.015
2025-08-30 08:00:00,0.852,-3.543,433.013,321.495,6.47,983.641
2025-08-30 09:00:00,0.574,-3.543,353.553,381.211,8.819,1016.54
2025-08-30 10:00:00,2.372,-3.543,250.0,414.902,9.663,995.791
2025-08-30 11:00:00,0.42,-3.543,129.41,336.505,4.031,989.714
2025-08-30 12:00:00,1.29,-3.543,0.0,347.784,8.672,993.844
2025-08-30 13:00:00,0.916,-3.543,0.0,366.185,9.257,980.289
2025-08-30 14:00:00,1.683,-3.543,0.0,300.366,7.533,1003.71
2025-08-30 15:00:00,0.426,-3.543,0.0,389.419,7.375,987.174
2025-08-30 16:00:00,1.305,-3.543,0.0,300.028,5.4,998.357
2025-08-30 17:00:00,4.033,-3.543,0.0,393.429,5.296,1015.928
2025-08-30 18:00:00,2.474,-3.543,0.0,374.82,9.507,1017.004
2025-08-30 19:00:00,2.025,-3.543,0.0,388.217,6.767,1002.471
2025-08-30 20:00:00,2.483,-3.543,0.0,316.951,7.357,997.21
2025-08-30 21:00:00,0.309,-3.543,0.0,405.423,8.383,992.523
2025-08-30 22:00:00,2.92,-3.543,0.0,311.404,4.358,989.707
2025-08-30 23:00:00,2.112,-3.543,0.0,328.807,9.801,991.652
2025-08-31 00:00:00,0.641,-3.631,0.0,419.587,5.686,1016.147
2025-08-31 01:00:00,1.071,-3.631,129.41,315.669,9.15,994.663
2025-08-31 02:00:00,1.139,-3.631,250.0,397.86,5.98,1005.388
2025-08-31 03:00:00,0.572,-3.631,353.553,366.418,4.361,993.898
2025-08-31 04:00:00,0.455,-3.631,433.013,408.555,9.088,983.103
2025-08-31 05:00:00,0.281,-3.631,482.963,337.088,5.605,992.869
2025-08-31 06:00:00,1.902,-3.631,500.0,309.168,6.959,1003.331
2025-08-31 07:00:00,0.054,-3.631,482.963,395.277,5.36,1003.169
2025-08-31 08:00:00,0.865,-3.631,433.013,317.181,9.101,990.314
2025-08-31 09:00:00,3.074,-3.631,353.553,328.583,9.825,1018.239
2025-08-31 10:00:00,0.919,-3.631,250.0,381.933,9.053,1015.917
2025-08-31 11:00:00,1.343,-3.631,129.41,401.883,7.038,980.532
2025-08-31 12:00:00,0.281,-3.631,0.0,348.556,9.551,992.211
2025-08-31 13:00:00,0.408,-3.631,0.0,394.841,9.671,987.586
2025-08-31 14:00:00,1.135,-3.631,0.0,412.56,4.791,989.756
2025-08-31 15:00:00,0.208,-3.631,0.0,396.651,5.637,984.047
2025-08-31 16:00:00,1.122,-3.631,0.0,373.532,7.948,983.045
2025-08-31 17:00:00,2.165,-3.631,0.0,300.99,9.179,985.338
2025-08-31 18:00:00,0.912,-3.631,0.0,387.97,4.727,1006.284
2025-08-31 19:00:00,0.209,-3.631,0.0,401.431,6.961,984.398
2025-08-31 20:00:00,1.053,-3.631,0.0,337.645,9.899,982.71
2025-08-31 21:00:00,0.87,-3.631,0.0,340.51,5.419,992.503
2025-08-31 22:00:00,0.422,-3.631,0.0,375.605,9.726,991.027
2025-08-31 23:00:00,1.995,-3.631,0.0,317.008,9.829,1002.354
2025-09-01 00:00:00,0.804,-3.717,0.0,371.094,9.156,1007.991
2025-09-01 01:00:00,1.364,-3.717,129.41,341.845,5.013,999.592
2025-09-01 02:00:00,1.243,-3.717,250.0,337.046,4.674,1012.656
2025-09-01 03:00:00,2.96,-3.717,353.553,418.851,6.558,1003.063
2025-09-01 04:00:00,1.656,-3.717,433.013,342.28,7.724,1009.352
2025-09-01 05:00:00,0.28,-3.717,482.963,380.022,9.899,981.355
2025-09-01 06:00:00,1.188,-3.717,500.0,345.079,9.562,986.374
2025-09-01 07:00:00,1.972,-3.717,482.963,403.562,5.363,984.152
2025-09-01 08:00:00,0.486,-3.717,433.013,360.468,8.961,1017.278
2025-09-01 09:00:00,0.416,-3.717,353.553,403.678,4.724,991.81
2025-09-01 10:00:00,0.386,-3.717,250.0,345.915,8.815,1013.256
2025-09-01 11:00:00,1.275,-3.717,129.41,339.663,4.184,982.529
2025-09-01 12:00:00,4.33,-3.717,0.0,381.543,7.068,989.137
2025-09-01 13:00:00,2.095,-3.717,0.0,402.925,9.532,1011.779
2025-09-01 14:00:00,0.542,-3.717,0.0,318.871,5.903,1006.421
2025-09-01 15:00:00,1.601,-3.717,0.0,336.969,6.984,981.906
2025-09-01 16:00:00,1.835,-3.717,0.0,397.082,7.79,994.623
2025-09-01 17:00:00,0.831,-3.717,0.0,348.714,7.068,1014.529
2025-09-01 18:00:00,2.59,-3.717,0.0,343.951,6.923,1006.504
2025-09-01 19:00:00,2.62,-3.717,0.0,327.373,9.072,1000.03
2025-09-01 20:00:00,0.459,-3.717,0.0,355.999,8.816,1011.674
2025-09-01 21:00:00,1.762,-3.717,0.0,301.684,4.186,1011.94
2025-09-01 22:00:00,1.879,-3.717,0.0,392.369,9.195,1007.72
2025-09-01 23:00:00,0.668,-3.717,0.0,333.157,8.544,1015.183
2025-09-02 00:00:00,1.684,-3.8,0.0,400.386,8.557,986.889
2025-09-02 01:00:00,2.984,-3.8,129.41,311.525,6.725,1005.554
2025-09-02 02:00:00,1.234,-3.8,250.0,416.458,9.401,983.692
2025-09-02 03:00:00,1.378,-3.8,353.553,382.133,5.789,1019.374
2025-09-02 04:00:00,0.772,-3.8,433.013,361.513,6.791,995.871
2025-09-02 05:00:00,0.667,-3.8,482.963,334.593,7.179,1015.06
2025-09-02 06:00:00,4.88,-3.8,500.0,360.399,7.274,1006.99
2025-09-02 07:00:00,0.78,-3.8,482.963,398.817,8.555,991.749
2025-09-02 08:00:00,0.451,-3.8,433.013,395.36,4.07,992.111
2025-09-02 09:00:00,0.074,-3.8,353.553,326.711,6.373,981.831
2025-09-02 10:00:00,0.892,-3.8,250.0,402.519,7.477,1007.369
2025-09-02 11:00:00,0.734,-3.8,129.41,373.089,5.511,1009.022
2025-09-02 12:00:00,1.141,-3.8,0.0,416.816,4.385,1009.522
2025-09-02 13:00:00,1.351,-3.8,0.0,396.883,7.396,996.763
2025-09-02 14:00:00,1.489,-3.8,0.0,411.473,6.066,1001.221
2025-09-02 15:00:00,1.938,-3.8,0.0,402.774,5.794,985.715
2025-09-02 16:00:00,0.222,-3.8,0.0,418.276,8.145,1002.124
2025-09-02 17:00:00,1.218,-3.8,0.0,357.164,6.076,995.718
2025-09-02 18:00:00,0.198,-3.8,0.0,320.516,8.991,1005.953
2025-09-02 19:00:00,1.856,-3.8,0.0,417.223,8.573,1010.87
2025-09-02 20:00:00,0.509,-3.8,0.0,415.8,9.737,1001.36
2025-09-02 21:00:00,1.761,-3.8,0.0,371.416,8.526,985.727
2025-09-02 22:00:00,2.285,-3.8,0.0,347.628,4.514,997.748
2025-09-02 23:00:00,1.244,-3.8,0.0,322.17,9.896,1015.028
2025-09-03 00:00:00,1.565,-3.881,0.0,406.611,4.49,1018.884
2025-09-03 01:00:00,0.637,-3.881,129.41,356.583,4.951,1008.739
2025-09-03 02:00:00,3.054,-3.881,250.0,406.363,9.978,1010.313
2025-09-03 03:00:00,0.439,-3.881,353.553,305.153,5.09,1018.477
2025-09-03 04:00:00,0.371,-3.881,433.013,415.345,4.699,1012.224
2025-09-03 05:00:00,1.087,-3.881,482.963,356.306,8.387,981.409
2025-09-03 06:00:00,2.355,-3.881,500.0,349.22,6.117,1013.208
2025-09-03 07:00:00,5.0,-3.881,482.963,377.228,4.969,983.33
2025-09-03 08:00:00,0.102,-3.881,433.013,416.278,5.885,984.141
2025-09-03 09:00:00,0.075,-3.881,353.553,379.874,4.797,989.837
2025-09-03 10:00:00,0.801,-3.881,250.0,301.482,8.34,1008.218
2025-09-03 11:00:00,1.228,-3.881,129.41,392.234,7.067,996.333
2025-09-03 12:00:00,0.577,-3.881,0.0,383.445,9.224,989.105
2025-09-03 13:00:00,2.909,-3.881,0.0,328.775,6.602,994.781
2025-09-03 14:00:00,1.12,-3.881,0.0,334.896,4.857,981.403
2025-09-03 15:00:00,4.256,-3.881,0.0,360.819,4.584,1013.377
2025-09-03 16:00:00,0.896,-3.881,0.0,387.342,8.33,1015.062
2025-09-03 17:00:00,1.883,-3.881,0.0,406.284,6.509,990.318
2025-09-03 18:00:00,2.626,-3.881,0.0,390.985,4.521,998.101
2025-09-03 19:00:00,0.312,-3.881,0.0,355.715,4.314,1016.826
2025-09-03 20:00:00,1.861,-3.881,0.0,396.648,9.554,1012.964
2025-09-03 21:00:00,0.568,-3.881,0.0,414.199,5.501,982.607
2025-09-03 22:00:00,5.401,-3.881,0.0,335.063,6.551,990.066
2025-09-03 23:00:00,3.175,-3.881,0.0,331.716,7.619,995.751
2025-09-04 00:00:00,0.462,-3.958,0.0,365.093,6.079,1015.941
2025-09-04 01:00:00,1.746,-3.958,129.41,417.711,9.653,981.504
2025-09-04 02:00:00,0.44,-3.958,250.0,306.253,7.897,992.347
2025-09-04 03:00:00,0.854,-3.958,353.553,350.59,7.33,1019.049
2025-09-04 04:00:00,0.262,-3.958,433.013,413.431,6.849,982.257
2025-09-04 05:00:00,1.742,-3.958,482.963,411.606,4.754,1003.724
2025-09-04 06:00:00,1.243,-3.958,500.0,306.006,4.44,1018.308
2025-09-04 07:00:00,1.807,-3.958,482.963,325.874,7.734,990.739
2025-09-04 08:00:00,3.407,-3.958,433.013,410.543,4.247,989.887
2025-09-04 09:00:00,2.619,-3.958,353.553,312.03,7.705,989.736
2025-09-04 10:00:00,2.294,-3.958,250.0,318.355,5.675,997.71
2025-09-04 11:00:00,0.604,-3.958,129.41,328.713,8.875,988.143
2025-09-04 12:00:00,2.438,-3.958,0.0,313.394,4.179,1017.247
2025-09-04 13:00:00,3.186,-3.958,0.0,344.649,8.933,1000.682
2025-09-04 14:00:00,0.362,-3.958,0.0,304.469,4.727,993.376
2025-09-04 15:00:00,1.193,-3.958,0.0,383.723,6.483,986.964
2025-09-04 16:00:00,0.268,-3.958,0.0,364.769,7.869,1006.404
2025-09-04 17:00:00,0.703,-3.958,0.0,373.145,6.843,992.539
2025-09-04 18:00:00,2.052,-3.958,0.0,323.477,8.005,1017.538
2025-09-04 19:00:00,1.103,-3.958,0.0,328.408,8.75,985.737
2025-09-04 20:00:00,4.021,-3.958,0.0,332.705,9.683,990.48
2025-09-04 21:00:00,0.462,-3.958,0.0,354.732,9.024,982.128
2025-09-04 22:00:00,1.468,-3.958,0.0,337.189,9.248,992.998
2025-09-04 23:00:00,1.764,-3.958,0.0,418.611,9.985,988.274
2025-09-05 00:00:00,0.8,-4.034,0.0,363.53,4.327,992.865
2025-09-05 01:00:00,1.251,-4.034,129.41,363.186,6.001,994.121
2025-09-05 02:00:00,2.128,-4.034,250.0,303.665,8.816,983.317
2025-09-05 03:00:00,1.193,-4.034,353.553,395.181,5.048,1019.216
2025-09-05 04:00:00,1.686,-4.034,433.013,315.962,8.036,1013.475
2025-09-05 05:00:00,0.507,-4.034,482.963,332.83,6.148,1000.824
2025-09-05 06:00:00,1.132,-4.034,500.0,374.861,8.709,984.241
2025-09-05 07:00:00,0.573,-4.034,482.963,340.442,5.63,990.065
2025-09-05 08:00:00,2.597,-4.034,433.013,402.885,4.575,1007.902
2025-09-05 09:00:00,0.087,-4.034,353.553,335.754,4.99,982.012
2025-09-05 10:00:00,1.523,-4.034,250.0,320.04,9.189,989.336
2025-09-05 11:00:00,1.195,-4.034,129.41,374.399,7.412,1008.074
2025-09-05 12:00:00,0.585,-4.034,0.0,389.602,9.791,993.805
2025-09-05 13:00:00,1.11,-4.034,0.0,375.85,8.822,995.774
2025-09-05 14:00:00,1.395,-4.034,0.0,326.531,7.535,994.116
2025-09-05 15:00:00,0.473,-4.034,0.0,305.909,8.371,982.329
2025-09-05 16:00:00,2.627,-4.034,0.0,380.815,8.225,992.925
2025-09-05 17:00:00,1.23,-4.034,0.0,368.062,5.359,985.588
2025-09-05 18:00:00,4.891,-4.034,0.0,349.493,6.87,989.939
2025-09-05 19:00:00,0.134,-4.034,0.0,371.735,6.239,1002.755
2025-09-05 20:00:00,1.812,-4.034,0.0,408.264,9.086,1005.676
2025-09-05 21:00:00,4.261,-4.034,0.0,411.543,9.135,1005.132
2025-09-05 22:00:00,0.127,-4.034,0.0,408.688,5.625,992.488
2025-09-05 23:00:00,0.241,-4.034,0.0,326.462,5.024,1018.803
2025-09-06 00:00:00,0.931,-4.106,0.0,361.018,4.629,1015.659
2025-09-06 01:00:00,2.14,-4.106,129.41,400.892,5.465,1006.734
2025-09-06 02:00:00,0.115,-4.106,250.0,369.678,5.047,998.415
2025-09-06 03:00:00,2.43,-4.106,353.553,377.757,4.312,1014.836
2025-09-06 04:00:00,0.416,-4.106,433.013,315.404,8.499,1013.485
2025-09-06 05:00:00,0.758,-4.106,482.963,331.932,5.403,1010.98
2025-09-06 06:00:00,1.873,-4.106,500.0,326.205,7.323,1001.003
2025-09-06 07:00:00,1.657,-4.106,482.963,359.447,9.583,1009.81
2025-09-06 08:00:00,0.696,-4.106,433.013,385.61,7.648,1015.95
2025-09-06 09:00:00,1.887,-4.106,353.553,365.163,5.741,1002.333
2025-09-06 10:00:00,1.094,-4.106,250.0,336.886,4.276,1005.636
2025-09-06 11:00:00,0.524,-4.106,129.41,356.606,4.393,996.805
2025-09-06 12:00:00,0.819,-4.106,0.0,303.034,4.335,991.065
2025-09-06 13:00:00,0.625,-4.106,0.0,392.171,4.427,1018.221
2025-09-06 14:00:00,0.456,-4.106,0.0,398.683,4.019,1009.794
2025-09-06 15:00:00,0.216,-4.106,0.0,357.95,4.749,990.912
2025-09-06 16:00:00,0.575,-4.106,0.0,319.109,4.005,990.718
2025-09-06 17:00:00,1.57,-4.106,0.0,352.272,9.86,1005.668
2025-09-06 18:00:00,0.201,-4.106,0.0,344.069,8.553,988.745
2025-09-06 19:00:00,5.705,-4.106,0.0,362.687,4.316,1010.747
2025-09-06 20:00:00,0.951,-4.106,0.0,350.577,4.707,998.344
2025-09-06 21:00:00,3.057,-4.106,0.0,327.104,5.921,1014.509
2025-09-06 22:00:00,0.581,-4.106,0.0,367.147,5.616,985.414
2025-09-06 23:00:00,0.63,-4.106,0.0,391.648,9.929,980.521
2025-09-07 00:00:00,0.801,-4.176,0.0,394.058,4.153,1016.894
2025-09-07 01:00:00,1.608,-4.176,129.41,372.553,4.396,982.698
2025-09-07 02:00:00,1.405,-4.176,250.0,384.388,8.302,990.57
2025-09-07 03:00:00,0.836,-4.176,353.553,385.818,4.774,1019.429
2025-09-07 04:00:00,0.157,-4.176,433.013,350.788,6.813,999.975
2025-09-07 05:00:00,1.048,-4.176,482.963,331.926,4.186,1003.181
2025-09-07 06:00:00,0.723,-4.176,500.0,394.143,6.232,980.315
2025-09-07 07:00:00,1.891,-4.176,482.963,327.092,4.531,986.059
2025-09-07 08:00:00,0.59,-4.176,433.013,311.413,4.864,988.861
2025-09-07 09:00:00,0.07,-4.176,353.553,391.509,7.524,991.137
2025-09-07 10:00:00,1.775,-4.176,250.0,316.275,4.527,1005.86
2025-09-07 11:00:00,1.521,-4.176,129.41,349.499,8.096,980.785
2025-09-07 12:00:00,1.282,-4.176,0.0,371.549,8.934,993.439
2025-09-07 13:00:00,2.329,-4.176,0.0,300.388,8.274,990.134
2025-09-07 14:00:00,2.556,-4.176,0.0,400.535,5.813,991.896
2025-09-07 15:00:00,0.823,-4.176,0.0,327.329,4.787,1011.931
2025-09-07 16:00:00,0.615,-4.176,0.0,416.56,8.447,1016.666
2025-09-07 17:00:00,2.755,-4.176,0.0,337.455,8.71,988.041
2025-09-07 18:00:00,1.097,-4.176,0.0,316.376,9.476,996.462
2025-09-07 19:00:00,0.216,-4.176,0.0,404.103,7.165,1000.699
2025-09-07 20:00:00,1.09,-4.176,0.0,405.195,6.186,983.884
2025-09-07 21:00:00,2.034,-4.176,0.0,391.056,8.886,991.579
2025-09-07 22:00:00,2.918,-4.176,0.0,362.794,4.736,1008.019
2025-09-07 23:00:00,0.867,-4.176,0.0,307.093,9.491,999.129
2025-09-08 00:00:00,0.953,-4.243,0.0,310.082,6.707,989.343
2025-09-08 01:00:00,1.241,-4.243,129.41,313.963,7.449,1012.586
2025-09-08 02:00:00,0.931,-4.243,250.0,356.3,9.756,986.41
2025-09-08 03:00:00,1.296,-4.243,353.553,369.76,8.272,1009.802
2025-09-08 04:00:00,0.189,-4.243,433.013,343.744,9.928,1009.384
2025-09-08 05:00:00,0.676,-4.243,482.963,393.918,5.597,1007.603
2025-09-08 06:00:00,1.38,-4.243,500.0,362.047,7.108,988.248
2025-09-08 07:00:00,0.679,-4.243,482.963,377.669,8.916,1019.188
2025-09-08 08:00:00,1.288,-4.243,433.013,318.594,8.706,1009.331
2025-09-08 09:00:00,3.151,-4.243,353.553,387.373,7.728,1018.036
2025-09-08 10:00:00,1.35,-4.243,250.0,409.905,9.878,1005.47
2025-09-08 11:00:00,2.916,-4.243,129.41,349.116,5.088,1011.82
2025-09-08 12:00:00,0.673,-4.243,0.0,308.194,5.05,1013.982
2025-09-08 13:00:00,3.129,-4.243,0.0,411.543,5.787,997.812
2025-09-08 14:00:00,0.755,-4.243,0.0,365.261,8.112,1006.91
2025-09-08 15:00:00,0.359,-4.243,0.0,367.769,7.458,1014.906
2025-09-08 16:00:00,0.169,-4.243,0.0,388.388,9.17,996.543
2025-09-08 17:00:00,2.123,-4.243,0.0,357.271,6.855,988.537
2025-09-08 18:00:00,4.004,-4.243,0.0,418.394,8.4,1008.831
2025-09-08 19:00:00,2.857,-4.243,0.0,361.018,6.746,988.429
2025-09-08 20:00:00,1.574,-4.243,0.0,402.534,4.866,995.597
2025-09-08 21:00:00,1.046,-4.243,0.0,317.766,4.405,1013.842
2025-09-08 22:00:00,1.87,-4.243,0.0,414.991,5.473,984.762
2025-09-08 23:00:00,0.526,-4.243,0.0,350.622,4.761,1010.46
2025-09-09 00:00:00,2.471,-4.307,0.0,332.6,6.182,987.397
2025-09-09 01:00:00,0.95,-4.307,129.41,368.622,8.503,992.791
2025-09-09 02:00:00,0.085,-4.307,250.0,390.769,9.432,995.217
2025-09-09 03:00:00,0.308,-4.307,353.553,300.044,9.492,1006.307
2025-09-09 04:00:00,0.839,-4.307,433.013,368.321,9.114,1007.931
2025-09-09 05:00:00,0.466,-4.307,482.963,355.545,5.412,1009.34
2025-09-09 06:00:00,2.068,-4.307,500.0,341.534,5.958,1017.55
2025-09-09 07:00:00,1.663,-4.307,482.963,391.689,7.912,997.049
2025-09-09 08:00:00,1.275,-4.307,433.013,328.386,9.921,1016.967
2025-09-09 09:00:00,0.93,-4.307,353.553,326.975,7.511,999.894
2025-09-09 10:00:00,0.17,-4.307,250.0,409.582,7.292,980.231
2025-09-09 11:00:00,0.433,-4.307,129.41,365.35,7.151,1019.798
2025-09-09 12:00:00,0.684,-4.307,0.0,337.899,7.404,997.636
2025-09-09 13:00:00,2.406,-4.307,0.0,411.181,5.715,1012.17
2025-09-09 14:00:00,1.511,-4.307,0.0,413.553,7.941,1017.299
2025-09-09 15:00:00,0.641,-4.307,0.0,328.385,5.137,987.914
2025-09-09 16:00:00,0.664,-4.307,0.0,394.244,8.833,993.284
2025-09-09 17:00:00,0.445,-4.307,0.0,303.076,8.741,1001.977
2025-09-09 18:00:00,0.017,-4.307,0.0,323.63,4.412,989.964
2025-09-09 19:00:00,2.729,-4.307,0.0,324.326,4.051,1011.899
2025-09-09 20:00:00,3.418,-4.307,0.0,353.661,6.101,993.761
2025-09-09 21:00:00,1.691,-4.307,0.0,363.744,6.527,998.941
2025-09-09 22:00:00,0.254,-4.307,0.0,401.689,7.887,995.521
2025-09-09 23:00:00,1.738,-4.307,0.0,311.631,7.987,995.573
2025-09-10 00:00:00,1.599,-4.369,0.0,322.613,9.994,989.262
2025-09-10 01:00:00,2.867,-4.369,129.41,413.618,8.555,994.124
2025-09-10 02:00:00,0.105,-4.369,250.0,350.53,7.39,1010.755
2025-09-10 03:00:00,1.533,-4.369,353.553,337.547,7.249,983.307
2025-09-10 04:00:00,1.765,-4.369,433.013,364.073,8.251,994.118
2025-09-10 05:00:00,0.977,-4.369,482.963,324.434,8.25,988.502
2025-09-10 06:00:00,1.705,-4.369,500.0,342.47,6.247,989.29
2025-09-10 07:00:00,1.562,-4.369,482.963,320.44,6.946,986.533
2025-09-10 08:00:00,1.237,-4.369,433.013,367.158,4.69,1003.11
2025-09-10 09:00:00,1.135,-4.369,353.553,300.26,6.345,1005.218
2025-09-10 10:00:00,0.721,-4.369,250.0,358.832,8.257,983.138
2025-09-10 11:00:00,0.724,-4.369,129.41,374.431,8.983,980.937
2025-09-10 12:00:00,1.997,-4.369,0.0,324.799,4.002,1001.384
2025-09-10 13:00:00,0.142,-4.369,0.0,351.925,8.011,997.584
2025-09-10 14:00:00,0.74,-4.369,0.0,310.003,7.947,1009.551
2025-09-10 15:00:00,1.949,-4.369,0.0,300.354,4.704,997.16
2025-09-10 16:00:00,0.74,-4.369,0.0,415.114,9.368,997.925
2025-09-10 17:00:00,3.199,-4.369,0.0,335.266,6.959,1009.057
2025-09-10 18:00:00,1.024,-4.369,0.0,383.757,6.101,994.508
2025-09-10 19:00:00,1.107,-4.369,0.0,345.378,5.934,991.126
2025-09-10 20:00:00,1.76,-4.369,0.0,325.391,8.858,1010.987
2025-09-10 21:00:00,1.605,-4.369,0.0,390.703,8.753,985.781
2025-09-10 22:00:00,0.91,-4.369,0.0,385.335,7.684,1008.041
2025-09-10 23:00:00,5.25,-4.369,0.0,327.002,4.202,985.289
2025-09-11 00:00:00,0.77,-4.428,0.0,358.288,7.72,1010.978
2025-09-11 01:00:00,2.493,-4.428,129.41,368.91,6.057,1007.316
2025-09-11 02:00:00,1.451,-4.428,250.0,375.995,9.165,1017.142
2025-09-11 03:00:00,1.636,-4.428,353.553,351.98,8.806,993.007
2025-09-11 04:00:00,0.557,-4.428,433.013,389.078,7.294,1012.207
2025-09-11 05:00:00,0.212,-4.428,482.963,375.077,5.739,981.642
2025-09-11 06:00:00,0.588,-4.428,500.0,401.165,4.692,1016.355
2025-09-11 07:00:00,1.271,-4.428,482.963,321.048,7.743,999.99
2025-09-11 08:00:00,1.28,-4.428,433.013,351.377,8.983,990.317
2025-09-11 09:00:00,0.187,-4.428,353.553,340.481,9.381,1009.612
2025-09-11 10:00:00,0.551,-4.428,250.0,411.92,5.432,997.061
2025-09-11 11:00:00,0.431,-4.428,129.41,360.586,6.802,988.102
2025-09-11 12:00:00,1.046,-4.428,0.0,370.787,7.332,1008.098
2025-09-11 13:00:00,0.889,-4.428,0.0,345.839,5.402,986.435
2025-09-11 14:00:00,2.328,-4.428,0.0,367.844,5.93,990.827
2025-09-11 15:00:00,2.944,-4.428,0.0,331.753,5.487,1011.05
2025-09-11 16:00:00,1.379,-4.428,0.0,392.314,7.158,992.106
2025-09-11 17:00:00,0.344,-4.428,0.0,357.535,5.114,1014.587
2025-09-11 18:00:00,1.796,-4.428,0.0,305.656,9.621,1007.547
2025-09-11 19:00:00,0.667,-4.428,0.0,408.035,8.39,1018.563
2025-09-11 20:00:00,3.437,-4.428,0.0,373.764,4.984,1012.002
2025-09-11 21:00:00,3.546,-4.428,0.0,350.3,8.773,1005.208
2025-09-11 22:00:00,2.49,-4.428,0.0,413.633,4.219,994.773
2025-09-11 23:00:00,0.126,-4.428,0.0,361.411,7.498,981.321
2025-09-12 00:00:00,1.247,-4.484,0.0,341.421,6.786,1018.786
2025-09-12 01:00:00,0.151,-4.484,129.41,388.276,9.661,994.499
2025-09-12 02:00:00,1.908,-4.484,250.0,310.331,9.131,981.281
2025-09-12 03:00:00,2.091,-4.484,353.553,358.694,8.656,1006.121
2025-09-12 04:00:00,2.022,-4.484,433.013,389.112,9.182,986.553
2025-09-12 05:00:00,1.164,-4.484,482.963,355.712,4.661,1017.026
2025-09-12 06:00:00,1.98,-4.484,500.0,380.843,8.076,1008.537
2025-09-12 07:00:00,0.281,-4.484,482.963,337.19,4.426,997.585
2025-09-12 08:00:00,0.785,-4.484,433.013,312.282,9.783,987.314
2025-09-12 09:00:00,0.576,-4.484,353.553,413.672,8.675,1014.102
2025-09-12 10:00:00,0.121,-4.484,250.0,353.977,9.006,1004.374
2025-09-12 11:00:00,2.739,-4.484,129.41,300.616,4.524,984.814
2025-09-12 12:00:00,0.257,-4.484,0.0,385.68,7.232,989.318
2025-09-12 13:00:00,0.855,-4.484,0.0,347.402,7.814,996.626
2025-09-12 14:00:00,1.138,-4.484,0.0,334.949,6.584,991.707
2025-09-12 15:00:00,1.901,-4.484,0.0,319.215,7.337,995.416
2025-09-12 16:00:00,1.518,-4.484,0.0,335.176,8.718,1008.372
2025-09-12 17:00:00,1.19,-4.484,0.0,319.391,7.571,1019.277
2025-09-12 18:00:00,2.399,-4.484,0.0,311.978,8.264,1008.592
2025-09-12 19:00:00,0.429,-4.484,0.0,329.982,8.53,1002.635
2025-09-12 20:00:00,1.996,-4.484,0.0,300.331,8.068,1008.372
2025-09-12 21:00:00,6.278,-4.484,0.0,367.561,7.482,998.436
2025-09-12 22:00:00,1.422,-4.484,0.0,373.915,7.949,996.198
2025-09-12 23:00:00,0.315,-4.484,0.0,317.055,8.502,991.055
2025-09-13 00:00:00,1.76,-4.537,0.0,406.672,6.182,1015.931
2025-09-13 01:00:00,1.407,-4.537,129.41,314.554,9.015,988.269
2025-09-13 02:00:00,2.516,-4.537,250.0,377.714,7.834,1008.575
2025-09-13 03:00:00,2.502,-4.537,353.553,354.807,6.147,1003.679
2025-09-13 04:00:00,0.721,-4.537,433.013,418.979,5.51,1004.93
2025-09-13 05:00:00,2.508,-4.537,482.963,320.255,5.283,1003.507
2025-09-13 06:00:00,1.893,-4.537,500.0,359.96,8.956,1018.768
2025-09-13 07:00:00,1.241,-4.537,482.963,383.657,8.688,1006.428
2025-09-13 08:00:00,0.651,-4.537,433.013,350.142,7.939,1004.777
2025-09-13 09:00:00,0.421,-4.537,353.553,354.705,8.223,996.801
2025-09-13 10:00:00,0.832,-4.537,250.0,357.86,5.342,981.331
2025-09-13 11:00:00,1.587,-4.537,129.41,302.423,6.115,992.359
2025-09-13 12:00:00,0.838,-4.537,0.0,301.482,5.485,990.024
2025-09-13 13:00:00,2.778,-4.537,0.0,360.552,7.199,1006.09
2025-09-13 14:00:00,2.533,-4.537,0.0,400.863,5.884,999.545
2025-09-13 15:00:00,0.436,-4.537,0.0,319.271,4.19,1003.647
2025-09-13 16:00:00,2.813,-4.537,0.0,326.821,5.699,1009.733
2025-09-13 17:00:00,2.014,-4.537,0.0,327.234,7.145,1001.679
2025-09-13 18:00:00,0.878,-4.537,0.0,383.979,9.409,980.676
2025-09-13 19:00:00,0.879,-4.537,0.0,379.105,5.71,1008.51
2025-09-13 20:00:00,1.505,-4.537,0.0,344.364,6.307,995.25
2025-09-13 21:00:00,4.881,-4.537,0.0,330.707,7.696,1003.809
2025-09-13 22:00:00,1.593,-4.537,0.0,323.582,4.407,1010.826
2025-09-13 23:00:00,0.826,-4.537,0.0,406.422,5.013,1010.159
2025-09-14 00:00:00,1.216,-4.587,0.0,358.509,9.618,998.399
2025-09-14 01:00:00,0.942,-4.587,129.41,311.399,4.351,1005.36
2025-09-14 02:00:00,0.361,-4.587,250.0,309.685,6.866,1006.148
2025-09-14 03:00:00,1.774,-4.587,353.553,311.9,6.06,985.115
2025-09-14 04:00:00,4.432,-4.587,433.013,316.132,6.675,1002.819
2025-09-14 05:00:00,0.21,-4.587,482.963,308.557,4.995,985.854
2025-09-14 06:00:00,1.164,-4.587,500.0,378.197,9.323,986.146
2025-09-14 07:00:00,0.357,-4.587,482.963,402.452,8.94,993.746
2025-09-14 08:00:00,0.142,-4.587,433.013,314.955,8.78,1017.364
2025-09-14 09:00:00,2.173,-4.587,353.553,394.122,6.993,1008.173
2025-09-14 10:00:00,0.474,-4.587,250.0,350.136,8.467,980.43
2025-09-14 11:00:00,0.326,-4.587,129.41,353.435,4.055,987.253
2025-09-14 12:00:00,6.822,-4.587,0.0,371.621,8.274,999.573
2025-09-14 13:00:00,0.789,-4.587,0.0,358.485,7.869,984.228
2025-09-14 14:00:00,0.505,-4.587,0.0,322.731,7.484,1013.25
2025-09-14 15:00:00,0.207,-4.587,0.0,332.33,8.942,1002.679
2025-09-14 16:00:00,0.471,-4.587,0.0,334.109,8.938,981.724
2025-09-14 17:00:00,1.811,-4.587,0.0,326.993,7.819,994.677
2025-09-14 18:00:00,6.537,-4.587,0.0,397.723,6.924,1001.165
2025-09-14 19:00:00,2.463,-4.587,0.0,325.207,8.22,1010.303
2025-09-14 20:00:00,1.353,-4.587,0.0,375.474,8.975,992.624
2025-09-14 21:00:00,0.593,-4.587,0.0,351.767,9.261,1006.961
2025-09-14 22:00:00,2.893,-4.587,0.0,384.693,9.509,987.037
2025-09-14 23:00:00,0.65,-4.587,0.0,384.667,4.801,982.196
2025-09-15 00:00:00,2.923,-4.635,0.0,364.974,6.251,989.437
2025-09-15 01:00:00,1.501,-4.635,129.41,382.767,4.807,995.997
2025-09-15 02:00:00,2.41,-4.635,250.0,379.509,4.273,1010.785
2025-09-15 03:00:00,0.939,-4.635,353.553,359.032,4.905,983.105
2025-09-15 04:00:00,0.642,-4.635,433.013,366.015,5.923,982.358
2025-09-15 05:00:00,0.389,-4.635,482.963,397.49,6.89,1000.717
2025-09-15 06:00:00,0.085,-4.635,500.0,419.478,6.728,997.484
2025-09-15 07:00:00,1.772,-4.635,482.963,323.151,6.709,1003.732
2025-09-15 08:00:00,3.139,-4.635,433.013,375.438,5.877,1008.48
2025-09-15 09:00:00,2.114,-4.635,353.553,418.798,4.331,992.086
2025-09-15 10:00:00,3.866,-4.635,250.0,316.198,6.348,982.851
2025-09-15 11:00:00,1.7,-4.635,129.41,376.861,4.703,1016.957
2025-09-15 12:00:00,1.714,-4.635,0.0,311.928,9.176,991.471
2025-09-15 13:00:00,2.556,-4.635,0.0,357.717,5.688,991.68
2025-09-15 14:00:00,0.484,-4.635,0.0,338.133,9.706,994.249
2025-09-15 15:00:00,2.631,-4.635,0.0,401.484,8.473,990.401
2025-09-15 16:00:00,1.168,-4.635,0.0,353.729,7.714,1005.81
2025-09-15 17:00:00,0.381,-4.635,0.0,413.21,7.079,982.533
2025-09-15 18:00:00,0.885,-4.635,0.0,355.145,9.773,1008.452
2025-09-15 19:00:00,2.518,-4.635,0.0,385.285,5.18,1017.215
2025-09-15 20:00:00,1.524,-4.635,0.0,367.114,4.328,994.264
2025-09-15 21:00:00,2.263,-4.635,0.0,414.636,5.464,1016.885
2025-09-15 22:00:00,0.332,-4.635,0.0,310.3,7.79,1012.006
2025-09-15 23:00:00,0.55,-4.635,0.0,338.134,4.799,1009.477
2025-09-16 00:00:00,0.119,-4.679,0.0,355.144,7.953,1017.104
2025-09-16 01:00:00,3.615,-4.679,129.41,330.704,9.916,982.769
2025-09-16 02:00:00,2.813,-4.679,250.0,417.767,4.498,1013.655
2025-09-16 03:00:00,2.172,-4.679,353.553,391.72,4.133,991.552
2025-09-16 04:00:00,1.683,-4.679,433.013,411.617,5.011,998.561
2025-09-16 05:00:00,2.149,-4.679,482.963,380.153,7.312,996.546
2025-09-16 06:00:00,0.335,-4.679,500.0,368.567,9.72,1006.547
2025-09-16 07:00:00,1.233,-4.679,482.963,411.978,9.841,998.238
2025-09-16 08:00:00,0.15,-4.679,433.013,309.602,5.029,1009.77
2025-09-16 09:00:00,0.317,-4.679,353.553,309.585,5.729,994.768
2025-09-16 10:00:00,0.497,-4.679,250.0,317.066,7.546,1013.842
2025-09-16 11:00:00,0.739,-4.679,129.41,352.971,7.187,1010.922
2025-09-16 12:00:00,0.196,-4.679,0.0,396.026,9.403,1019.486
2025-09-16 13:00:00,1.375,-4.679,0.0,394.758,7.523,1019.32
2025-09-16 14:00:00,0.879,-4.679,0.0,325.737,8.112,1017.984
2025-09-16 15:00:00,3.62,-4.679,0.0,383.086,5.486,1019.755
2025-09-16 16:00:00,1.977,-4.679,0.0,345.183,7.909,987.854
2025-09-16 17:00:00,0.871,-4.679,0.0,341.744,9.548,988.632
2025-09-16 18:00:00,1.772,-4.679,0.0,308.137,4.782,1017.708
2025-09-16 19:00:00,0.851,-4.679,0.0,400.023,5.374,993.21
2025-09-16 20:00:00,2.212,-4.679,0.0,306.827,9.884,991.407
2025-09-16 21:00:00,0.715,-4.679,0.0,336.157,8.668,1016.975
2025-09-16 22:00:00,2.762,-4.679,0.0,416.751,5.344,981.28
2025-09-16 23:00:00,0.804,-4.679,0.0,385.089,6.608,1018.811
2025-09-17 00:00:00,1.556,-4.721,0.0,401.812,8.901,1003.151
2025-09-17 01:00:00,1.375,-4.721,129.41,383.27,5.984,996.249
2025-09-17 02:00:00,2.239,-4.721,250.0,362.94,6.8,994.617
2025-09-17 03:00:00,2.988,-4.721,353.553,370.8,8.897,1004.969
2025-09-17 04:00:00,3.69,-4.721,433.013,307.43,8.059,1009.524
2025-09-17 05:00:00,0.274,-4.721,482.963,306.336,5.162,981.786
2025-09-17 06:00:00,2.65,-4.721,500.0,396.226,8.275,1006.062
2025-09-17 07:00:00,0.851,-4.721,482.963,311.002,7.098,1012.125
2025-09-17 08:00:00,0.938,-4.721,433.013,404.25,4.934,1002.654
2025-09-17 09:00:00,1.674,-4.721,353.553,314.211,9.115,1019.214
2025-09-17 10:00:00,2.945,-4.721,250.0,318.661,9.738,1003.53
2025-09-17 11:00:00,0.59,-4.721,129.41,305.683,8.976,1011.209
2025-09-17 12:00:00,1.599,-4.721,0.0,335.358,9.32,982.769
2025-09-17 13:00:00,1.072,-4.721,0.0,312.461,9.823,982.386
2025-09-17 14:00:00,1.292,-4.721,0.0,405.894,5.11,1007.218
2025-09-17 15:00:00,4.612,-4.721,0.0,356.345,4.854,999.527
2025-09-17 16:00:00,2.87,-4.721,0.0,352.205,7.414,980.533
2025-09-17 17:00:00,2.487,-4.721,0.0,375.277,6.655,1012.3
2025-09-17 18:00:00,2.935,-4.721,0.0,308.24,7.117,982.028
2025-09-17 19:00:00,1.701,-4.721,0.0,406.678,9.876,1009.853
2025-09-17 20:00:00,0.493,-4.721,0.0,361.644,7.754,1018.409
2025-09-17 21:00:00,0.818,-4.721,0.0,349.642,5.882,1003.49
2025-09-17 22:00:00,0.742,-4.721,0.0,366.109,8.759,999.02
2025-09-17 23:00:00,1.42,-4.721,0.0,398.545,5.098,985.48
2025-09-18 00:00:00,3.515,-4.76,0.0,419.481,7.417,1004.369
2025-09-18 01:00:00,3.178,-4.76,129.41,320.03,6.368,1002.509
2025-09-18 02:00:00,1.487,-4.76,250.0,417.778,9.189,1018.469
2025-09-18 03:00:00,1.011,-4.76,353.553,396.879,9.36,995.032
2025-09-18 04:00:00,1.302,-4.76,433.013,305.765,4.671,997.01
2025-09-18 05:00:00,1.218,-4.76,482.963,342.418,5.209,983.665
2025-09-18 06:00:00,2.765,-4.76,500.0,383.63,8.567,1014.523
2025-09-18 07:00:00,1.35,-4.76,482.963,315.55,6.647,994.132
2025-09-18 08:00:00,0.209,-4.76,433.013,314.544,4.113,988.985
2025-09-18 09:00:00,2.637,-4.76,353.553,369.822,9.217,986.59
2025-09-18 10:00:00,0.989,-4.76,250.0,337.8,5.814,997.595
2025-09-18 11:00:00,0.543,-4.76,129.41,403.415,6.691,985.747
2025-09-18 12:00:00,0.411,-4.76,0.0,334.694,6.627,999.171
2025-09-18 13:00:00,0.666,-4.76,0.0,378.439,8.899,992.545
2025-09-18 14:00:00,0.722,-4.76,0.0,345.395,7.828,1007.505
2025-09-18 15:00:00,0.193,-4.76,0.0,330.099,4.822,1005.319
2025-09-18 16:00:00,0.061,-4.76,0.0,348.211,7.401,984.892
2025-09-18 17:00:00,1.316,-4.76,0.0,414.766,4.261,988.425
2025-09-18 18:00:00,0.816,-4.76,0.0,395.608,6.84,992.791
2025-09-18 19:00:00,0.099,-4.76,0.0,332.608,7.215,1006.913
2025-09-18 20:00:00,4.49,-4.76,0.0,339.232,9.195,1011.745
2025-09-18 21:00:00,4.307,-4.76,0.0,377.948,4.255,990.606
2025-09-18 22:00:00,1.135,-4.76,0.0,347.271,9.315,989.718
2025-09-18 23:00:00,0.12,-4.76,0.0,351.408,9.572,982.843
2025-09-19 00:00:00,4.218,-4.796,0.0,317.477,7.687,1005.441
2025-09-19 01:00:00,1.754,-4.796,129.41,381.001,9.329,981.715
2025-09-19 02:00:00,0.626,-4.796,250.0,336.917,7.495,1016.37
2025-09-19 03:00:00,1.259,-4.796,353.553,338.34,4.84,995.763
2025-09-19 04:00:00,2.626,-4.796,433.013,358.111,9.503,1002.928
2025-09-19 05:00:00,0.819,-4.796,482.963,336.69,9.496,991.981
2025-09-19 06:00:00,0.365,-4.796,500.0,339.025,6.537,1007.758
2025-09-19 07:00:00,2.824,-4.796,482.963,409.626,4.521,1011.514
2025-09-19 08:00:00,1.087,-4.796,433.013,313.834,5.319,982.847
2025-09-19 09:00:00,1.759,-4.796,353.553,347.745,5.043,1004.332
2025-09-19 10:00:00,0.941,-4.796,250.0,317.7,9.62,1015.104
2025-09-19 11:00:00,0.427,-4.796,129.41,369.193,4.355,1019.563
2025-09-19 12:00:00,2.548,-4.796,0.0,349.172,9.121,1015.883
2025-09-19 13:00:00,0.441,-4.796,0.0,379.28,4.211,983.326
2025-09-19 14:00:00,0.072,-4.796,0.0,391.582,9.522,993.004
2025-09-19 15:00:00,0.74,-4.796,0.0,315.194,9.957,1005.747
2025-09-19 16:00:00,2.627,-4.796,0.0,360.657,5.674,995.814
2025-09-19 17:00:00,1.38,-4.796,0.0,378.541,4.989,984.774
2025-09-19 18:00:00,2.852,-4.796,0.0,414.171,7.736,1014.721
2025-09-19 19:00:00,2.169,-4.796,0.0,383.796,8.982,997.4
2025-09-19 20:00:00,1.262,-4.796,0.0,315.03,4.56,1014.405
2025-09-19 21:00:00,0.924,-4.796,0.0,316.202,8.531,988.178
2025-09-19 22:00:00,3.427,-4.796,0.0,319.301,4.208,1000.0
2025-09-19 23:00:00,4.278,-4.796,0.0,356.557,5.505,990.784
2025-09-20 00:00:00,1.198,-4.829,0.0,301.963,6.022,1011.791
2025-09-20 01:00:00,1.049,-4.829,129.41,407.591,8.217,1003.844
2025-09-20 02:00:00,1.655,-4.829,250.0,339.097,7.775,999.211
2025-09-20 03:00:00,1.505,-4.829,353.553,410.345,4.405,1014.247
2025-09-20 04:00:00,0.587,-4.829,433.013,330.837,9.974,1017.243
2025-09-20 05:00:00,1.353,-4.829,482.963,327.658,9.214,1018.003
2025-09-20 06:00:00,3.033,-4.829,500.0,323.338,7.561,1008.714
2025-09-20 07:00:00,2.588,-4.829,482.963,311.292,9.389,987.504
2025-09-20 08:00:00,3.135,-4.829,433.013,333.512,7.362,1017.502
2025-09-20 09:00:00,0.609,-4.829,353.553,322.198,5.241,1017.657
2025-09-20 10:00:00,0.614,-4.829,250.0,312.448,5.881,999.41
2025-09-20 11:00:00,3.967,-4.829,129.41,356.761,9.312,995.568
2025-09-20 12:00:00,1.866,-4.829,0.0,355.416,4.032,1013.042
2025-09-20 13:00:00,7.085,-4.829,0.0,396.471,6.975,996.136
2025-09-20 14:00:00,0.521,-4.829,0.0,342.044,7.442,1009.701
2025-09-20 15:00:00,0.614,-4.829,0.0,329.809,4.737,1005.34
2025-09-20 16:00:00,0.853,-4.829,0.0,409.424,4.095,994.426
2025-09-20 17:00:00,0.53,-4.829,0.0,329.661,5.646,988.744
2025-09-20 18:00:00,3.797,-4.829,0.0,303.019,8.649,981.992
2025-09-20 19:00:00,1.403,-4.829,0.0,398.413,9.392,993.284
2025-09-20 20:00:00,0.491,-4.829,0.0,341.005,5.083,993.603
2025-09-20 21:00:00,2.025,-4.829,0.0,415.524,4.018,987.005
2025-09-20 22:00:00,1.078,-4.829,0.0,342.843,9.036,1001.538
2025-09-20 23:00:00,1.919,-4.829,0.0,301.167,4.412,995.065
2025-09-21 00:00:00,5.179,-4.859,0.0,404.443,9.887,1012.376
2025-09-21 01:00:00,0.853,-4.859,129.41,379.402,5.639,1015.593
2025-09-21 02:00:00,1.586,-4.859,250.0,339.582,4.161,990.471
2025-09-21 03:00:00,0.407,-4.859,353.553,409.989,5.545,989.861
2025-09-21 04:00:00,0.121,-4.859,433.013,328.73,4.63,1010.633
2025-09-21 05:00:00,0.565,-4.859,482.963,312.26,4.011,1011.431
2025-09-21 06:00:00,1.102,-4.859,500.0,314.233,9.159,992.837
2025-09-21 07:00:00,2.337,-4.859,482.963,367.167,5.56,1016.562
2025-09-21 08:00:00,0.352,-4.859,433.013,388.838,7.419,1007.647
2025-09-21 09:00:00,1.872,-4.859,353.553,418.867,4.98,990.306
2025-09-21 10:00:00,0.712,-4.859,250.0,370.215,6.423,1016.868
2025-09-21 11:00:00,1.54,-4.859,129.41,331.076,5.063,1019.679
2025-09-21 12:00:00,0.019,-4.859,0.0,313.457,8.224,982.413
2025-09-21 13:00:00,0.275,-4.859,0.0,307.232,7.418,1016.911
2025-09-21 14:00:00,0.525,-4.859,0.0,300.789,5.558,1004.432
2025-09-21 15:00:00,0.453,-4.859,0.0,396.079,7.201,1014.986
2025-09-21 16:00:00,3.887,-4.859,0.0,373.707,5.843,1012.351
2025-09-21 17:00:00,1.063,-4.859,0.0,350.913,9.63,1007.095
2025-09-21 18:00:00,2.334,-4.859,0.0,392.506,7.689,1017.024
2025-09-21 19:00:00,1.101,-4.859,0.0,356.362,6.415,993.067
2025-09-21 20:00:00,0.662,-4.859,0.0,319.827,7.085,1002.75
2025-09-21 21:00:00,1.777,-4.859,0.0,333.105,5.198,1007.385
2025-09-21 22:00:00,0.353,-4.859,0.0,321.281,4.086,1007.039
2025-09-21 23:00:00,3.448,-4.859,0.0,368.097,9.309,983.57
2025-09-22 00:00:00,0.907,-4.887,0.0,378.271,9.788,995.54
2025-09-22 01:00:00,1.023,-4.887,129.41,347.812,9.131,983.233
2025-09-22 02:00:00,1.349,-4.887,250.0,387.518,5.436,985.113
2025-09-22 03:00:00,0.579,-4.887,353.553,337.117,7.417,980.774
2025-09-22 04:00:00,2.008,-4.887,433.013,414.68,8.048,998.017
2025-09-22 05:00:00,0.472,-4.887,482.963,345.452,7.193,993.697
2025-09-22 06:00:00,0.613,-4.887,500.0,305.159,5.648,1004.628
2025-09-22 07:00:00,0.669,-4.887,482.963,311.483,9.922,999.931
2025-09-22 08:00:00,3.353,-4.887,433.013,409.23,6.127,998.091
2025-09-22 09:00:00,1.509,-4.887,353.553,363.157,5.068,988.328
2025-09-22 10:00:00,2.582,-4.887,250.0,368.383,5.075,1009.167
2025-09-22 11:00:00,0.564,-4.887,129.41,382.941,4.62,993.191
2025-09-22 12:00:00,1.506,-4.887,0.0,311.402,4.656,990.978
2025-09-22 13:00:00,1.757,-4.887,0.0,332.867,4.097,987.651
2025-09-22 14:00:00,0.378,-4.887,0.0,335.964,7.849,1009.312
2025-09-22 15:00:00,4.342,-4.887,0.0,394.451,6.757,994.409
2025-09-22 16:00:00,1.279,-4.887,0.0,338.531,4.462,1007.387
2025-09-22 17:00:00,0.362,-4.887,0.0,372.57,6.454,1010.243
2025-09-22 18:00:00,0.857,-4.887,0.0,383.452,7.076,1013.159
2025-09-22 19:00:00,1.166,-4.887,0.0,322.051,5.33,992.162
2025-09-22 20:00:00,0.994,-4.887,0.0,384.746,4.97,1016.5
2025-09-22 21:00:00,0.3,-4.887,0.0,309.464,4.43,1005.617
2025-09-22 22:00:00,0.262,-4.887,0.0,417.6,4.237,995.082
2025-09-22 23:00:00,0.329,-4.887,0.0,391.183,4.302,1008.635
2025-09-23 00:00:00,0.263,-4.911,0.0,373.8,4.82,1004.449
2025-09-23 01:00:00,1.275,-4.911,129.41,324.934,7.001,1003.48
2025-09-23 02:00:00,1.096,-4.911,250.0,300.652,5.241,1011.981
2025-09-23 03:00:00,0.965,-4.911,353.553,329.06,9.323,993.256
2025-09-23 04:00:00,0.193,-4.911,433.013,359.467,8.018,1000.533
2025-09-23 05:00:00,1.832,-4.911,482.963,342.078,9.705,992.301
2025-09-23 06:00:00,1.185,-4.911,500.0,305.622,5.656,1012.818
2025-09-23 07:00:00,1.051,-4.911,482.963,348.59,5.544,1005.124
2025-09-23 08:00:00,2.392,-4.911,433.013,365.305,8.694,1005.094
2025-09-23 09:00:00,0.693,-4.911,353.553,342.294,7.656,1017.754
2025-09-23 10:00:00,2.585,-4.911,250.0,397.036,7.6,989.056
2025-09-23 11:00:00,2.517,-4.911,129.41,369.823,6.063,995.887
2025-09-23 12:00:00,0.061,-4.911,0.0,405.255,6.205,981.989
2025-09-23 13:00:00,0.482,-4.911,0.0,306.52,8.284,1004.803
2025-09-23 14:00:00,1.952,-4.911,0.0,388.155,6.794,1018.086
2025-09-23 15:00:00,0.383,-4.911,0.0,322.891,7.334,998.459
2025-09-23 16:00:00,1.042,-4.911,0.0,330.366,9.577,1013.999
2025-09-23 17:00:00,0.287,-4.911,0.0,372.105,5.228,982.699
2025-09-23 18:00:00,0.51,-4.911,0.0,383.615,7.712,1019.688
2025-09-23 19:00:00,0.969,-4.911,0.0,369.52,8.132,1017.557
2025-09-23 20:00:00,0.317,-4.911,0.0,358.062,5.907,1010.977
2025-09-23 21:00:00,1.004,-4.911,0.0,412.857,6.26,989.967
2025-09-23 22:00:00,2.026,-4.911,0.0,308.597,4.132,980.282
2025-09-23 23:00:00,0.848,-4.911,0.0,414.805,9.35,981.052
2025-09-24 00:00:00,0.538,-4.933,0.0,363.845,8.677,992.507
2025-09-24 01:00:00,3.273,-4.933,129.41,403.685,5.235,989.164
2025-09-24 02:00:00,0.893,-4.933,250.0,354.855,9.931,997.727
2025-09-24 03:00:00,1.253,-4.933,353.553,356.342,6.194,981.882
2025-09-24 04:00:00,1.23,-4.933,433.013,302.27,8.879,1019.559
2025-09-24 05:00:00,0.546,-4.933,482.963,375.931,9.725,987.5
2025-09-24 06:00:00,1.704,-4.933,500.0,346.847,4.414,1011.527
2025-09-24 07:00:00,2.29,-4.933,482.963,391.664,4.471,987.672
2025-09-24 08:00:00,2.004,-4.933,433.013,406.305,5.374,1018.868
2025-09-24 09:00:00,1.566,-4.933,353.553,342.722,5.874,1013.632
2025-09-24 10:00:00,2.318,-4.933,250.0,387.424,9.864,989.186
2025-09-24 11:00:00,0.263,-4.933,129.41,397.478,8.999,1019.268
2025-09-24 12:00:00,0.336,-4.933,0.0,371.937,7.218,990.531
2025-09-24 13:00:00,0.919,-4.933,0.0,342.873,9.213,1014.459
2025-09-24 14:00:00,2.038,-4.933,0.0,338.267,8.467,981.289
2025-09-24 15:00:00,0.402,-4.933,0.0,407.637,5.699,1012.769
2025-09-24 16:00:00,2.27,-4.933,0.0,397.405,7.929,989.287
2025-09-24 17:00:00,0.494,-4.933,0.0,300.472,4.28,1017.104
2025-09-24 18:00:00,0.764,-4.933,0.0,388.739,6.774,1019.717
2025-09-24 19:00:00,1.566,-4.933,0.0,359.544,8.219,1005.782
2025-09-24 20:00:00,3.571,-4.933,0.0,368.372,8.685,1017.188
2025-09-24 21:00:00,1.716,-4.933,0.0,401.186,8.948,1002.266
2025-09-24 22:00:00,0.977,-4.933,0.0,315.978,4.047,998.161
2025-09-24 23:00:00,0.45,-4.933,0.0,306.371,9.038,984.929
2025-09-25 00:00:00,0.612,-4.951,0.0,371.09,8.729,996.327
2025-09-25 01:00:00,1.397,-4.951,129.41,350.201,9.552,992.749
2025-09-25 02:00:00,4.859,-4.951,250.0,326.539,7.899,1005.859
2025-09-25 03:00:00,1.029,-4.951,353.553,322.199,6.219,1000.221
2025-09-25 04:00:00,0.768,-4.951,433.013,362.131,7.53,1018.621
2025-09-25 05:00:00,1.328,-4.951,482.963,373.361,4.351,1010.333
2025-09-25 06:00:00,3.049,-4.951,500.0,312.586,5.554,994.986
2025-09-25 07:00:00,0.622,-4.951,482.963,307.631,7.09,1019.106
2025-09-25 08:00:00,1.836,-4.951,433.013,360.557,9.894,985.155
2025-09-25 09:00:00,0.819,-4.951,353.553,369.847,7.35,1000.7
2025-09-25 10:00:00,1.309,-4.951,250.0,417.659,9.481,1018.536
2025-09-25 11:00:00,2.133,-4.951,129.41,371.383,6.833,994.469
2025-09-25 12:00:00,2.234,-4.951,0.0,403.292,8.083,1019.422
2025-09-25 13:00:00,0.999,-4.951,0.0,409.679,4.658,998.66
2025-09-25 14:00:00,1.488,-4.951,0.0,364.291,9.422,1019.137
2025-09-25 15:00:00,0.202,-4.951,0.0,404.678,6.324,985.776
2025-09-25 16:00:00,2.235,-4.951,0.0,411.617,6.745,1013.191
2025-09-25 17:00:00,0.187,-4.951,0.0,359.742,9.297,1017.304
2025-09-25 18:00:00,1.756,-4.951,0.0,405.484,6.282,991.922
2025-09-25 19:00:00,0.754,-4.951,0.0,344.919,5.247,1005.166
2025-09-25 20:00:00,1.148,-4.951,0.0,397.758,9.887,1007.368
2025-09-25 21:00:00,0.345,-4.951,0.0,310.211,5.937,993.489
2025-09-25 22:00:00,0.584,-4.951,0.0,301.112,6.632,1006.439
2025-09-25 23:00:00,0.441,-4.951,0.0,379.94,7.423,998.2
2025-09-26 00:00:00,2.093,-4.967,0.0,309.376,5.661,996.034
2025-09-26 01:00:00,0.977,-4.967,129.41,397.185,4.837,1015.689
2025-09-26 02:00:00,1.184,-4.967,250.0,334.713,8.587,994.124
2025-09-26 03:00:00,3.138,-4.967,353.553,338.61,9.229,993.168
2025-09-26 04:00:00,0.675,-4.967,433.013,402.734,5.786,1017.051
2025-09-26 05:00:00,0.358,-4.967,482.963,410.241,7.521,1008.49
2025-09-26 06:00:00,1.159,-4.967,500.0,305.371,8.602,983.204
2025-09-26 07:00:00,1.198,-4.967,482.963,393.268,4.782,1007.596
2025-09-26 08:00:00,0.623,-4.967,433.013,415.793,7.233,981.673
2025-09-26 09:00:00,0.169,-4.967,353.553,338.075,5.875,984.869
2025-09-26 10:00:00,2.513,-4.967,250.0,415.436,8.75,996.292
2025-09-26 11:00:00,0.393,-4.967,129.41,318.549,6.804,1002.666
2025-09-26 12:00:00,0.548,-4.967,0.0,395.479,8.672,1015.121
2025-09-26 13:00:00,2.589,-4.967,0.0,376.208,9.278,1016.601
2025-09-26 14:00:00,0.376,-4.967,0.0,376.239,7.531,991.96
2025-09-26 15:00:00,0.776,-4.967,0.0,337.075,9.722,992.377
2025-09-26 16:00:00,2.159,-4.967,0.0,399.115,7.962,1000.254
2025-09-26 17:00:00,1.879,-4.967,0.0,373.754,8.318,1015.228
2025-09-26 18:00:00,3.477,-4.967,0.0,407.568,6.816,1011.596
2025-09-26 19:00:00,1.867,-4.967,0.0,302.907,8.255,988.876
2025-09-26 20:00:00,2.509,-4.967,0.0,333.639,7.202,1012.528
2025-09-26 21:00:00,2.625,-4.967,0.0,370.178,5.294,992.923
2025-09-26 22:00:00,1.016,-4.967,0.0,372.078,6.201,1019.927
2025-09-26 23:00:00,1.507,-4.967,0.0,400.541,6.788,1011.421
2025-09-27 00:00:00,2.744,-4.979,0.0,362.428,8.646,987.971
2025-09-27 01:00:00,1.441,-4.979,129.41,361.711,4.127,998.223
2025-09-27 02:00:00,1.87,-4.979,250.0,408.669,4.972,981.02
2025-09-27 03:00:00,1.78,-4.979,353.553,379.273,7.19,1000.976
2025-09-27 04:00:00,1.312,-4.979,433.013,410.721,6.95,992.107
2025-09-27 05:00:00,0.777,-4.979,482.963,330.482,4.903,1000.403
2025-09-27 06:00:00,1.51,-4.979,500.0,330.858,9.768,987.23
2025-09-27 07:00:00,1.094,-4.979,482.963,329.154,7.958,982.24
2025-09-27 08:00:00,0.345,-4.979,433.013,314.595,5.601,1010.915
2025-09-27 09:00:00,0.393,-4.979,353.553,379.847,8.46,1008.459
2025-09-27 10:00:00,0.103,-4.979,250.0,385.298,7.266,1017.188
2025-09-27 11:00:00,1.052,-4.979,129.41,394.389,4.574,988.648
2025-09-27 12:00:00,0.765,-4.979,0.0,382.495,4.731,986.79
2025-09-27 13:00:00,1.769,-4.979,0.0,341.589,8.236,985.358
2025-09-27 14:00:00,0.164,-4.979,0.0,364.534,9.956,999.024
2025-09-27 15:00:00,0.945,-4.979,0.0,415.011,8.214,1007.107
2025-09-27 16:00:00,2.794,-4.979,0.0,418.718,5.581,1009.673
2025-09-27 17:00:00,2.041,-4.979,0.0,340.734,7.018,1008.059
2025-09-27 18:00:00,0.989,-4.979,0.0,419.375,7.014,1002.102
2025-09-27 19:00:00,4.886,-4.979,0.0,396.831,8.854,1001.765
2025-09-27 20:00:00,1.51,-4.979,0.0,341.858,9.356,993.969
2025-09-27 21:00:00,1.976,-4.979,0.0,406.471,6.529,993.115
2025-09-27 22:00:00,0.82,-4.979,0.0,308.694,4.389,1019.887
2025-09-27 23:00:00,0.348,-4.979,0.0,347.92,8.892,1010.663
2025-09-28 00:00:00,0.709,-4.989,0.0,328.135,8.405,990.558
2025-09-28 01:00:00,0.866,-4.989,129.41,343.925,9.615,1010.081
2025-09-28 02:00:00,1.59,-4.989,250.0,331.488,4.297,1001.273
2025-09-28 03:00:00,1.874,-4.989,353.553,318.145,5.981,989.229
2025-09-28 04:00:00,1.114,-4.989,433.013,373.9,8.501,993.832
2025-09-28 05:00:00,1.092,-4.989,482.963,325.211,8.93,1011.062
2025-09-28 06:00:00,0.718,-4.989,500.0,395.992,9.142,984.023
2025-09-28 07:00:00,2.317,-4.989,482.963,307.954,7.793,980.74
2025-09-28 08:00:00,0.51,-4.989,433.013,395.162,4.948,1015.258
2025-09-28 09:00:00,1.827,-4.989,353.553,316.917,7.999,1000.682
2025-09-28 10:00:00,0.01,-4.989,250.0,341.176,6.823,988.785
2025-09-28 11:00:00,1.306,-4.989,129.41,382.29,7.726,1005.041
2025-09-28 12:00:00,3.305,-4.989,0.0,395.164,4.215,998.04
2025-09-28 13:00:00,1.894,-4.989,0.0,375.998,9.611,1005.524
2025-09-28 14:00:00,1.947,-4.989,0.0,304.427,6.459,988.412
2025-09-28 15:00:00,0.616,-4.989,0.0,394.406,7.398,1013.928
2025-09-28 16:00:00,1.253,-4.989,0.0,320.835,5.185,1001.672
2025-09-28 17:00:00,4.416,-4.989,0.0,332.621,4.97,993.628
2025-09-28 18:00:00,3.045,-4.989,0.0,355.765,5.77,982.759
2025-09-28 19:00:00,0.391,-4.989,0.0,397.934,9.906,1019.749
2025-09-28 20:00:00,0.755,-4.989,0.0,327.382,4.542,1006.206
2025-09-28 21:00:00,0.157,-4.989,0.0,415.074,5.247,981.804
2025-09-28 22:00:00,0.618,-4.989,0.0,343.415,5.296,992.706
2025-09-28 23:00:00,2.705,-4.989,0.0,334.21,8.606,995.233
2025-09-29 00:00:00,0.446,-4.995,0.0,365.968,7.138,992.312
2025-09-29 01:00:00,0.62,-4.995,129.41,404.604,5.47,988.702
2025-09-29 02:00:00,1.185,-4.995,250.0,390.765,5.358,1005.6
2025-09-29 03:00:00,3.875,-4.995,353.553,311.677,7.759,1017.33
2025-09-29 04:00:00,1.58,-4.995,433.013,394.889,5.139,993.683
2025-09-29 05:00:00,3.233,-4.995,482.963,312.528,4.197,985.927
2025-09-29 06:00:00,0.992,-4.995,500.0,347.623,9.925,981.522
2025-09-29 07:00:00,0.431,-4.995,482.963,413.217,8.69,986.612
2025-09-29 08:00:00,1.059,-4.995,433.013,378.107,6.077,984.585
2025-09-29 09:00:00,3.0,-4.995,353.553,378.081,6.649,1010.327
2025-09-29 10:00:00,4.283,-4.995,250.0,309.658,4.194,980.429
2025-09-29 11:00:00,0.809,-4.995,129.41,307.17,8.783,1008.907
2025-09-29 12:00:00,1.02,-4.995,0.0,370.306,4.173,993.327
2025-09-29 13:00:00,3.499,-4.995,0.0,377.354,9.049,1017.54
2025-09-29 14:00:00,0.724,-4.995,0.0,414.655,6.664,1005.909
2025-09-29 15:00:00,0.479,-4.995,0.0,392.571,8.967,1009.735
2025-09-29 16:00:00,0.292,-4.995,0.0,394.622,9.334,1017.944
2025-09-29 17:00:00,1.952,-4.995,0.0,304.334,7.33,996.433
2025-09-29 18:00:00,0.457,-4.995,0.0,335.763,5.518,1006.223
2025-09-29 19:00:00,5.282,-4.995,0.0,387.675,7.116,986.808
2025-09-29 20:00:00,0.69,-4.995,0.0,313.251,5.049,1008.555
2025-09-29 21:00:00,2.746,-4.995,0.0,412.675,9.572,1000.808
2025-09-29 22:00:00,0.513,-4.995,0.0,305.562,9.903,1017.651
2025-09-29 23:00:00,4.127,-4.995,0.0,347.969,6.166,999.704
2025-09-30 00:00:00,0.92,-4.999,0.0,388.691,6.342,994.797
2025-09-30 01:00:00,1.612,-4.999,129.41,346.551,8.301,1001.366
2025-09-30 02:00:00,1.126,-4.999,250.0,399.659,6.403,1019.168
2025-09-30 03:00:00,0.179,-4.999,353.553,332.806,4.209,1000.567
2025-09-30 04:00:00,2.578,-4.999,433.013,314.587,5.745,1009.947
2025-09-30 05:00:00,2.96,-4.999,482.963,372.274,9.805,984.274
2025-09-30 06:00:00,0.574,-4.999,500.0,359.736,4.074,1016.199
2025-09-30 07:00:00,3.002,-4.999,482.963,391.938,4.871,1009.438
2025-09-30 08:00:00,1.193,-4.999,433.013,377.923,8.92,1010.231
2025-09-30 09:00:00,0.846,-4.999,353.553,413.029,6.582,981.394
2025-09-30 10:00:00,4.528,-4.999,250.0,397.19,9.815,1011.915
2025-09-30 11:00:00,2.19,-4.999,129.41,393.552,9.042,999.616
2025-09-30 12:00:00,0.843,-4.999,0.0,374.768,5.184,1019.565
2025-09-30 13:00:00,0.222,-4.999,0.0,385.658,4.227,986.341
2025-09-30 14:00:00,1.195,-4.999,0.0,337.319,9.954,988.754
2025-09-30 15:00:00,1.041,-4.999,0.0,325.419,5.581,1005.546
2025-09-30 16:00:00,1.782,-4.999,0.0,355.345,5.476,1013.55
2025-09-30 17:00:00,0.901,-4.999,0.0,343.948,7.296,1007.191
2025-09-30 18:00:00,1.772,-4.999,0.0,396.556,8.899,1010.62
2025-09-30 19:00:00,0.326,-4.999,0.0,309.174,6.068,1001.05
2025-09-30 20:00:00,1.689,-4.999,0.0,419.422,8.672,993.007
2025-09-30 21:00:00,1.33,-4.999,0.0,363.112,7.147,984.584
2025-09-30 22:00:00,1.43,-4.999,0.0,389.845,5.724,998.887
2025-09-30 23:00:00,1.119,-4.999,0.0,303.801,7.586,995.179
2025-10-01 00:00:00,3.036,-5.0,0.0,359.614,9.892,989.178
2025-10-01 01:00:00,0.887,-5.0,129.41,340.902,4.581,983.787
2025-10-01 02:00:00,1.288,-5.0,250.0,397.88,4.392,985.332
2025-10-01 03:00:00,0.77,-5.0,353.553,413.433,6.303,1015.858
2025-10-01 04:00:00,2.06,-5.0,433.013,360.435,4.117,985.617
2025-10-01 05:00:00,2.002,-5.0,482.963,328.083,9.459,997.142
2025-10-01 06:00:00,0.375,-5.0,500.0,406.374,5.504,1016.77
2025-10-01 07:00:00,0.373,-5.0,482.963,403.96,8.006,1005.691
2025-10-01 08:00:00,0.386,-5.0,433.013,364.282,8.08,1007.745
2025-10-01 09:00:00,3.832,-5.0,353.553,317.182,4.104,986.556
2025-10-01 10:00:00,4.847,-5.0,250.0,326.808,5.792,996.181
2025-10-01 11:00:00,0.753,-5.0,129.41,321.495,8.846,1007.346
2025-10-01 12:00:00,2.543,-5.0,0.0,383.088,9.443,1013.229
2025-10-01 13:00:00,2.967,-5.0,0.0,371.118,4.59,997.213
2025-10-01 14:00:00,0.598,-5.0,0.0,324.595,9.207,1012.019
2025-10-01 15:00:00,1.152,-5.0,0.0,400.301,8.081,990.762
2025-10-01 16:00:00,1.004,-5.0,0.0,319.747,4.889,991.741
2025-10-01 17:00:00,0.022,-5.0,0.0,350.905,9.808,990.094
2025-10-01 18:00:00,1.539,-5.0,0.0,376.768,5.096,998.585
2025-10-01 19:00:00,2.27,-5.0,0.0,306.89,9.167,983.197
2025-10-01 20:00:00,3.962,-5.0,0.0,326.951,9.794,989.4
2025-10-01 21:00:00,0.335,-5.0,0.0,325.824,6.591,1000.754
2025-10-01 22:00:00,0.198,-5.0,0.0,410.844,6.398,980.466
2025-10-01 23:00:00,0.965,-5.0,0.0,301.819,4.568,982.209
2025-10-02 00:00:00,3.456,-4.998,0.0,416.327,6.78,1008.621
2025-10-02 01:00:00,0.035,-4.998,129.41,373.98,9.929,1014.513
2025-10-02 02:00:00,1.303,-4.998,250.0,373.723,4.756,984.543
2025-10-02 03:00:00,2.719,-4.998,353.553,417.128,7.898,981.86
2025-10-02 04:00:00,1.123,-4.998,433.013,378.423,9.052,996.265
2025-10-02 05:00:00,2.413,-4.998,482.963,390.986,4.816,999.848
2025-10-02 06:00:00,0.151,-4.998,500.0,375.244,8.062,1012.035
2025-10-02 07:00:00,0.696,-4.998,482.963,402.844,4.867,1016.587
2025-10-02 08:00:00,1.525,-4.998,433.013,347.159,7.436,996.016
2025-10-02 09:00:00,0.554,-4.998,353.553,357.325,4.757,1013.493
2025-10-02 10:00:00,1.269,-4.998,250.0,351.228,5.83,985.99
2025-10-02 11:00:00,0.18,-4.998,129.41,354.091,9.511,1019.21
2025-10-02 12:00:00,0.179,-4.998,0.0,372.482,4.886,989.458
2025-10-02 13:00:00,1.123,-4.998,0.0,329.697,8.295,982.471
2025-10-02 14:00:00,1.038,-4.998,0.0,316.266,4.358,991.546
2025-10-02 15:00:00,1.336,-4.998,0.0,318.873,9.538,997.161
2025-10-02 16:00:00,1.472,-4.998,0.0,332.29,4.813,987.728
2025-10-02 17:00:00,0.363,-4.998,0.0,410.559,7.408,982.985
2025-10-02 18:00:00,0.916,-4.998,0.0,400.106,7.904,997.621
2025-10-02 19:00:00,0.27,-4.998,0.0,391.282,9.73,989.329
2025-10-02 20:00:00,5.035,-4.998,0.0,376.613,6.706,984.549
2025-10-02 21:00:00,1.892,-4.998,0.0,327.909,6.731,1005.541
2025-10-02 22:00:00,0.24,-4.998,0.0,312.968,8.745,989.974
2025-10-02 23:00:00,0.166,-4.998,0.0,416.404,6.433,1005.622
2025-10-03 00:00:00,0.987,-4.993,0.0,377.219,5.28,980.791
2025-10-03 01:00:00,1.184,-4.993,129.41,381.34,9.888,1000.49
2025-10-03 02:00:00,4.961,-4.993,250.0,346.349,8.639,995.832
2025-10-03 03:00:00,1.294,-4.993,353.553,329.414,4.418,986.957
2025-10-03 04:00:00,1.419,-4.993,433.013,350.021,9.344,999.056
2025-10-03 05:00:00,2.153,-4.993,482.963,309.611,8.636,1008.452
2025-10-03 06:00:00,1.926,-4.993,500.0,347.219,6.652,1014.385
2025-10-03 07:00:00,1.508,-4.993,482.963,329.354,9.319,991.027
2025-10-03 08:00:00,0.672,-4.993,433.013,334.49,9.589,1019.36
2025-10-03 09:00:00,1.24,-4.993,353.553,332.289,5.535,1014.79
2025-10-03 10:00:00,0.471,-4.993,250.0,301.693,8.803,984.812
2025-10-03 11:00:00,1.297,-4.993,129.41,389.345,6.593,1016.894
2025-10-03 12:00:00,1.936,-4.993,0.0,319.675,8.875,989.576
2025-10-03 13:00:00,0.432,-4.993,0.0,316.645,9.732,982.929
2025-10-03 14:00:00,1.854,-4.993,0.0,322.15,9.222,1010.363
2025-10-03 15:00:00,1.51,-4.993,0.0,396.194,6.767,1016.99
2025-10-03 16:00:00,2.773,-4.993,0.0,339.71,5.923,998.115
2025-10-03 17:00:00,1.834,-4.993,0.0,364.21,5.95,982.587
2025-10-03 18:00:00,1.199,-4.993,0.0,310.974,7.06,986.883
2025-10-03 19:00:00,0.752,-4.993,0.0,344.315,8.964,1009.534
2025-10-03 20:00:00,1.254,-4.993,0.0,396.994,7.135,998.039
2025-10-03 21:00:00,1.443,-4.993,0.0,386.957,8.074,980.182
2025-10-03 22:00:00,2.277,-4.993,0.0,317.346,7.04,981.354
2025-10-03 23:00:00,0.124,-4.993,0.0,371.139,4.967,983.429
2025-10-04 00:00:00,1.244,-4.984,0.0,344.446,8.312,1001.802
2025-10-04 01:00:00,0.521,-4.984,129.41,302.634,7.32,988.821
2025-10-04 02:00:00,0.517,-4.984,250.0,383.853,6.027,1002.991
2025-10-04 03:00:00,1.156,-4.984,353.553,342.742,6.378,989.624
2025-10-04 04:00:00,0.317,-4.984,433.013,350.488,5.654,982.443
2025-10-04 05:00:00,1.91,-4.984,482.963,348.162,8.465,1013.22
2025-10-04 06:00:00,4.131,-4.984,500.0,365.421,5.492,1000.269
2025-10-04 07:00:00,1.165,-4.984,482.963,344.859,4.431,1019.997
2025-10-04 08:00:00,0.862,-4.984,433.013,404.99,4.256,980.073
2025-10-04 09:00:00,2.224,-4.984,353.553,372.874,5.171,992.164
2025-10-04 10:00:00,0.915,-4.984,250.0,316.5,9.22,1016.838
2025-10-04 11:00:00,1.658,-4.984,129.41,332.478,4.676,1015.201
2025-10-04 12:00:00,2.885,-4.984,0.0,374.365,6.662,995.224
2025-10-04 13:00:00,1.145,-4.984,0.0,323.091,6.051,989.308
2025-10-04 14:00:00,2.315,-4.984,0.0,346.467,8.926,997.393
2025-10-04 15:00:00,1.18,-4.984,0.0,350.745,4.881,989.697
2025-10-04 16:00:00,1.332,-4.984,0.0,387.297,5.345,1000.016
2025-10-04 17:00:00,0.511,-4.984,0.0,402.155,6.856,1017.185
2025-10-04 18:00:00,1.246,-4.984,0.0,370.137,4.473,1003.325
2025-10-04 19:00:00,1.345,-4.984,0.0,336.822,5.939,981.197
2025-10-04 20:00:00,1.719,-4.984,0.0,412.85,8.125,1001.376
2025-10-04 21:00:00,1.029,-4.984,0.0,416.082,9.159,1008.263
2025-10-04 22:00:00,0.805,-4.984,0.0,308.407,4.325,997.418
2025-10-04 23:00:00,1.733,-4.984,0.0,322.146,9.418,995.333
2025-10-05 00:00:00,1.888,-4.973,0.0,354.457,9.313,985.966
2025-10-05 01:00:00,2.773,-4.973,129.41,371.222,7.728,986.782
2025-10-05 02:00:00,2.712,-4.973,250.0,363.355,7.386,1001.299
2025-10-05 03:00:00,0.705,-4.973,353.553,335.094,7.14,989.009
2025-10-05 04:00:00,1.086,-4.973,433.013,345.634,4.75,1019.338
2025-10-05 05:00:00,1.095,-4.973,482.963,361.819,4.961,1014.524
2025-10-05 06:00:00,0.471,-4.973,500.0,413.519,7.425,1017.037
2025-10-05 07:00:00,0.898,-4.973,482.963,302.503,8.021,980.634
2025-10-05 08:00:00,1.09,-4.973,433.013,313.829,9.76,980.146
2025-10-05 09:00:00,0.469,-4.973,353.553,357.629,6.243,1007.815
2025-10-05 10:00:00,3.713,-4.973,250.0,300.676,5.426,1015.317
2025-10-05 11:00:00,1.11,-4.973,129.41,364.275,4.196,1019.9
2025-10-05 12:00:00,1.055,-4.973,0.0,311.315,8.005,988.305
2025-10-05 13:00:00,3.534,-4.973,0.0,389.47,4.684,1008.053
2025-10-05 14:00:00,0.977,-4.973,0.0,363.717,6.678,1002.787
2025-10-05 15:00:00,1.638,-4.973,0.0,343.134,9.997,1003.063
2025-10-05 16:00:00,1.875,-4.973,0.0,373.559,7.475,989.5
2025-10-05 17:00:00,1.231,-4.973,0.0,354.411,4.39,1000.35
2025-10-05 18:00:00,0.663,-4.973,0.0,394.78,7.84,1017.461
2025-10-05 19:00:00,2.58,-4.973,0.0,342.716,7.59,1005.332
2025-10-05 20:00:00,2.036,-4.973,0.0,327.625,7.801,992.023
2025-10-05 21:00:00,1.318,-4.973,0.0,352.978,4.062,1019.681
2025-10-05 22:00:00,3.282,-4.973,0.0,327.367,4.002,1014.454
2025-10-05 23:00:00,0.551,-4.973,0.0,378.947,7.484,989.963
2025-10-06 00:00:00,0.396,-4.959,0.0,324.519,6.609,1009.41
2025-10-06 01:00:00,1.512,-4.959,129.41,328.141,7.321,997.352
2025-10-06 02:00:00,4.194,-4.959,250.0,399.628,8.327,1012.992
2025-10-06 03:00:00,1.881,-4.959,353.553,407.269,8.35,1019.9
2025-10-06 04:00:00,0.132,-4.959,433.013,369.842,4.773,1004.858
2025-10-06 05:00:00,2.74,-4.959,482.963,357.273,8.93,998.143
2025-10-06 06:00:00,3.773,-4.959,500.0,334.916,8.204,1012.102
2025-10-06 07:00:00,1.645,-4.959,482.963,355.274,4.855,989.938
2025-10-06 08:00:00,3.524,-4.959,433.013,408.444,4.315,993.788
2025-10-06 09:00:00,1.095,-4.959,353.553,360.783,7.545,1018.955
2025-10-06 10:00:00,2.143,-4.959,250.0,312.665,7.71,994.899
2025-10-06 11:00:00,2.662,-4.959,129.41,323.653,4.383,994.76
2025-10-06 12:00:00,0.749,-4.959,0.0,311.449,7.297,1013.567
2025-10-06 13:00:00,1.445,-4.959,0.0,316.931,9.08,999.755
2025-10-06 14:00:00,0.991,-4.959,0.0,398.52,9.868,982.375
2025-10-06 15:00:00,0.116,-4.959,0.0,334.232,4.493,989.284
2025-10-06 16:00:00,0.741,-4.959,0.0,347.991,5.709,1017.72
2025-10-06 17:00:00,1.863,-4.959,0.0,382.682,8.709,1003.436
2025-10-06 18:00:00,4.541,-4.959,0.0,354.78,6.944,996.713
2025-10-06 19:00:00,2.369,-4.959,0.0,336.012,6.123,1015.127
2025-10-06 20:00:00,0.266,-4.959,0.0,311.596,7.732,1019.696
2025-10-06 21:00:00,2.098,-4.959,0.0,312.575,5.193,992.185
2025-10-06 22:00:00,0.945,-4.959,0.0,376.463,4.374,981.456
2025-10-06 23:00:00,0.276,-4.959,0.0,359.416,4.875,1004.53
2025-10-07 00:00:00,0.729,-4.942,0.0,358.525,7.701,992.384
2025-10-07 01:00:00,3.419,-4.942,129.41,365.956,7.284,1018.693
2025-10-07 02:00:00,4.66,-4.942,250.0,355.333,6.563,1012.977
2025-10-07 03:00:00,0.397,-4.942,353.553,363.854,5.357,990.62
2025-10-07 04:00:00,1.617,-4.942,433.013,305.052,9.3,992.615
2025-10-07 05:00:00,0.423,-4.942,482.963,419.943,6.14,986.864
2025-10-07 06:00:00,1.382,-4.942,500.0,412.325,9.626,984.346
2025-10-07 07:00:00,1.604,-4.942,482.963,302.931,5.698,994.266
2025-10-07 08:00:00,0.069,-4.942,433.013,357.348,5.459,998.651
2025-10-07 09:00:00,2.978,-4.942,353.553,360.108,7.343,988.232
2025-10-07 10:00:00,1.055,-4.942,250.0,310.825,8.813,1004.485
2025-10-07 11:00:00,0.728,-4.942,129.41,414.061,7.389,998.594
2025-10-07 12:00:00,1.919,-4.942,0.0,374.486,5.847,982.383
2025-10-07 13:00:00,0.476,-4.942,0.0,419.882,4.305,981.797
2025-10-07 14:00:00,1.87,-4.942,0.0,350.978,9.828,991.121
2025-10-07 15:00:00,1.811,-4.942,0.0,391.321,9.876,1008.143
2025-10-07 16:00:00,1.441,-4.942,0.0,330.039,5.821,1007.74
2025-10-07 17:00:00,0.579,-4.942,0.0,401.118,9.141,1011.254
2025-10-07 18:00:00,0.28,-4.942,0.0,351.843,6.917,992.222
2025-10-07 19:00:00,2.439,-4.942,0.0,375.044,5.532,988.23
2025-10-07 20:00:00,0.343,-4.942,0.0,301.253,8.845,998.309
2025-10-07 21:00:00,2.389,-4.942,0.0,362.589,6.731,992.861
2025-10-07 22:00:00,0.395,-4.942,0.0,350.688,6.67,996.176
2025-10-07 23:00:00,2.5,-4.942,0.0,413.261,5.095,1012.959
2025-10-08 00:00:00,0.332,-4.922,0.0,324.078,8.513,981.486
2025-10-08 01:00:00,2.869,-4.922,129.41,333.305,5.433,1016.881
2025-10-08 02:00:00,1.086,-4.922,250.0,301.023,5.814,991.769
2025-10-08 03:00:00,0.906,-4.922,353.553,317.089,8.231,1009.435
2025-10-08 04:00:00,0.098,-4.922,433.013,323.699,4.119,1011.268
2025-10-08 05:00:00,0.818,-4.922,482.963,384.096,5.059,1000.974
2025-10-08 06:00:00,1.668,-4.922,500.0,356.766,9.659,980.166
2025-10-08 07:00:00,2.22,-4.922,482.963,305.995,8.098,1003.622
2025-10-08 08:00:00,2.005,-4.922,433.013,327.106,4.802,984.188
2025-10-08 09:00:00,0.02,-4.922,353.553,310.419,7.623,1018.218
2025-10-08 10:00:00,0.863,-4.922,250.0,305.428,5.952,1015.499
2025-10-08 11:00:00,1.407,-4.922,129.41,313.911,7.228,1010.707
2025-10-08 12:00:00,0.722,-4.922,0.0,307.699,8.883,1004.678
2025-10-08 13:00:00,1.108,-4.922,0.0,360.84,9.762,1002.428
2025-10-08 14:00:00,0.445,-4.922,0.0,368.288,7.446,1011.307
2025-10-08 15:00:00,0.414,-4.922,0.0,345.572,7.002,999.229
2025-10-08 16:00:00,0.563,-4.922,0.0,345.403,9.299,980.623
2025-10-08 17:00:00,1.434,-4.922,0.0,407.222,5.453,1016.332
2025-10-08 18:00:00,2.936,-4.922,0.0,334.363,8.229,1008.484
2025-10-08 19:00:00,0.971,-4.922,0.0,368.09,6.898,1005.734
2025-10-08 20:00:00,1.599,-4.922,0.0,390.675,6.693,1019.547
2025-10-08 21:00:00,2.598,-4.922,0.0,301.277,4.54,1013.484
2025-10-08 22:00:00,0.716,-4.922,0.0,314.269,4.159,1008.711
2025-10-08 23:00:00,1.691,-4.922,0.0,376.762,9.674,985.655
2025-10-09 00:00:00,2.229,-4.899,0.0,390.721,6.706,1018.71
2025-10-09 01:00:00,2.57,-4.899,129.41,310.842,4.047,988.404
2025-10-09 02:00:00,3.918,-4.899,250.0,410.681,6.234,1001.999
2025-10-09 03:00:00,0.82,-4.899,353.553,304.656,4.736,1016.837
2025-10-09 04:00:00,2.242,-4.899,433.013,326.798,4.115,1007.156
2025-10-09 05:00:00,1.907,-4.899,482.963,310.676,9.772,1001.631
2025-10-09 06:00:00,2.461,-4.899,500.0,381.956,7.218,1007.306
2025-10-09 07:00:00,1.252,-4.899,482.963,374.924,4.286,1016.809
2025-10-09 08:00:00,1.347,-4.899,433.013,346.591,8.082,980.545
2025-10-09 09:00:00,1.583,-4.899,353.553,388.017,6.288,1012.155
2025-10-09 10:00:00,1.103,-4.899,250.0,306.869,7.725,990.455
2025-10-09 11:00:00,0.333,-4.899,129.41,408.718,8.337,1014.756
2025-10-09 12:00:00,1.592,-4.899,0.0,319.486,9.496,986.127
2025-10-09 13:00:00,0.504,-4.899,0.0,307.963,4.047,987.393
2025-10-09 14:00:00,2.955,-4.899,0.0,319.314,5.468,991.692
2025-10-09 15:00:00,2.558,-4.899,0.0,393.452,6.475,990.08
2025-10-09 16:00:00,0.199,-4.899,0.0,396.379,6.563,990.357
2025-10-09 17:00:00,1.402,-4.899,0.0,388.949,8.55,1004.257
2025-10-09 18:00:00,0.327,-4.899,0.0,313.602,4.652,993.982
2025-10-09 19:00:00,2.577,-4.899,0.0,374.613,7.53,988.419
2025-10-09 20:00:00,0.498,-4.899,0.0,346.837,8.192,983.041
2025-10-09 21:00:00,0.278,-4.899,0.0,338.201,6.776,995.541
2025-10-09 22:00:00,0.323,-4.899,0.0,362.755,8.263,1003.833
2025-10-09 23:00:00,1.852,-4.899,0.0,409.901,7.474,991.526
2025-10-10 00:00:00,1.734,-4.873,0.0,417.079,4.731,1009.694
2025-10-10 01:00:00,0.209,-4.873,129.41,333.584,5.276,990.357
2025-10-10 02:00:00,1.3,-4.873,250.0,338.776,8.992,985.088
2025-10-10 03:00:00,0.463,-4.873,353.553,334.845,8.337,1018.273
2025-10-10 04:00:00,0.134,-4.873,433.013,361.46,6.271,999.092
2025-10-10 05:00:00,0.716,-4.873,482.963,416.841,4.297,996.213
2025-10-10 06:00:00,0.768,-4.873,500.0,328.718,5.219,986.053
2025-10-10 07:00:00,6.023,-4.873,482.963,328.126,7.377,1004.114
2025-10-10 08:00:00,1.739,-4.873,433.013,379.624,8.217,993.118
2025-10-10 09:00:00,0.789,-4.873,353.553,340.142,4.504,1010.721
2025-10-10 10:00:00,0.65,-4.873,250.0,344.899,5.412,984.616
2025-10-10 11:00:00,1.419,-4.873,129.41,316.969,4.409,1010.897
2025-10-10 12:00:00,0.926,-4.873,0.0,386.921,6.394,1003.901
2025-10-10 13:00:00,0.912,-4.873,0.0,333.337,8.732,998.84
2025-10-10 14:00:00,1.125,-4.873,0.0,397.542,6.498,987.921
2025-10-10 15:00:00,1.305,-4.873,0.0,330.483,6.744,1002.133
2025-10-10 16:00:00,0.711,-4.873,0.0,342.36,4.443,986.69
2025-10-10 17:00:00,3.091,-4.873,0.0,314.168,4.81,996.265
2025-10-10 18:00:00,1.017,-4.873,0.0,331.776,8.423,994.486
2025-10-10 19:00:00,1.63,-4.873,0.0,418.924,8.134,990.97
2025-10-10 20:00:00,1.196,-4.873,0.0,405.858,4.346,995.8
2025-10-10 21:00:00,1.016,-4.873,0.0,393.395,6.951,1004.89
2025-10-10 22:00:00,0.6,-4.873,0.0,363.688,9.407,981.896
2025-10-10 23:00:00,1.056,-4.873,0.0,340.047,9.3,981.243
2025-10-11 00:00:00,0.493,-4.845,0.0,395.192,4.865,1016.619
2025-10-11 01:00:00,1.128,-4.845,129.41,321.26,9.349,997.092
2025-10-11 02:00:00,3.294,-4.845,250.0,354.201,9.452,994.037
2025-10-11 03:00:00,0.694,-4.845,353.553,332.336,5.985,994.73
2025-10-11 04:00:00,0.849,-4.845,433.013,396.302,5.332,1006.583
2025-10-11 05:00:00,0.062,-4.845,482.963,359.729,5.347,1016.06
2025-10-11 06:00:00,3.033,-4.845,500.0,409.364,4.627,992.291
2025-10-11 07:00:00,1.603,-4.845,482.963,393.564,5.771,1003.788
2025-10-11 08:00:00,0.82,-4.845,433.013,347.421,8.755,982.768
2025-10-11 09:00:00,0.506,-4.845,353.553,310.886,6.409,980.303
2025-10-11 10:00:00,1.466,-4.845,250.0,340.706,7.513,991.729
2025-10-11 11:00:00,0.323,-4.845,129.41,413.122,7.976,997.492
2025-10-11 12:00:00,0.368,-4.845,0.0,386.315,6.513,997.076
2025-10-11 13:00:00,1.829,-4.845,0.0,376.869,4.865,995.547
2025-10-11 14:00:00,1.345,-4.845,0.0,398.383,5.288,1011.451
2025-10-11 15:00:00,0.79,-4.845,0.0,311.731,7.684,995.642
2025-10-11 16:00:00,0.241,-4.845,0.0,358.741,4.611,997.708
2025-10-11 17:00:00,0.518,-4.845,0.0,399.726,9.652,997.858
2025-10-11 18:00:00,3.48,-4.845,0.0,414.346,6.501,1007.719
2025-10-11 19:00:00,1.066,-4.845,0.0,304.242,4.255,999.383
2025-10-11 20:00:00,0.575,-4.845,0.0,300.85,9.608,987.186
2025-10-11 21:00:00,1.038,-4.845,0.0,379.871,5.707,990.387
2025-10-11 22:00:00,0.727,-4.845,0.0,352.804,4.551,991.009
2025-10-11 23:00:00,1.498,-4.845,0.0,410.373,4.627,995.353
2025-10-12 00:00:00,0.584,-4.813,0.0,334.663,6.068,1019.348
2025-10-12 01:00:00,0.718,-4.813,129.41,324.691,4.415,1019.789
2025-10-12 02:00:00,0.277,-4.813,250.0,321.757,4.151,988.212
2025-10-12 03:00:00,2.629,-4.813,353.553,339.134,5.479,1004.448
2025-10-12 04:00:00,0.593,-4.813,433.013,336.923,8.677,1010.204
2025-10-12 05:00:00,0.309,-4.813,482.963,363.851,5.571,1001.61
2025-10-12 06:00:00,0.92,-4.813,500.0,403.528,4.842,1008.649
2025-10-12 07:00:00,0.255,-4.813,482.963,419.307,6.976,1002.327
2025-10-12 08:00:00,0.519,-4.813,433.013,396.858,4.623,995.781
2025-10-12 09:00:00,2.862,-4.813,353.553,310.741,7.46,1006.951
2025-10-12 10:00:00,1.625,-4.813,250.0,375.617,5.647,987.014
2025-10-12 11:00:00,0.132,-4.813,129.41,406.622,9.195,1009.963
2025-10-12 12:00:00,0.316,-4.813,0.0,308.199,7.561,1001.211
2025-10-12 13:00:00,2.498,-4.813,0.0,354.586,4.823,991.925
2025-10-12 14:00:00,1.438,-4.813,0.0,333.913,5.919,1014.953
2025-10-12 15:00:00,3.894,-4.813,0.0,359.137,8.156,1014.65
2025-10-12 16:00:00,1.57,-4.813,0.0,348.425,9.189,999.157
2025-10-12 17:00:00,2.843,-4.813,0.0,338.713,5.177,1005.677
2025-10-12 18:00:00,0.191,-4.813,0.0,302.773,9.619,1011.722
2025-10-12 19:00:00,1.525,-4.813,0.0,417.77,9.668,1013.935
2025-10-12 20:00:00,0.982,-4.813,0.0,313.705,4.822,997.441
2025-10-12 21:00:00,1.687,-4.813,0.0,401.347,9.687,980.734
2025-10-12 22:00:00,0.55,-4.813,0.0,387.072,7.513,990.016
2025-10-12 23:00:00,0.939,-4.813,0.0,340.456,4.662,1004.926
2025-10-13 00:00:00,6.508,-4.778,0.0,359.18,8.519,1004.68
2025-10-13 01:00:00,0.644,-4.778,129.41,308.782,7.759,1011.699
2025-10-13 02:00:00,0.486,-4.778,250.0,324.848,7.939,992.217
2025-10-13 03:00:00,0.236,-4.778,353.553,341.179,8.34,1016.16
2025-10-13 04:00:00,4.039,-4.778,433.013,309.095,7.54,1011.319
2025-10-13 05:00:00,1.627,-4.778,482.963,383.807,6.635,1013.735
2025-10-13 06:00:00,0.709,-4.778,500.0,417.79,4.216,1004.571
2025-10-13 07:00:00,2.067,-4.778,482.963,381.871,5.637,997.512
2025-10-13 08:00:00,0.676,-4.778,433.013,339.894,5.463,984.884
2025-10-13 09:00:00,0.943,-4.778,353.553,324.361,6.985,1018.705
2025-10-13 10:00:00,0.118,-4.778,250.0,303.645,4.94,1006.999
2025-10-13 11:00:00,2.054,-4.778,129.41,336.074,6.548,1008.142
2025-10-13 12:00:00,0.764,-4.778,0.0,319.397,4.173,1007.666
2025-10-13 13:00:00,1.599,-4.778,0.0,333.877,5.659,1013.625
2025-10-13 14:00:00,1.02,-4.778,0.0,362.943,7.24,1009.285
2025-10-13 15:00:00,0.319,-4.778,0.0,355.698,8.288,1003.514
2025-10-13 16:00:00,0.847,-4.778,0.0,345.08,7.086,988.933
2025-10-13 17:00:00,0.341,-4.778,0.0,301.003,8.855,1011.799
2025-10-13 18:00:00,1.394,-4.778,0.0,415.005,9.369,989.714
2025-10-13 19:00:00,5.285,-4.778,0.0,349.02,8.438,990.356
2025-10-13 20:00:00,0.624,-4.778,0.0,317.912,6.195,1015.262
2025-10-13 21:00:00,5.738,-4.778,0.0,324.43,8.126,1018.169
2025-10-13 22:00:00,0.474,-4.778,0.0,331.055,6.29,996.485
2025-10-13 23:00:00,0.408,-4.778,0.0,357.71,7.114,1014.483
2025-10-14 00:00:00,0.454,-4.741,0.0,318.163,4.748,997.545
2025-10-14 01:00:00,0.197,-4.741,129.41,385.178,6.058,1009.69
2025-10-14 02:00:00,0.884,-4.741,250.0,322.956,7.564,1014.428
2025-10-14 03:00:00,0.208,-4.741,353.553,321.241,6.954,1009.218
2025-10-14 04:00:00,2.9,-4.741,433.013,305.522,6.555,1003.108
2025-10-14 05:00:00,4.182,-4.741,482.963,350.469,6.871,991.383
2025-10-14 06:00:00,0.611,-4.741,500.0,414.226,6.341,983.563
2025-10-14 07:00:00,1.286,-4.741,482.963,390.81,9.123,989.288
2025-10-14 08:00:00,0.32,-4.741,433.013,310.5,9.327,1017.291
2025-10-14 09:00:00,1.304,-4.741,353.553,414.913,9.499,1013.534
2025-10-14 10:00:00,0.585,-4.741,250.0,349.333,9.387,1001.332
2025-10-14 11:00:00,0.905,-4.741,129.41,411.675,8.931,1012.429
2025-10-14 12:00:00,0.652,-4.741,0.0,372.864,8.937,988.097
2025-10-14 13:00:00,3.125,-4.741,0.0,303.679,5.036,1015.762
2025-10-14 14:00:00,0.59,-4.741,0.0,395.845,5.775,988.675
2025-10-14 15:00:00,0.493,-4.741,0.0,369.912,8.329,1001.901
2025-10-14 16:00:00,1.511,-4.741,0.0,312.199,7.349,996.937
2025-10-14 17:00:00,3.273,-4.741,0.0,332.179,6.549,1007.861
2025-10-14 18:00:00,0.173,-4.741,0.0,415.939,5.994,1007.404
2025-10-14 19:00:00,1.872,-4.741,0.0,345.874,4.292,1010.451
2025-10-14 20:00:00,1.029,-4.741,0.0,409.123,5.176,996.579
2025-10-14 21:00:00,1.429,-4.741,0.0,418.936,7.987,1015.637
2025-10-14 22:00:00,0.93,-4.741,0.0,300.466,9.344,1004.937
2025-10-14 23:00:00,0.399,-4.741,0.0,367.857,8.602,1018.116
2025-10-15 00:00:00,0.095,-4.701,0.0,315.165,4.016,982.641
2025-10-15 01:00:00,1.416,-4.701,129.41,377.243,6.493,1018.32
2025-10-15 02:00:00,0.568,-4.701,250.0,411.756,8.073,1012.184
2025-10-15 03:00:00,0.113,-4.701,353.553,391.305,6.902,981.549
2025-10-15 04:00:00,1.607,-4.701,433.013,302.151,9.297,1008.235
2025-10-15 05:00:00,0.392,-4.701,482.963,413.038,4.029,991.931
2025-10-15 06:00:00,0.376,-4.701,500.0,327.757,7.919,1009.471
2025-10-15 07:00:00,1.578,-4.701,482.963,372.038,7.222,981.075
2025-10-15 08:00:00,0.703,-4.701,433.013,413.429,9.462,1001.436
2025-10-15 09:00:00,0.844,-4.701,353.553,408.915,6.804,1008.657
2025-10-15 10:00:00,6.338,-4.701,250.0,301.381,5.219,1019.093
2025-10-15 11:00:00,2.915,-4.701,129.41,409.53,6.864,993.003
2025-10-15 12:00:00,1.526,-4.701,0.0,367.476,4.42,1003.971
2025-10-15 13:00:00,0.058,-4.701,0.0,317.719,9.706,1000.028
2025-10-15 14:00:00,1.107,-4.701,0.0,415.668,8.927,984.148
2025-10-15 15:00:00,3.234,-4.701,0.0,335.981,6.756,993.705
2025-10-15 16:00:00,1.294,-4.701,0.0,377.94,5.583,999.948
2025-10-15 17:00:00,1.334,-4.701,0.0,313.189,4.683,1015.146
2025-10-15 18:00:00,0.486,-4.701,0.0,300.155,5.611,996.669
2025-10-15 19:00:00,0.274,-4.701,0.0,379.51,4.756,995.803
2025-10-15 20:00:00,0.126,-4.701,0.0,328.564,9.973,1005.926
2025-10-15 21:00:00,2.216,-4.701,0.0,407.134,6.692,1012.954
2025-10-15 22:00:00,1.836,-4.701,0.0,410.246,9.567,989.405
2025-10-15 23:00:00,3.921,-4.701,0.0,304.345,7.595,1015.734
2025-10-16 00:00:00,0.537,-4.657,0.0,386.707,4.263,993.222
2025-10-16 01:00:00,2.216,-4.657,129.41,414.852,7.914,1010.797
2025-10-16 02:00:00,0.722,-4.657,250.0,418.976,4.268,1009.03
2025-10-16 03:00:00,1.444,-4.657,353.553,370.572,5.763,998.754
2025-10-16 04:00:00,0.024,-4.657,433.013,393.619,5.56,998.634
2025-10-16 05:00:00,2.533,-4.657,482.963,302.245,8.42,1017.89
2025-10-16 06:00:00,0.804,-4.657,500.0,387.526,7.601,996.777
2025-10-16 07:00:00,1.163,-4.657,482.963,344.466,6.972,988.438
2025-10-16 08:00:00,1.144,-4.657,433.013,345.172,6.644,983.18
2025-10-16 09:00:00,2.141,-4.657,353.553,412.829,4.359,1009.357
2025-10-16 10:00:00,0.212,-4.657,250.0,319.901,7.286,1006.489
2025-10-16 11:00:00,1.067,-4.657,129.41,374.905,6.296,994.864
2025-10-16 12:00:00,2.0,-4.657,0.0,314.118,4.169,996.625
2025-10-16 13:00:00,1.212,-4.657,0.0,340.443,8.668,1000.324
2025-10-16 14:00:00,1.14,-4.657,0.0,372.504,5.1,997.178
2025-10-16 15:00:00,0.843,-4.657,0.0,402.166,4.769,985.35
2025-10-16 16:00:00,0.233,-4.657,0.0,307.072,5.93,1009.543
2025-10-16 17:00:00,1.951,-4.657,0.0,317.972,5.606,1018.17
2025-10-16 18:00:00,0.317,-4.657,0.0,365.096,7.102,1007.999
2025-10-16 19:00:00,1.267,-4.657,0.0,399.563,8.151,1016.802
2025-10-16 20:00:00,1.456,-4.657,0.0,381.545,5.446,1019.166
2025-10-16 21:00:00,0.47,-4.657,0.0,315.582,8.435,990.923
2025-10-16 22:00:00,0.986,-4.657,0.0,356.864,9.483,1018.91
2025-10-16 23:00:00,1.737,-4.657,0.0,322.043,6.836,1002.91
2025-10-17 00:00:00,0.723,-4.611,0.0,312.966,8.729,1008.226
2025-10-17 01:00:00,0.828,-4.611,129.41,330.451,7.504,1001.058
2025-10-17 02:00:00,0.412,-4.611,250.0,309.393,7.313,1009.53
2025-10-17 03:00:00,2.838,-4.611,353.553,396.366,4.013,1011.157
2025-10-17 04:00:00,0.605,-4.611,433.013,377.024,7.561,993.255
2025-10-17 05:00:00,1.48,-4.611,482.963,342.638,5.095,1004.1
2025-10-17 06:00:00,0.937,-4.611,500.0,326.379,4.361,995.21
2025-10-17 07:00:00,0.669,-4.611,482.963,351.625,4.915,1017.725
2025-10-17 08:00:00,3.277,-4.611,433.013,374.304,5.091,1003.385
2025-10-17 09:00:00,0.487,-4.611,353.553,344.073,5.003,1015.128
2025-10-17 10:00:00,0.37,-4.611,250.0,375.467,9.771,984.771
2025-10-17 11:00:00,2.036,-4.611,129.41,312.554,9.087,986.034
2025-10-17 12:00:00,4.581,-4.611,0.0,414.74,5.643,981.925
2025-10-17 13:00:00,2.344,-4.611,0.0,356.765,4.264,984.409
2025-10-17 14:00:00,0.823,-4.611,0.0,390.28,9.943,996.512
2025-10-17 15:00:00,0.85,-4.611,0.0,347.951,4.013,981.324
2025-10-17 16:00:00,0.837,-4.611,0.0,378.149,7.748,1002.894
2025-10-17 17:00:00,1.18,-4.611,0.0,350.559,6.424,994.365
2025-10-17 18:00:00,2.363,-4.611,0.0,350.951,6.425,991.377
2025-10-17 19:00:00,1.578,-4.611,0.0,407.901,5.841,1006.766
2025-10-17 20:00:00,0.773,-4.611,0.0,401.68,9.056,1010.336
2025-10-17 21:00:00,0.831,-4.611,0.0,407.733,5.507,998.672
2025-10-17 22:00:00,0.022,-4.611,0.0,311.321,5.723,1005.146
2025-10-17 23:00:00,0.53,-4.611,0.0,311.548,6.943,992.967
2025-10-18 00:00:00,1.007,-4.562,0.0,402.787,9.725,980.7
2025-10-18 01:00:00,1.871,-4.562,129.41,388.786,5.112,1013.116
2025-10-18 02:00:00,2.502,-4.562,250.0,348.022,5.003,997.34
2025-10-18 03:00:00,1.832,-4.562,353.553,355.619,4.497,982.088
2025-10-18 04:00:00,3.631,-4.562,433.013,341.21,7.697,998.337
2025-10-18 05:00:00,0.586,-4.562,482.963,373.025,7.954,1008.838
2025-10-18 06:00:00,1.198,-4.562,500.0,310.435,5.237,996.367
2025-10-18 07:00:00,0.779,-4.562,482.963,354.343,9.259,1008.727
2025-10-18 08:00:00,1.103,-4.562,433.013,336.511,9.535,993.589
2025-10-18 09:00:00,1.917,-4.562,353.553,330.825,4.916,1003.481
2025-10-18 10:00:00,0.57,-4.562,250.0,353.409,9.534,995.757
2025-10-18 11:00:00,1.856,-4.562,129.41,360.539,9.264,1015.716
2025-10-18 12:00:00,1.563,-4.562,0.0,376.066,4.079,1018.398
2025-10-18 13:00:00,1.023,-4.562,0.0,302.756,8.638,995.626
2025-10-18 14:00:00,2.278,-4.562,0.0,315.407,9.805,1018.728
2025-10-18 15:00:00,0.153,-4.562,0.0,398.246,4.754,1010.061
2025-10-18 16:00:00,1.945,-4.562,0.0,376.063,7.742,1013.088
2025-10-18 17:00:00,2.033,-4.562,0.0,416.431,4.609,993.177
2025-10-18 18:00:00,0.646,-4.562,0.0,327.307,8.067,982.915
2025-10-18 19:00:00,4.33,-4.562,0.0,393.491,9.341,1010.763
2025-10-18 20:00:00,0.95,-4.562,0.0,395.746,6.875,1008.621
2025-10-18 21:00:00,2.742,-4.562,0.0,407.248,8.078,989.007
2025-10-18 22:00:00,0.542,-4.562,0.0,388.165,4.524,1001.976
2025-10-18 23:00:00,1.239,-4.562,0.0,387.336,5.783,1004.806
2025-10-19 00:00:00,0.188,-4.511,0.0,317.949,5.786,996.874
2025-10-19 01:00:00,3.249,-4.511,129.41,320.07,6.46,1014.388
2025-10-19 02:00:00,1.247,-4.511,250.0,327.7,9.459,1006.327
2025-10-19 03:00:00,1.566,-4.511,353.553,393.222,8.526,993.187
2025-10-19 04:00:00,1.392,-4.511,433.013,356.857,9.129,985.489
2025-10-19 05:00:00,2.981,-4.511,482.963,339.99,4.333,988.033
2025-10-19 06:00:00,0.986,-4.511,500.0,339.695,8.038,997.884
2025-10-19 07:00:00,1.665,-4.511,482.963,413.163,4.575,1016.614
2025-10-19 08:00:00,0.609,-4.511,433.013,335.583,7.589,997.756
2025-10-19 09:00:00,0.215,-4.511,353.553,394.32,4.359,1011.636
2025-10-19 10:00:00,0.373,-4.511,250.0,335.136,7.936,1005.002
2025-10-19 11:00:00,2.079,-4.511,129.41,354.631,6.965,1017.94
2025-10-19 12:00:00,1.657,-4.511,0.0,412.563,6.978,984.502
2025-10-19 13:00:00,0.128,-4.511,0.0,330.482,8.589,989.63
2025-10-19 14:00:00,0.261,-4.511,0.0,366.163,5.316,993.056
2025-10-19 15:00:00,0.496,-4.511,0.0,319.188,8.469,993.251
2025-10-19 16:00:00,0.552,-4.511,0.0,355.468,7.741,998.308
2025-10-19 17:00:00,0.723,-4.511,0.0,396.725,9.679,993.575
2025-10-19 18:00:00,1.301,-4.511,0.0,380.332,4.883,1008.196
2025-10-19 19:00:00,0.9,-4.511,0.0,331.797,6.029,1015.058
2025-10-19 20:00:00,8.506,-4.511,0.0,337.341,8.037,990.766
2025-10-19 21:00:00,0.576,-4.511,0.0,363.777,7.123,1003.927
2025-10-19 22:00:00,3.425,-4.511,0.0,337.379,4.241,984.676
2025-10-19 23:00:00,1.19,-4.511,0.0,314.014,4.856,981.537
2025-10-20 00:00:00,2.071,-4.456,0.0,324.898,8.429,1003.95
2025-10-20 01:00:00,2.913,-4.456,129.41,390.822,4.451,1000.179
2025-10-20 02:00:00,1.947,-4.456,250.0,380.827,4.613,1004.755
2025-10-20 03:00:00,2.027,-4.456,353.553,326.871,4.699,1013.632
2025-10-20 04:00:00,1.011,-4.456,433.013,409.708,6.303,1002.71
2025-10-20 05:00:00,2.2,-4.456,482.963,387.329,6.477,1010.77
2025-10-20 06:00:00,5.555,-4.456,500.0,309.62,7.935,980.083
2025-10-20 07:00:00,0.473,-4.456,482.963,385.274,7.528,992.01
2025-10-20 08:00:00,1.208,-4.456,433.013,370.839,7.023,994.365
2025-10-20 09:00:00,0.388,-4.456,353.553,376.585,9.658,984.922
2025-10-20 10:00:00,3.684,-4.456,250.0,373.274,4.856,1015.048
2025-10-20 11:00:00,1.425,-4.456,129.41,379.32,9.046,995.217
2025-10-20 12:00:00,0.697,-4.456,0.0,321.679,8.942,984.922
2025-10-20 13:00:00,2.628,-4.456,0.0,414.21,5.634,1006.499
2025-10-20 14:00:00,1.298,-4.456,0.0,354.909,7.122,996.901
2025-10-20 15:00:00,2.714,-4.456,0.0,342.355,4.076,1004.313
2025-10-20 16:00:00,0.857,-4.456,0.0,410.698,9.583,1012.536
2025-10-20 17:00:00,1.125,-4.456,0.0,409.085,4.059,1001.283
2025-10-20 18:00:00,0.222,-4.456,0.0,333.92,4.227,1006.821
2025-10-20 19:00:00,1.612,-4.456,0.0,339.861,5.609,997.9
2025-10-20 20:00:00,1.477,-4.456,0.0,313.965,9.702,981.758
2025-10-20 21:00:00,3.908,-4.456,0.0,352.195,6.008,1017.675
2025-10-20 22:00:00,1.005,-4.456,0.0,340.894,7.072,1002.049
2025-10-20 23:00:00,0.378,-4.456,0.0,303.813,4.859,1015.923
2025-10-21 00:00:00,3.297,-4.399,0.0,303.6,5.372,999.489
2025-10-21 01:00:00,0.541,-4.399,129.41,353.019,4.882,1005.725
2025-10-21 02:00:00,2.185,-4.399,250.0,300.124,7.102,1018.275
2025-10-21 03:00:00,0.723,-4.399,353.553,415.316,6.591,982.042
2025-10-21 04:00:00,0.448,-4.399,433.013,363.778,7.437,982.452
2025-10-21 05:00:00,0.265,-4.399,482.963,330.262,6.443,1012.084
2025-10-21 06:00:00,0.465,-4.399,500.0,379.985,9.343,998.781
2025-10-21 07:00:00,1.378,-4.399,482.963,345.003,4.845,980.792
2025-10-21 08:00:00,1.01,-4.399,433.013,342.599,4.123,1012.287
2025-10-21 09:00:00,4.642,-4.399,353.553,340.065,7.143,991.971
2025-10-21 10:00:00,1.16,-4.399,250.0,368.213,8.524,1019.131
2025-10-21 11:00:00,0.485,-4.399,129.41,358.936,8.174,1015.307
2025-10-21 12:00:00,1.646,-4.399,0.0,402.094,8.056,994.47
2025-10-21 13:00:00,4.704,-4.399,0.0,337.402,4.511,993.649
2025-10-21 14:00:00,2.714,-4.399,0.0,387.849,7.586,993.215
2025-10-21 15:00:00,1.013,-4.399,0.0,375.31,5.853,1004.179
2025-10-21 16:00:00,2.258,-4.399,0.0,307.445,7.811,1011.638
2025-10-21 17:00:00,1.402,-4.399,0.0,359.075,4.398,1011.172
2025-10-21 18:00:00,2.89,-4.399,0.0,406.464,6.742,1006.379
2025-10-21 19:00:00,2.982,-4.399,0.0,408.09,8.34,987.783
2025-10-21 20:00:00,0.686,-4.399,0.0,356.774,6.537,984.31
2025-10-21 21:00:00,0.985,-4.399,0.0,416.804,4.567,987.939
2025-10-21 22:00:00,0.984,-4.399,0.0,358.706,8.25,1009.465
2025-10-21 23:00:00,1.078,-4.399,0.0,334.577,7.003,1014.431
2025-10-22 00:00:00,2.142,-4.338,0.0,307.176,6.013,993.491
2025-10-22 01:00:00,1.775,-4.338,129.41,335.248,5.485,1004.861
2025-10-22 02:00:00,0.597,-4.338,250.0,323.959,7.175,1009.929
2025-10-22 03:00:00,4.222,-4.338,353.553,332.077,6.526,992.211
2025-10-22 04:00:00,1.134,-4.338,433.013,362.871,7.76,1015.009
2025-10-22 05:00:00,0.407,-4.338,482.963,350.683,7.29,999.67
2025-10-22 06:00:00,1.143,-4.338,500.0,419.748,9.578,1015.86
2025-10-22 07:00:00,0.642,-4.338,482.963,376.613,7.883,1017.856
2025-10-22 08:00:00,1.227,-4.338,433.013,350.914,6.72,1008.101
2025-10-22 09:00:00,1.518,-4.338,353.553,363.904,4.077,986.521
2025-10-22 10:00:00,0.834,-4.338,250.0,355.005,8.895,987.851
2025-10-22 11:00:00,0.845,-4.338,129.41,393.102,7.473,988.993
2025-10-22 12:00:00,0.814,-4.338,0.0,334.152,8.369,1008.997
2025-10-22 13:00:00,0.385,-4.338,0.0,355.076,4.929,1006.796
2025-10-22 14:00:00,1.798,-4.338,0.0,321.507,4.614,1000.708
2025-10-22 15:00:00,0.206,-4.338,0.0,326.692,6.747,999.525
2025-10-22 16:00:00,2.846,-4.338,0.0,321.134,5.861,991.74
2025-10-22 17:00:00,1.158,-4.338,0.0,347.899,5.162,998.06
2025-10-22 18:00:00,0.129,-4.338,0.0,313.973,5.243,991.639
2025-10-22 19:00:00,0.993,-4.338,0.0,369.899,4.342,983.241
2025-10-22 20:00:00,0.435,-4.338,0.0,364.715,8.477,1011.629
2025-10-22 21:00:00,1.581,-4.338,0.0,395.482,7.588,982.226
2025-10-22 22:00:00,0.457,-4.338,0.0,352.813,4.005,1003.203
2025-10-22 23:00:00,0.77,-4.338,0.0,329.356,9.675,991.092
2025-10-23 00:00:00,1.944,-4.275,0.0,369.884,7.609,1007.421
2025-10-23 01:00:00,0.576,-4.275,129.41,303.492,7.659,1002.19
2025-10-23 02:00:00,4.547,-4.275,250.0,330.313,5.114,988.316
2025-10-23 03:00:00,1.096,-4.275,353.553,349.413,8.363,1001.15
2025-10-23 04:00:00,0.702,-4.275,433.013,342.979,9.133,982.887
2025-10-23 05:00:00,1.049,-4.275,482.963,414.306,7.975,980.806
2025-10-23 06:00:00,0.91,-4.275,500.0,325.934,9.354,1019.802
2025-10-23 07:00:00,1.021,-4.275,482.963,307.159,5.067,1011.894
2025-10-23 08:00:00,0.414,-4.275,433.013,364.963,8.413,997.945
2025-10-23 09:00:00,0.074,-4.275,353.553,366.739,5.392,1012.859
2025-10-23 10:00:00,2.82,-4.275,250.0,360.902,9.529,986.369
2025-10-23 11:00:00,1.644,-4.275,129.41,307.696,5.794,1003.777
2025-10-23 12:00:00,1.179,-4.275,0.0,369.955,4.395,989.918
2025-10-23 13:00:00,0.09,-4.275,0.0,378.935,7.061,982.0
2025-10-23 14:00:00,0.898,-4.275,0.0,346.517,7.328,1012.054
2025-10-23 15:00:00,1.958,-4.275,0.0,316.536,6.014,1012.351
2025-10-23 16:00:00,5.583,-4.275,0.0,403.485,4.144,999.677
2025-10-23 17:00:00,1.142,-4.275,0.0,362.556,9.569,1018.858
2025-10-23 18:00:00,0.166,-4.275,0.0,364.707,5.329,1017.179
2025-10-23 19:00:00,0.538,-4.275,0.0,345.177,7.448,1004.501
2025-10-23 20:00:00,0.865,-4.275,0.0,330.506,6.23,992.928
2025-10-23 21:00:00,1.511,-4.275,0.0,319.385,6.843,987.998
2025-10-23 22:00:00,1.356,-4.275,0.0,336.692,6.578,1019.103
2025-10-23 23:00:00,1.679,-4.275,0.0,307.4,5.163,981.533
2025-10-24 00:00:00,1.401,-4.21,0.0,332.153,9.765,992.274
2025-10-24 01:00:00,1.261,-4.21,129.41,408.051,8.516,995.048
2025-10-24 02:00:00,1.614,-4.21,250.0,375.569,9.883,996.083
2025-10-24 03:00:00,0.414,-4.21,353.553,312.918,7.727,1007.426
2025-10-24 04:00:00,3.231,-4.21,433.013,313.838,6.534,1014.343
2025-10-24 05:00:00,0.147,-4.21,482.963,351.929,6.977,995.469
2025-10-24 06:00:00,2.906,-4.21,500.0,351.815,8.337,1013.983
2025-10-24 07:00:00,0.666,-4.21,482.963,321.511,9.78,995.364
2025-10-24 08:00:00,1.457,-4.21,433.013,404.025,4.484,1013.652
2025-10-24 09:00:00,3.299,-4.21,353.553,356.331,5.624,990.503
2025-10-24 10:00:00,0.037,-4.21,250.0,337.285,6.279,1011.233
2025-10-24 11:00:00,0.506,-4.21,129.41,377.201,6.209,994.986
2025-10-24 12:00:00,0.455,-4.21,0.0,328.151,4.019,986.551
2025-10-24 13:00:00,2.834,-4.21,0.0,400.814,9.618,986.071
2025-10-24 14:00:00,0.156,-4.21,0.0,411.419,8.5,999.325
2025-10-24 15:00:00,2.11,-4.21,0.0,414.809,9.561,1003.124
2025-10-24 16:00:00,1.399,-4.21,0.0,358.396,5.254,1007.302
2025-10-24 17:00:00,0.448,-4.21,0.0,407.866,6.263,999.8
2025-10-24 18:00:00,2.536,-4.21,0.0,336.622,6.756,1004.477
2025-10-24 19:00:00,0.949,-4.21,0.0,303.654,6.886,1005.252
2025-10-24 20:00:00,0.541,-4.21,0.0,418.617,4.229,985.32
2025-10-24 21:00:00,0.526,-4.21,0.0,361.976,8.634,985.51
2025-10-24 22:00:00,1.72,-4.21,0.0,371.242,9.472,1009.018
2025-10-24 23:00:00,0.287,-4.21,0.0,361.143,8.302,982.408
2025-10-25 00:00:00,0.356,-4.141,0.0,303.286,9.465,987.369
2025-10-25 01:00:00,1.488,-4.141,129.41,324.796,7.03,980.203
2025-10-25 02:00:00,4.937,-4.141,250.0,314.485,4.735,1009.06
2025-10-25 03:00:00,2.946,-4.141,353.553,318.598,6.253,1018.062
2025-10-25 04:00:00,0.566,-4.141,433.013,401.858,7.572,997.986
2025-10-25 05:00:00,2.566,-4.141,482.963,387.065,5.94,1016.923
2025-10-25 06:00:00,0.887,-4.141,500.0,410.402,9.644,1007.903
2025-10-25 07:00:00,3.719,-4.141,482.963,344.877,4.124,984.394
2025-10-25 08:00:00,1.815,-4.141,433.013,300.392,7.969,1010.496
2025-10-25 09:00:00,2.595,-4.141,353.553,382.031,6.506,988.089
2025-10-25 10:00:00,2.064,-4.141,250.0,410.282,5.422,1005.789
2025-10-25 11:00:00,0.209,-4.141,129.41,304.78,5.125,1007.41
2025-10-25 12:00:00,2.913,-4.141,0.0,401.182,4.654,1011.617
2025-10-25 13:00:00,0.227,-4.141,0.0,374.825,4.05,1016.138
2025-10-25 14:00:00,0.719,-4.141,0.0,305.734,6.711,985.02
2025-10-25 15:00:00,2.797,-4.141,0.0,406.816,8.296,1008.119
2025-10-25 16:00:00,0.407,-4.141,0.0,302.247,5.411,986.381
2025-10-25 17:00:00,2.674,-4.141,0.0,397.183,7.776,1014.207
2025-10-25 18:00:00,1.669,-4.141,0.0,333.136,8.194,992.673
2025-10-25 19:00:00,0.463,-4.141,0.0,337.783,7.873,1009.483
2025-10-25 20:00:00,1.682,-4.141,0.0,316.486,4.713,995.405
2025-10-25 21:00:00,0.656,-4.141,0.0,349.489,8.261,997.401
2025-10-25 22:00:00,0.544,-4.141,0.0,344.34,4.678,1002.031
2025-10-25 23:00:00,1.718,-4.141,0.0,358.778,5.576,1018.398
2025-10-26 00:00:00,3.203,-4.07,0.0,404.367,9.204,1015.93
2025-10-26 01:00:00,0.02,-4.07,129.41,415.18,8.993,1013.14
2025-10-26 02:00:00,0.068,-4.07,250.0,372.281,5.757,1003.476
2025-10-26 03:00:00,0.488,-4.07,353.553,389.215,8.779,995.383
2025-10-26 04:00:00,0.594,-4.07,433.013,372.836,4.325,1018.032
2025-10-26 05:00:00,2.012,-4.07,482.963,368.129,9.984,990.081
2025-10-26 06:00:00,0.737,-4.07,500.0,349.385,9.392,992.876
2025-10-26 07:00:00,1.855,-4.07,482.963,321.414,5.078,987.767
2025-10-26 08:00:00,0.794,-4.07,433.013,357.234,6.759,992.414
2025-10-26 09:00:00,0.773,-4.07,353.553,303.394,6.076,985.618
2025-10-26 10:00:00,2.789,-4.07,250.0,413.962,5.077,1019.647
2025-10-26 11:00:00,0.316,-4.07,129.41,333.737,9.174,1006.085
2025-10-26 12:00:00,2.379,-4.07,0.0,319.44,4.607,1002.156
2025-10-26 13:00:00,0.489,-4.07,0.0,414.282,4.113,1001.469
2025-10-26 14:00:00,1.901,-4.07,0.0,321.754,7.827,1000.892
2025-10-26 15:00:00,0.824,-4.07,0.0,331.185,4.773,1008.063
2025-10-26 16:00:00,3.668,-4.07,0.0,354.221,7.571,1016.823
2025-10-26 17:00:00,0.401,-4.07,0.0,365.746,9.189,995.403
2025-10-26 18:00:00,0.697,-4.07,0.0,409.336,6.861,986.147
2025-10-26 19:00:00,0.737,-4.07,0.0,317.716,6.742,1009.101
2025-10-26 20:00:00,1.237,-4.07,0.0,363.449,7.029,1014.169
2025-10-26 21:00:00,0.666,-4.07,0.0,326.076,9.449,1018.459
2025-10-26 22:00:00,2.455,-4.07,0.0,342.9,9.96,980.845
2025-10-26 23:00:00,0.464,-4.07,0.0,347.973,6.333,1012.388
2025-10-27 00:00:00,0.957,-3.996,0.0,401.708,6.825,981.075
2025-10-27 01:00:00,0.768,-3.996,129.41,338.079,6.676,986.397
2025-10-27 02:00:00,1.539,-3.996,250.0,404.847,5.907,1004.083
2025-10-27 03:00:00,2.314,-3.996,353.553,393.886,6.753,1014.864
2025-10-27 04:00:00,0.392,-3.996,433.013,369.068,8.459,1014.823
2025-10-27 05:00:00,0.222,-3.996,482.963,338.123,8.498,996.332
2025-10-27 06:00:00,1.111,-3.996,500.0,326.967,8.68,1000.046
2025-10-27 07:00:00,0.523,-3.996,482.963,405.21,8.816,1003.064
2025-10-27 08:00:00,1.799,-3.996,433.013,304.372,5.284,995.303
2025-10-27 09:00:00,1.656,-3.996,353.553,349.134,9.656,980.95
2025-10-27 10:00:00,0.892,-3.996,250.0,371.53,8.521,989.449
2025-10-27 11:00:00,1.537,-3.996,129.41,346.606,7.21,985.402
2025-10-27 12:00:00,1.454,-3.996,0.0,345.168,4.884,995.926
2025-10-27 13:00:00,0.873,-3.996,0.0,332.306,7.33,990.029
2025-10-27 14:00:00,1.81,-3.996,0.0,364.088,5.18,986.537
2025-10-27 15:00:00,1.172,-3.996,0.0,345.113,6.222,999.24
2025-10-27 16:00:00,0.187,-3.996,0.0,301.241,7.2,994.466
2025-10-27 17:00:00,1.445,-3.996,0.0,419.791,5.345,1006.113
2025-10-27 18:00:00,3.598,-3.996,0.0,316.953,8.217,1017.053
2025-10-27 19:00:00,1.703,-3.996,0.0,336.142,8.641,993.498
2025-10-27 20:00:00,4.251,-3.996,0.0,363.5,4.174,1006.218
2025-10-27 21:00:00,2.562,-3.996,0.0,409.802,4.585,1017.987
2025-10-27 22:00:00,2.299,-3.996,0.0,340.689,5.369,1004.67
2025-10-27 23:00:00,0.793,-3.996,0.0,372.499,5.137,1007.416
2025-10-28 00:00:00,1.841,-3.92,0.0,390.362,9.211,996.056
2025-10-28 01:00:00,1.852,-3.92,129.41,323.888,8.488,994.281
2025-10-28 02:00:00,0.381,-3.92,250.0,314.749,9.694,997.644
2025-10-28 03:00:00,2.507,-3.92,353.553,365.301,7.073,984.24
2025-10-28 04:00:00,2.678,-3.92,433.013,309.233,7.851,981.515
2025-10-28 05:00:00,3.559,-3.92,482.963,314.746,6.333,1010.373
2025-10-28 06:00:00,0.727,-3.92,500.0,399.308,4.82,1006.222
2025-10-28 07:00:00,1.166,-3.92,482.963,366.593,7.143,991.821
2025-10-28 08:00:00,1.622,-3.92,433.013,334.396,9.097,1007.87
2025-10-28 09:00:00,2.922,-3.92,353.553,391.985,8.313,1010.235
2025-10-28 10:00:00,0.274,-3.92,250.0,378.626,6.213,993.174
2025-10-28 11:00:00,2.408,-3.92,129.41,372.415,6.852,985.37
2025-10-28 12:00:00,0.092,-3.92,0.0,385.413,4.959,986.541
2025-10-28 13:00:00,3.056,-3.92,0.0,408.607,8.207,1003.501
2025-10-28 14:00:00,2.116,-3.92,0.0,332.412,9.086,989.063
2025-10-28 15:00:00,0.551,-3.92,0.0,416.18,8.985,999.265
2025-10-28 16:00:00,2.878,-3.92,0.0,366.254,6.124,1005.665
2025-10-28 17:00:00,1.734,-3.92,0.0,393.231,8.545,1018.364
2025-10-28 18:00:00,2.339,-3.92,0.0,349.628,6.835,997.463
2025-10-28 19:00:00,2.818,-3.92,0.0,305.488,6.286,992.376
2025-10-28 20:00:00,2.364,-3.92,0.0,383.842,6.817,1017.804
2025-10-28 21:00:00,3.744,-3.92,0.0,416.155,7.684,1004.89
2025-10-28 22:00:00,0.122,-3.92,0.0,375.636,5.594,991.947
2025-10-28 23:00:00,1.042,-3.92,0.0,379.4,7.42,987.779
2025-10-29 00:00:00,1.995,-3.841,0.0,374.545,7.932,987.129
2025-10-29 01:00:00,2.862,-3.841,129.41,370.613,5.601,1016.408
2025-10-29 02:00:00,1.755,-3.841,250.0,320.775,5.253,1002.309
2025-10-29 03:00:00,1.312,-3.841,353.553,410.195,4.826,986.919
2025-10-29 04:00:00,1.769,-3.841,433.013,374.589,4.414,980.109
2025-10-29 05:00:00,0.686,-3.841,482.963,383.276,4.486,1015.889
2025-10-29 06:00:00,0.599,-3.841,500.0,301.896,5.964,987.962
2025-10-29 07:00:00,0.228,-3.841,482.963,365.412,8.365,985.93
2025-10-29 08:00:00,0.212,-3.841,433.013,380.244,5.889,1011.841
2025-10-29 09:00:00,1.666,-3.841,353.553,365.424,7.122,1004.572
2025-10-29 10:00:00,1.153,-3.841,250.0,312.06,4.391,985.754
2025-10-29 11:00:00,4.885,-3.841,129.41,337.646,7.886,1009.216
2025-10-29 12:00:00,2.149,-3.841,0.0,390.567,8.617,1004.348
2025-10-29 13:00:00,1.083,-3.841,0.0,334.04,8.605,991.169
2025-10-29 14:00:00,1.219,-3.841,0.0,304.858,8.241,1007.224
2025-10-29 15:00:00,0.482,-3.841,0.0,326.973,5.072,996.678
2025-10-29 16:00:00,2.758,-3.841,0.0,391.158,6.321,986.38
2025-10-29 17:00:00,0.154,-3.841,0.0,322.373,9.699,998.584
2025-10-29 18:00:00,0.45,-3.841,0.0,301.785,7.94,1004.692
2025-10-29 19:00:00,2.435,-3.841,0.0,307.292,7.471,987.298
2025-10-29 20:00:00,1.428,-3.841,0.0,384.942,5.421,994.269
2025-10-29 21:00:00,0.974,-3.841,0.0,360.988,8.092,1016.021
2025-10-29 22:00:00,0.669,-3.841,0.0,315.256,6.956,988.091
2025-10-29 23:00:00,0.246,-3.841,0.0,404.519,7.025,1001.783
2025-10-30 00:00:00,0.217,-3.759,0.0,331.316,5.681,988.063
2025-10-30 01:00:00,1.686,-3.759,129.41,339.765,7.759,983.39
2025-10-30 02:00:00,0.875,-3.759,250.0,406.885,5.538,1013.472
2025-10-30 03:00:00,2.353,-3.759,353.553,343.213,5.042,1000.74
2025-10-30 04:00:00,0.449,-3.759,433.013,342.731,9.041,1011.71
2025-10-30 05:00:00,6.279,-3.759,482.963,414.041,4.834,987.151
2025-10-30 06:00:00,2.507,-3.759,500.0,348.588,4.751,982.31
2025-10-30 07:00:00,2.003,-3.759,482.963,389.428,6.723,1007.196
2025-10-30 08:00:00,0.803,-3.759,433.013,329.444,6.842,1003.22
2025-10-30 09:00:00,1.128,-3.759,353.553,367.702,9.712,1004.461
2025-10-30 10:00:00,0.304,-3.759,250.0,403.969,7.763,991.549
2025-10-30 11:00:00,0.253,-3.759,129.41,404.994,7.915,982.985
2025-10-30 12:00:00,0.954,-3.759,0.0,311.928,9.784,983.993
2025-10-30 13:00:00,2.491,-3.759,0.0,380.124,8.165,1015.065
2025-10-30 14:00:00,0.203,-3.759,0.0,350.868,6.112,986.685
2025-10-30 15:00:00,0.25,-3.759,0.0,327.58,7.838,1003.825
2025-10-30 16:00:00,2.209,-3.759,0.0,306.729,6.089,1007.351
2025-10-30 17:00:00,0.772,-3.759,0.0,349.056,9.981,1011.809
2025-10-30 18:00:00,0.862,-3.759,0.0,396.736,4.756,999.786
2025-10-30 19:00:00,0.242,-3.759,0.0,356.658,6.278,996.895
2025-10-30 20:00:00,0.045,-3.759,0.0,407.483,4.344,1009.438
2025-10-30 21:00:00,0.58,-3.759,0.0,302.175,6.894,1001.015
2025-10-30 22:00:00,0.994,-3.759,0.0,370.755,8.78,990.372
2025-10-30 23:00:00,0.475,-3.759,0.0,379.552,8.798,1004.787
2025-10-31 00:00:00,0.946,-3.675,0.0,393.665,6.418,982.144
2025-10-31 01:00:00,0.563,-3.675,129.41,322.469,8.082,1016.648
2025-10-31 02:00:00,0.146,-3.675,250.0,319.203,7.049,1005.605
2025-10-31 03:00:00,0.524,-3.675,353.553,307.8,9.884,1011.17
2025-10-31 04:00:00,1.75,-3.675,433.013,326.323,9.847,1003.528
2025-10-31 05:00:00,0.312,-3.675,482.963,360.611,5.497,996.143
2025-10-31 06:00:00,0.103,-3.675,500.0,391.339,5.276,985.003
2025-10-31 07:00:00,0.753,-3.675,482.963,392.884,6.861,981.756
2025-10-31 08:00:00,0.57,-3.675,433.013,337.641,7.294,1009.064
2025-10-31 09:00:00,0.064,-3.675,353.553,358.223,4.047,1007.941
2025-10-31 10:00:00,1.086,-3.675,250.0,314.437,5.554,1004.499
2025-10-31 11:00:00,2.885,-3.675,129.41,303.378,7.613,998.193
2025-10-31 12:00:00,1.112,-3.675,0.0,356.67,7.804,986.525
2025-10-31 13:00:00,0.388,-3.675,0.0,372.313,6.717,983.041
2025-10-31 14:00:00,1.264,-3.675,0.0,317.111,5.957,983.911
2025-10-31 15:00:00,0.488,-3.675,0.0,333.406,6.001,991.163
2025-10-31 16:00:00,0.836,-3.675,0.0,352.293,8.668,992.074
2025-10-31 17:00:00,0.281,-3.675,0.0,367.322,4.454,1018.928
2025-10-31 18:00:00,1.392,-3.675,0.0,409.875,6.122,1013.851
2025-10-31 19:00:00,0.14,-3.675,0.0,410.981,8.95,1019.364
2025-10-31 20:00:00,0.782,-3.675,0.0,350.984,8.591,991.065
2025-10-31 21:00:00,0.158,-3.675,0.0,346.838,5.247,1019.75
2025-10-31 22:00:00,4.706,-3.675,0.0,392.934,9.419,986.854
2025-10-31 23:00:00,0.842,-3.675,0.0,378.276,4.083,998.138
2025-11-01 00:00:00,2.116,-3.588,0.0,419.865,5.551,982.924
2025-11-01 01:00:00,0.319,-3.588,129.41,372.188,8.77,989.974
2025-11-01 02:00:00,1.987,-3.588,250.0,369.936,6.841,981.357
2025-11-01 03:00:00,0.087,-3.588,353.553,378.356,6.525,998.258
2025-11-01 04:00:00,0.925,-3.588,433.013,374.206,4.837,1010.905
2025-11-01 05:00:00,2.427,-3.588,482.963,407.342,6.189,1007.781
2025-11-01 06:00:00,0.386,-3.588,500.0,333.47,7.482,980.321
2025-11-01 07:00:00,1.337,-3.588,482.963,387.05,8.085,992.078
2025-11-01 08:00:00,0.185,-3.588,433.013,362.177,6.952,987.055
2025-11-01 09:00:00,0.465,-3.588,353.553,397.617,8.359,1016.977
2025-11-01 10:00:00,2.16,-3.588,250.0,342.402,7.848,999.982
2025-11-01 11:00:00,0.25,-3.588,129.41,413.845,9.405,1005.926
2025-11-01 12:00:00,0.681,-3.588,0.0,376.949,6.512,1016.281
2025-11-01 13:00:00,0.56,-3.588,0.0,338.517,6.758,993.199
2025-11-01 14:00:00,1.729,-3.588,0.0,335.416,7.462,985.224
2025-11-01 15:00:00,0.356,-3.588,0.0,367.609,4.688,1018.714
2025-11-01 16:00:00,3.376,-3.588,0.0,393.365,4.721,996.732
2025-11-01 17:00:00,1.833,-3.588,0.0,308.868,9.338,989.552
2025-11-01 18:00:00,0.017,-3.588,0.0,402.619,4.864,982.63
2025-11-01 19:00:00,0.401,-3.588,0.0,320.08,5.692,1005.024
2025-11-01 20:00:00,4.239,-3.588,0.0,321.398,9.628,1017.506
2025-11-01 21:00:00,1.081,-3.588,0.0,306.983,8.02,1001.144
2025-11-01 22:00:00,1.465,-3.588,0.0,348.096,7.897,1010.051
2025-11-01 23:00:00,1.947,-3.588,0.0,414.157,7.108,981.22
2025-11-02 00:00:00,0.556,-3.498,0.0,404.669,7.186,993.266
2025-11-02 01:00:00,0.099,-3.498,129.41,301.782,5.929,1012.947
2025-11-02 02:00:00,3.63,-3.498,250.0,392.482,5.037,981.372
2025-11-02 03:00:00,1.78,-3.498,353.553,386.108,5.726,1019.302
2025-11-02 04:00:00,0.579,-3.498,433.013,414.966,7.528,1009.518
2025-11-02 05:00:00,0.629,-3.498,482.963,401.951,8.053,1007.621
2025-11-02 06:00:00,1.525,-3.498,500.0,329.168,4.512,986.625
2025-11-02 07:00:00,0.793,-3.498,482.963,335.205,9.165,1017.011
2025-11-02 08:00:00,1.87,-3.498,433.013,310.042,5.09,998.065
2025-11-02 09:00:00,1.27,-3.498,353.553,389.898,7.295,999.283
2025-11-02 10:00:00,2.475,-3.498,250.0,379.501,8.689,996.024
2025-11-02 11:00:00,1.593,-3.498,129.41,406.851,9.053,984.362
2025-11-02 12:00:00,2.0,-3.498,0.0,324.291,5.618,1010.08
2025-11-02 13:00:00,0.111,-3.498,0.0,377.874,5.727,997.163
2025-11-02 14:00:00,0.672,-3.498,0.0,349.709,9.981,1002.66
2025-11-02 15:00:00,0.472,-3.498,0.0,320.122,5.844,997.918
2025-11-02 16:00:00,0.1,-3.498,0.0,307.848,6.337,1019.931
2025-11-02 17:00:00,0.865,-3.498,0.0,417.637,5.755,991.344
2025-11-02 18:00:00,0.18,-3.498,0.0,412.072,9.118,988.174
2025-11-02 19:00:00,1.004,-3.498,0.0,305.179,9.144,984.098
2025-11-02 20:00:00,0.939,-3.498,0.0,354.012,9.71,1014.716
2025-11-02 21:00:00,0.647,-3.498,0.0,365.15,4.918,1007.608
2025-11-02 22:00:00,2.715,-3.498,0.0,376.483,4.145,983.221
2025-11-02 23:00:00,0.627,-3.498,0.0,415.569,9.687,980.683
2025-11-03 00:00:00,3.456,-3.406,0.0,342.012,9.047,1016.892
2025-11-03 01:00:00,1.017,-3.406,129.41,391.541,8.118,984.553
2025-11-03 02:00:00,1.133,-3.406,250.0,407.041,6.993,1002.507
2025-11-03 03:00:00,1.644,-3.406,353.553,320.527,4.406,1014.117
2025-11-03 04:00:00,1.145,-3.406,433.013,406.656,5.594,982.298
2025-11-03 05:00:00,2.105,-3.406,482.963,402.349,9.043,1001.091
2025-11-03 06:00:00,1.306,-3.406,500.0,303.597,8.069,980.273
2025-11-03 07:00:00,0.453,-3.406,482.963,326.353,9.704,988.617
2025-11-03 08:00:00,1.028,-3.406,433.013,351.18,9.166,983.174
2025-11-03 09:00:00,2.613,-3.406,353.553,343.443,6.527,987.391
2025-11-03 10:00:00,0.331,-3.406,250.0,315.661,8.598,1013.359
2025-11-03 11:00:00,0.361,-3.406,129.41,323.929,4.359,1008.313
2025-11-03 12:00:00,0.393,-3.406,0.0,366.55,7.61,997.684
2025-11-03 13:00:00,0.582,-3.406,0.0,418.772,5.592,994.425
2025-11-03 14:00:00,1.793,-3.406,0.0,318.833,5.023,1008.861
2025-11-03 15:00:00,1.825,-3.406,0.0,357.067,8.882,992.422
2025-11-03 16:00:00,0.901,-3.406,0.0,408.625,5.144,1013.844
2025-11-03 17:00:00,1.281,-3.406,0.0,362.436,6.995,1011.833
2025-11-03 18:00:00,2.076,-3.406,0.0,414.206,8.718,988.174
2025-11-03 19:00:00,0.449,-3.406,0.0,374.794,6.635,1010.149
2025-11-03 20:00:00,0.727,-3.406,0.0,315.882,5.808,987.701
2025-11-03 21:00:00,1.496,-3.406,0.0,312.275,9.665,984.421
2025-11-03 22:00:00,2.072,-3.406,0.0,305.001,8.477,1005.165
2025-11-03 23:00:00,0.292,-3.406,0.0,312.255,6.781,1008.059
2025-11-04 00:00:00,0.71,-3.312,0.0,334.12,6.686,989.536
2025-11-04 01:00:00,0.768,-3.312,129.41,419.479,9.197,1007.562
2025-11-04 02:00:00,0.474,-3.312,250.0,314.669,8.164,1001.711
2025-11-04 03:00:00,0.727,-3.312,353.553,314.198,4.246,1013.794
2025-11-04 04:00:00,0.786,-3.312,433.013,404.347,8.963,1005.116
2025-11-04 05:00:00,0.331,-3.312,482.963,334.098,7.025,986.398
2025-11-04 06:00:00,1.118,-3.312,500.0,348.428,6.091,1011.647
2025-11-04 07:00:00,2.417,-3.312,482.963,307.118,8.577,985.421
2025-11-04 08:00:00,0.061,-3.312,433.013,371.44,7.929,1003.404
2025-11-04 09:00:00,4.299,-3.312,353.553,340.153,8.773,983.676
2025-11-04 10:00:00,1.515,-3.312,250.0,341.016,6.328,996.682
2025-11-04 11:00:00,0.544,-3.312,129.41,407.07,4.809,980.121
2025-11-04 12:00:00,1.412,-3.312,0.0,363.606,9.66,1013.556
2025-11-04 13:00:00,0.975,-3.312,0.0,322.28,6.644,1007.229
2025-11-04 14:00:00,1.408,-3.312,0.0,382.743,6.385,1013.434
2025-11-04 15:00:00,1.668,-3.312,0.0,306.753,8.376,982.164
2025-11-04 16:00:00,1.82,-3.312,0.0,340.855,6.665,1010.124
2025-11-04 17:00:00,3.404,-3.312,0.0,410.139,5.902,990.204
2025-11-04 18:00:00,0.724,-3.312,0.0,316.553,9.395,1002.736
2025-11-04 19:00:00,0.496,-3.312,0.0,391.515,6.885,1004.062
2025-11-04 20:00:00,1.15,-3.312,0.0,317.846,6.662,1018.654
2025-11-04 21:00:00,2.076,-3.312,0.0,319.239,5.436,1019.993
2025-11-04 22:00:00,0.513,-3.312,0.0,318.967,4.228,988.688
2025-11-04 23:00:00,0.4,-3.312,0.0,345.151,4.151,995.646
2025-11-05 00:00:00,0.957,-3.215,0.0,350.012,4.275,987.41
2025-11-05 01:00:00,0.2,-3.215,129.41,318.376,8.197,1014.568
2025-11-05 02:00:00,1.719,-3.215,250.0,351.006,4.974,1015.391
2025-11-05 03:00:00,0.497,-3.215,353.553,364.911,8.985,986.263
2025-11-05 04:00:00,0.522,-3.215,433.013,389.99,4.424,1004.798
2025-11-05 05:00:00,0.918,-3.215,482.963,357.584,6.05,984.078
2025-11-05 06:00:00,1.637,-3.215,500.0,333.942,6.812,984.175
2025-11-05 07:00:00,0.396,-3.215,482.963,324.67,8.243,1007.249
2025-11-05 08:00:00,0.942,-3.215,433.013,385.204,6.541,981.537
2025-11-05 09:00:00,0.878,-3.215,353.553,337.948,4.912,1003.171
2025-11-05 10:00:00,1.927,-3.215,250.0,369.972,6.285,1012.829
2025-11-05 11:00:00,0.178,-3.215,129.41,302.341,6.017,1001.366
2025-11-05 12:00:00,0.973,-3.215,0.0,418.382,5.14,1011.549
2025-11-05 13:00:00,0.953,-3.215,0.0,369.881,6.382,1008.4
2025-11-05 14:00:00,1.305,-3.215,0.0,399.958,6.542,993.2
2025-11-05 15:00:00,0.288,-3.215,0.0,406.096,4.733,1006.296
2025-11-05 16:00:00,5.514,-3.215,0.0,405.696,7.699,986.424
2025-11-05 17:00:00,0.518,-3.215,0.0,416.92,4.209,992.336
2025-11-05 18:00:00,0.575,-3.215,0.0,412.518,5.652,991.686
2025-11-05 19:00:00,5.204,-3.215,0.0,314.777,9.769,1007.78
2025-11-05 20:00:00,0.33,-3.215,0.0,417.573,4.107,1005.831
2025-11-05 21:00:00,0.106,-3.215,0.0,383.58,8.191,981.963
2025-11-05 22:00:00,0.949,-3.215,0.0,380.609,7.834,994.064
2025-11-05 23:00:00,5.511,-3.215,0.0,374.951,4.804,985.094
2025-11-06 00:00:00,0.77,-3.115,0.0,321.239,5.015,1006.904
2025-11-06 01:00:00,5.324,-3.115,129.41,319.237,9.743,1017.605
2025-11-06 02:00:00,0.033,-3.115,250.0,344.545,5.136,1009.012
2025-11-06 03:00:00,3.833,-3.115,353.553,360.311,9.223,1017.747
2025-11-06 04:00:00,0.92,-3.115,433.013,417.419,4.682,987.978
2025-11-06 05:00:00,1.116,-3.115,482.963,413.961,5.231,1017.216
2025-11-06 06:00:00,0.055,-3.115,500.0,378.413,6.405,1005.257
2025-11-06 07:00:00,4.95,-3.115,482.963,390.654,8.859,992.219
2025-11-06 08:00:00,3.762,-3.115,433.013,311.994,5.664,1000.463
2025-11-06 09:00:00,1.695,-3.115,353.553,342.396,9.001,1018.837
2025-11-06 10:00:00,0.729,-3.115,250.0,410.152,4.863,1004.751
2025-11-06 11:00:00,0.868,-3.115,129.41,344.017,4.556,997.132
2025-11-06 12:00:00,8.069,-3.115,0.0,336.776,5.739,995.294
2025-11-06 13:00:00,0.586,-3.115,0.0,359.805,5.609,985.412
2025-11-06 14:00:00,3.186,-3.115,0.0,345.74,6.086,1009.369
2025-11-06 15:00:00,3.676,-3.115,0.0,375.195,6.487,1019.844
2025-11-06 16:00:00,1.382,-3.115,0.0,396.651,6.576,1009.364
2025-11-06 17:00:00,1.023,-3.115,0.0,400.782,4.213,995.55
2025-11-06 18:00:00,0.897,-3.115,0.0,356.421,8.268,1010.51
2025-11-06 19:00:00,7.159,-3.115,0.0,359.846,7.427,1017.872
2025-11-06 20:00:00,1.449,-3.115,0.0,418.88,9.842,981.02
2025-11-06 21:00:00,0.719,-3.115,0.0,390.198,4.647,1002.681
2025-11-06 22:00:00,0.849,-3.115,0.0,327.902,9.41,993.498
2025-11-06 23:00:00,0.954,-3.115,0.0,336.156,7.724,1019.07
2025-11-07 00:00:00,0.641,-3.014,0.0,398.749,6.624,983.319
2025-11-07 01:00:00,0.556,-3.014,129.41,399.841,4.754,1010.925
2025-11-07 02:00:00,0.273,-3.014,250.0,370.576,4.012,1009.766
2025-11-07 03:00:00,2.492,-3.014,353.553,403.943,8.135,986.211
2025-11-07 04:00:00,1.282,-3.014,433.013,384.853,5.611,982.72
2025-11-07 05:00:00,0.627,-3.014,482.963,314.809,5.041,991.69
2025-11-07 06:00:00,0.331,-3.014,500.0,411.632,4.308,999.137
2025-11-07 07:00:00,0.745,-3.014,482.963,364.014,4.937,1009.53
2025-11-07 08:00:00,1.736,-3.014,433.013,347.775,8.929,998.882
2025-11-07 09:00:00,3.044,-3.014,353.553,410.778,4.195,983.261
2025-11-07 10:00:00,0.028,-3.014,250.0,322.741,7.341,1019.752
2025-11-07 11:00:00,2.049,-3.014,129.41,402.616,7.415,984.789
2025-11-07 12:00:00,0.627,-3.014,0.0,382.4,5.405,1012.214
2025-11-07 13:00:00,0.809,-3.014,0.0,361.368,8.115,982.308
2025-11-07 14:00:00,1.53,-3.014,0.0,369.652,5.146,1005.428
2025-11-07 15:00:00,1.112,-3.014,0.0,382.334,5.059,996.4
2025-11-07 16:00:00,0.908,-3.014,0.0,400.041,5.512,985.512
2025-11-07 17:00:00,1.524,-3.014,0.0,357.772,4.835,1016.45
2025-11-07 18:00:00,0.682,-3.014,0.0,363.062,9.439,994.637
2025-11-07 19:00:00,0.499,-3.014,0.0,307.833,4.829,990.576
2025-11-07 20:00:00,3.498,-3.014,0.0,326.482,7.054,1005.642
2025-11-07 21:00:00,0.64,-3.014,0.0,334.355,5.968,997.517
2025-11-07 22:00:00,0.761,-3.014,0.0,395.543,6.888,1017.602
2025-11-07 23:00:00,0.809,-3.014,0.0,309.33,8.771,1016.555
2025-11-08 00:00:00,0.108,-2.909,0.0,332.873,8.69,990.404
2025-11-08 01:00:00,0.319,-2.909,129.41,348.553,6.923,980.592
2025-11-08 02:00:00,5.355,-2.909,250.0,370.644,7.719,989.689
2025-11-08 03:00:00,2.002,-2.909,353.553,374.551,9.725,996.064
2025-11-08 04:00:00,1.222,-2.909,433.013,393.452,7.448,1016.489
2025-11-08 05:00:00,1.043,-2.909,482.963,377.322,9.04,1007.287
2025-11-08 06:00:00,1.071,-2.909,500.0,343.512,6.139,982.687
2025-11-08 07:00:00,3.081,-2.909,482.963,328.735,9.38,1007.067
2025-11-08 08:00:00,2.787,-2.909,433.013,360.829,7.837,980.054
2025-11-08 09:00:00,2.849,-2.909,353.553,323.754,4.428,1002.309
2025-11-08 10:00:00,1.201,-2.909,250.0,390.426,7.459,1017.911
2025-11-08 11:00:00,0.757,-2.909,129.41,323.128,9.72,1005.457
2025-11-08 12:00:00,1.01,-2.909,0.0,305.294,8.531,1017.325
2025-11-08 13:00:00,0.612,-2.909,0.0,366.596,5.429,1002.952
2025-11-08 14:00:00,1.562,-2.909,0.0,355.946,9.13,982.87
2025-11-08 15:00:00,3.506,-2.909,0.0,364.147,7.699,985.406
2025-11-08 16:00:00,1.737,-2.909,0.0,413.991,5.62,981.333
2025-11-08 17:00:00,1.178,-2.909,0.0,310.701,7.769,1013.407
2025-11-08 18:00:00,0.797,-2.909,0.0,364.843,7.979,983.852
2025-11-08 19:00:00,2.946,-2.909,0.0,406.111,7.52,1002.321
2025-11-08 20:00:00,0.072,-2.909,0.0,399.354,9.76,1012.061
2025-11-08 21:00:00,2.586,-2.909,0.0,399.469,5.387,1012.95
2025-11-08 22:00:00,5.162,-2.909,0.0,325.544,6.439,1003.668
2025-11-08 23:00:00,2.18,-2.909,0.0,384.901,5.386,982.682
2025-11-09 00:00:00,2.156,-2.803,0.0,305.656,8.114,981.682
2025-11-09 01:00:00,0.726,-2.803,129.41,405.428,7.01,1006.148
2025-11-09 02:00:00,0.761,-2.803,250.0,344.558,5.928,999.2
2025-11-09 03:00:00,2.941,-2.803,353.553,404.686,8.951,991.766
2025-11-09 04:00:00,1.844,-2.803,433.013,414.497,8.896,1010.119
2025-11-09 05:00:00,4.384,-2.803,482.963,396.04,9.006,991.567
2025-11-09 06:00:00,0.597,-2.803,500.0,343.751,8.585,1007.18
2025-11-09 07:00:00,1.009,-2.803,482.963,369.746,6.781,989.822
2025-11-09 08:00:00,0.563,-2.803,433.013,377.571,6.175,987.67
2025-11-09 09:00:00,0.644,-2.803,353.553,376.665,7.899,997.62
2025-11-09 10:00:00,0.356,-2.803,250.0,369.818,5.261,1004.298
2025-11-09 11:00:00,1.01,-2.803,129.41,325.057,7.557,982.212
2025-11-09 12:00:00,1.104,-2.803,0.0,355.755,7.396,1008.982
2025-11-09 13:00:00,1.174,-2.803,0.0,304.44,8.274,989.585
2025-11-09 14:00:00,4.85,-2.803,0.0,314.582,8.331,987.248
2025-11-09 15:00:00,2.182,-2.803,0.0,391.279,6.597,981.445
2025-11-09 16:00:00,1.684,-2.803,0.0,417.235,5.458,986.023
2025-11-09 17:00:00,2.696,-2.803,0.0,342.829,4.03,987.518
2025-11-09 18:00:00,2.324,-2.803,0.0,379.188,8.288,1014.101
2025-11-09 19:00:00,0.335,-2.803,0.0,406.269,8.479,1004.898
2025-11-09 20:00:00,0.504,-2.803,0.0,302.158,4.06,999.882
2025-11-09 21:00:00,0.094,-2.803,0.0,347.15,9.834,981.883
2025-11-09 22:00:00,0.373,-2.803,0.0,406.042,9.092,1009.533
2025-11-09 23:00:00,2.003,-2.803,0.0,332.941,5.019,1018.101
2025-11-10 00:00:00,2.342,-2.694,0.0,371.582,6.018,990.002
2025-11-10 01:00:00,0.773,-2.694,129.41,322.898,6.227,1017.946
2025-11-10 02:00:00,0.997,-2.694,250.0,334.8,6.141,989.068
2025-11-10 03:00:00,0.273,-2.694,353.553,405.682,8.018,1005.75
2025-11-10 04:00:00,0.681,-2.694,433.013,314.716,4.066,983.965
2025-11-10 05:00:00,0.436,-2.694,482.963,365.738,7.862,981.398
2025-11-10 06:00:00,1.267,-2.694,500.0,351.921,7.172,992.909
2025-11-10 07:00:00,1.408,-2.694,482.963,362.871,4.435,1003.836
2025-11-10 08:00:00,0.98,-2.694,433.013,330.809,8.582,1001.828
2025-11-10 09:00:00,0.247,-2.694,353.553,385.385,6.439,984.226
2025-11-10 10:00:00,1.322,-2.694,250.0,391.135,6.68,990.388
2025-11-10 11:00:00,0.982,-2.694,129.41,384.611,7.546,981.683
2025-11-10 12:00:00,1.585,-2.694,0.0,309.225,8.693,988.384
2025-11-10 13:00:00,0.767,-2.694,0.0,377.938,4.251,981.244
2025-11-10 14:00:00,0.984,-2.694,0.0,366.199,7.829,1002.447
2025-11-10 15:00:00,0.12,-2.694,0.0,414.384,5.747,1013.528
2025-11-10 16:00:00,0.424,-2.694,0.0,315.394,9.806,999.307
2025-11-10 17:00:00,0.402,-2.694,0.0,319.547,8.681,1009.378
2025-11-10 18:00:00,4.439,-2.694,0.0,419.087,6.338,984.602
2025-11-10 19:00:00,3.249,-2.694,0.0,389.139,4.722,987.164
2025-11-10 20:00:00,1.088,-2.694,0.0,353.664,7.865,984.905
2025-11-10 21:00:00,2.772,-2.694,0.0,377.557,7.529,1016.399
2025-11-10 22:00:00,2.022,-2.694,0.0,300.032,4.024,992.871
2025-11-10 23:00:00,2.182,-2.694,0.0,315.869,8.752,1006.578
2025-11-11 00:00:00,1.381,-2.583,0.0,382.669,8.407,993.872
2025-11-11 01:00:00,4.421,-2.583,129.41,308.625,5.601,985.974
2025-11-11 02:00:00,0.312,-2.583,250.0,378.449,6.448,1018.89
2025-11-11 03:00:00,0.806,-2.583,353.553,302.641,5.343,1012.986
2025-11-11 04:00:00,2.779,-2.583,433.013,371.406,4.366,984.917
2025-11-11 05:00:00,2.75,-2.583,482.963,374.394,4.256,1009.894
2025-11-11 06:00:00,0.425,-2.583,500.0,348.959,8.008,1015.915
2025-11-11 07:00:00,2.693,-2.583,482.963,380.424,7.855,1011.439
2025-11-11 08:00:00,1.763,-2.583,433.013,330.722,8.799,1014.51
2025-11-11 09:00:00,0.329,-2.583,353.553,407.428,5.184,990.941
2025-11-11 10:00:00,2.012,-2.583,250.0,338.276,8.868,1006.358
2025-11-11 11:00:00,1.972,-2.583,129.41,389.182,4.703,1018.298
2025-11-11 12:00:00,2.323,-2.583,0.0,337.874,7.692,988.331
2025-11-11 13:00:00,1.076,-2.583,0.0,392.31,4.931,1015.822
2025-11-11 14:00:00,0.326,-2.583,0.0,369.37,8.356,1015.724
2025-11-11 15:00:00,2.517,-2.583,0.0,395.954,5.042,995.475
2025-11-11 16:00:00,1.998,-2.583,0.0,385.46,9.131,990.293
2025-11-11 17:00:00,1.236,-2.583,0.0,310.141,6.166,990.626
2025-11-11 18:00:00,0.557,-2.583,0.0,390.939,8.366,1012.925
2025-11-11 19:00:00,4.055,-2.583,0.0,416.792,9.193,1008.694
2025-11-11 20:00:00,0.148,-2.583,0.0,343.236,4.067,996.741
2025-11-11 21:00:00,0.991,-2.583,0.0,357.445,9.592,989.026
2025-11-11 22:00:00,2.371,-2.583,0.0,419.74,4.551,996.493
2025-11-11 23:00:00,0.2,-2.583,0.0,409.812,9.345,987.077
2025-11-12 00:00:00,1.203,-2.47,0.0,333.402,4.096,1009.156
2025-11-12 01:00:00,2.804,-2.47,129.41,355.651,9.635,1009.669
2025-11-12 02:00:00,1.077,-2.47,250.0,355.822,6.485,995.064
2025-11-12 03:00:00,0.323,-2.47,353.553,377.838,5.997,1009.278
2025-11-12 04:00:00,1.909,-2.47,433.013,326.484,9.986,995.942
2025-11-12 05:00:00,4.256,-2.47,482.963,337.967,5.703,990.578
2025-11-12 06:00:00,5.647,-2.47,500.0,410.42,8.419,1007.17
2025-11-12 07:00:00,0.338,-2.47,482.963,411.221,5.982,989.188
2025-11-12 08:00:00,1.603,-2.47,433.013,314.583,9.441,1014.938
2025-11-12 09:00:00,8.712,-2.47,353.553,402.139,6.863,1008.004
2025-11-12 10:00:00,0.312,-2.47,250.0,343.887,5.269,981.284
2025-11-12 11:00:00,2.088,-2.47,129.41,316.129,6.518,983.303
2025-11-12 12:00:00,0.837,-2.47,0.0,319.995,8.45,999.772
2025-11-12 13:00:00,0.052,-2.47,0.0,336.754,6.468,993.026
2025-11-12 14:00:00,3.169,-2.47,0.0,329.337,4.942,982.774
2025-11-12 15:00:00,1.765,-2.47,0.0,337.9,5.882,994.94
2025-11-12 16:00:00,0.843,-2.47,0.0,321.058,5.485,1000.168
2025-11-12 17:00:00,3.167,-2.47,0.0,348.104,4.335,1000.952
2025-11-12 18:00:00,2.238,-2.47,0.0,374.727,8.045,989.671
2025-11-12 19:00:00,1.237,-2.47,0.0,310.765,6.992,1016.049
2025-11-12 20:00:00,1.079,-2.47,0.0,403.331,6.713,995.765
2025-11-12 21:00:00,3.939,-2.47,0.0,339.341,5.81,1006.178
2025-11-12 22:00:00,1.283,-2.47,0.0,308.035,8.093,984.339
2025-11-12 23:00:00,3.442,-2.47,0.0,415.313,9.327,983.227
2025-11-13 00:00:00,1.571,-2.354,0.0,316.894,8.27,994.389
2025-11-13 01:00:00,1.012,-2.354,129.41,366.148,4.301,1005.094
2025-11-13 02:00:00,0.763,-2.354,250.0,399.352,7.452,991.455
2025-11-13 03:00:00,1.46,-2.354,353.553,392.566,4.299,989.727
2025-11-13 04:00:00,0.337,-2.354,433.013,366.813,8.478,1018.063
2025-11-13 05:00:00,0.089,-2.354,482.963,324.083,8.169,993.131
2025-11-13 06:00:00,0.958,-2.354,500.0,413.047,6.213,1010.81
2025-11-13 07:00:00,0.888,-2.354,482.963,363.305,5.859,1008.224
2025-11-13 08:00:00,1.258,-2.354,433.013,337.909,9.484,1006.683
2025-11-13 09:00:00,3.193,-2.354,353.553,349.151,8.89,981.143
2025-11-13 10:00:00,3.605,-2.354,250.0,378.68,4.509,989.485
2025-11-13 11:00:00,0.458,-2.354,129.41,398.264,9.05,992.375
2025-11-13 12:00:00,1.558,-2.354,0.0,405.233,8.998,996.877
2025-11-13 13:00:00,1.307,-2.354,0.0,339.282,9.041,1012.9
2025-11-13 14:00:00,0.44,-2.354,0.0,380.165,9.939,981.548
2025-11-13 15:00:00,0.331,-2.354,0.0,378.09,4.409,1013.397
2025-11-13 16:00:00,2.343,-2.354,0.0,350.531,4.64,1013.131
2025-11-13 17:00:00,0.886,-2.354,0.0,388.399,4.53,1006.726
2025-11-13 18:00:00,1.994,-2.354,0.0,310.955,9.912,1001.189
2025-11-13 19:00:00,3.455,-2.354,0.0,383.233,4.813,994.341
2025-11-13 20:00:00,0.538,-2.354,0.0,392.446,6.129,988.567
2025-11-13 21:00:00,0.433,-2.354,0.0,369.126,6.75,1015.761
2025-11-13 22:00:00,3.446,-2.354,0.0,327.567,5.952,1003.783
2025-11-13 23:00:00,0.061,-2.354,0.0,390.059,4.15,1003.514
2025-11-14 00:00:00,1.918,-2.236,0.0,401.576,4.313,1006.551
2025-11-14 01:00:00,0.692,-2.236,129.41,381.453,9.677,1002.756
2025-11-14 02:00:00,0.174,-2.236,250.0,384.194,4.41,991.48
2025-11-14 03:00:00,1.046,-2.236,353.553,408.997,4.43,997.099
2025-11-14 04:00:00,0.302,-2.236,433.013,335.029,4.618,999.243
2025-11-14 05:00:00,1.255,-2.236,482.963,367.032,9.128,986.998
2025-11-14 06:00:00,1.036,-2.236,500.0,411.43,9.029,1017.594
2025-11-14 07:00:00,1.525,-2.236,482.963,377.67,5.689,995.153
2025-11-14 08:00:00,0.744,-2.236,433.013,336.154,6.878,996.161
2025-11-14 09:00:00,1.536,-2.236,353.553,331.311,9.907,987.284
2025-11-14 10:00:00,1.581,-2.236,250.0,380.314,8.376,1016.842
2025-11-14 11:00:00,2.42,-2.236,129.41,367.042,6.23,992.307
2025-11-14 12:00:00,4.652,-2.236,0.0,361.796,4.766,1018.534
2025-11-14 13:00:00,0.611,-2.236,0.0,344.81,9.104,1015.022
2025-11-14 14:00:00,2.742,-2.236,0.0,336.683,6.922,983.715
2025-11-14 15:00:00,0.352,-2.236,0.0,309.775,9.03,983.869
2025-11-14 16:00:00,0.12,-2.236,0.0,305.546,8.086,1015.08
2025-11-14 17:00:00,1.102,-2.236,0.0,380.496,7.655,1010.58
2025-11-14 18:00:00,4.406,-2.236,0.0,378.362,7.845,1012.285
2025-11-14 19:00:00,2.587,-2.236,0.0,305.791,8.299,992.42
2025-11-14 20:00:00,0.733,-2.236,0.0,419.475,5.819,1005.361
2025-11-14 21:00:00,2.914,-2.236,0.0,350.791,6.823,1003.722
2025-11-14 22:00:00,1.303,-2.236,0.0,321.987,9.416,990.241
2025-11-14 23:00:00,3.706,-2.236,0.0,326.813,5.386,1017.986
2025-11-15 00:00:00,0.863,-2.117,0.0,304.469,5.095,995.691
2025-11-15 01:00:00,2.153,-2.117,129.41,307.087,4.762,998.118
2025-11-15 02:00:00,0.701,-2.117,250.0,401.218,9.549,1000.754
2025-11-15 03:00:00,0.38,-2.117,353.553,353.508,7.175,982.067
2025-11-15 04:00:00,1.086,-2.117,433.013,404.034,4.237,986.678
2025-11-15 05:00:00,0.227,-2.117,482.963,381.778,7.737,989.068
2025-11-15 06:00:00,1.363,-2.117,500.0,381.652,4.946,1014.721
2025-11-15 07:00:00,0.488,-2.117,482.963,419.408,5.946,1002.431
2025-11-15 08:00:00,0.176,-2.117,433.013,364.069,7.574,993.438
2025-11-15 09:00:00,0.155,-2.117,353.553,375.711,7.737,1010.983
2025-11-15 10:00:00,9.536,-2.117,250.0,402.107,9.51,994.881
2025-11-15 11:00:00,1.727,-2.117,129.41,372.277,8.273,983.747
2025-11-15 12:00:00,0.205,-2.117,0.0,311.149,5.487,987.488
2025-11-15 13:00:00,1.557,-2.117,0.0,406.408,9.532,987.16
2025-11-15 14:00:00,3.004,-2.117,0.0,386.08,9.615,990.229
2025-11-15 15:00:00,0.213,-2.117,0.0,376.615,5.319,980.803
2025-11-15 16:00:00,0.818,-2.117,0.0,389.915,6.483,1015.404
2025-11-15 17:00:00,2.679,-2.117,0.0,375.957,6.377,1000.911
2025-11-15 18:00:00,0.967,-2.117,0.0,365.972,7.918,986.316
2025-11-15 19:00:00,0.927,-2.117,0.0,322.878,4.144,1013.121
2025-11-15 20:00:00,1.785,-2.117,0.0,320.634,7.607,985.079
2025-11-15 21:00:00,0.778,-2.117,0.0,344.821,8.008,995.699
2025-11-15 22:00:00,0.66,-2.117,0.0,353.084,7.214,980.569
2025-11-15 23:00:00,3.006,-2.117,0.0,369.153,6.954,981.072
2025-11-16 00:00:00,1.853,-1.995,0.0,346.203,6.009,1001.943
2025-11-16 01:00:00,0.925,-1.995,129.41,410.995,8.735,1011.491
2025-11-16 02:00:00,1.468,-1.995,250.0,331.447,4.191,987.254
2025-11-16 03:00:00,2.89,-1.995,353.553,353.566,5.87,1019.951
2025-11-16 04:00:00,0.363,-1.995,433.013,404.523,9.198,991.949
2025-11-16 05:00:00,2.164,-1.995,482.963,368.42,5.507,1012.869
2025-11-16 06:00:00,0.456,-1.995,500.0,412.737,7.009,998.575
2025-11-16 07:00:00,2.016,-1.995,482.963,413.633,4.507,988.596
2025-11-16 08:00:00,0.771,-1.995,433.013,349.201,8.645,1011.481
2025-11-16 09:00:00,0.746,-1.995,353.553,300.234,6.508,983.687
2025-11-16 10:00:00,0.375,-1.995,250.0,315.731,4.795,997.527
2025-11-16 11:00:00,1.675,-1.995,129.41,359.002,9.787,998.475
2025-11-16 12:00:00,3.236,-1.995,0.0,325.195,9.348,987.815
2025-11-16 13:00:00,0.782,-1.995,0.0,384.858,5.356,980.812
2025-11-16 14:00:00,2.164,-1.995,0.0,335.003,9.304,988.423
2025-11-16 15:00:00,1.106,-1.995,0.0,390.37,8.285,1019.062
2025-11-16 16:00:00,0.499,-1.995,0.0,323.303,6.201,982.898
2025-11-16 17:00:00,0.703,-1.995,0.0,396.788,8.286,990.423
2025-11-16 18:00:00,3.086,-1.995,0.0,366.132,8.464,993.848
2025-11-16 19:00:00,0.343,-1.995,0.0,323.958,6.855,1004.855
2025-11-16 20:00:00,1.817,-1.995,0.0,317.786,7.603,998.696
2025-11-16 21:00:00,1.925,-1.995,0.0,371.622,4.128,1011.927
2025-11-16 22:00:00,2.916,-1.995,0.0,406.634,7.439,992.428
2025-11-16 23:00:00,0.783,-1.995,0.0,311.105,7.333,982.111
2025-11-17 00:00:00,2.836,-1.871,0.0,318.867,5.104,984.766
2025-11-17 01:00:00,0.298,-1.871,129.41,335.735,8.65,984.269
2025-11-17 02:00:00,0.35,-1.871,250.0,417.323,6.965,1016.637
2025-11-17 03:00:00,0.895,-1.871,353.553,369.26,8.651,1017.15
2025-11-17 04:00:00,1.976,-1.871,433.013,307.849,4.232,1007.454
2025-11-17 05:00:00,0.3,-1.871,482.963,338.714,7.801,996.869
2025-11-17 06:00:00,0.471,-1.871,500.0,411.13,6.819,1018.773
2025-11-17 07:00:00,0.919,-1.871,482.963,409.698,6.089,1019.897
2025-11-17 08:00:00,1.043,-1.871,433.013,301.267,7.553,982.92
2025-11-17 09:00:00,1.287,-1.871,353.553,365.534,5.052,986.206
2025-11-17 10:00:00,0.68,-1.871,250.0,382.582,4.145,995.772
2025-11-17 11:00:00,4.316,-1.871,129.41,356.765,6.927,990.553
2025-11-17 12:00:00,0.574,-1.871,0.0,412.483,5.52,1008.547
2025-11-17 13:00:00,0.618,-1.871,0.0,406.999,8.093,993.91
2025-11-17 14:00:00,1.633,-1.871,0.0,358.108,8.247,1003.297
2025-11-17 15:00:00,3.026,-1.871,0.0,386.214,4.666,983.745
2025-11-17 16:00:00,1.48,-1.871,0.0,365.211,9.038,1012.523
2025-11-17 17:00:00,1.778,-1.871,0.0,404.332,8.078,988.946
2025-11-17 18:00:00,2.033,-1.871,0.0,385.24,8.531,1018.558
2025-11-17 19:00:00,1.585,-1.871,0.0,378.361,4.67,1013.966
2025-11-17 20:00:00,1.891,-1.871,0.0,369.987,8.851,980.756
2025-11-17 21:00:00,2.523,-1.871,0.0,382.674,5.477,1009.336
2025-11-17 22:00:00,0.288,-1.871,0.0,404.912,4.408,992.393
2025-11-17 23:00:00,4.705,-1.871,0.0,384.665,8.859,1015.399
2025-11-18 00:00:00,0.652,-1.744,0.0,341.402,7.644,999.179
2025-11-18 01:00:00,2.084,-1.744,129.41,348.622,8.199,1006.341
2025-11-18 02:00:00,0.257,-1.744,250.0,417.146,8.919,998.495
2025-11-18 03:00:00,0.962,-1.744,353.553,322.022,6.098,1003.811
2025-11-18 04:00:00,1.486,-1.744,433.013,415.503,9.394,985.921
2025-11-18 05:00:00,1.024,-1.744,482.963,300.741,6.214,983.661
2025-11-18 06:00:00,2.481,-1.744,500.0,324.833,7.233,996.581
2025-11-18 07:00:00,1.3,-1.744,482.963,309.233,9.372,986.505
2025-11-18 08:00:00,2.763,-1.744,433.013,408.021,4.537,1005.061
2025-11-18 09:00:00,1.248,-1.744,353.553,406.613,6.313,1010.824
2025-11-18 10:00:00,1.116,-1.744,250.0,323.483,8.665,994.639
2025-11-18 11:00:00,1.96,-1.744,129.41,415.737,4.923,996.73
2025-11-18 12:00:00,1.557,-1.744,0.0,400.993,7.713,986.667
2025-11-18 13:00:00,2.287,-1.744,0.0,350.326,8.938,1009.09
2025-11-18 14:00:00,3.428,-1.744,0.0,392.023,8.671,980.385
2025-11-18 15:00:00,1.804,-1.744,0.0,308.805,5.362,987.902
2025-11-18 16:00:00,1.35,-1.744,0.0,397.058,8.807,981.944
2025-11-18 17:00:00,0.128,-1.744,0.0,413.791,5.624,993.28
2025-11-18 18:00:00,1.022,-1.744,0.0,365.454,9.474,989.641
2025-11-18 19:00:00,0.399,-1.744,0.0,397.331,5.108,1011.818
2025-11-18 20:00:00,0.757,-1.744,0.0,344.083,9.563,982.67
2025-11-18 21:00:00,0.518,-1.744,0.0,373.366,6.881,1014.741
2025-11-18 22:00:00,2.453,-1.744,0.0,348.816,8.945,1009.436
2025-11-18 23:00:00,0.68,-1.744,0.0,346.168,5.043,982.049
2025-11-19 00:00:00,1.732,-1.616,0.0,331.335,7.837,989.475
2025-11-19 01:00:00,2.073,-1.616,129.41,310.476,5.612,1015.946
2025-11-19 02:00:00,4.715,-1.616,250.0,383.13,7.72,999.576
2025-11-19 03:00:00,4.196,-1.616,353.553,387.518,6.797,1001.69
2025-11-19 04:00:00,0.959,-1.616,433.013,354.649,9.299,982.022
2025-11-19 05:00:00,0.234,-1.616,482.963,305.42,6.412,1018.304
2025-11-19 06:00:00,0.717,-1.616,500.0,341.755,8.342,984.341
2025-11-19 07:00:00,0.24,-1.616,482.963,385.118,8.806,1014.062
2025-11-19 08:00:00,0.382,-1.616,433.013,358.634,5.552,1010.273
2025-11-19 09:00:00,1.615,-1.616,353.553,320.648,6.708,981.839
2025-11-19 10:00:00,2.769,-1.616,250.0,382.412,4.609,1011.032
2025-11-19 11:00:00,0.429,-1.616,129.41,352.662,5.534,1004.728
2025-11-19 12:00:00,0.408,-1.616,0.0,415.184,7.774,998.735
2025-11-19 13:00:00,1.066,-1.616,0.0,369.82,9.299,1012.679
2025-11-19 14:00:00,0.462,-1.616,0.0,407.415,7.51,1002.891
2025-11-19 15:00:00,1.922,-1.616,0.0,397.486,5.249,999.233
2025-11-19 16:00:00,1.24,-1.616,0.0,401.502,9.662,992.538
2025-11-19 17:00:00,0.671,-1.616,0.0,400.25,5.241,1011.86
2025-11-19 18:00:00,2.468,-1.616,0.0,363.543,9.008,997.547
2025-11-19 19:00:00,2.111,-1.616,0.0,357.745,8.112,1011.57
2025-11-19 20:00:00,0.234,-1.616,0.0,413.467,7.405,1008.13
2025-11-19 21:00:00,0.488,-1.616,0.0,387.166,9.563,983.921
2025-11-19 22:00:00,2.068,-1.616,0.0,355.279,4.14,996.393
2025-11-19 23:00:00,1.432,-1.616,0.0,339.22,5.684,986.758
2025-11-20 00:00:00,0.57,-1.486,0.0,388.312,8.063,1017.986
2025-11-20 01:00:00,1.263,-1.486,129.41,343.038,8.889,1012.421
2025-11-20 02:00:00,1.206,-1.486,250.0,373.672,9.135,1001.865
2025-11-20 03:00:00,0.979,-1.486,353.553,406.977,7.539,1011.579
2025-11-20 04:00:00,1.745,-1.486,433.013,346.106,9.253,1018.78
2025-11-20 05:00:00,1.54,-1.486,482.963,335.437,6.797,989.007
2025-11-20 06:00:00,0.444,-1.486,500.0,409.986,8.938,1019.919
2025-11-20 07:00:00,2.632,-1.486,482.963,406.693,7.355,987.866
2025-11-20 08:00:00,0.663,-1.486,433.013,368.029,4.967,989.208
2025-11-20 09:00:00,2.672,-1.486,353.553,343.981,9.419,999.453
2025-11-20 10:00:00,1.418,-1.486,250.0,376.58,9.507,997.308
2025-11-20 11:00:00,0.317,-1.486,129.41,359.827,4.28,981.255
2025-11-20 12:00:00,0.566,-1.486,0.0,320.624,5.924,992.109
2025-11-20 13:00:00,1.348,-1.486,0.0,389.382,6.351,985.26
2025-11-20 14:00:00,5.813,-1.486,0.0,382.594,4.881,1011.117
2025-11-20 15:00:00,0.629,-1.486,0.0,342.935,8.234,1006.392
2025-11-20 16:00:00,0.095,-1.486,0.0,346.372,5.632,1012.418
2025-11-20 17:00:00,1.083,-1.486,0.0,382.178,5.386,981.662
2025-11-20 18:00:00,0.67,-1.486,0.0,343.51,5.414,980.33
2025-11-20 19:00:00,1.708,-1.486,0.0,378.102,7.329,1014.736
2025-11-20 20:00:00,1.618,-1.486,0.0,416.914,7.991,1008.177
2025-11-20 21:00:00,0.918,-1.486,0.0,386.153,5.996,1000.392
2025-11-20 22:00:00,1.27,-1.486,0.0,359.121,9.729,992.703
2025-11-20 23:00:00,5.377,-1.486,0.0,379.665,4.515,981.952
2025-11-21 00:00:00,1.735,-1.354,0.0,322.775,4.649,997.461
2025-11-21 01:00:00,1.235,-1.354,129.41,387.733,7.676,1008.716
2025-11-21 02:00:00,0.693,-1.354,250.0,340.24,8.071,1015.522
2025-11-21 03:00:00,3.931,-1.354,353.553,401.919,9.186,1018.983
2025-11-21 04:00:00,3.857,-1.354,433.013,389.637,8.083,1014.686
2025-11-21 05:00:00,1.568,-1.354,482.963,303.211,8.847,985.917
2025-11-21 06:00:00,1.723,-1.354,500.0,339.323,8.626,1019.22
2025-11-21 07:00:00,0.884,-1.354,482.963,409.298,9.49,999.011
2025-11-21 08:00:00,0.058,-1.354,433.013,399.136,7.868,996.991
2025-11-21 09:00:00,1.242,-1.354,353.553,384.307,7.779,993.942
2025-11-21 10:00:00,7.712,-1.354,250.0,361.221,6.241,998.341
2025-11-21 11:00:00,1.414,-1.354,129.41,390.805,9.29,1018.866
2025-11-21 12:00:00,0.979,-1.354,0.0,342.878,5.981,983.489
2025-11-21 13:00:00,0.562,-1.354,0.0,402.985,4.72,982.899
2025-11-21 14:00:00,0.109,-1.354,0.0,338.744,4.874,984.452
2025-11-21 15:00:00,0.576,-1.354,0.0,370.652,9.792,980.522
2025-11-21 16:00:00,0.592,-1.354,0.0,347.028,5.898,982.603
2025-11-21 17:00:00,2.72,-1.354,0.0,389.314,5.713,980.922
2025-11-21 18:00:00,1.786,-1.354,0.0,344.272,6.833,991.67
2025-11-21 19:00:00,3.757,-1.354,0.0,401.082,8.073,1013.053
2025-11-21 20:00:00,0.088,-1.354,0.0,326.99,9.975,983.367
2025-11-21 21:00:00,0.176,-1.354,0.0,355.103,9.698,1006.083
2025-11-21 22:00:00,1.427,-1.354,0.0,413.838,5.089,1015.869
2025-11-21 23:00:00,0.697,-1.354,0.0,336.22,9.619,984.322
2025-11-22 00:00:00,1.432,-1.22,0.0,341.554,6.501,1019.179
2025-11-22 01:00:00,0.521,-1.22,129.41,360.014,5.617,990.298
2025-11-22 02:00:00,3.68,-1.22,250.0,406.163,6.338,980.047
2025-11-22 03:00:00,1.716,-1.22,353.553,409.581,7.749,1005.988
2025-11-22 04:00:00,1.139,-1.22,433.013,347.507,4.295,986.737
2025-11-22 05:00:00,0.344,-1.22,482.963,306.01,7.672,981.742
2025-11-22 06:00:00,1.492,-1.22,500.0,416.692,5.351,993.572
2025-11-22 07:00:00,0.751,-1.22,482.963,316.833,5.564,984.649
2025-11-22 08:00:00,3.094,-1.22,433.013,378.951,9.931,985.184
2025-11-22 09:00:00,1.224,-1.22,353.553,353.384,5.462,1014.451
2025-11-22 10:00:00,3.442,-1.22,250.0,379.764,5.998,1011.728
2025-11-22 11:00:00,0.269,-1.22,129.41,410.301,4.93,1013.214
2025-11-22 12:00:00,0.763,-1.22,0.0,316.297,5.332,1018.143
2025-11-22 13:00:00,0.367,-1.22,0.0,385.429,6.946,992.182
2025-11-22 14:00:00,0.352,-1.22,0.0,344.504,4.415,1002.86
2025-11-22 15:00:00,1.244,-1.22,0.0,406.321,7.961,990.701
2025-11-22 16:00:00,3.469,-1.22,0.0,334.533,8.873,1017.423
2025-11-22 17:00:00,0.409,-1.22,0.0,362.561,9.476,986.15
2025-11-22 18:00:00,0.134,-1.22,0.0,419.113,9.322,995.905
2025-11-22 19:00:00,1.073,-1.22,0.0,317.962,9.775,994.739
2025-11-22 20:00:00,0.996,-1.22,0.0,387.306,9.318,1009.038
2025-11-22 21:00:00,1.597,-1.22,0.0,323.256,9.249,982.05
2025-11-22 22:00:00,1.108,-1.22,0.0,392.58,9.451,1001.669
2025-11-22 23:00:00,2.54,-1.22,0.0,330.803,8.851,1014.737
2025-11-23 00:00:00,1.953,-1.085,0.0,386.126,9.897,1006.227
2025-11-23 01:00:00,0.582,-1.085,129.41,370.638,5.94,987.685
2025-11-23 02:00:00,1.474,-1.085,250.0,395.171,4.629,1001.584
2025-11-23 03:00:00,0.347,-1.085,353.553,303.035,8.299,1012.452
2025-11-23 04:00:00,1.448,-1.085,433.013,376.433,5.819,1014.07
2025-11-23 05:00:00,0.213,-1.085,482.963,323.601,9.629,1006.056
2025-11-23 06:00:00,1.668,-1.085,500.0,317.971,5.425,1004.986
2025-11-23 07:00:00,0.442,-1.085,482.963,413.785,7.936,988.091
2025-11-23 08:00:00,0.694,-1.085,433.013,358.907,7.135,1012.329
2025-11-23 09:00:00,0.086,-1.085,353.553,339.451,7.42,1016.017
2025-11-23 10:00:00,0.568,-1.085,250.0,401.218,7.681,1012.742
2025-11-23 11:00:00,1.227,-1.085,129.41,316.344,8.74,1002.894
2025-11-23 12:00:00,0.361,-1.085,0.0,408.282,4.819,987.743
2025-11-23 13:00:00,0.261,-1.085,0.0,343.712,6.155,996.664
2025-11-23 14:00:00,1.767,-1.085,0.0,313.283,8.764,980.493
2025-11-23 15:00:00,0.358,-1.085,0.0,310.14,7.656,1014.839
2025-11-23 16:00:00,1.638,-1.085,0.0,358.616,9.581,988.767
2025-11-23 17:00:00,1.382,-1.085,0.0,416.332,8.867,986.678
2025-11-23 18:00:00,0.281,-1.085,0.0,306.462,6.362,1002.773
2025-11-23 19:00:00,0.844,-1.085,0.0,367.248,4.086,1000.037
2025-11-23 20:00:00,1.808,-1.085,0.0,406.219,7.494,1008.445
2025-11-23 21:00:00,1.251,-1.085,0.0,401.569,5.198,995.33
2025-11-23 22:00:00,0.349,-1.085,0.0,345.826,9.017,1018.673
2025-11-23 23:00:00,0.828,-1.085,0.0,350.457,8.797,991.695
2025-11-24 00:00:00,0.317,-0.947,0.0,373.294,6.148,989.967
2025-11-24 01:00:00,0.846,-0.947,129.41,353.516,9.802,989.215
2025-11-24 02:00:00,0.131,-0.947,250.0,356.716,4.071,1015.746
2025-11-24 03:00:00,0.445,-0.947,353.553,394.025,9.068,1003.228
2025-11-24 04:00:00,2.586,-0.947,433.013,397.033,8.264,999.213
2025-11-24 05:00:00,3.227,-0.947,482.963,328.76,4.228,1006.883
2025-11-24 06:00:00,0.183,-0.947,500.0,302.836,7.991,987.595
2025-11-24 07:00:00,0.845,-0.947,482.963,305.607,9.262,1000.438
2025-11-24 08:00:00,1.985,-0.947,433.013,354.398,9.781,983.551
2025-11-24 09:00:00,1.457,-0.947,353.553,364.302,8.127,1002.594
2025-11-24 10:00:00,3.606,-0.947,250.0,353.05,6.271,991.157
2025-11-24 11:00:00,2.921,-0.947,129.41,408.506,7.08,1002.934
2025-11-24 12:00:00,1.097,-0.947,0.0,343.753,5.229,1011.072
2025-11-24 13:00:00,3.887,-0.947,0.0,404.99,9.25,999.33
2025-11-24 14:00:00,0.727,-0.947,0.0,310.366,6.688,1008.755
2025-11-24 15:00:00,0.86,-0.947,0.0,398.973,9.273,980.364
2025-11-24 16:00:00,1.723,-0.947,0.0,347.087,8.991,1006.418
2025-11-24 17:00:00,1.619,-0.947,0.0,309.573,7.983,993.905
2025-11-24 18:00:00,1.239,-0.947,0.0,329.564,8.603,980.043
2025-11-24 19:00:00,1.6,-0.947,0.0,315.2,6.726,1013.427
2025-11-24 20:00:00,2.597,-0.947,0.0,352.515,9.995,995.951
2025-11-24 21:00:00,0.939,-0.947,0.0,387.085,9.467,1016.31
2025-11-24 22:00:00,0.804,-0.947,0.0,300.144,5.078,1019.754
2025-11-24 23:00:00,2.447,-0.947,0.0,379.274,6.301,1002.08
2025-11-25 00:00:00,0.77,-0.808,0.0,316.419,8.229,996.595
2025-11-25 01:00:00,0.831,-0.808,129.41,393.39,4.957,981.841
2025-11-25 02:00:00,0.762,-0.808,250.0,307.096,5.396,1002.736
2025-11-25 03:00:00,0.556,-0.808,353.553,354.623,7.972,996.859
2025-11-25 04:00:00,0.444,-0.808,433.013,400.461,8.189,990.61
2025-11-25 05:00:00,0.456,-0.808,482.963,374.734,5.035,1012.768
2025-11-25 06:00:00,0.745,-0.808,500.0,319.928,8.538,1012.68
2025-11-25 07:00:00,0.081,-0.808,482.963,341.157,8.414,1011.518
2025-11-25 08:00:00,1.85,-0.808,433.013,409.728,5.851,1012.445
2025-11-25 09:00:00,2.94,-0.808,353.553,330.046,5.061,997.54
2025-11-25 10:00:00,3.539,-0.808,250.0,357.874,9.606,1007.47
2025-11-25 11:00:00,0.467,-0.808,129.41,382.956,4.455,1005.541
2025-11-25 12:00:00,0.76,-0.808,0.0,313.233,8.724,986.379
2025-11-25 13:00:00,1.92,-0.808,0.0,382.491,4.55,1013.229
2025-11-25 14:00:00,1.271,-0.808,0.0,330.459,6.022,996.959
2025-11-25 15:00:00,1.05,-0.808,0.0,325.043,5.177,984.766
2025-11-25 16:00:00,1.084,-0.808,0.0,382.529,7.84,1017.866
2025-11-25 17:00:00,1.435,-0.808,0.0,398.207,6.021,1013.235
2025-11-25 18:00:00,1.299,-0.808,0.0,321.46,5.057,1006.446
2025-11-25 19:00:00,1.347,-0.808,0.0,394.764,8.786,987.981
2025-11-25 20:00:00,3.901,-0.808,0.0,373.723,4.268,1005.681
2025-11-25 21:00:00,3.193,-0.808,0.0,383.056,6.684,1018.107
2025-11-25 22:00:00,0.252,-0.808,0.0,313.438,9.176,999.377
2025-11-25 23:00:00,1.709,-0.808,0.0,379.248,6.883,994.563
2025-11-26 00:00:00,3.547,-0.667,0.0,359.083,7.243,1013.053
2025-11-26 01:00:00,1.043,-0.667,129.41,340.744,5.639,1007.271
2025-11-26 02:00:00,1.172,-0.667,250.0,382.082,9.235,989.463
2025-11-26 03:00:00,0.918,-0.667,353.553,357.067,4.248,984.196
2025-11-26 04:00:00,0.62,-0.667,433.013,338.561,4.235,1017.584
2025-11-26 05:00:00,0.805,-0.667,482.963,356.411,7.137,1011.791
2025-11-26 06:00:00,1.057,-0.667,500.0,311.57,4.725,999.641
2025-11-26 07:00:00,0.401,-0.667,482.963,360.285,4.929,1002.725
2025-11-26 08:00:00,1.911,-0.667,433.013,311.534,6.721,986.248
2025-11-26 09:00:00,2.352,-0.667,353.553,361.168,8.085,994.482
2025-11-26 10:00:00,1.978,-0.667,250.0,401.112,4.347,1002.178
2025-11-26 11:00:00,5.837,-0.667,129.41,314.905,7.665,997.394
2025-11-26 12:00:00,1.7,-0.667,0.0,378.963,8.73,994.081
2025-11-26 13:00:00,4.17,-0.667,0.0,385.492,6.376,983.205
2025-11-26 14:00:00,1.123,-0.667,0.0,379.909,4.953,1005.898
2025-11-26 15:00:00,0.541,-0.667,0.0,313.277,8.285,982.277
2025-11-26 16:00:00,0.179,-0.667,0.0,343.558,9.997,996.091
2025-11-26 17:00:00,0.264,-0.667,0.0,379.584,6.817,1005.929
2025-11-26 18:00:00,2.319,-0.667,0.0,377.594,5.191,1005.074
2025-11-26 19:00:00,1.402,-0.667,0.0,332.958,8.634,984.777
2025-11-26 20:00:00,1.035,-0.667,0.0,347.015,4.66,981.775
2025-11-26 21:00:00,0.507,-0.667,0.0,405.138,9.769,986.345
2025-11-26 22:00:00,0.26,-0.667,0.0,369.065,9.236,1009.727
2025-11-26 23:00:00,2.502,-0.667,0.0,329.538,8.862,998.139
2025-11-27 00:00:00,0.926,-0.524,0.0,398.52,6.959,1015.334
2025-11-27 01:00:00,3.534,-0.524,129.41,333.352,4.03,1008.868
2025-11-27 02:00:00,0.692,-0.524,250.0,341.545,6.647,1002.858
2025-11-27 03:00:00,0.804,-0.524,353.553,384.554,8.957,991.535
2025-11-27 04:00:00,0.902,-0.524,433.013,344.135,5.115,995.766
2025-11-27 05:00:00,0.198,-0.524,482.963,317.611,8.824,982.583
2025-11-27 06:00:00,1.264,-0.524,500.0,307.39,9.506,1015.21
2025-11-27 07:00:00,1.179,-0.524,482.963,300.944,6.804,1003.603
2025-11-27 08:00:00,1.204,-0.524,433.013,336.929,6.952,1003.972
2025-11-27 09:00:00,0.723,-0.524,353.553,416.076,7.849,1012.409
2025-11-27 10:00:00,1.976,-0.524,250.0,317.579,9.333,981.09
2025-11-27 11:00:00,3.099,-0.524,129.41,315.212,4.813,998.856
2025-11-27 12:00:00,0.262,-0.524,0.0,372.503,9.044,1003.008
2025-11-27 13:00:00,1.86,-0.524,0.0,350.765,7.906,1000.257
2025-11-27 14:00:00,1.556,-0.524,0.0,397.737,8.268,991.343
2025-11-27 15:00:00,0.498,-0.524,0.0,417.162,4.565,985.428
2025-11-27 16:00:00,1.613,-0.524,0.0,368.478,5.053,1018.836
2025-11-27 17:00:00,0.263,-0.524,0.0,375.638,6.494,994.583
2025-11-27 18:00:00,0.111,-0.524,0.0,407.171,7.527,981.398
2025-11-27 19:00:00,1.373,-0.524,0.0,360.96,5.295,1010.409
2025-11-27 20:00:00,0.753,-0.524,0.0,314.663,8.896,988.994
2025-11-27 21:00:00,2.19,-0.524,0.0,342.128,6.839,996.717
2025-11-27 22:00:00,0.037,-0.524,0.0,315.639,6.738,1016.484
2025-11-27 23:00:00,0.551,-0.524,0.0,312.79,4.487,987.597
2025-11-28 00:00:00,2.326,-0.38,0.0,307.574,9.457,981.882
2025-11-28 01:00:00,2.023,-0.38,129.41,340.597,5.207,1013.201
2025-11-28 02:00:00,0.813,-0.38,250.0,301.226,6.12,996.436
2025-11-28 03:00:00,0.224,-0.38,353.553,350.246,7.583,1008.869
2025-11-28 04:00:00,4.427,-0.38,433.013,310.607,8.041,1013.443
2025-11-28 05:00:00,2.039,-0.38,482.963,375.848,5.455,986.59
2025-11-28 06:00:00,3.266,-0.38,500.0,371.186,8.639,990.887
2025-11-28 07:00:00,3.582,-0.38,482.963,326.671,9.614,1015.084
2025-11-28 08:00:00,0.541,-0.38,433.013,371.819,8.073,1017.326
2025-11-28 09:00:00,4.594,-0.38,353.553,372.476,5.023,981.73
2025-11-28 10:00:00,1.119,-0.38,250.0,377.294,5.697,993.05
2025-11-28 11:00:00,0.852,-0.38,129.41,384.844,4.656,1013.793
2025-11-28 12:00:00,1.55,-0.38,0.0,400.743,6.181,1005.074
2025-11-28 13:00:00,0.698,-0.38,0.0,330.487,8.631,999.968
2025-11-28 14:00:00,1.804,-0.38,0.0,323.605,9.108,982.09
2025-11-28 15:00:00,0.182,-0.38,0.0,342.017,6.105,995.351
2025-11-28 16:00:00,1.542,-0.38,0.0,416.109,5.081,999.35
2025-11-28 17:00:00,2.812,-0.38,0.0,413.477,6.445,1016.717
2025-11-28 18:00:00,1.516,-0.38,0.0,388.558,4.988,994.093
2025-11-28 19:00:00,2.544,-0.38,0.0,398.359,7.588,1006.804
2025-11-28 20:00:00,0.84,-0.38,0.0,315.03,5.726,1014.952
2025-11-28 21:00:00,1.022,-0.38,0.0,305.672,4.399,1016.246
2025-11-28 22:00:00,0.657,-0.38,0.0,369.687,4.205,996.332
2025-11-28 23:00:00,2.145,-0.38,0.0,316.039,4.574,1005.053
2025-11-29 00:00:00,0.727,-0.234,0.0,306.291,4.847,1017.453
2025-11-29 01:00:00,1.32,-0.234,129.41,348.314,7.93,1008.421
2025-11-29 02:00:00,1.081,-0.234,250.0,419.668,9.283,996.443
2025-11-29 03:00:00,1.607,-0.234,353.553,397.188,7.999,998.437
2025-11-29 04:00:00,0.842,-0.234,433.013,372.723,9.707,1010.351
2025-11-29 05:00:00,4.257,-0.234,482.963,362.838,6.447,1011.455
2025-11-29 06:00:00,3.079,-0.234,500.0,300.918,7.881,1018.939
2025-11-29 07:00:00,1.137,-0.234,482.963,316.223,5.305,993.881
2025-11-29 08:00:00,0.755,-0.234,433.013,365.914,5.885,999.364
2025-11-29 09:00:00,0.51,-0.234,353.553,312.2,9.448,994.242
2025-11-29 10:00:00,0.398,-0.234,250.0,350.054,9.766,990.769
2025-11-29 11:00:00,1.893,-0.234,129.41,333.499,5.414,984.6
2025-11-29 12:00:00,1.898,-0.234,0.0,349.47,6.003,1006.847
2025-11-29 13:00:00,1.749,-0.234,0.0,368.641,6.134,1013.507
2025-11-29 14:00:00,1.901,-0.234,0.0,319.725,8.535,1016.848
2025-11-29 15:00:00,1.169,-0.234,0.0,303.422,5.421,1007.814
2025-11-29 16:00:00,0.417,-0.234,0.0,371.889,8.716,1016.372
2025-11-29 17:00:00,0.826,-0.234,0.0,346.243,6.301,991.147
2025-11-29 18:00:00,0.846,-0.234,0.0,413.545,4.955,997.673
2025-11-29 19:00:00,0.598,-0.234,0.0,303.102,6.702,985.143
2025-11-29 20:00:00,2.108,-0.234,0.0,325.857,4.03,982.567
2025-11-29 21:00:00,1.676,-0.234,0.0,385.823,6.889,985.28
2025-11-29 22:00:00,2.187,-0.234,0.0,357.666,9.436,1016.305
2025-11-29 23:00:00,0.965,-0.234,0.0,385.331,4.817,995.188
2025-11-30 00:00:00,0.924,-0.087,0.0,325.906,4.276,994.752
2025-11-30 01:00:00,6.101,-0.087,129.41,411.993,8.095,1005.982
2025-11-30 02:00:00,2.144,-0.087,250.0,419.042,8.955,1013.971
2025-11-30 03:00:00,3.006,-0.087,353.553,335.673,8.453,990.272
2025-11-30 04:00:00,3.118,-0.087,433.013,356.887,6.422,1015.551
2025-11-30 05:00:00,1.088,-0.087,482.963,410.525,4.05,1010.233
2025-11-30 06:00:00,4.853,-0.087,500.0,314.494,7.767,981.495
2025-11-30 07:00:00,0.786,-0.087,482.963,313.204,5.237,1000.267
2025-11-30 08:00:00,0.037,-0.087,433.013,418.221,6.094,991.716
2025-11-30 09:00:00,1.141,-0.087,353.553,334.778,5.99,1013.222
2025-11-30 10:00:00,1.335,-0.087,250.0,380.237,7.531,1014.777
2025-11-30 11:00:00,0.646,-0.087,129.41,323.48,4.673,998.541
2025-11-30 12:00:00,0.534,-0.087,0.0,359.295,8.849,1011.9
2025-11-30 13:00:00,2.782,-0.087,0.0,396.678,8.617,994.968
2025-11-30 14:00:00,1.738,-0.087,0.0,348.99,4.795,1007.143
2025-11-30 15:00:00,0.372,-0.087,0.0,344.237,4.273,983.034
2025-11-30 16:00:00,1.197,-0.087,0.0,364.546,5.804,981.309
2025-11-30 17:00:00,2.442,-0.087,0.0,314.198,6.924,1010.972
2025-11-30 18:00:00,1.631,-0.087,0.0,302.729,5.959,1016.82
2025-11-30 19:00:00,0.67,-0.087,0.0,368.449,5.675,992.149
2025-11-30 20:00:00,0.994,-0.087,0.0,343.584,7.697,997.77
2025-11-30 21:00:00,1.812,-0.087,0.0,378.797,6.905,1001.11
2025-11-30 22:00:00,2.075,-0.087,0.0,404.236,4.95,1011.065
2025-11-30 23:00:00,0.957,-0.087,0.0,319.754,7.138,989.444
2025-12-01 00:00:00,1.98,0.062,0.0,417.094,4.55,999.174
2025-12-01 01:00:00,0.263,0.062,129.41,322.29,8.933,1005.409
2025-12-01 02:00:00,2.587,0.062,250.0,407.332,4.914,1003.805
2025-12-01 03:00:00,0.944,0.062,353.553,308.397,6.837,990.395
2025-12-01 04:00:00,1.762,0.062,433.013,414.727,6.266,1007.797
2025-12-01 05:00:00,4.669,0.062,482.963,334.381,9.635,988.788
2025-12-01 06:00:00,1.089,0.062,500.0,323.841,4.33,999.631
2025-12-01 07:00:00,2.775,0.062,482.963,393.667,4.539,993.05
2025-12-01 08:00:00,1.963,0.062,433.013,301.432,9.684,992.933
2025-12-01 09:00:00,0.632,0.062,353.553,407.51,9.957,1006.913
2025-12-01 10:00:00,0.221,0.062,250.0,318.39,4.02,981.608
2025-12-01 11:00:00,0.628,0.062,129.41,369.914,8.9,1005.926
2025-12-01 12:00:00,1.716,0.062,0.0,417.831,6.253,1004.983
2025-12-01 13:00:00,1.054,0.062,0.0,378.618,7.487,1003.056
2025-12-01 14:00:00,0.34,0.062,0.0,371.597,9.31,1014.725
2025-12-01 15:00:00,1.17,0.062,0.0,405.496,5.949,1016.877
2025-12-01 16:00:00,0.696,0.062,0.0,368.067,9.46,997.519
2025-12-01 17:00:00,3.425,0.062,0.0,312.095,7.209,999.535
2025-12-01 18:00:00,1.095,0.062,0.0,372.164,4.36,1009.211
2025-12-01 19:00:00,2.187,0.062,0.0,360.195,4.668,1019.713
2025-12-01 20:00:00,0.205,0.062,0.0,401.9,4.565,1016.788
2025-12-01 21:00:00,0.049,0.062,0.0,340.459,6.963,1008.156
2025-12-01 22:00:00,0.642,0.062,0.0,351.052,9.053,991.911
2025-12-01 23:00:00,0.391,0.062,0.0,356.847,8.381,1015.41
2025-12-02 00:00:00,0.733,0.213,0.0,330.829,8.103,1001.901
2025-12-02 01:00:00,2.583,0.213,129.41,380.485,6.214,989.746
2025-12-02 02:00:00,1.976,0.213,250.0,360.04,8.137,1008.168
2025-12-02 03:00:00,0.876,0.213,353.553,313.343,7.253,991.181
2025-12-02 04:00:00,0.579,0.213,433.013,364.909,6.557,994.684
2025-12-02 05:00:00,0.727,0.213,482.963,415.584,6.825,990.331
2025-12-02 06:00:00,0.801,0.213,500.0,321.338,8.482,999.899
2025-12-02 07:00:00,0.642,0.213,482.963,369.952,9.291,991.811
2025-12-02 08:00:00,1.993,0.213,433.013,350.302,4.999,1004.088
2025-12-02 09:00:00,1.125,0.213,353.553,394.304,8.672,1011.15
2025-12-02 10:00:00,0.24,0.213,250.0,403.15,8.745,1010.524
2025-12-02 11:00:00,0.507,0.213,129.41,338.374,7.438,998.917
2025-12-02 12:00:00,0.49,0.213,0.0,396.312,6.516,1014.756
2025-12-02 13:00:00,1.029,0.213,0.0,372.694,8.408,980.651
2025-12-02 14:00:00,0.876,0.213,0.0,415.688,4.681,1019.143
2025-12-02 15:00:00,0.05,0.213,0.0,338.623,5.584,990.513
2025-12-02 16:00:00,0.793,0.213,0.0,357.027,6.465,983.3
2025-12-02 17:00:00,0.314,0.213,0.0,415.842,8.801,984.611
2025-12-02 18:00:00,0.251,0.213,0.0,400.384,4.133,980.761
2025-12-02 19:00:00,1.593,0.213,0.0,361.545,4.416,992.286
2025-12-02 20:00:00,0.264,0.213,0.0,305.619,5.769,985.356
2025-12-02 21:00:00,0.648,0.213,0.0,395.757,4.003,991.582
2025-12-02 22:00:00,1.367,0.213,0.0,365.767,8.939,984.928
2025-12-02 23:00:00,1.003,0.213,0.0,313.874,5.921,1016.319
2025-12-03 00:00:00,0.826,0.364,0.0,375.512,9.756,1008.753
2025-12-03 01:00:00,1.184,0.364,129.41,398.966,4.884,988.709
2025-12-03 02:00:00,1.053,0.364,250.0,371.76,7.02,1013.933
2025-12-03 03:00:00,0.118,0.364,353.553,418.358,4.013,993.225
2025-12-03 04:00:00,0.214,0.364,433.013,363.312,5.002,982.105
2025-12-03 05:00:00,2.794,0.364,482.963,321.429,7.737,1018.184
2025-12-03 06:00:00,6.506,0.364,500.0,323.055,5.136,1008.623
2025-12-03 07:00:00,4.282,0.364,482.963,346.303,8.588,995.678
2025-12-03 08:00:00,0.297,0.364,433.013,371.34,9.147,992.537
2025-12-03 09:00:00,0.857,0.364,353.553,413.662,8.389,995.499
2025-12-03 10:00:00,1.978,0.364,250.0,357.95,5.73,1013.266
2025-12-03 11:00:00,2.853,0.364,129.41,406.866,9.678,1013.019
2025-12-03 12:00:00,1.919,0.364,0.0,340.554,4.362,991.891
2025-12-03 13:00:00,1.901,0.364,0.0,332.365,5.463,995.993
2025-12-03 14:00:00,2.544,0.364,0.0,418.487,9.614,1000.383
2025-12-03 15:00:00,0.177,0.364,0.0,414.664,4.334,1006.144
2025-12-03 16:00:00,3.404,0.364,0.0,330.213,7.032,1007.528
2025-12-03 17:00:00,1.083,0.364,0.0,300.846,4.384,1018.793
2025-12-03 18:00:00,0.879,0.364,0.0,366.554,4.674,1006.22
2025-12-03 19:00:00,3.097,0.364,0.0,340.942,6.593,991.308
2025-12-03 20:00:00,3.367,0.364,0.0,405.222,9.293,982.105
2025-12-03 21:00:00,2.496,0.364,0.0,384.734,5.194,1004.481
2025-12-03 22:00:00,1.569,0.364,0.0,357.962,9.643,1000.01
2025-12-03 23:00:00,2.431,0.364,0.0,356.581,7.309,1003.162
2025-12-04 00:00:00,1.667,0.518,0.0,398.116,4.038,980.243
2025-12-04 01:00:00,0.73,0.518,129.41,394.344,9.729,998.824
2025-12-04 02:00:00,2.016,0.518,250.0,417.886,8.685,992.102
2025-12-04 03:00:00,1.073,0.518,353.553,370.007,8.636,1003.953
2025-12-04 04:00:00,1.626,0.518,433.013,391.671,9.41,1014.578
2025-12-04 05:00:00,0.282,0.518,482.963,372.062,9.853,986.198
2025-12-04 06:00:00,1.683,0.518,500.0,368.189,7.041,989.789
2025-12-04 07:00:00,0.928,0.518,482.963,349.325,7.589,985.325
2025-12-04 08:00:00,3.931,0.518,433.013,321.838,5.433,1015.581
2025-12-04 09:00:00,1.629,0.518,353.553,400.573,8.739,1013.303
2025-12-04 10:00:00,3.555,0.518,250.0,362.847,5.835,998.061
2025-12-04 11:00:00,1.172,0.518,129.41,325.454,6.846,995.194
2025-12-04 12:00:00,0.18,0.518,0.0,380.527,4.657,1005.621
2025-12-04 13:00:00,0.913,0.518,0.0,417.339,6.237,992.978
2025-12-04 14:00:00,0.293,0.518,0.0,313.872,4.571,1018.342
2025-12-04 15:00:00,0.783,0.518,0.0,328.932,7.925,1013.957
2025-12-04 16:00:00,2.892,0.518,0.0,417.796,8.673,1015.719
2025-12-04 17:00:00,0.344,0.518,0.0,409.129,5.914,1017.334
2025-12-04 18:00:00,1.154,0.518,0.0,414.29,6.484,982.528
2025-12-04 19:00:00,0.55,0.518,0.0,309.5,7.569,1012.466
2025-12-04 20:00:00,0.529,0.518,0.0,317.042,4.965,1005.516
2025-12-04 21:00:00,2.091,0.518,0.0,366.036,6.869,1016.151
2025-12-04 22:00:00,0.636,0.518,0.0,403.465,7.053,1005.955
2025-12-04 23:00:00,1.225,0.518,0.0,369.739,9.047,984.238
2025-12-05 00:00:00,1.344,0.672,0.0,326.722,9.528,1014.908
2025-12-05 01:00:00,0.592,0.672,129.41,363.37,7.812,990.569
2025-12-05 02:00:00,0.876,0.672,250.0,412.87,6.319,1005.346
2025-12-05 03:00:00,1.076,0.672,353.553,387.386,4.386,1005.603
2025-12-05 04:00:00,8.629,0.672,433.013,412.562,6.453,989.201
2025-12-05 05:00:00,0.57,0.672,482.963,320.524,8.494,1016.057
2025-12-05 06:00:00,4.74,0.672,500.0,395.104,7.453,1001.287
2025-12-05 07:00:00,3.157,0.672,482.963,412.427,7.221,1016.219
2025-12-05 08:00:00,0.05,0.672,433.013,339.432,6.892,994.728
2025-12-05 09:00:00,2.027,0.672,353.553,418.372,7.236,996.316
2025-12-05 10:00:00,0.81,0.672,250.0,345.732,4.392,1008.365
2025-12-05 11:00:00,0.98,0.672,129.41,329.394,4.937,985.755
2025-12-05 12:00:00,0.884,0.672,0.0,367.078,9.518,1001.631
2025-12-05 13:00:00,4.922,0.672,0.0,382.863,7.472,981.805
2025-12-05 14:00:00,0.536,0.672,0.0,351.307,5.469,998.962
2025-12-05 15:00:00,1.234,0.672,0.0,414.595,5.647,999.131
2025-12-05 16:00:00,0.723,0.672,0.0,302.49,4.404,988.258
2025-12-05 17:00:00,1.111,0.672,0.0,319.269,6.022,993.341
2025-12-05 18:00:00,0.92,0.672,0.0,303.017,9.405,1009.555
2025-12-05 19:00:00,2.257,0.672,0.0,372.397,4.716,1001.576
2025-12-05 20:00:00,2.371,0.672,0.0,410.843,5.234,1010.956
2025-12-05 21:00:00,1.234,0.672,0.0,400.165,9.537,990.699
2025-12-05 22:00:00,1.159,0.672,0.0,397.908,6.888,1001.413
2025-12-05 23:00:00,0.973,0.672,0.0,400.979,4.521,1009.7
2025-12-06 00:00:00,0.144,0.828,0.0,332.742,8.049,997.712
2025-12-06 01:00:00,3.579,0.828,129.41,308.394,8.153,980.432
2025-12-06 02:00:00,0.995,0.828,250.0,361.971,8.435,1001.512
2025-12-06 03:00:00,0.241,0.828,353.553,400.779,7.446,1004.493
2025-12-06 04:00:00,0.697,0.828,433.013,399.59,6.772,990.577
2025-12-06 05:00:00,3.351,0.828,482.963,394.7,4.687,1009.163
2025-12-06 06:00:00,1.969,0.828,500.0,380.493,7.329,1007.52
2025-12-06 07:00:00,0.322,0.828,482.963,309.089,7.316,1009.955
2025-12-06 08:00:00,0.228,0.828,433.013,403.719,9.738,996.001
2025-12-06 09:00:00,1.124,0.828,353.553,351.873,9.595,993.605
2025-12-06 10:00:00,2.813,0.828,250.0,301.136,5.691,986.744
2025-12-06 11:00:00,1.011,0.828,129.41,325.255,9.092,1014.56
2025-12-06 12:00:00,0.734,0.828,0.0,368.194,8.289,1005.68
2025-12-06 13:00:00,1.171,0.828,0.0,407.103,8.163,1004.818
2025-12-06 14:00:00,1.866,0.828,0.0,335.006,6.135,1008.013
2025-12-06 15:00:00,1.347,0.828,0.0,345.001,4.444,1006.33
2025-12-06 16:00:00,1.657,0.828,0.0,336.592,5.493,1010.677
2025-12-06 17:00:00,1.48,0.828,0.0,371.217,5.878,1008.138
2025-12-06 18:00:00,0.647,0.828,0.0,360.107,8.404,991.332
2025-12-06 19:00:00,1.064,0.828,0.0,400.927,7.773,1003.528
2025-12-06 20:00:00,0.741,0.828,0.0,312.202,5.558,985.315
2025-12-06 21:00:00,4.889,0.828,0.0,300.653,6.78,989.05
2025-12-06 22:00:00,5.527,0.828,0.0,352.316,7.931,1012.835
2025-12-06 23:00:00,1.79,0.828,0.0,312.218,6.808,1007.527
2025-12-07 00:00:00,3.934,0.985,0.0,350.217,7.827,1013.931
2025-12-07 01:00:00,1.455,0.985,129.41,325.182,5.981,995.191
2025-12-07 02:00:00,0.349,0.985,250.0,307.484,4.448,1019.3
2025-12-07 03:00:00,0.962,0.985,353.553,331.275,7.055,1018.571
2025-12-07 04:00:00,1.891,0.985,433.013,361.868,7.77,1002.725
2025-12-07 05:00:00,0.047,0.985,482.963,381.928,5.29,1004.557
2025-12-07 06:00:00,0.624,0.985,500.0,306.271,5.611,986.388
2025-12-07 07:00:00,2.636,0.985,482.963,306.296,6.734,1011.22
2025-12-07 08:00:00,1.56,0.985,433.013,329.258,5.704,1007.222
2025-12-07 09:00:00,2.526,0.985,353.553,357.954,5.251,981.975
2025-12-07 10:00:00,1.24,0.985,250.0,319.746,6.981,994.365
2025-12-07 11:00:00,0.531,0.985,129.41,322.993,9.873,998.107
2025-12-07 12:00:00,0.062,0.985,0.0,415.957,4.121,1006.482
2025-12-07 13:00:00,0.731,0.985,0.0,326.439,8.744,1002.909
2025-12-07 14:00:00,2.17,0.985,0.0,412.927,5.75,985.768
2025-12-07 15:00:00,0.539,0.985,0.0,346.445,7.324,1012.837
2025-12-07 16:00:00,1.158,0.985,0.0,370.085,9.454,988.752
2025-12-07 17:00:00,0.49,0.985,0.0,359.552,4.082,1005.781
2025-12-07 18:00:00,1.98,0.985,0.0,373.823,4.562,1017.946
2025-12-07 19:00:00,3.967,0.985,0.0,369.86,7.904,984.45
2025-12-07 20:00:00,2.397,0.985,0.0,324.659,8.131,999.499
2025-12-07 21:00:00,0.768,0.985,0.0,313.909,4.904,992.553
2025-12-07 22:00:00,0.857,0.985,0.0,346.567,9.664,1016.114
2025-12-07 23:00:00,2.417,0.985,0.0,396.55,9.149,991.097
2025-12-08 00:00:00,2.984,1.143,0.0,391.446,6.909,1004.873
2025-12-08 01:00:00,1.108,1.143,129.41,346.826,7.263,991.397
2025-12-08 02:00:00,0.845,1.143,250.0,334.629,4.098,998.8
2025-12-08 03:00:00,0.203,1.143,353.553,358.991,9.045,1016.067
2025-12-08 04:00:00,1.73,1.143,433.013,411.57,6.393,1002.34
2025-12-08 05:00:00,3.976,1.143,482.963,334.973,5.184,1015.232
2025-12-08 06:00:00,1.218,1.143,500.0,329.69,6.967,1008.719
2025-12-08 07:00:00,0.265,1.143,482.963,413.541,9.432,990.451
2025-12-08 08:00:00,1.387,1.143,433.013,328.628,9.137,993.249
2025-12-08 09:00:00,1.569,1.143,353.553,381.087,4.315,1001.548
2025-12-08 10:00:00,2.742,1.143,250.0,342.002,8.909,990.032
2025-12-08 11:00:00,0.865,1.143,129.41,337.361,8.973,982.013
2025-12-08 12:00:00,3.263,1.143,0.0,318.196,5.101,992.661
2025-12-08 13:00:00,1.334,1.143,0.0,319.486,6.033,992.359
2025-12-08 14:00:00,1.713,1.143,0.0,367.705,5.501,988.774
2025-12-08 15:00:00,1.391,1.143,0.0,355.567,9.069,992.431
2025-12-08 16:00:00,1.644,1.143,0.0,389.776,5.749,996.1
2025-12-08 17:00:00,1.736,1.143,0.0,304.282,7.118,989.306
2025-12-08 18:00:00,0.463,1.143,0.0,394.879,4.189,984.031
2025-12-08 19:00:00,1.619,1.143,0.0,409.56,6.619,1006.826
2025-12-08 20:00:00,0.279,1.143,0.0,331.285,4.466,1018.305
2025-12-08 21:00:00,0.437,1.143,0.0,416.666,5.981,980.631
2025-12-08 22:00:00,1.308,1.143,0.0,327.512,8.44,1005.258
2025-12-08 23:00:00,1.033,1.143,0.0,319.077,5.016,1012.796
2025-12-09 00:00:00,0.582,1.303,0.0,400.852,5.253,994.953
2025-12-09 01:00:00,1.932,1.303,129.41,336.31,8.864,992.581
2025-12-09 02:00:00,1.407,1.303,250.0,378.461,7.615,1004.051
2025-12-09 03:00:00,2.282,1.303,353.553,387.456,6.503,995.376
2025-12-09 04:00:00,1.876,1.303,433.013,322.216,5.01,981.073
2025-12-09 05:00:00,0.376,1.303,482.963,389.561,4.737,997.149
2025-12-09 06:00:00,2.373,1.303,500.0,337.834,5.76,1007.012
2025-12-09 07:00:00,3.344,1.303,482.963,405.667,6.249,1009.463
2025-12-09 08:00:00,0.65,1.303,433.013,350.269,4.279,993.502
2025-12-09 09:00:00,0.761,1.303,353.553,304.84,4.236,996.61
2025-12-09 10:00:00,0.421,1.303,250.0,367.701,5.161,1010.855
2025-12-09 11:00:00,1.978,1.303,129.41,385.005,5.643,981.174
2025-12-09 12:00:00,0.97,1.303,0.0,344.371,6.141,985.769
2025-12-09 13:00:00,2.406,1.303,0.0,347.023,7.403,983.28
2025-12-09 14:00:00,0.355,1.303,0.0,336.157,6.542,987.152
2025-12-09 15:00:00,1.995,1.303,0.0,349.599,4.034,1016.829
2025-12-09 16:00:00,2.426,1.303,0.0,355.21,7.435,1009.0
2025-12-09 17:00:00,3.636,1.303,0.0,405.499,6.025,996.927
2025-12-09 18:00:00,0.483,1.303,0.0,308.048,7.208,980.21
2025-12-09 19:00:00,0.642,1.303,0.0,377.072,9.737,1014.498
2025-12-09 20:00:00,2.124,1.303,0.0,336.327,4.506,1005.296
2025-12-09 21:00:00,0.754,1.303,0.0,314.986,9.982,1011.93
2025-12-09 22:00:00,0.256,1.303,0.0,380.002,8.574,999.531
2025-12-09 23:00:00,2.021,1.303,0.0,368.148,6.98,996.832
2025-12-10 00:00:00,0.458,1.463,0.0,405.802,9.798,1002.906
2025-12-10 01:00:00,3.933,1.463,129.41,370.609,8.51,992.202
2025-12-10 02:00:00,0.558,1.463,250.0,369.714,8.517,1009.278
2025-12-10 03:00:00,1.214,1.463,353.553,337.37,7.926,1019.218
2025-12-10 04:00:00,0.289,1.463,433.013,366.347,9.191,1017.587
2025-12-10 05:00:00,0.977,1.463,482.963,378.345,9.434,1005.491
2025-12-10 06:00:00,1.447,1.463,500.0,408.871,8.579,995.439
2025-12-10 07:00:00,0.955,1.463,482.963,334.321,7.373,1015.241
2025-12-10 08:00:00,1.142,1.463,433.013,414.91,7.584,982.163
2025-12-10 09:00:00,2.308,1.463,353.553,357.312,9.211,1014.156
2025-12-10 10:00:00,0.432,1.463,250.0,394.418,4.656,989.45
2025-12-10 11:00:00,2.203,1.463,129.41,403.559,5.013,1009.65
2025-12-10 12:00:00,1.403,1.463,0.0,324.53,7.761,1017.413
2025-12-10 13:00:00,2.073,1.463,0.0,347.792,4.213,998.008
2025-12-10 14:00:00,2.412,1.463,0.0,367.683,8.395,1018.902
2025-12-10 15:00:00,0.821,1.463,0.0,389.284,4.89,986.663
2025-12-10 16:00:00,0.22,1.463,0.0,359.846,5.65,1007.259
2025-12-10 17:00:00,1.554,1.463,0.0,404.17,7.532,997.326
2025-12-10 18:00:00,0.469,1.463,0.0,334.866,5.191,1002.855
2025-12-10 19:00:00,2.567,1.463,0.0,326.558,5.597,984.012
2025-12-10 20:00:00,1.379,1.463,0.0,300.893,4.729,980.939
2025-12-10 21:00:00,0.444,1.463,0.0,413.277,4.743,1014.186
2025-12-10 22:00:00,2.548,1.463,0.0,336.456,7.375,986.682
2025-12-10 23:00:00,1.018,1.463,0.0,395.143,4.902,980.378
2025-12-11 00:00:00,0.221,1.625,0.0,369.114,7.023,982.152
2025-12-11 01:00:00,3.097,1.625,129.41,361.643,4.025,1005.98
2025-12-11 02:00:00,1.101,1.625,250.0,336.285,8.063,1006.125
2025-12-11 03:00:00,3.487,1.625,353.553,345.687,9.008,1015.944
2025-12-11 04:00:00,3.082,1.625,433.013,367.258,4.002,1007.722
2025-12-11 05:00:00,0.011,1.625,482.963,407.224,5.221,1001.343
2025-12-11 06:00:00,1.6,1.625,500.0,345.326,5.681,1009.084
2025-12-11 07:00:00,0.338,1.625,482.963,418.028,5.698,989.57
2025-12-11 08:00:00,2.076,1.625,433.013,392.209,7.492,982.633
2025-12-11 09:00:00,0.191,1.625,353.553,372.973,4.633,1006.907
2025-12-11 10:00:00,4.065,1.625,250.0,389.731,8.854,1016.181
2025-12-11 11:00:00,0.744,1.625,129.41,401.1,7.386,982.915
2025-12-11 12:00:00,0.809,1.625,0.0,333.219,6.582,982.321
2025-12-11 13:00:00,1.463,1.625,0.0,346.305,6.009,1008.407
2025-12-11 14:00:00,0.024,1.625,0.0,329.42,9.536,987.276
2025-12-11 15:00:00,2.547,1.625,0.0,352.466,4.556,1016.664
2025-12-11 16:00:00,0.987,1.625,0.0,402.647,8.648,996.27
2025-12-11 17:00:00,0.193,1.625,0.0,368.314,9.538,995.072
2025-12-11 18:00:00,4.5,1.625,0.0,312.167,7.909,980.296
2025-12-11 19:00:00,1.295,1.625,0.0,354.617,4.778,991.972
2025-12-11 20:00:00,3.193,1.625,0.0,300.753,5.305,1002.994
2025-12-11 21:00:00,0.632,1.625,0.0,414.034,4.841,992.19
2025-12-11 22:00:00,0.74,1.625,0.0,314.473,4.681,986.464
2025-12-11 23:00:00,0.352,1.625,0.0,316.87,6.563,1019.479
2025-12-12 00:00:00,1.082,1.787,0.0,335.746,4.319,988.342
2025-12-12 01:00:00,1.453,1.787,129.41,313.997,7.806,1015.612
2025-12-12 02:00:00,0.486,1.787,250.0,408.674,8.54,994.873
2025-12-12 03:00:00,0.808,1.787,353.553,350.83,4.368,998.856
2025-12-12 04:00:00,0.242,1.787,433.013,358.823,7.871,988.354
2025-12-12 05:00:00,1.085,1.787,482.963,407.906,7.754,981.399
2025-12-12 06:00:00,1.255,1.787,500.0,337.094,5.898,996.342
2025-12-12 07:00:00,1.97,1.787,482.963,389.711,6.969,991.267
2025-12-12 08:00:00,0.503,1.787,433.013,382.674,5.548,989.661
2025-12-12 09:00:00,1.531,1.787,353.553,303.898,6.253,990.222
2025-12-12 10:00:00,1.061,1.787,250.0,311.965,8.719,985.11
2025-12-12 11:00:00,0.889,1.787,129.41,418.452,8.589,1017.761
2025-12-12 12:00:00,1.534,1.787,0.0,389.773,8.978,1014.5
2025-12-12 13:00:00,2.763,1.787,0.0,362.169,5.621,987.567
2025-12-12 14:00:00,0.679,1.787,0.0,405.708,4.103,983.991
2025-12-12 15:00:00,3.32,1.787,0.0,330.122,9.571,1006.281
2025-12-12 16:00:00,0.286,1.787,0.0,366.964,5.291,1007.107
2025-12-12 17:00:00,6.179,1.787,0.0,386.289,9.513,984.785
2025-12-12 18:00:00,2.476,1.787,0.0,308.307,7.056,1006.014
2025-12-12 19:00:00,0.196,1.787,0.0,394.865,4.056,1016.969
2025-12-12 20:00:00,0.37,1.787,0.0,386.736,4.727,997.615
2025-12-12 21:00:00,0.08,1.787,0.0,407.65,7.14,1006.756
2025-12-12 22:00:00,0.707,1.787,0.0,369.428,4.903,996.375
2025-12-12 23:00:00,1.334,1.787,0.0,405.499,5.887,1008.597
2025-12-13 00:00:00,1.273,1.951,0.0,364.332,6.067,990.987
2025-12-13 01:00:00,0.404,1.951,129.41,362.426,8.56,1005.888
2025-12-13 02:00:00,1.478,1.951,250.0,348.093,5.197,982.953
2025-12-13 03:00:00,0.64,1.951,353.553,375.805,6.428,988.376
2025-12-13 04:00:00,0.576,1.951,433.013,356.882,9.066,998.033
2025-12-13 05:00:00,0.716,1.951,482.963,331.283,5.441,1007.058
2025-12-13 06:00:00,3.179,1.951,500.0,403.75,6.426,999.67
2025-12-13 07:00:00,2.497,1.951,482.963,379.531,8.947,1017.838
2025-12-13 08:00:00,4.851,1.951,433.013,391.532,9.283,1011.716
2025-12-13 09:00:00,2.249,1.951,353.553,353.565,8.207,991.502
2025-12-13 10:00:00,2.384,1.951,250.0,415.188,6.053,1012.444
2025-12-13 11:00:00,0.747,1.951,129.41,335.565,7.547,1018.1
2025-12-13 12:00:00,2.195,1.951,0.0,303.226,6.319,995.353
2025-12-13 13:00:00,3.329,1.951,0.0,383.827,8.661,982.724
2025-12-13 14:00:00,0.723,1.951,0.0,385.632,7.712,995.409
2025-12-13 15:00:00,4.705,1.951,0.0,384.957,8.505,1008.69
2025-12-13 16:00:00,0.871,1.951,0.0,403.162,5.407,1001.01
2025-12-13 17:00:00,0.466,1.951,0.0,311.038,7.806,1012.9
2025-12-13 18:00:00,1.325,1.951,0.0,328.971,5.793,1008.096
2025-12-13 19:00:00,1.883,1.951,0.0,384.902,8.576,1001.052
2025-12-13 20:00:00,2.862,1.951,0.0,307.903,9.488,982.314
2025-12-13 21:00:00,0.321,1.951,0.0,326.167,8.103,981.627
2025-12-13 22:00:00,0.343,1.951,0.0,338.771,9.412,989.704
2025-12-13 23:00:00,0.072,1.951,0.0,406.277,9.299,1019.844
2025-12-14 00:00:00,5.016,2.115,0.0,389.852,7.205,1012.019
2025-12-14 01:00:00,1.777,2.115,129.41,376.757,7.899,1008.35
2025-12-14 02:00:00,4.305,2.115,250.0,382.966,7.893,985.673
2025-12-14 03:00:00,2.541,2.115,353.553,417.638,9.76,984.881
2025-12-14 04:00:00,2.767,2.115,433.013,326.905,6.265,1005.359
2025-12-14 05:00:00,3.522,2.115,482.963,372.421,5.68,1010.077
2025-12-14 06:00:00,2.917,2.115,500.0,364.837,4.385,1015.082
2025-12-14 07:00:00,0.603,2.115,482.963,418.169,8.207,1018.433
2025-12-14 08:00:00,1.715,2.115,433.013,326.137,9.531,992.018
2025-12-14 09:00:00,0.436,2.115,353.553,366.271,6.641,994.4
2025-12-14 10:00:00,1.717,2.115,250.0,319.175,7.186,1015.444
2025-12-14 11:00:00,1.996,2.115,129.41,313.848,4.869,983.902
2025-12-14 12:00:00,0.478,2.115,0.0,325.091,6.164,993.686
2025-12-14 13:00:00,0.163,2.115,0.0,400.511,6.325,1011.209
2025-12-14 14:00:00,1.818,2.115,0.0,374.298,5.981,984.804
2025-12-14 15:00:00,0.455,2.115,0.0,353.039,8.534,995.539
2025-12-14 16:00:00,1.957,2.115,0.0,371.823,7.804,1002.776
2025-12-14 17:00:00,0.467,2.115,0.0,350.701,5.289,1001.311
2025-12-14 18:00:00,1.234,2.115,0.0,327.518,8.04,1010.864
2025-12-14 19:00:00,1.572,2.115,0.0,330.501,7.62,1003.47
2025-12-14 20:00:00,2.88,2.115,0.0,317.342,6.513,994.278
2025-12-14 21:00:00,3.923,2.115,0.0,340.123,4.996,1005.852
2025-12-14 22:00:00,1.291,2.115,0.0,303.77,9.008,1010.345
2025-12-14 23:00:00,0.69,2.115,0.0,379.335,6.131,984.377
2025-12-15 00:00:00,0.579,2.28,0.0,304.213,5.049,997.182
2025-12-15 01:00:00,0.785,2.28,129.41,322.898,5.865,1015.09
2025-12-15 02:00:00,0.324,2.28,250.0,331.7,9.6,985.382
2025-12-15 03:00:00,3.256,2.28,353.553,355.3,8.373,988.515
2025-12-15 04:00:00,1.111,2.28,433.013,343.705,5.988,1009.851
2025-12-15 05:00:00,1.592,2.28,482.963,391.235,6.386,1007.732
2025-12-15 06:00:00,0.692,2.28,500.0,328.898,4.959,995.904
2025-12-15 07:00:00,1.97,2.28,482.963,355.897,6.655,994.127
2025-12-15 08:00:00,0.49,2.28,433.013,361.215,9.574,983.197
2025-12-15 09:00:00,1.389,2.28,353.553,419.971,6.821,1019.362
2025-12-15 10:00:00,3.461,2.28,250.0,305.644,5.253,983.075
2025-12-15 11:00:00,2.473,2.28,129.41,301.82,5.411,1003.789
2025-12-15 12:00:00,0.497,2.28,0.0,362.9,8.818,1001.235
2025-12-15 13:00:00,2.061,2.28,0.0,345.89,5.216,987.073
2025-12-15 14:00:00,0.89,2.28,0.0,370.368,7.013,988.886
2025-12-15 15:00:00,2.098,2.28,0.0,314.2,8.852,1005.351
2025-12-15 16:00:00,1.145,2.28,0.0,333.149,5.115,991.978
2025-12-15 17:00:00,0.42,2.28,0.0,393.048,6.647,997.347
2025-12-15 18:00:00,0.722,2.28,0.0,396.993,7.769,982.565
2025-12-15 19:00:00,3.103,2.28,0.0,409.199,6.903,1016.805
2025-12-15 20:00:00,2.113,2.28,0.0,372.931,8.63,995.428
2025-12-15 21:00:00,4.218,2.28,0.0,306.863,7.611,1008.655
2025-12-15 22:00:00,3.599,2.28,0.0,349.308,8.611,1013.152
2025-12-15 23:00:00,1.236,2.28,0.0,402.886,5.49,980.002
2025-12-16 00:00:00,2.296,2.446,0.0,316.088,6.854,999.216
2025-12-16 01:00:00,0.836,2.446,129.41,381.231,4.004,1018.226
2025-12-16 02:00:00,0.739,2.446,250.0,320.745,7.77,1010.753
2025-12-16 03:00:00,2.176,2.446,353.553,362.689,4.79,985.243
2025-12-16 04:00:00,1.311,2.446,433.013,339.051,6.834,991.157
2025-12-16 05:00:00,1.583,2.446,482.963,401.947,7.016,981.38
2025-12-16 06:00:00,4.888,2.446,500.0,342.667,9.599,1002.14
2025-12-16 07:00:00,0.959,2.446,482.963,326.247,8.338,1016.684
2025-12-16 08:00:00,1.435,2.446,433.013,409.267,6.456,1011.634
2025-12-16 09:00:00,1.099,2.446,353.553,338.436,9.767,1003.775
2025-12-16 10:00:00,5.841,2.446,250.0,357.38,6.193,986.281
2025-12-16 11:00:00,2.085,2.446,129.41,384.845,5.563,994.3
2025-12-16 12:00:00,1.382,2.446,0.0,397.561,6.051,1002.721
2025-12-16 13:00:00,1.382,2.446,0.0,320.928,5.623,1019.027
2025-12-16 14:00:00,2.244,2.446,0.0,354.825,9.191,983.679
2025-12-16 15:00:00,0.188,2.446,0.0,352.753,6.485,1017.463
2025-12-16 16:00:00,0.909,2.446,0.0,300.252,5.076,992.812
2025-12-16 17:00:00,1.163,2.446,0.0,369.307,9.11,990.502
2025-12-16 18:00:00,1.04,2.446,0.0,307.262,6.577,1018.301
2025-12-16 19:00:00,2.019,2.446,0.0,315.84,8.084,987.189
2025-12-16 20:00:00,0.795,2.446,0.0,321.899,4.578,1003.039
2025-12-16 21:00:00,2.054,2.446,0.0,345.453,9.032,983.107
2025-12-16 22:00:00,1.044,2.446,0.0,319.059,5.497,1006.658
2025-12-16 23:00:00,1.375,2.446,0.0,328.518,9.95,1008.261
2025-12-17 00:00:00,1.226,2.613,0.0,419.569,5.142,986.082
2025-12-17 01:00:00,0.601,2.613,129.41,320.614,5.577,1004.696
2025-12-17 02:00:00,0.554,2.613,250.0,307.647,6.078,1018.082
2025-12-17 03:00:00,0.129,2.613,353.553,325.832,5.517,999.572
2025-12-17 04:00:00,1.482,2.613,433.013,364.423,6.02,1015.833
2025-12-17 05:00:00,0.007,2.613,482.963,405.942,7.748,997.354
2025-12-17 06:00:00,0.288,2.613,500.0,316.854,7.402,1015.312
2025-12-17 07:00:00,1.204,2.613,482.963,390.627,9.791,984.255
2025-12-17 08:00:00,1.671,2.613,433.013,367.252,5.6,1000.057
2025-12-17 09:00:00,0.695,2.613,353.553,355.64,6.43,990.468
2025-12-17 10:00:00,2.957,2.613,250.0,322.745,6.005,986.071
2025-12-17 11:00:00,1.369,2.613,129.41,303.032,9.046,1013.07
2025-12-17 12:00:00,1.397,2.613,0.0,318.854,8.742,986.983
2025-12-17 13:00:00,2.89,2.613,0.0,314.515,6.64,987.451
2025-12-17 14:00:00,1.447,2.613,0.0,384.97,8.701,1011.569
2025-12-17 15:00:00,0.523,2.613,0.0,344.879,5.256,1008.031
2025-12-17 16:00:00,0.853,2.613,0.0,406.814,9.94,998.437
2025-12-17 17:00:00,0.25,2.613,0.0,325.195,5.189,980.203
2025-12-17 18:00:00,1.347,2.613,0.0,351.055,7.64,1010.24
2025-12-17 19:00:00,1.961,2.613,0.0,379.637,7.371,992.126
2025-12-17 20:00:00,3.042,2.613,0.0,351.234,4.806,1014.609
2025-12-17 21:00:00,0.156,2.613,0.0,347.744,4.12,1016.503
2025-12-17 22:00:00,0.42,2.613,0.0,414.285,4.945,990.85
2025-12-17 23:00:00,1.108,2.613,0.0,416.566,9.677,981.939
2025-12-18 00:00:00,0.162,2.781,0.0,321.711,5.07,1016.559
2025-12-18 01:00:00,0.937,2.781,129.41,301.696,6.486,1003.647
2025-12-18 02:00:00,0.64,2.781,250.0,408.735,9.794,1005.021
2025-12-18 03:00:00,2.236,2.781,353.553,333.359,7.215,1007.097
2025-12-18 04:00:00,1.501,2.781,433.013,380.464,4.989,1004.01
2025-12-18 05:00:00,0.329,2.781,482.963,347.771,6.796,983.913
2025-12-18 06:00:00,1.888,2.781,500.0,364.121,6.112,1016.984
2025-12-18 07:00:00,1.954,2.781,482.963,323.814,8.284,982.868
2025-12-18 08:00:00,1.829,2.781,433.013,374.453,9.986,1018.921
2025-12-18 09:00:00,0.282,2.781,353.553,392.043,7.967,1006.213
2025-12-18 10:00:00,0.39,2.781,250.0,338.177,4.122,1017.951
2025-12-18 11:00:00,1.277,2.781,129.41,332.914,8.617,982.65
2025-12-18 12:00:00,1.279,2.781,0.0,365.337,5.141,982.762
2025-12-18 13:00:00,2.643,2.781,0.0,392.013,6.624,1004.442
2025-12-18 14:00:00,1.764,2.781,0.0,333.377,6.403,1013.133
2025-12-18 15:00:00,1.036,2.781,0.0,317.85,5.037,1003.071
2025-12-18 16:00:00,2.026,2.781,0.0,418.881,5.498,1019.094
2025-12-18 17:00:00,3.594,2.781,0.0,414.682,6.867,981.655
2025-12-18 18:00:00,1.807,2.781,0.0,392.842,7.1,980.093
2025-12-18 19:00:00,1.897,2.781,0.0,363.265,6.563,1017.851
2025-12-18 20:00:00,0.555,2.781,0.0,406.924,7.929,1004.787
2025-12-18 21:00:00,1.332,2.781,0.0,364.277,9.471,999.695
2025-12-18 22:00:00,0.028,2.781,0.0,311.513,7.206,1016.418
2025-12-18 23:00:00,0.819,2.781,0.0,342.648,4.099,980.914
2025-12-19 00:00:00,0.618,2.949,0.0,384.599,4.526,983.782
2025-12-19 01:00:00,0.732,2.949,129.41,311.109,4.833,1001.185
2025-12-19 02:00:00,0.809,2.949,250.0,324.723,8.984,984.253
2025-12-19 03:00:00,0.635,2.949,353.553,359.839,7.522,1006.581
2025-12-19 04:00:00,0.801,2.949,433.013,409.857,5.026,999.028
2025-12-19 05:00:00,0.962,2.949,482.963,367.671,8.468,1010.892
2025-12-19 06:00:00,0.144,2.949,500.0,385.247,8.27,1017.07
2025-12-19 07:00:00,1.034,2.949,482.963,358.031,9.072,1018.6
2025-12-19 08:00:00,2.996,2.949,433.013,349.664,9.598,1007.695
2025-12-19 09:00:00,3.423,2.949,353.553,324.841,5.524,1016.828
2025-12-19 10:00:00,0.051,2.949,250.0,333.45,8.669,991.103
2025-12-19 11:00:00,0.849,2.949,129.41,313.858,5.392,993.283
2025-12-19 12:00:00,0.903,2.949,0.0,394.793,4.768,1017.236
2025-12-19 13:00:00,2.083,2.949,0.0,342.508,9.668,990.323
2025-12-19 14:00:00,3.645,2.949,0.0,393.848,4.635,1019.059
2025-12-19 15:00:00,3.069,2.949,0.0,344.976,8.207,992.75
2025-12-19 16:00:00,2.336,2.949,0.0,414.608,8.02,1003.295
2025-12-19 17:00:00,0.573,2.949,0.0,412.647,8.341,992.239
2025-12-19 18:00:00,1.172,2.949,0.0,316.36,4.563,1010.711
2025-12-19 19:00:00,1.129,2.949,0.0,300.334,9.385,986.272
2025-12-19 20:00:00,1.473,2.949,0.0,301.673,8.953,1018.967
2025-12-19 21:00:00,2.6,2.949,0.0,380.367,8.456,1012.054
2025-12-19 22:00:00,2.272,2.949,0.0,359.038,8.693,990.233
2025-12-19 23:00:00,2.933,2.949,0.0,304.936,9.13,993.95
2025-12-20 00:00:00,1.017,3.118,0.0,356.283,7.596,1013.774
2025-12-20 01:00:00,2.043,3.118,129.41,367.667,4.616,1003.992
2025-12-20 02:00:00,0.732,3.118,250.0,374.752,5.349,992.118
2025-12-20 03:00:00,2.446,3.118,353.553,390.5,4.55,995.658
2025-12-20 04:00:00,0.534,3.118,433.013,356.104,5.48,1014.056
2025-12-20 05:00:00,1.662,3.118,482.963,315.345,5.348,1015.758
2025-12-20 06:00:00,1.157,3.118,500.0,384.41,9.192,1012.558
2025-12-20 07:00:00,0.76,3.118,482.963,342.447,7.527,1003.209
2025-12-20 08:00:00,0.407,3.118,433.013,372.101,5.677,986.334
2025-12-20 09:00:00,0.733,3.118,353.553,338.813,7.982,988.954
2025-12-20 10:00:00,0.299,3.118,250.0,383.418,5.945,998.861
2025-12-20 11:00:00,0.792,3.118,129.41,314.778,5.077,1012.149
2025-12-20 12:00:00,2.761,3.118,0.0,306.972,7.02,985.835
2025-12-20 13:00:00,1.924,3.118,0.0,343.54,7.409,985.433
2025-12-20 14:00:00,2.867,3.118,0.0,389.181,5.785,1003.882
2025-12-20 15:00:00,2.035,3.118,0.0,331.797,8.119,1008.778
2025-12-20 16:00:00,0.688,3.118,0.0,355.247,8.172,981.417
2025-12-20 17:00:00,0.198,3.118,0.0,332.236,9.537,1001.014
2025-12-20 18:00:00,1.866,3.118,0.0,370.313,5.128,1011.26
2025-12-20 19:00:00,0.472,3.118,0.0,414.852,5.338,981.637
2025-12-20 20:00:00,6.552,3.118,0.0,306.322,9.311,1005.031
2025-12-20 21:00:00,0.894,3.118,0.0,361.581,7.637,1006.764
2025-12-20 22:00:00,2.37,3.118,0.0,409.11,6.652,988.367
2025-12-20 23:00:00,0.687,3.118,0.0,418.398,4.142,1009.244
2025-12-21 00:00:00,1.198,3.287,0.0,335.204,8.636,986.327
2025-12-21 01:00:00,0.735,3.287,129.41,335.28,6.686,1008.96
2025-12-21 02:00:00,0.348,3.287,250.0,306.842,6.124,997.379
2025-12-21 03:00:00,1.192,3.287,353.553,367.197,9.654,1006.202
2025-12-21 04:00:00,0.692,3.287,433.013,322.537,7.939,1006.149
2025-12-21 05:00:00,2.035,3.287,482.963,405.049,6.481,990.34
2025-12-21 06:00:00,1.641,3.287,500.0,368.517,8.419,1010.942
2025-12-21 07:00:00,2.868,3.287,482.963,373.407,4.929,1014.835
2025-12-21 08:00:00,4.179,3.287,433.013,309.262,9.852,998.96
2025-12-21 09:00:00,3.574,3.287,353.553,328.925,9.424,1003.063
2025-12-21 10:00:00,0.069,3.287,250.0,339.027,8.314,1011.361
2025-12-21 11:00:00,1.429,3.287,129.41,364.748,5.693,1012.291
2025-12-21 12:00:00,3.291,3.287,0.0,354.368,4.102,1019.079
2025-12-21 13:00:00,0.725,3.287,0.0,388.212,7.203,1002.522
2025-12-21 14:00:00,2.016,3.287,0.0,375.361,5.448,994.244
2025-12-21 15:00:00,0.362,3.287,0.0,392.272,7.196,986.402
2025-12-21 16:00:00,1.926,3.287,0.0,371.564,4.129,998.463
2025-12-21 17:00:00,0.999,3.287,0.0,411.379,4.294,1009.044
2025-12-21 18:00:00,0.935,3.287,0.0,362.566,6.011,980.87
2025-12-21 19:00:00,0.272,3.287,0.0,309.835,5.096,1011.447
2025-12-21 20:00:00,1.706,3.287,0.0,361.201,6.843,1000.624
2025-12-21 21:00:00,0.853,3.287,0.0,343.036,5.866,998.885
2025-12-21 22:00:00,2.05,3.287,0.0,300.623,8.081,1000.881
2025-12-21 23:00:00,1.228,3.287,0.0,370.862,8.464,1002.59
2025-12-22 00:00:00,1.252,3.457,0.0,385.031,7.24,1004.111
2025-12-22 01:00:00,2.752,3.457,129.41,312.314,4.865,992.237
2025-12-22 02:00:00,2.707,3.457,250.0,325.997,4.789,1007.503
2025-12-22 03:00:00,1.102,3.457,353.553,325.749,5.127,992.366
2025-12-22 04:00:00,1.308,3.457,433.013,410.056,8.544,994.446
2025-12-22 05:00:00,0.514,3.457,482.963,333.1,8.705,992.416
2025-12-22 06:00:00,0.618,3.457,500.0,351.355,8.265,1017.855
2025-12-22 07:00:00,0.207,3.457,482.963,302.089,7.856,989.094
2025-12-22 08:00:00,3.466,3.457,433.013,332.485,7.0,993.438
2025-12-22 09:00:00,1.84,3.457,353.553,398.414,7.121,990.108
2025-12-22 10:00:00,0.755,3.457,250.0,363.218,6.94,997.549
2025-12-22 11:00:00,2.403,3.457,129.41,339.005,8.768,998.743
2025-12-22 12:00:00,0.376,3.457,0.0,371.681,4.215,1008.899
2025-12-22 13:00:00,2.934,3.457,0.0,414.688,9.107,983.778
2025-12-22 14:00:00,0.966,3.457,0.0,416.013,6.731,987.094
2025-12-22 15:00:00,4.255,3.457,0.0,378.186,8.039,1010.307
2025-12-22 16:00:00,2.865,3.457,0.0,326.353,6.794,1007.493
2025-12-22 17:00:00,2.54,3.457,0.0,330.408,8.003,1016.098
2025-12-22 18:00:00,2.248,3.457,0.0,341.131,7.063,1000.414
2025-12-22 19:00:00,0.494,3.457,0.0,375.11,8.592,1017.952
2025-12-22 20:00:00,3.09,3.457,0.0,364.753,5.681,1013.059
2025-12-22 21:00:00,0.212,3.457,0.0,356.249,7.781,990.322
2025-12-22 22:00:00,2.157,3.457,0.0,368.643,8.108,1004.015
2025-12-22 23:00:00,1.164,3.457,0.0,376.832,6.38,1007.53
2025-12-23 00:00:00,0.862,3.627,0.0,337.398,7.02,989.493
2025-12-23 01:00:00,5.412,3.627,129.41,358.878,5.423,986.629
2025-12-23 02:00:00,1.168,3.627,250.0,406.643,5.689,1016.84
2025-12-23 03:00:00,0.037,3.627,353.553,344.216,4.144,1004.092
2025-12-23 04:00:00,0.716,3.627,433.013,363.888,8.692,994.76
2025-12-23 05:00:00,1.909,3.627,482.963,347.328,9.813,1003.98
2025-12-23 06:00:00,0.461,3.627,500.0,374.925,9.984,1010.246
2025-12-23 07:00:00,0.024,3.627,482.963,360.148,5.667,1000.033
2025-12-23 08:00:00,0.902,3.627,433.013,404.989,9.348,1000.292
2025-12-23 09:00:00,1.364,3.627,353.553,405.431,7.378,983.521
2025-12-23 10:00:00,1.507,3.627,250.0,327.879,9.468,996.661
2025-12-23 11:00:00,0.038,3.627,129.41,308.546,6.854,994.653
2025-12-23 12:00:00,0.293,3.627,0.0,342.704,6.812,983.871
2025-12-23 13:00:00,1.681,3.627,0.0,388.015,7.089,994.172
2025-12-23 14:00:00,1.482,3.627,0.0,326.267,7.968,1012.537
2025-12-23 15:00:00,1.365,3.627,0.0,348.27,9.084,992.728
2025-12-23 16:00:00,4.305,3.627,0.0,328.153,7.689,982.811
2025-12-23 17:00:00,2.351,3.627,0.0,340.464,7.894,992.297
2025-12-23 18:00:00,1.796,3.627,0.0,411.896,6.919,1001.247
2025-12-23 19:00:00,1.07,3.627,0.0,386.996,7.996,992.878
2025-12-23 20:00:00,0.625,3.627,0.0,418.446,4.762,1010.398
2025-12-23 21:00:00,0.115,3.627,0.0,306.71,4.627,1008.864
2025-12-23 22:00:00,3.454,3.627,0.0,367.555,9.453,998.082
2025-12-23 23:00:00,2.113,3.627,0.0,344.581,8.259,1006.183
2025-12-24 00:00:00,3.041,3.798,0.0,391.484,6.545,1003.398
2025-12-24 01:00:00,1.341,3.798,129.41,407.156,6.577,1001.571
2025-12-24 02:00:00,2.056,3.798,250.0,345.166,9.434,1000.302
2025-12-24 03:00:00,1.129,3.798,353.553,327.764,9.962,981.221
2025-12-24 04:00:00,0.34,3.798,433.013,390.06,6.694,997.187
2025-12-24 05:00:00,0.483,3.798,482.963,343.351,9.91,993.825
2025-12-24 06:00:00,0.89,3.798,500.0,338.408,8.89,984.57
2025-12-24 07:00:00,0.594,3.798,482.963,373.969,9.712,1016.18
2025-12-24 08:00:00,2.035,3.798,433.013,373.323,7.97,1003.12
2025-12-24 09:00:00,0.643,3.798,353.553,388.169,7.234,986.107
2025-12-24 10:00:00,2.073,3.798,250.0,330.52,4.033,1015.699
2025-12-24 11:00:00,0.089,3.798,129.41,350.076,8.459,1009.677
2025-12-24 12:00:00,1.501,3.798,0.0,352.766,6.285,986.194
2025-12-24 13:00:00,4.505,3.798,0.0,408.437,5.628,990.682
2025-12-24 14:00:00,1.071,3.798,0.0,419.904,5.699,985.275
2025-12-24 15:00:00,1.184,3.798,0.0,327.379,4.118,1001.946
2025-12-24 16:00:00,3.379,3.798,0.0,389.306,9.789,998.225
2025-12-24 17:00:00,2.867,3.798,0.0,329.818,9.153,996.192
2025-12-24 18:00:00,0.669,3.798,0.0,333.155,4.336,992.891
2025-12-24 19:00:00,1.192,3.798,0.0,314.517,6.533,984.299
2025-12-24 20:00:00,1.755,3.798,0.0,408.541,7.879,1004.582
2025-12-24 21:00:00,0.399,3.798,0.0,363.488,8.175,996.454
2025-12-24 22:00:00,1.879,3.798,0.0,396.695,4.568,993.275
2025-12-24 23:00:00,0.641,3.798,0.0,308.449,6.924,1012.21
2025-12-25 00:00:00,3.41,3.969,0.0,391.639,7.063,991.542
2025-12-25 01:00:00,1.381,3.969,129.41,312.873,7.643,984.521
2025-12-25 02:00:00,0.697,3.969,250.0,339.419,4.64,998.963
2025-12-25 03:00:00,0.324,3.969,353.553,334.867,4.308,1013.915
2025-12-25 04:00:00,0.233,3.969,433.013,308.103,7.792,983.857
2025-12-25 05:00:00,1.857,3.969,482.963,413.197,4.956,987.943
2025-12-25 06:00:00,1.211,3.969,500.0,419.89,5.666,1006.608
2025-12-25 07:00:00,1.321,3.969,482.963,310.977,8.345,989.04
2025-12-25 08:00:00,3.076,3.969,433.013,382.53,4.479,989.197
2025-12-25 09:00:00,0.47,3.969,353.553,343.083,7.446,992.522
2025-12-25 10:00:00,1.604,3.969,250.0,398.207,8.868,980.627
2025-12-25 11:00:00,2.523,3.969,129.41,381.193,6.514,1016.167
2025-12-25 12:00:00,0.703,3.969,0.0,318.743,9.717,1002.3
2025-12-25 13:00:00,2.026,3.969,0.0,375.646,5.736,1012.107
2025-12-25 14:00:00,3.043,3.969,0.0,419.779,7.56,1002.057
2025-12-25 15:00:00,2.03,3.969,0.0,384.505,8.372,997.647
2025-12-25 16:00:00,0.336,3.969,0.0,415.816,9.734,985.63
2025-12-25 17:00:00,1.054,3.969,0.0,306.422,4.594,992.191
2025-12-25 18:00:00,2.261,3.969,0.0,327.843,7.832,1016.698
2025-12-25 19:00:00,3.524,3.969,0.0,329.02,9.291,984.687
2025-12-25 20:00:00,4.645,3.969,0.0,348.847,8.434,1012.641
2025-12-25 21:00:00,2.663,3.969,0.0,381.43,8.933,1006.211
2025-12-25 22:00:00,2.28,3.969,0.0,346.869,9.741,1006.673
2025-12-25 23:00:00,2.11,3.969,0.0,318.257,6.476,997.741
2025-12-26 00:00:00,1.932,4.14,0.0,346.135,5.686,1006.121
2025-12-26 01:00:00,5.01,4.14,129.41,304.483,8.081,985.942
2025-12-26 02:00:00,1.603,4.14,250.0,412.436,7.189,987.078
2025-12-26 03:00:00,2.123,4.14,353.553,379.189,9.484,1007.918
2025-12-26 04:00:00,5.266,4.14,433.013,376.173,5.484,983.546
2025-12-26 05:00:00,1.302,4.14,482.963,405.305,9.041,1008.7
2025-12-26 06:00:00,0.308,4.14,500.0,350.67,8.176,982.097
2025-12-26 07:00:00,1.345,4.14,482.963,400.647,5.477,1005.094
2025-12-26 08:00:00,0.964,4.14,433.013,313.907,4.713,1017.931
2025-12-26 09:00:00,1.082,4.14,353.553,370.081,9.705,984.176
2025-12-26 10:00:00,1.279,4.14,250.0,361.696,9.167,992.238
2025-12-26 11:00:00,0.076,4.14,129.41,328.205,4.748,987.833
2025-12-26 12:00:00,2.092,4.14,0.0,376.245,8.397,997.805
2025-12-26 13:00:00,0.153,4.14,0.0,337.022,4.668,985.961
2025-12-26 14:00:00,1.149,4.14,0.0,336.11,7.776,982.427
2025-12-26 15:00:00,1.771,4.14,0.0,406.681,5.388,1003.53
2025-12-26 16:00:00,2.495,4.14,0.0,411.091,5.609,1013.458
2025-12-26 17:00:00,3.732,4.14,0.0,340.234,7.079,1013.386
2025-12-26 18:00:00,0.725,4.14,0.0,384.704,4.031,991.793
2025-12-26 19:00:00,1.299,4.14,0.0,313.762,7.231,1015.802
2025-12-26 20:00:00,0.437,4.14,0.0,366.952,9.012,1005.153
2025-12-26 21:00:00,0.189,4.14,0.0,361.667,4.378,987.608
2025-12-26 22:00:00,1.673,4.14,0.0,386.421,8.69,1002.647
2025-12-26 23:00:00,0.594,4.14,0.0,386.104,4.325,1016.86
2025-12-27 00:00:00,0.516,4.312,0.0,346.399,6.491,983.292
2025-12-27 01:00:00,1.396,4.312,129.41,411.981,6.453,991.548
2025-12-27 02:00:00,0.765,4.312,250.0,338.274,6.923,994.174
2025-12-27 03:00:00,0.197,4.312,353.553,406.785,8.267,993.781
2025-12-27 04:00:00,0.126,4.312,433.013,360.661,5.993,1010.507
2025-12-27 05:00:00,2.182,4.312,482.963,374.678,9.248,1012.791
2025-12-27 06:00:00,1.417,4.312,500.0,415.249,8.333,998.781
2025-12-27 07:00:00,3.212,4.312,482.963,301.153,8.693,1016.888
2025-12-27 08:00:00,0.225,4.312,433.013,312.101,9.59,983.513
2025-12-27 09:00:00,2.368,4.312,353.553,313.382,4.783,991.898
2025-12-27 10:00:00,0.43,4.312,250.0,383.136,4.622,988.919
2025-12-27 11:00:00,0.769,4.312,129.41,415.369,9.528,988.326
2025-12-27 12:00:00,2.924,4.312,0.0,367.432,7.423,1004.481
2025-12-27 13:00:00,2.698,4.312,0.0,367.593,9.088,1015.864
2025-12-27 14:00:00,0.465,4.312,0.0,330.518,6.662,1014.564
2025-12-27 15:00:00,1.377,4.312,0.0,330.091,5.265,985.372
2025-12-27 16:00:00,2.582,4.312,0.0,374.227,8.321,1011.138
2025-12-27 17:00:00,1.969,4.312,0.0,315.323,4.777,1008.613
2025-12-27 18:00:00,0.2,4.312,0.0,405.08,5.01,989.331
2025-12-27 19:00:00,2.261,4.312,0.0,370.742,5.8,1018.125
2025-12-27 20:00:00,0.788,4.312,0.0,410.009,7.018,997.059
2025-12-27 21:00:00,3.113,4.312,0.0,356.295,6.16,1007.14
2025-12-27 22:00:00,1.076,4.312,0.0,304.45,8.386,1006.213
2025-12-27 23:00:00,1.038,4.312,0.0,321.702,4.796,1017.139
2025-12-28 00:00:00,0.134,4.484,0.0,307.046,6.796,1010.47
2025-12-28 01:00:00,2.083,4.484,129.41,383.176,7.436,1009.658
2025-12-28 02:00:00,0.8,4.484,250.0,331.334,5.71,1017.5
2025-12-28 03:00:00,0.76,4.484,353.553,311.877,7.42,981.581
2025-12-28 04:00:00,3.55,4.484,433.013,325.702,8.323,997.304
2025-12-28 05:00:00,2.636,4.484,482.963,366.853,7.34,991.651
2025-12-28 06:00:00,1.017,4.484,500.0,415.473,6.642,984.09
2025-12-28 07:00:00,5.357,4.484,482.963,303.307,5.286,985.543
2025-12-28 08:00:00,0.664,4.484,433.013,406.364,5.159,987.19
2025-12-28 09:00:00,0.116,4.484,353.553,326.491,5.108,1018.204
2025-12-28 10:00:00,0.64,4.484,250.0,334.266,7.805,989.55
2025-12-28 11:00:00,1.159,4.484,129.41,342.624,9.87,993.516
2025-12-28 12:00:00,0.284,4.484,0.0,371.911,7.296,988.587
2025-12-28 13:00:00,1.013,4.484,0.0,402.115,7.682,1015.408
2025-12-28 14:00:00,1.354,4.484,0.0,360.171,8.007,983.845
2025-12-28 15:00:00,0.491,4.484,0.0,405.268,6.946,999.363
2025-12-28 16:00:00,1.079,4.484,0.0,414.624,5.222,1007.365
2025-12-28 17:00:00,2.325,4.484,0.0,305.885,9.273,1006.793
2025-12-28 18:00:00,0.816,4.484,0.0,345.931,4.908,1019.335
2025-12-28 19:00:00,1.115,4.484,0.0,414.458,9.649,1011.122
2025-12-28 20:00:00,0.351,4.484,0.0,333.092,9.734,997.893
2025-12-28 21:00:00,1.515,4.484,0.0,348.896,8.008,985.062
2025-12-28 22:00:00,2.484,4.484,0.0,396.263,6.084,993.317
2025-12-28 23:00:00,0.056,4.484,0.0,335.684,9.834,1002.398
2025-12-29 00:00:00,1.353,4.656,0.0,350.04,4.174,1008.897
2025-12-29 01:00:00,0.177,4.656,129.41,368.347,8.621,997.912
2025-12-29 02:00:00,1.019,4.656,250.0,395.88,7.523,1007.571
2025-12-29 03:00:00,2.424,4.656,353.553,419.087,9.159,1007.529
2025-12-29 04:00:00,1.398,4.656,433.013,353.451,9.046,1005.953
2025-12-29 05:00:00,1.098,4.656,482.963,396.039,7.806,987.462
2025-12-29 06:00:00,0.546,4.656,500.0,358.571,8.832,1005.261
2025-12-29 07:00:00,0.752,4.656,482.963,358.485,5.268,994.892
2025-12-29 08:00:00,0.157,4.656,433.013,342.129,6.593,980.341
2025-12-29 09:00:00,0.384,4.656,353.553,412.662,8.252,1017.116
2025-12-29 10:00:00,2.666,4.656,250.0,412.917,7.708,1011.128
2025-12-29 11:00:00,1.134,4.656,129.41,397.504,9.239,992.173
2025-12-29 12:00:00,1.137,4.656,0.0,394.517,7.362,1000.688
2025-12-29 13:00:00,2.744,4.656,0.0,362.749,9.271,1010.718
2025-12-29 14:00:00,1.684,4.656,0.0,343.274,8.041,992.523
2025-12-29 15:00:00,3.643,4.656,0.0,415.643,9.231,984.282
2025-12-29 16:00:00,1.386,4.656,0.0,412.557,4.704,1013.289
2025-12-29 17:00:00,2.116,4.656,0.0,382.963,4.994,1019.978
2025-12-29 18:00:00,1.833,4.656,0.0,341.957,9.823,1010.553
2025-12-29 19:00:00,1.895,4.656,0.0,334.415,6.478,1008.045
2025-12-29 20:00:00,1.945,4.656,0.0,342.379,9.502,982.577
2025-12-29 21:00:00,1.597,4.656,0.0,394.957,8.264,989.757
2025-12-29 22:00:00,1.513,4.656,0.0,333.184,7.416,997.135
2025-12-29 23:00:00,1.103,4.656,0.0,345.378,8.351,994.714
2025-12-30 00:00:00,1.059,4.828,0.0,375.802,4.629,1004.027
2025-12-30 01:00:00,1.327,4.828,129.41,412.297,5.843,991.911
2025-12-30 02:00:00,0.477,4.828,250.0,315.343,9.515,1013.202
2025-12-30 03:00:00,3.38,4.828,353.553,380.4,4.069,999.137
2025-12-30 04:00:00,1.191,4.828,433.013,354.73,9.906,998.678
2025-12-30 05:00:00,1.747,4.828,482.963,372.71,5.428,1014.692
2025-12-30 06:00:00,1.266,4.828,500.0,306.574,8.533,995.325
2025-12-30 07:00:00,0.176,4.828,482.963,331.671,4.313,992.974
2025-12-30 08:00:00,5.071,4.828,433.013,329.911,9.178,1016.453
2025-12-30 09:00:00,0.621,4.828,353.553,334.937,5.346,986.784
2025-12-30 10:00:00,1.22,4.828,250.0,362.447,6.707,1003.864
2025-12-30 11:00:00,1.142,4.828,129.41,320.063,4.746,991.317
2025-12-30 12:00:00,2.133,4.828,0.0,332.935,8.468,990.707
2025-12-30 13:00:00,0.619,4.828,0.0,351.328,6.397,1018.414
2025-12-30 14:00:00,4.667,4.828,0.0,367.884,6.667,1001.624
2025-12-30 15:00:00,1.808,4.828,0.0,347.872,4.969,1007.302
2025-12-30 16:00:00,0.431,4.828,0.0,363.714,5.225,1012.289
2025-12-30 17:00:00,0.963,4.828,0.0,321.401,7.193,1019.804
2025-12-30 18:00:00,1.9,4.828,0.0,412.189,4.177,980.808
2025-12-30 19:00:00,2.372,4.828,0.0,332.15,4.01,987.726
2025-12-30 20:00:00,0.897,4.828,0.0,304.25,9.591,1012.639
2025-12-30 21:00:00,2.5,4.828,0.0,309.385,6.156,985.111
2025-12-30 22:00:00,0.687,4.828,0.0,322.398,9.226,1013.237
2025-12-30 23:00:00,1.05,4.828,0.0,339.278,4.156,985.555
2025-12-31 00:00:00,0.651,5.0,0.0,399.305,4.168,999.876
2025-12-31 01:00:00,3.319,5.0,129.41,342.013,5.33,990.906
2025-12-31 02:00:00,0.64,5.0,250.0,347.41,4.953,1018.605
2025-12-31 03:00:00,1.842,5.0,353.553,337.13,8.666,998.754
2025-12-31 04:00:00,0.835,5.0,433.013,411.278,5.138,994.043
2025-12-31 05:00:00,0.31,5.0,482.963,318.092,5.24,1013.454
2025-12-31 06:00:00,1.065,5.0,500.0,373.065,5.384,993.938
2025-12-31 07:00:00,2.021,5.0,482.963,386.631,8.048,982.481
2025-12-31 08:00:00,2.421,5.0,433.013,334.744,9.792,995.759
2025-12-31 09:00:00,0.912,5.0,353.553,398.815,8.814,991.472
2025-12-31 10:00:00,0.987,5.0,250.0,354.937,8.691,993.223
2025-12-31 11:00:00,3.82,5.0,129.41,341.466,8.395,988.708
2025-12-31 12:00:00,2.114,5.0,0.0,378.844,7.402,1006.535
2025-12-31 13:00:00,1.883,5.0,0.0,316.26,6.587,981.607
2025-12-31 14:00:00,0.096,5.0,0.0,364.754,4.701,994.057
2025-12-31 15:00:00,2.989,5.0,0.0,317.262,6.481,993.416
2025-12-31 16:00:00,2.132,5.0,0.0,311.95,5.231,1001.16
2025-12-31 17:00:00,1.378,5.0,0.0,367.47,4.969,992.444
2025-12-31 18:00:00,0.803,5.0,0.0,332.029,6.905,999.132
2025-12-31 19:00:00,1.529,5.0,0.0,343.68,5.803,990.648
2025-12-31 20:00:00,0.724,5.0,0.0,301.795,9.012,1017.078
2025-12-31 21:00:00,0.415,5.0,0.0,378.202,9.81,1017.871
2025-12-31 22:00:00,1.135,5.0,0.0,360.407,9.215,1012.472
2025-12-31 23:00:00,1.438,5.0,0.0,300.634,7.237,987.983
